source,target,distance_km,same_river,same_dijkring
0,379,0.17057549648176318,1,1
0,378,1.175837573817064,1,1
0,307,3.641577268162794,1,1
0,320,3.746939284269229,1,0
0,321,3.9564141593114335,1,0
1,102,3.207763862880184,1,0
1,227,3.3069274258743566,1,0
1,155,3.895283943437243,1,0
1,224,4.9018005875392365,1,0
1,179,5.090395760645728,0,0
2,224,1.6211730320974378,1,0
2,226,1.7582769975177406,1,0
2,486,2.360000847457475,0,0
2,227,3.3351176890778533,1,0
2,72,4.725336178516827,0,1
3,427,4.149462254316817,0,0
3,81,6.214087624100581,0,0
3,469,7.948323911366471,0,0
3,120,10.421665557865499,1,1
3,468,11.070878601086726,0,0
4,225,1.7281695518669458,1,0
4,189,2.6357427795594925,1,0
4,10,5.3307407552797015,0,1
4,235,5.990179379617943,0,1
4,145,6.141833113981526,0,0
5,46,1.698528775146303,1,0
5,298,5.348831648126533,1,0
5,77,6.772370338367506,0,1
5,184,9.08239533383127,0,0
5,194,10.570004730367911,1,0
6,301,3.074867476819123,0,1
6,499,6.10696733248181,0,1
6,85,8.682717604529126,0,1
6,435,10.725506514845815,0,1
6,105,13.36641840584081,0,0
7,8,0.6943486156103431,1,1
7,202,7.763121537113792,1,1
7,144,9.693110543060984,0,1
7,508,9.79535655297958,1,0
7,147,10.978579598472656,0,1
8,7,0.6943486156103431,1,1
8,202,8.406513665010008,1,1
8,508,9.377520034636023,1,0
8,144,10.311572527990092,0,1
8,506,11.580744578825664,0,0
9,210,0.7333137118587105,1,0
9,211,0.8102252773148959,1,0
9,212,3.2138358701091128,1,0
9,512,4.278523226535063,1,1
9,213,4.516059897742721,1,0
10,465,3.6554251462723184,1,0
10,304,5.026550009698501,1,1
10,300,5.057610502994472,1,0
10,4,5.3307407552797015,0,1
10,262,5.488545617921017,1,0
11,12,2.845961700374761,1,1
11,13,3.0132847525582442,1,1
11,492,3.409733420665023,0,0
11,491,3.5069857427711337,0,0
11,490,3.776091762656199,0,0
12,13,0.1837090090333079,1,1
12,490,2.290817539656967,0,0
12,491,2.3520512324352123,0,0
12,11,2.845961700374761,1,1
12,492,3.1947287834806883,0,0
13,12,0.1837090090333079,1,1
13,490,2.207188709648543,0,0
13,491,2.2975034276361805,0,0
13,11,3.0132847525582442,1,1
13,489,3.1157588160831704,0,0
14,569,4.434717691127587,1,1
14,564,5.3203627695863,1,1
14,586,9.376026557129624,1,1
14,537,10.499449176028236,1,0
14,548,10.656069162688464,1,1
15,152,0.6149032444214292,1,0
15,21,3.1216511656493586,0,0
15,100,5.802230691725382,1,0
15,63,6.56954381977927,1,0
15,75,7.485681398510092,0,0
16,149,0.8668344709343302,0,0
16,22,2.185668090081383,0,0
16,239,2.8649205922677856,1,1
16,208,2.9338120253349564,1,1
16,247,5.127278615406032,0,0
17,191,10.514870422406545,1,1
17,243,12.218837915284743,1,0
17,203,13.034722129757887,1,1
17,436,13.222164157202103,1,0
17,151,13.310240418564948,1,0
18,585,2.0321048201310874,1,1
18,584,2.7204058520742818,1,1
18,583,4.88009272452891,1,1
18,582,6.679498559023724,1,1
18,581,8.596704601182944,1,1
19,180,6.9839024191350205,1,1
19,587,7.986270531355672,1,0
19,28,10.275455658996345,1,0
19,453,12.304526687361852,1,1
19,249,12.842207364779624,1,0
20,245,2.2451031156719727,1,1
20,469,6.223478448584842,1,0
20,81,6.481408797476055,1,0
20,427,8.417206187328429,1,0
20,468,8.638744931990988,1,0
21,152,3.106444913401813,0,1
21,15,3.1216511656493586,0,0
21,231,4.431405758898636,1,1
21,155,7.836196271150947,1,0
21,119,8.09680257879615,0,0
22,208,1.012381351072806,0,0
22,16,2.185668090081383,0,0
22,149,2.35606897182574,1,1
22,239,4.446482317517972,0,0
22,606,4.687663490482225,0,0
23,434,9.315251204342264,1,1
23,459,13.942588927455333,1,1
23,174,14.732043340962583,1,0
23,460,16.05838737233599,1,1
23,467,17.92703224184081,1,1
24,223,0.9677034669773588,1,1
24,496,2.4077292206558445,1,0
24,25,3.3102604127168003,1,1
24,520,4.112792238856711,0,0
24,26,4.7193976310542,1,1
25,496,1.7921182996666265,1,0
25,26,2.163850734223597,1,1
25,24,3.3102604127168003,1,1
25,497,3.606841970477775,1,0
25,223,4.277442460162381,1,1
26,497,1.4860918544962152,1,0
26,25,2.163850734223597,1,1
26,496,2.357290393651151,1,0
26,24,4.7193976310542,1,1
26,223,5.604507471669567,1,1
27,520,6.059855196289759,0,0
27,119,8.088845962187683,1,0
27,223,8.358567161900417,0,0
27,24,9.301794719300142,0,0
27,15,9.76766978352565,0,0
28,249,2.6635474465456777,1,1
28,587,2.8609875917242285,1,1
28,180,3.2978053308223028,1,0
28,453,3.69157987858857,1,0
28,92,7.0998436602505555,1,1
29,261,1.4877126738722097,0,1
29,34,1.9367049336437392,1,1
29,232,2.130084740098384,0,0
29,141,3.1073596508933434,0,0
29,475,3.19465506745251,0,0
30,416,0.898306183881643,1,1
30,145,4.153375976239088,0,1
30,103,4.586586094253547,1,0
30,235,4.860608706736225,0,0
30,411,5.611837577834911,0,1
31,188,3.5301410736683034,1,1
31,246,3.9775763977578102,1,0
31,441,4.460100895719737,1,0
31,183,4.832732767286021,1,0
31,187,5.302855457204166,1,1
32,418,2.0146860797652817,0,0
32,364,2.058458160857296,0,1
32,365,2.2298950647956506,0,1
32,366,2.592236293241802,0,1
32,362,2.7671328121360568,0,1
33,356,1.0709042907748572,0,1
33,363,1.553418166496066,0,1
33,364,2.038252683059684,0,1
33,362,2.0671178002232966,0,1
33,481,2.855093168357208,0,0
34,261,0.9301747147713703,0,1
34,232,1.6938267325792211,0,0
34,29,1.9367049336437392,1,1
34,230,3.6140935239697383,0,0
34,141,4.516333247226116,0,0
35,166,1.0559190309867512,1,0
35,165,1.9333623561039974,1,0
35,252,1.9585795873540601,0,0
35,36,2.1977624985425517,0,1
35,251,2.9544447870962154,0,0
36,253,1.110819517293426,1,0
36,254,1.3417589202237485,1,0
36,251,2.194905009334117,1,0
36,35,2.1977624985425517,0,1
36,255,2.3153228716531093,1,0
37,402,4.16986390665211,1,1
37,82,5.586104546103662,1,0
37,63,5.726307710907614,1,0
37,75,5.829794164462412,0,1
37,100,6.4615961650353855,1,0
38,234,2.600890039967088,1,1
38,93,5.376847124477317,1,1
38,59,6.823596265899676,0,1
38,467,11.103323916737727,0,1
38,518,12.004175940063524,1,1
39,473,1.5689518794405393,1,0
39,407,5.584618608284724,1,0
39,599,6.227791342040932,1,0
39,84,6.569716051702692,1,0
39,598,7.35248379801003,1,0
40,209,3.1490812946000615,1,0
40,512,4.481504769605852,1,0
40,511,7.288200463763329,1,0
40,405,7.899026332403254,1,1
40,210,8.741652990138649,1,0
41,406,1.4436845223247357,0,0
41,247,2.9524786197363055,1,1
41,401,3.7024090805852343,1,1
41,239,5.225852083631912,0,0
41,149,7.406967665651039,1,1
42,71,1.5366333329717927,1,1
42,92,3.3305398961729917,1,0
42,249,7.3750962705581005,1,0
42,91,7.478649744439166,1,0
42,453,8.231605068271922,1,1
43,299,3.0010659772820723,1,0
43,510,4.427573263086677,1,0
43,517,8.711924816020856,1,0
43,45,9.495104001536793,1,0
43,99,10.323032500191017,1,1
44,178,1.4626346091898688,1,0
44,466,1.995967935614197,1,0
44,177,2.372432506943032,1,0
44,106,4.204705102620159,1,0
44,99,4.762099116986122,1,0
45,99,1.540519392932137,1,0
45,177,3.4374176353768826,1,0
45,44,5.006169393857943,1,1
45,178,5.012140460920863,1,0
45,466,5.262594417205263,1,0
46,5,1.698528775146303,1,0
46,298,6.184254199173899,1,1
46,77,8.178630692236935,0,0
46,194,8.872992730753248,1,1
46,184,10.709369962794263,0,0
47,432,7.397849687578141,1,0
47,186,7.416751917113044,1,0
47,51,11.524899652491557,1,1
47,509,12.740704690086808,1,1
47,52,19.15058581349406,1,1
48,58,5.1393735026752045,1,1
48,49,6.070401387058355,1,1
48,50,9.035514373847237,1,1
48,87,10.098081500958486,0,1
48,57,15.828482807900446,1,1
49,50,3.471922954214278,1,1
49,87,4.857628330780361,0,1
49,48,6.070401387058355,1,1
49,58,11.14014546583661,1,1
49,57,21.822620305545346,1,1
50,87,1.4550635724943428,0,1
50,49,3.471922954214278,1,1
50,48,9.035514373847237,1,1
50,58,14.174187243013266,1,1
50,57,24.854344730851388,1,1
51,52,7.80468122347095,1,1
51,47,11.524899652491557,1,1
51,53,13.195202537286043,1,1
51,432,14.65070332782696,1,0
51,186,15.133517006961732,1,0
52,53,5.414320363628293,1,1
52,51,7.80468122347095,1,1
52,54,11.522283150487146,1,1
52,55,18.104316612344142,1,1
52,47,19.15058581349406,1,1
53,52,5.414320363628293,1,1
53,54,6.19034732466604,1,1
53,55,12.729609145610087,1,1
53,51,13.195202537286043,1,1
53,56,18.163736537397806,1,1
54,53,6.19034732466604,1,1
54,55,6.592842558411356,1,1
54,52,11.522283150487146,1,1
54,56,12.36432954106287,1,1
54,57,18.578444741150967,1,1
55,56,6.205667893144137,1,1
55,54,6.592842558411356,1,1
55,53,12.729609145610087,1,1
55,57,14.184387191556779,1,1
55,52,18.104316612344142,1,1
56,55,6.205667893144137,1,1
56,57,9.14458364279096,1,1
56,54,12.36432954106287,1,1
56,53,18.163736537397806,1,1
56,58,19.321149292938035,1,1
57,56,9.14458364279096,1,1
57,58,10.694388248048599,1,1
57,55,14.184387191556779,1,1
57,48,15.828482807900446,1,1
57,54,18.578444741150967,1,1
58,48,5.1393735026752045,1,1
58,57,10.694388248048599,1,1
58,49,11.14014546583661,1,1
58,50,14.174187243013266,1,1
58,87,15.210943757702873,0,1
59,467,4.281994395138788,1,1
59,38,6.823596265899676,0,1
59,234,9.138297707997918,0,1
59,93,11.864070844360294,0,1
59,434,12.831423693417655,1,1
60,418,1.0652699188468622,1,0
60,32,2.951257359160668,0,1
60,422,3.207757628001218,1,0
60,419,4.319282347798069,1,1
60,364,4.968248182206682,0,1
61,62,1.5672195123849115,1,1
61,98,2.3806032848838967,1,0
61,598,2.5663772131157963,1,1
61,407,4.576038133582368,1,1
61,206,5.693077638676641,1,1
62,98,1.396127859474196,1,0
62,61,1.5672195123849115,1,1
62,598,4.102868386872774,1,1
62,206,5.583823063099331,1,1
62,103,5.955684427502854,1,0
63,100,1.1327510759209192,1,0
63,75,2.1037347741576173,0,0
63,37,5.726307710907614,1,0
63,152,6.262587324740471,1,1
63,15,6.56954381977927,1,0
64,95,2.060605736185358,1,0
64,65,2.683812400299246,0,1
64,195,2.7319535135137274,1,1
64,73,4.279768802166771,0,0
64,514,4.552177500932933,0,1
65,95,1.9764212607640104,0,0
65,514,1.9975627649713539,0,1
65,513,2.0818001825343373,0,0
65,64,2.683812400299246,0,1
65,73,3.797456253862577,0,0
66,67,0.37867136147324376,1,0
66,68,1.3809840694229605,1,1
66,69,1.6010449712609576,1,0
66,386,1.9589328727651696,0,1
66,70,2.59583223648987,1,0
67,66,0.37867136147324376,1,0
67,68,1.2481558396290104,1,0
67,69,1.3909798704510428,1,1
67,386,2.271572583035814,0,0
67,70,2.3635230060230006,1,1
68,69,0.36915308477649217,1,0
68,67,1.2481558396290104,1,0
68,70,1.2895960607880284,1,0
68,66,1.3809840694229605,1,1
68,156,3.0928706730156046,0,0
69,68,0.36915308477649217,1,0
69,70,0.9965861728922392,1,1
69,67,1.3909798704510428,1,1
69,66,1.6010449712609576,1,0
69,156,2.7370445739885203,0,1
70,69,0.9965861728922392,1,1
70,68,1.2895960607880284,1,0
70,156,1.9044655418253174,0,1
70,67,2.3635230060230006,1,1
70,259,2.5955411767105523,0,1
71,42,1.5366333329717927,1,1
71,92,4.861726648013028,1,0
71,91,6.691822472241774,1,0
71,249,8.733493516342701,1,0
71,453,9.299978494598792,1,1
72,464,2.143728527589256,1,0
72,463,3.149430742213583,1,0
72,438,4.275853715926212,1,0
72,2,4.725336178516827,0,1
72,486,5.165810875361195,1,0
73,74,1.5590542004689893,1,1
73,95,2.335917164627205,0,0
73,65,3.797456253862577,0,0
73,64,4.279768802166771,0,0
73,513,5.099443302949842,0,1
74,73,1.5590542004689893,1,1
74,95,3.882323144716318,0,0
74,207,4.406646116946537,1,1
74,65,5.3114310689304824,0,0
74,64,5.75620300197969,0,0
75,63,2.1037347741576173,0,0
75,100,3.1454451195339588,0,0
75,37,5.829794164462412,0,1
75,152,7.042137459606991,0,0
75,15,7.485681398510092,0,0
76,589,10.829063209714864,0,0
76,187,12.710547627856165,0,0
76,31,14.590175632938763,0,0
76,183,14.772747916349212,0,0
76,94,15.181331990309678,0,0
77,184,3.5499302810055298,1,0
77,197,6.744046337325982,0,0
77,5,6.772370338367506,0,1
77,116,7.450167783345553,0,0
77,46,8.178630692236935,0,0
78,590,2.814693589007514,1,1
78,147,4.99616012553641,0,0
78,146,5.702128462249864,0,0
78,144,5.851262598790111,0,0
78,409,6.376027132941013,1,1
79,80,6.036230943229392,1,1
79,593,8.994371851330142,0,1
79,182,9.217701937033981,0,1
79,409,9.25473376170271,0,1
79,590,9.62435062744495,0,1
80,88,4.934644262760995,0,1
80,591,5.573424441041611,0,1
80,185,5.843347328372668,0,1
80,592,5.91470455728771,0,1
80,79,6.036230943229392,1,1
81,469,1.890887622255749,1,1
81,427,2.182663510484381,1,1
81,468,5.6899794375726875,1,1
81,3,6.214087624100581,0,0
81,20,6.481408797476055,1,0
82,402,1.4165722713649311,1,0
82,195,2.085448872545189,1,0
82,64,4.638023824863344,1,0
82,37,5.586104546103662,1,0
82,403,6.404761041600225,0,1
83,190,3.5753637577175277,1,0
83,197,7.3670507667587035,1,1
83,437,7.905898177942845,0,1
83,438,8.815134315482663,0,1
83,184,9.609908272194902,0,1
84,240,1.6926242938112404,1,0
84,599,1.9130290118030098,1,1
84,473,5.684723124304296,1,1
84,106,6.346877657557297,1,0
84,39,6.569716051702692,1,0
85,499,3.9385435125183017,0,1
85,435,5.118043083054304,1,1
85,301,5.611654390640964,0,1
85,6,8.682717604529126,0,1
85,105,9.085721655432769,0,0
86,233,2.4784906697423734,1,0
86,397,3.2810059433045837,0,1
86,430,3.3309608223454084,1,0
86,398,3.3354569402107415,0,1
86,487,3.4085495448944263,1,1
87,50,1.4550635724943428,0,1
87,49,4.857628330780361,0,1
87,48,10.098081500958486,0,1
87,58,15.210943757702873,0,1
87,57,25.845667683385546,0,1
88,185,1.737214436965109,1,1
88,591,3.049698017837176,1,1
88,80,4.934644262760995,0,1
88,592,5.345140971012832,1,1
88,302,9.07261731806208,1,1
89,411,2.430226326908669,1,0
89,235,3.2420302281132423,1,1
89,145,3.872517140052449,1,0
89,416,7.275713092199279,0,0
89,4,7.912838491969869,0,1
90,440,2.1576053856069235,1,1
90,433,2.7232320870612554,1,0
90,91,3.9257834886809535,1,0
90,115,5.339420286885084,1,1
90,148,6.30574063849759,1,1
91,90,3.9257834886809535,1,0
91,433,5.041292790544902,1,1
91,440,6.035839378247237,1,0
91,71,6.691822472241774,1,0
91,42,7.478649744439166,1,0
92,42,3.3305398961729917,1,0
92,249,4.5669470108596615,1,1
92,71,4.861726648013028,1,0
92,453,6.2696400215642365,1,0
92,28,7.0998436602505555,1,1
93,234,2.7920404724860277,1,1
93,38,5.376847124477317,1,1
93,518,6.62758515599762,1,1
93,519,7.971778032534524,1,1
93,153,10.769433875557247,1,1
94,183,2.11859670536891,1,1
94,187,2.8563000542660077,1,0
94,441,2.938898092823227,1,1
94,104,3.7215588131856787,0,1
94,188,3.827041938625706,1,0
95,65,1.9764212607640104,0,0
95,64,2.060605736185358,1,0
95,73,2.335917164627205,0,0
95,74,3.882323144716318,0,0
95,514,3.898266281310193,0,0
96,97,0.15700318468107582,0,1
96,154,2.576941016011038,0,1
96,230,2.756781093957226,0,1
96,138,3.905406636958564,0,0
96,415,5.877286788986905,0,1
97,96,0.15700318468107582,0,1
97,154,2.442135336135162,0,1
97,230,2.8952464489227854,1,1
97,138,3.7983023839604977,0,0
97,415,5.7976417619580465,0,1
98,62,1.396127859474196,1,0
98,61,2.3806032848838967,1,0
98,206,4.306987926614143,1,0
98,598,4.873775128173231,1,0
98,407,6.844628331764991,1,0
99,45,1.540519392932137,1,0
99,177,2.6460325016900303,1,1
99,178,4.323365355831033,1,1
99,466,4.427471061452576,1,1
99,44,4.762099116986122,1,0
100,63,1.1327510759209192,1,0
100,75,3.1454451195339588,0,0
100,152,5.5747757802444395,1,0
100,15,5.802230691725382,1,0
100,37,6.4615961650353855,1,0
101,277,0.3908810560771652,1,1
101,498,0.4955501992734944,1,1
101,600,1.1862988662221674,1,1
101,605,1.2643709898601756,1,0
101,471,2.8495403138050177,1,1
102,155,2.3040555548857755,1,0
102,1,3.207763862880184,1,0
102,231,5.821439426808459,1,1
102,227,6.19477263505288,1,0
102,179,7.115142303566388,0,0
103,30,4.586586094253547,1,0
103,416,5.325226943520811,1,0
103,62,5.955684427502854,1,0
103,98,6.933492626375253,1,1
103,61,6.942787912647195,1,0
104,471,3.171127559717521,0,1
104,94,3.7215588131856787,0,1
104,604,4.729969344509539,0,0
104,600,4.866496583785917,0,1
104,277,5.370034822978338,0,1
105,499,7.833765441982547,0,0
105,85,9.085721655432769,0,0
105,301,11.18998074171712,0,0
105,245,12.585823652030088,0,0
105,306,13.2445790042568,1,1
106,44,4.204705102620159,1,0
106,178,4.475500530666933,1,0
106,466,4.549297198469231,1,0
106,240,5.233784577148739,1,1
106,177,6.125560300903094,1,0
107,108,1.9955011901775455,1,1
107,109,2.525,1,1
107,173,3.233095266149762,1,1
107,167,4.2271367377930895,1,0
107,168,5.7522333923442295,1,0
108,109,0.5813776741499452,1,1
108,173,1.252836781069266,1,1
108,107,1.9955011901775455,1,1
108,167,2.2450167037240503,1,0
108,168,3.7707007306334988,1,0
109,108,0.5813776741499452,1,1
109,173,0.7133582550163697,1,1
109,167,1.8129147801261922,1,0
109,107,2.525,1,1
109,168,3.318135621098089,1,0
110,282,2.260769780406665,0,1
110,114,3.2236805052610285,1,1
110,374,5.15948854054353,0,1
110,361,5.549644403022594,0,1
110,318,7.086788341696117,0,1
111,112,2.359068672167048,1,1
111,113,5.778745365561628,1,1
111,114,6.09796589036049,1,1
111,118,7.880424925091286,0,0
111,318,9.037119507896309,0,1
112,111,2.359068672167048,1,1
112,113,3.44124643116415,1,1
112,118,5.888512545626442,0,0
112,114,8.419764189096984,1,1
112,354,8.99700005557408,0,1
113,112,3.44124643116415,1,1
113,118,4.414466332412108,0,0
113,354,5.592879490924151,0,1
113,355,5.685275894800533,0,1
113,111,5.778745365561628,1,1
114,110,3.2236805052610285,1,1
114,282,5.466989299422489,0,1
114,111,6.09796589036049,1,1
114,374,7.152737238288569,0,1
114,318,7.497058689912999,0,1
115,148,1.3429430367666382,1,1
115,440,3.279639309436329,1,1
115,90,5.339420286885084,1,1
115,433,5.624473664264062,1,0
115,196,7.417181203125619,0,0
116,197,5.00612235168099,1,0
116,77,7.450167783345553,0,0
116,184,8.426452693749606,0,0
116,150,8.614522621712709,1,0
116,83,12.080116969632373,1,0
117,204,2.3443045877189252,0,1
117,357,4.935779978888848,0,0
117,118,5.514769351477902,1,1
117,356,6.385721650682874,0,0
117,358,7.0888854554154,0,0
118,113,4.414466332412108,0,0
118,117,5.514769351477902,1,1
118,112,5.888512545626442,0,0
118,357,6.675981500873111,0,0
118,355,7.149022660476046,0,0
119,179,5.4788066218840035,1,0
119,15,7.84322446446613,0,0
119,27,8.088845962187683,1,0
119,21,8.09680257879615,0,0
119,152,8.441742237239895,0,0
120,3,10.421665557865499,1,1
120,427,14.49595391824905,0,0
120,181,15.817954987924324,0,1
120,81,16.621456614869828,0,0
120,469,18.28608574845913,0,0
121,137,0.9855074834824948,1,1
121,122,1.1988848985619929,1,1
121,162,2.870853531617383,0,1
121,516,3.2356909617576277,0,0
121,477,5.443762026393145,0,0
122,121,1.1988848985619929,1,1
122,137,2.1843923640225444,1,1
122,162,4.032416769134857,0,1
122,516,4.225274073950707,0,0
122,477,5.186492070754567,0,0
123,124,1.5690803038723034,1,1
123,125,3.7384815099181647,1,1
123,477,4.142533041509748,0,1
123,126,5.06601865373589,1,1
123,485,5.146965125197567,1,0
124,123,1.5690803038723034,1,1
124,125,2.206672834835287,1,1
124,126,3.50071649809007,1,1
124,485,4.48267922118012,1,0
124,127,4.950719240676045,1,1
125,126,1.4100471623318136,1,1
125,124,2.206672834835287,1,1
125,127,2.9673708901989317,1,1
125,123,3.7384815099181647,1,1
125,485,5.000099399011983,1,0
126,125,1.4100471623318136,1,1
126,127,1.564946324958144,1,1
126,124,3.50071649809007,1,1
126,128,4.88228962680421,1,1
126,123,5.06601865373589,1,1
127,126,1.564946324958144,1,1
127,125,2.9673708901989317,1,1
127,128,3.3774832345993966,1,1
127,450,3.997305092183983,0,0
127,129,4.610554196623221,1,1
128,129,1.240042337986893,1,1
128,131,3.3530037280026996,1,1
128,127,3.3774832345993966,1,1
128,450,4.258594251628112,0,0
128,130,4.40621481546236,1,0
129,128,1.240042337986893,1,1
129,131,2.121550612170259,1,1
129,130,4.001439990803311,1,0
129,127,4.610554196623221,1,1
129,132,5.042567996566829,1,0
130,132,3.0032945243515496,1,1
130,133,3.869633703595212,1,1
130,129,4.001439990803311,1,0
130,128,4.40621481546236,1,0
130,131,4.451755271800102,1,0
131,129,2.121550612170259,1,1
131,128,3.3530037280026996,1,1
131,132,4.061356054324713,1,0
131,130,4.451755271800102,1,0
131,133,4.78945925966596,1,0
132,133,0.9707981252557093,1,1
132,134,2.529830033816501,1,1
132,130,3.0032945243515496,1,1
132,131,4.061356054324713,1,0
132,136,4.68273531175957,1,1
133,132,0.9707981252557093,1,1
133,134,1.8380459733096992,1,1
133,130,3.869633703595212,1,1
133,136,3.9207291413715386,1,1
133,131,4.78945925966596,1,0
134,133,1.8380459733096992,1,1
134,136,2.1554790650804287,1,1
134,132,2.529830033816501,1,1
134,135,3.719648504899354,1,0
134,131,5.076685631393774,1,0
135,136,2.9913236200718907,1,0
135,134,3.719648504899354,1,0
135,275,5.1267824217534335,0,1
135,133,5.372949283214946,1,0
135,272,5.590353208876877,0,0
136,134,2.1554790650804287,1,1
136,135,2.9913236200718907,1,0
136,272,3.7294624277501445,0,1
136,133,3.9207291413715386,1,1
136,132,4.68273531175957,1,1
137,121,0.9855074834824948,1,1
137,162,1.9500433328518625,0,1
137,122,2.1843923640225444,1,1
137,516,2.560139254025062,0,0
137,515,4.570276249856238,0,0
138,97,3.7983023839604977,0,0
138,96,3.905406636958564,0,0
138,154,4.128810482451332,0,0
138,230,5.330776772666438,0,0
138,34,7.182204745062618,0,0
139,140,2.194401968646583,1,1
139,384,2.4464443586560476,0,1
139,383,2.7967082436321458,0,1
139,382,3.5589268045297024,0,1
139,141,3.897119064129296,1,1
140,141,1.7865847307082863,1,1
140,139,2.194401968646583,1,1
140,29,4.051216730810634,0,0
140,475,4.452400026951756,0,0
140,384,4.624219934215932,0,1
141,140,1.7865847307082863,1,1
141,29,3.1073596508933434,0,0
141,139,3.897119064129296,1,1
141,261,4.486327339818173,0,0
141,34,4.516333247226116,0,0
142,472,0.6239823715458634,1,1
142,601,1.7180352150057927,1,0
142,600,4.300409282847389,1,0
142,101,4.693484952569892,1,0
142,605,4.761269263547274,1,1
143,609,2.0101644211357437,1,0
143,517,4.264766582123809,1,0
143,608,4.581482402017932,1,0
143,500,5.763139161949848,1,0
143,484,5.784789192356105,0,0
144,147,1.3339752621394445,1,1
144,202,2.068912757948,0,1
144,146,3.0902642281850268,1,1
144,458,5.098092388335073,1,1
144,78,5.851262598790111,0,0
145,235,0.7294333417112218,1,0
145,411,1.7003590797240447,1,1
145,416,3.408420455284236,0,1
145,89,3.872517140052449,1,0
145,30,4.153375976239088,0,1
146,147,1.9945397965445564,1,1
146,144,3.0902642281850268,1,1
146,458,3.588735849850195,1,1
146,202,4.448282927152904,0,1
146,78,5.702128462249864,0,0
147,144,1.3339752621394445,1,1
147,146,1.9945397965445564,1,1
147,202,3.2502667582830798,0,1
147,458,4.82983146703899,1,1
147,78,4.99616012553641,0,0
148,115,1.3429430367666382,1,1
148,440,4.394242824423793,1,1
148,90,6.30574063849759,1,1
148,433,6.900604611191689,1,0
148,196,7.643541391266224,0,0
149,16,0.8668344709343302,0,0
149,239,2.1837737978096543,0,0
149,22,2.35606897182574,1,1
149,208,3.2779928309866695,0,0
149,247,4.454501094398788,1,1
150,89,8.168771327439641,1,1
150,116,8.614522621712709,1,0
150,411,10.497761332779481,1,0
150,304,11.368597626796367,0,1
150,235,11.405324239143752,1,1
151,203,1.3258510474408505,1,0
151,436,1.7707696066964782,1,1
151,243,2.152324325003088,1,1
151,191,3.335416016031583,1,0
151,194,9.65828659752857,1,0
152,15,0.6149032444214292,1,0
152,21,3.106444913401813,0,1
152,100,5.5747757802444395,1,0
152,63,6.262587324740471,1,1
152,75,7.042137459606991,0,0
153,519,2.8840410884729084,1,1
153,244,2.9270415097842397,1,1
153,518,4.756912128681799,1,1
153,454,7.000036857045826,1,1
153,93,10.769433875557247,1,1
154,97,2.442135336135162,0,1
154,96,2.576941016011038,0,1
154,415,3.8302251892023267,1,1
154,138,4.128810482451332,0,0
154,461,5.283527704100736,1,1
155,102,2.3040555548857755,1,0
155,231,3.717005918746969,1,0
155,1,3.895283943437243,1,0
155,179,5.845860244651766,0,1
155,227,7.2022024409204155,1,0
156,259,1.5897587867346417,0,1
156,70,1.9044655418253174,0,1
156,258,2.630404531626267,0,1
156,69,2.7370445739885203,0,1
156,68,3.0928706730156046,0,0
157,242,1.7737635129858773,1,0
157,158,2.753754709483036,1,1
157,241,3.1738697200735886,1,0
157,156,3.3096188602314918,1,0
157,70,3.4628964754956217,0,0
158,159,1.5393326476106457,1,1
158,157,2.753754709483036,1,1
158,160,2.9911872224920995,1,1
158,242,3.2663306629917312,1,0
158,161,5.458682075373139,1,1
159,160,1.517461696386436,1,1
159,158,1.5393326476106457,1,1
159,161,3.9407005722333177,1,1
159,157,4.2109196145260235,1,1
159,242,4.791398230162047,1,0
160,159,1.517461696386436,1,1
160,161,2.481265201464769,1,1
160,158,2.9911872224920995,1,1
160,201,3.9833951599107014,1,0
160,515,5.703774978029901,1,0
161,160,2.481265201464769,1,1
161,201,3.1749525980713473,1,0
161,515,3.582002233388472,1,0
161,162,3.621905851896208,1,1
161,159,3.9407005722333177,1,1
162,137,1.9500433328518625,0,1
162,121,2.870853531617383,0,1
162,516,2.93210231745074,1,0
162,161,3.621905851896208,1,1
162,515,3.764792955794515,1,0
163,164,1.3637305452324517,1,1
163,172,1.3968249711399061,1,0
163,169,1.9343236544074005,1,1
163,170,2.0705371283799767,1,1
163,171,2.3393881678763786,1,0
164,172,0.1945893111144597,1,0
164,163,1.3637305452324517,1,1
164,165,2.649187800062502,1,1
164,170,2.866827689276075,1,1
164,169,3.208414717582501,1,1
165,166,0.9224993224929762,1,1
165,35,1.9333623561039974,1,0
165,252,2.3549989384286354,0,1
165,172,2.6142082931549275,1,0
165,164,2.649187800062502,1,1
166,165,0.9224993224929762,1,1
166,35,1.0559190309867512,1,0
166,252,2.1577258862051965,0,1
166,172,3.1830802691732423,1,0
166,36,3.209222491507873,0,0
167,173,1.1583177456984763,1,0
167,168,1.5261415399627913,1,1
167,109,1.8129147801261922,1,0
167,169,2.0744138931274057,1,1
167,108,2.2450167037240503,1,0
168,169,0.6092002954693965,1,1
168,171,1.369599211448371,1,0
168,167,1.5261415399627913,1,1
168,170,1.7987465079882714,1,1
168,163,2.5293384510579044,1,1
169,168,0.6092002954693965,1,1
169,171,1.1393493757403828,1,0
169,170,1.417492151653758,1,1
169,163,1.9343236544074005,1,1
169,167,2.0744138931274057,1,1
170,171,0.5425099077436282,1,0
170,169,1.417492151653758,1,1
170,168,1.7987465079882714,1,1
170,163,2.0705371283799767,1,1
170,172,2.7557307560790476,1,0
171,170,0.5425099077436282,1,0
171,169,1.1393493757403828,1,0
171,168,1.369599211448371,1,0
171,163,2.3393881678763786,1,0
171,167,2.827863150861442,1,0
172,164,0.1945893111144597,1,0
172,163,1.3968249711399061,1,0
172,165,2.6142082931549275,1,0
172,170,2.7557307560790476,1,0
172,169,3.179696840895371,1,0
173,109,0.7133582550163697,1,1
173,167,1.1583177456984763,1,0
173,108,1.252836781069266,1,1
173,168,2.626384587222519,1,0
173,169,3.205408086344077,1,0
174,279,3.996808726972058,0,1
174,248,8.716988700233586,1,1
174,278,11.745648428247799,0,1
174,205,13.10202659896552,1,1
174,459,13.749822726129963,1,0
175,460,5.56750042658283,1,1
175,459,7.787730092908974,1,1
175,509,8.00301749342084,1,1
175,205,8.811189363530897,1,0
175,248,10.079468686394138,1,0
176,404,1.7062338643925692,1,1
176,455,4.902117909638649,1,1
176,456,11.198018797983865,1,1
176,457,13.518735036977386,1,1
176,458,20.297660998252976,1,1
177,178,1.677431369684018,1,1
177,466,1.8348809225669116,1,1
177,44,2.372432506943032,1,0
177,99,2.6460325016900303,1,1
177,45,3.4374176353768826,1,0
178,466,0.5484414280486112,1,1
178,44,1.4626346091898688,1,0
178,177,1.677431369684018,1,1
178,99,4.323365355831033,1,1
178,106,4.475500530666933,1,0
179,1,5.090395760645728,0,0
179,119,5.4788066218840035,1,0
179,155,5.845860244651766,0,1
179,227,6.527671713559131,0,0
179,102,7.115142303566388,0,0
180,587,1.5917694556687536,1,0
180,28,3.2978053308223028,1,0
180,249,5.914497865415119,1,0
180,453,5.9949353624538775,1,1
180,19,6.9839024191350205,1,1
181,120,15.817954987924324,0,1
181,457,18.91422369540976,1,0
181,269,23.94857323516372,1,0
181,3,25.344374780215034,0,1
181,427,28.964221032163113,0,0
182,593,1.3535686166574636,1,1
182,409,2.4669762868742784,1,1
182,302,3.1361202145325997,1,1
182,590,6.128274961194218,1,1
182,592,6.846663493994721,1,1
183,441,1.253281293245854,1,1
183,188,1.8693854605190445,1,0
183,94,2.11859670536891,1,1
183,187,2.1194721040862983,1,0
183,246,2.774610603309949,1,1
184,77,3.5499302810055298,1,0
184,197,5.361669329602488,0,1
184,438,5.650344060320575,1,1
184,463,6.2105066621009275,1,1
184,464,7.252115622354624,1,1
185,88,1.737214436965109,1,1
185,591,4.730321764954261,1,1
185,80,5.843347328372668,0,1
185,592,7.080045903805992,1,1
185,302,10.802967046140612,1,1
186,432,0.6207841814994967,1,1
186,47,7.416751917113044,1,0
186,509,13.673367727081722,1,0
186,51,15.133517006961732,1,0
186,175,21.39886861495252,1,0
187,183,2.1194721040862983,1,0
187,589,2.1741796153951953,1,1
187,94,2.8563000542660077,1,0
187,441,3.3051583925736447,1,0
187,188,3.5866000613394293,1,1
188,441,0.9678698259580159,1,0
188,246,1.1561012066423944,1,0
188,183,1.8693854605190445,1,0
188,31,3.5301410736683034,1,1
188,187,3.5866000613394293,1,1
189,225,2.2378529889159386,1,1
189,4,2.6357427795594925,1,0
189,196,6.1701296582810965,0,0
189,416,7.108334544743938,0,0
189,10,7.147776787225522,0,0
190,83,3.5753637577175277,1,0
190,437,4.825981765402767,0,0
190,405,6.581161599596229,0,0
190,511,6.7396472459617645,0,1
190,438,9.274097530218237,0,0
191,243,1.706604816587601,1,0
191,436,2.718110556986231,1,0
191,151,3.335416016031583,1,0
191,203,3.878012506426456,1,1
191,17,10.514870422406545,1,1
192,269,6.63245912162299,1,1
192,428,14.118635911446969,1,1
192,429,16.285365700530033,1,1
192,198,20.641725363932153,1,1
192,462,27.334593942475166,1,1
193,260,2.3339076674110313,1,1
193,495,2.6310218547172886,1,1
193,597,3.3403180986247403,1,1
193,237,3.79140092841683,1,0
193,236,4.092707294688933,1,0
194,203,8.857515509441686,1,1
194,46,8.872992730753248,1,1
194,151,9.65828659752857,1,0
194,5,10.570004730367911,1,0
194,436,11.250361105315687,1,0
195,82,2.085448872545189,1,0
195,64,2.7319535135137274,1,1
195,402,3.2284438976076384,1,1
195,65,4.499280053519674,0,1
195,95,4.716545557926903,1,0
196,300,2.8100514230170237,1,1
196,189,6.1701296582810965,0,0
196,465,6.726812023536855,1,1
196,10,7.074428104094351,1,0
196,4,7.19008205794621,0,0
197,116,5.00612235168099,1,0
197,184,5.361669329602488,0,1
197,77,6.744046337325982,0,0
197,83,7.3670507667587035,1,1
197,438,9.246238262125848,0,1
198,429,4.459767034274324,1,1
198,428,6.531073571779758,1,1
198,462,6.697947446792935,1,1
198,461,6.714152217517861,1,1
198,415,8.476585397434512,1,1
199,200,4.780689490021287,1,1
199,270,15.467333318966137,0,0
199,476,16.235368859376127,1,0
199,434,20.454554138381994,1,0
199,23,22.543307876174694,1,0
200,199,4.780689490021287,1,1
200,434,18.551681136759548,1,0
200,23,18.876111516941194,1,0
200,270,20.156201626298543,0,0
200,174,20.601878482313207,1,0
201,515,2.931381926668717,1,1
201,161,3.1749525980713473,1,0
201,160,3.9833951599107014,1,0
201,159,5.324035029937351,1,0
201,516,5.430156719653679,1,1
202,144,2.068912757948,0,1
202,147,3.2502667582830798,0,1
202,146,4.448282927152904,0,1
202,458,4.936577964541835,0,1
202,7,7.763121537113792,1,1
203,151,1.3258510474408505,1,0
203,436,3.0435679719697406,1,0
203,243,3.1793365660149915,1,0
203,191,3.878012506426456,1,1
203,194,8.857515509441686,1,1
204,117,2.3443045877189252,0,1
204,356,5.183796002930671,0,0
204,357,5.71727277642059,0,0
204,33,6.167211444404999,0,0
204,481,6.638994652807005,0,0
205,278,1.9070631872069683,0,1
205,248,4.430837956865496,1,1
205,175,8.811189363530897,1,0
205,279,11.21541996538694,0,1
205,460,11.224275700462815,1,0
206,98,4.306987926614143,1,0
206,62,5.583823063099331,1,1
206,61,5.693077638676641,1,1
206,598,7.2084836824397405,1,1
206,407,8.651983472013802,1,1
207,241,3.7259106269474582,0,1
207,258,4.176377617026507,0,0
207,74,4.406646116946537,1,1
207,156,5.118412449187736,0,0
207,259,5.193479854586903,0,0
208,22,1.012381351072806,0,0
208,16,2.9338120253349564,1,1
208,149,3.2779928309866695,0,0
208,606,3.861137785679242,1,1
208,602,4.141901616407613,0,0
209,512,1.766891620898124,1,0
209,40,3.1490812946000615,1,0
209,210,5.754434985296124,1,1
209,9,5.88531706877378,1,0
209,211,6.594238090939696,1,0
210,9,0.7333137118587105,1,0
210,211,0.9202227991089984,1,0
210,212,2.6714314514881345,1,0
210,213,3.827427595657428,1,1
210,512,4.27213951083061,1,0
211,9,0.8102252773148959,1,0
211,210,0.9202227991089984,1,0
211,212,2.5952772491585554,1,1
211,213,4.099770237464534,1,0
211,512,5.037014393467622,1,0
212,213,1.821789230399609,1,0
212,211,2.5952772491585554,1,1
212,210,2.6714314514881345,1,0
212,9,3.2138358701091128,1,0
212,214,6.491583782098171,1,1
213,212,1.821789230399609,1,0
213,210,3.827427595657428,1,1
213,211,4.099770237464534,1,0
213,9,4.516059897742721,1,0
213,214,5.499908362872967,1,0
214,215,1.6815781278311155,1,0
214,216,3.210003894078635,1,1
214,213,5.499908362872967,1,0
214,212,6.491583782098171,1,1
214,211,9.078142761600525,1,1
215,214,1.6815781278311155,1,0
215,216,2.2888534247522276,1,0
215,213,6.730910265335589,1,1
215,212,7.9425923349999525,1,0
215,217,9.741312077949253,1,0
216,215,2.2888534247522276,1,0
216,214,3.210003894078635,1,1
216,217,7.752679859248671,1,1
216,213,8.70024580112539,1,0
216,212,9.674527637047714,1,1
217,218,3.9253598561151053,1,0
217,216,7.752679859248671,1,1
217,215,9.741312077949253,1,0
217,107,10.327301535251113,0,0
217,219,10.647847153298173,1,1
218,217,3.9253598561151053,1,0
218,219,6.96618180928405,1,0
218,220,8.402043798981293,1,1
218,163,10.3174034039578,0,0
218,164,10.649566563949914,0,0
219,220,1.4946989663474046,1,0
219,266,4.7209711924560605,0,0
219,267,5.302972468342636,0,0
219,265,5.63726822139944,0,0
219,165,6.186600439659895,0,1
220,219,1.4946989663474046,1,0
220,266,3.2262733920112847,0,1
220,267,3.8318489009876155,0,0
220,265,4.252416959800627,0,0
220,252,5.6365783947355865,0,0
221,305,7.017223667519797,0,1
221,76,15.50368939962356,0,1
221,306,19.27817750722303,0,1
221,596,20.529297138479922,0,0
221,493,21.139449306923773,1,0
222,408,2.8498680671217045,1,1
222,503,12.177235564774133,1,0
222,244,19.435355103522035,1,1
222,153,20.258127257967356,1,1
222,454,20.666576010553854,1,1
223,24,0.9677034669773588,1,1
223,520,3.2004265340732316,0,0
223,496,3.255507640906407,1,0
223,25,4.277442460162381,1,1
223,26,5.604507471669567,1,1
224,2,1.6211730320974378,1,0
224,226,1.642613770793366,1,0
224,227,2.044751329624216,1,0
224,486,2.323403107512771,0,0
224,1,4.9018005875392365,1,0
225,4,1.7281695518669458,1,0
225,189,2.2378529889159386,1,1
225,416,5.2393314459003255,0,0
225,145,5.578314082229505,0,0
225,235,5.6345538421422505,0,0
226,486,0.7086846971679296,0,1
226,224,1.642613770793366,1,0
226,2,1.7582769975177406,1,0
226,227,2.0206662267677955,1,1
226,72,5.250579015689603,0,0
227,226,2.0206662267677955,1,1
227,224,2.044751329624216,1,0
227,486,2.1851320326241157,0,1
227,1,3.3069274258743566,1,0
227,2,3.3351176890778533,1,0
228,229,1.4404752687915192,1,1
228,410,1.696890391274581,1,1
228,414,1.909240686765291,1,0
228,487,2.194793156541181,1,1
228,431,2.2686617200455426,1,0
229,410,0.34808045047086456,1,1
229,228,1.4404752687915192,1,1
229,412,2.3432012290881037,1,0
229,414,2.4652612437630212,1,0
229,413,2.7561249971654043,1,0
230,96,2.756781093957226,0,1
230,97,2.8952464489227854,1,1
230,34,3.6140935239697383,0,0
230,232,3.779756209069574,0,1
230,261,3.966764550613006,0,0
231,155,3.717005918746969,1,0
231,21,4.431405758898636,1,1
231,102,5.821439426808459,1,1
231,179,7.24936528256095,0,0
231,1,7.432779426298079,1,0
232,261,0.9168315003314405,0,0
232,34,1.6938267325792211,0,0
232,29,2.130084740098384,0,0
232,475,3.7165171868296265,1,1
232,230,3.779756209069574,0,1
233,430,2.2292545839360742,1,0
233,86,2.4784906697423734,1,0
233,474,2.7269325257512333,1,0
233,431,4.664302413008831,1,0
233,384,4.8868968681567235,0,0
234,38,2.600890039967088,1,1
234,93,2.7920404724860277,1,1
234,59,9.138297707997918,0,1
234,518,9.415921675545098,1,1
234,519,10.743344963278428,1,1
235,145,0.7294333417112218,1,0
235,411,1.3754562879277552,1,0
235,89,3.2420302281132423,1,1
235,416,4.089786913764579,0,0
235,30,4.860608706736225,0,0
236,237,0.8760867536950893,1,1
236,238,0.8939004418837705,1,1
236,193,4.092707294688933,1,0
236,495,5.202662107037128,1,0
236,597,5.23512540441965,1,0
237,236,0.8760867536950893,1,1
237,238,0.9666985052228022,1,1
237,193,3.79140092841683,1,0
237,495,4.50353383466806,1,0
237,260,4.745918035533273,1,0
238,236,0.8939004418837705,1,1
238,237,0.9666985052228022,1,1
238,193,4.719374640776043,1,0
238,495,5.433328721879434,1,0
238,260,5.698185676160439,1,0
239,149,2.1837737978096543,0,0
239,247,2.2741468730053476,0,0
239,16,2.8649205922677856,1,1
239,22,4.446482317517972,0,0
239,41,5.225852083631912,0,0
240,599,1.316398495897044,1,0
240,84,1.6926242938112404,1,0
240,106,5.233784577148739,1,1
240,473,6.814578783754723,1,0
240,39,7.4122499957840065,1,0
241,242,2.301541222746184,1,1
241,157,3.1738697200735886,1,0
241,156,3.466126368152206,1,0
241,207,3.7259106269474582,0,1
241,259,4.658583153706715,0,0
242,157,1.7737635129858773,1,0
242,241,2.301541222746184,1,1
242,158,3.2663306629917312,1,0
242,156,4.253394409174866,1,0
242,159,4.791398230162047,1,0
243,436,1.0151970252123477,1,1
243,191,1.706604816587601,1,0
243,151,2.152324325003088,1,1
243,203,3.1793365660149915,1,0
243,262,9.732933781753578,0,1
244,153,2.9270415097842397,1,1
244,454,4.215827320941881,1,1
244,519,5.795889664236198,1,1
244,518,7.587720145076517,1,1
244,93,13.691503423656586,1,1
245,20,2.2451031156719727,1,1
245,469,7.4048365275676415,1,0
245,81,8.115577367014623,1,0
245,468,8.890639684522144,1,0
245,427,10.19911721670067,1,0
246,188,1.1561012066423944,1,0
246,441,1.5560649086718716,1,1
246,183,2.774610603309949,1,1
246,31,3.9775763977578102,1,0
246,94,4.427371680805667,1,1
247,239,2.2741468730053476,0,0
247,41,2.9524786197363055,1,1
247,406,4.392407654123192,0,0
247,149,4.454501094398788,1,1
247,16,5.127278615406032,0,0
248,278,3.4700900564682757,0,1
248,205,4.430837956865496,1,1
248,279,7.363691737165536,0,1
248,174,8.716988700233586,1,1
248,175,10.079468686394138,1,0
249,28,2.6635474465456777,1,1
249,453,2.728250171813428,1,0
249,92,4.5669470108596615,1,1
249,587,5.481049625756,1,1
249,180,5.914497865415119,1,0
250,251,0.4202189905275582,1,1
250,252,1.540751115527748,1,0
250,36,2.6135646156159984,1,0
250,253,2.785677655436824,1,1
250,254,2.9762494855102455,1,1
251,250,0.4202189905275582,1,1
251,252,1.4747671002568508,1,0
251,36,2.194905009334117,1,0
251,253,2.392108693182649,1,1
251,254,2.5922316640300496,1,1
252,251,1.4747671002568508,1,0
252,250,1.540751115527748,1,0
252,35,1.9585795873540601,0,0
252,166,2.1577258862051965,0,1
252,165,2.3549989384286354,0,1
253,254,0.25310274593532167,1,1
253,36,1.110819517293426,1,0
253,255,1.2206555615733703,1,1
253,412,2.2696678171045206,1,0
253,251,2.392108693182649,1,1
254,253,0.25310274593532167,1,1
254,255,0.9759410842873661,1,1
254,36,1.3417589202237485,1,0
254,412,2.130146708562582,1,0
254,251,2.5922316640300496,1,1
255,254,0.9759410842873661,1,1
255,253,1.2206555615733703,1,1
255,412,2.1163629178380536,1,0
255,36,2.3153228716531093,1,0
255,410,2.8277835843642634,1,1
256,492,1.1324243904120044,0,1
256,491,2.255699004743319,0,1
256,490,2.6054822970037623,0,1
256,257,3.017201517963293,1,1
256,11,3.85037517652501,0,0
257,256,3.017201517963293,1,1
257,258,3.3734701717963955,1,1
257,492,3.75893628570637,0,1
257,491,4.543543220879494,0,1
257,259,4.660729771183908,1,1
258,259,1.4700955751242843,1,1
258,156,2.630404531626267,0,1
258,257,3.3734701717963955,1,1
258,70,4.035290448034689,0,1
258,207,4.176377617026507,0,0
259,258,1.4700955751242843,1,1
259,156,1.5897587867346417,0,1
259,70,2.5955411767105523,0,1
259,69,2.961213602562301,0,1
259,68,3.318171183046468,0,0
260,495,0.5859837881716524,1,1
260,193,2.3339076674110313,1,1
260,237,4.745918035533273,1,0
260,236,5.382534904670847,1,0
260,597,5.593083228417042,1,1
261,232,0.9168315003314405,0,0
261,34,0.9301747147713703,0,1
261,29,1.4877126738722097,0,1
261,475,3.9036649446385634,0,0
261,230,3.966764550613006,0,0
262,439,1.9416487838947598,1,1
262,304,2.7030745457719068,1,0
262,504,3.4,1,1
262,465,3.4234485537247377,1,0
262,10,5.488545617921017,1,0
263,264,1.003328959015935,1,0
263,385,2.2937135828171744,0,0
263,488,2.776625649957156,0,0
263,489,2.812624752788754,0,0
263,265,2.973016817981358,1,0
264,263,1.003328959015935,1,0
264,265,2.3096813633053372,1,1
264,385,2.4337758730006342,0,0
264,488,3.3710486499010957,0,0
264,489,3.606772102587021,0,0
265,266,1.9417028608929843,1,0
265,264,2.3096813633053372,1,1
265,267,2.6377695122963263,1,1
265,263,2.973016817981358,1,0
265,220,4.252416959800627,0,0
266,267,0.9486211045512323,1,0
266,265,1.9417028608929843,1,0
266,220,3.2262733920112847,0,1
266,250,4.089899998777477,0,0
266,264,4.246890862737116,1,0
267,266,0.9486211045512323,1,0
267,265,2.6377695122963263,1,1
267,250,3.189043743820395,0,1
267,251,3.6091805164053516,0,1
267,220,3.8318489009876155,0,0
268,303,5.209188804410914,1,1
268,494,6.574169149025602,1,1
268,493,7.939249397770547,1,1
268,596,10.807649374401448,0,1
268,505,11.530027103177165,1,0
269,192,6.63245912162299,1,1
269,428,20.715220925686502,1,1
269,429,22.89747029695639,1,1
269,181,23.94857323516372,1,0
269,120,24.59055143749322,0,0
270,476,1.3101824300455263,0,1
270,199,15.467333318966137,0,0
270,185,19.856793749243607,0,0
270,200,20.156201626298543,0,0
270,88,20.958055348719736,0,0
271,272,3.005198995075035,1,1
271,275,5.470491934003742,1,0
271,276,5.985539407605634,1,0
271,136,6.69849453235576,0,1
271,135,8.501795104564682,0,0
272,271,3.005198995075035,1,1
272,136,3.7294624277501445,0,1
272,275,4.059362634700181,1,0
272,135,5.590353208876877,0,0
272,134,5.773653262883042,0,1
273,274,0.4418438638252205,1,1
273,276,6.001666435249463,1,1
273,275,8.602325267042627,1,1
273,114,9.447765503017102,0,0
273,110,10.293593784485573,0,0
274,273,0.4418438638252205,1,1
274,276,6.408590016532497,1,1
274,275,8.976236739302278,1,1
274,114,9.1854463691211,0,0
274,110,9.93191487075881,0,0
275,276,2.8460498941515415,1,1
275,272,4.059362634700181,1,0
275,135,5.1267824217534335,0,1
275,271,5.470491934003742,1,0
275,136,5.584913338629347,0,0
276,275,2.8460498941515415,1,1
276,272,5.971383842963036,1,0
276,271,5.985539407605634,1,0
276,273,6.001666435249463,1,1
276,274,6.408590016532497,1,1
277,498,0.2836793965024601,1,1
277,101,0.3908810560771652,1,1
277,600,0.9712368403226888,1,1
277,605,1.641636378739214,1,0
277,471,2.514432739207792,1,1
278,205,1.9070631872069683,0,1
278,248,3.4700900564682757,0,1
278,279,9.52018282387476,1,1
278,175,10.372583284794583,0,0
278,174,11.745648428247799,0,1
279,174,3.996808726972058,0,1
279,248,7.363691737165536,0,1
279,278,9.52018282387476,1,1
279,205,11.21541996538694,0,1
279,460,15.500565150987237,0,0
280,281,0.4605616136848576,1,1
280,326,2.462082451909359,0,1
280,361,7.471638374546776,0,1
280,283,7.6583607906653235,1,1
280,347,8.142327185762065,0,0
281,280,0.4605616136848576,1,1
281,326,2.130464972723091,0,1
281,361,7.253876274103384,0,1
281,283,7.811110868500076,1,1
281,347,7.890303733063766,0,0
282,110,2.260769780406665,0,1
282,361,4.830101137657471,0,1
282,374,5.034625904672561,0,1
282,283,5.31276698152667,1,1
282,114,5.466989299422489,0,1
283,282,5.31276698152667,1,1
283,361,6.100449983402864,0,1
283,326,7.097991265139737,0,1
283,374,7.298864637736475,0,1
283,110,7.549271289336475,0,1
284,348,1.0816769388315532,0,1
284,347,1.644230215024648,0,1
284,346,3.326634936388422,0,1
284,296,3.601610334281042,1,0
284,297,3.8583895604254375,1,0
285,286,1.3330900194660524,1,1
285,287,3.357309786123407,1,1
285,297,5.562903019107919,1,1
285,288,5.804784578259559,1,1
285,296,5.870457307569828,1,1
286,285,1.3330900194660524,1,1
286,287,2.0242529486207994,1,1
286,288,4.473218192755636,1,1
286,297,6.8131274023021176,1,1
286,296,7.092679183496177,1,1
287,286,2.0242529486207994,1,1
287,288,2.452770066679712,1,1
287,285,3.357309786123407,1,1
287,289,5.272067715801837,1,1
287,290,6.541044029816647,1,1
288,287,2.452770066679712,1,1
288,289,2.819305765609683,1,1
288,290,4.402959232152848,1,1
288,286,4.473218192755636,1,1
288,285,5.804784578259559,1,1
289,290,2.702222233644006,1,1
289,288,2.819305765609683,1,1
289,287,5.272067715801837,1,1
289,291,6.011279813816688,1,1
289,286,7.291072486267024,1,1
290,289,2.702222233644006,1,1
290,291,3.556709153135803,1,1
290,288,4.402959232152848,1,1
290,292,6.290661809380632,1,1
290,287,6.541044029816647,1,1
291,292,2.8081769887241794,1,1
291,290,3.556709153135803,1,1
291,289,6.011279813816688,1,1
291,293,6.122124222849451,1,1
291,288,6.510506124718722,1,1
292,291,2.8081769887241794,1,1
292,293,3.3196362752566735,1,1
292,294,5.263734985730189,1,1
292,295,6.1111741915936255,1,1
292,290,6.290661809380632,1,1
293,294,1.9931154005726814,1,1
293,295,2.880577199104374,1,1
293,292,3.3196362752566735,1,1
293,547,3.7160754836251644,0,1
293,546,4.989866932093481,0,1
294,295,0.8987902981229827,1,1
294,547,1.970279675579079,0,1
294,293,1.9931154005726814,1,1
294,546,3.1457172473062482,0,1
294,579,4.982243069140646,0,0
295,294,0.8987902981229827,1,1
295,547,1.2705754601754278,0,1
295,546,2.3040002170138787,0,1
295,293,2.880577199104374,1,1
295,545,4.2947261845198,0,1
296,297,0.4605225293077419,1,1
296,284,3.601610334281042,1,0
296,348,4.672096103463627,0,0
296,347,5.225868348896669,0,0
296,285,5.870457307569828,1,1
297,296,0.4605225293077419,1,1
297,284,3.8583895604254375,1,0
297,348,4.938467879818598,0,0
297,347,5.498395856975014,0,0
297,285,5.562903019107919,1,1
298,5,5.348831648126533,1,0
298,46,6.184254199173899,1,1
298,2,6.196337789372041,1,0
298,224,7.067708256570867,1,1
298,72,7.672841716078861,0,0
299,43,3.0010659772820723,1,0
299,510,4.30638781346966,1,1
299,45,7.143911043679085,1,1
299,99,8.248787607885173,1,0
299,517,9.831344007815005,1,1
300,196,2.8100514230170237,1,1
300,465,3.934537965250812,1,1
300,10,5.057610502994472,1,0
300,4,7.2216954380533105,0,0
300,189,7.227368054831579,0,0
301,6,3.074867476819123,0,1
301,499,3.429827984024855,1,1
301,85,5.611654390640964,0,1
301,435,8.223202539157112,0,1
301,105,11.18998074171712,0,0
302,182,3.1361202145325997,1,1
302,592,3.8830633525607072,1,1
302,593,4.4638792546394,1,1
302,409,5.594089917046382,1,1
302,591,6.404960343358887,1,1
303,493,4.151523214435877,1,1
303,268,5.209188804410914,1,1
303,596,9.197890899548657,0,1
303,494,11.735814756547583,1,1
303,595,16.012688375160494,0,1
304,504,2.1264552663999305,1,0
304,439,2.244685278608117,1,0
304,262,2.7030745457719068,1,0
304,465,4.928307214450008,1,0
304,10,5.026550009698501,1,1
305,221,7.017223667519797,0,1
305,306,12.446598410810882,1,1
305,596,21.27576069145355,0,0
305,236,21.336506860308695,0,0
305,238,21.36857919937589,0,0
306,238,10.609838311680344,0,0
306,236,10.958256658793863,0,0
306,237,11.552930753709209,0,0
306,305,12.446598410810882,1,1
306,105,13.2445790042568,1,1
307,308,1.1391514385717116,1,1
307,309,2.1750947105815874,1,1
307,310,3.5287020276583285,1,1
307,379,3.6067294048763903,1,1
307,0,3.641577268162794,1,1
308,309,1.077916972683889,1,1
308,307,1.1391514385717116,1,1
308,310,2.498083265225561,1,1
308,421,3.44815892905185,0,1
308,379,4.669096379386486,1,1
309,308,1.077916972683889,1,1
309,310,1.4383341058321604,1,1
309,307,2.1750947105815874,1,1
309,421,2.400692608394502,0,1
309,420,4.3583360356906855,0,1
310,421,0.9657432370977288,0,1
310,309,1.4383341058321604,1,1
310,308,2.498083265225561,1,1
310,420,2.949707104103728,0,1
310,307,3.5287020276583285,1,1
311,426,2.257188516717201,0,1
311,312,3.021000662032367,1,1
311,537,3.7505266296881565,0,1
311,542,4.052232594508859,0,1
311,313,4.664424080205401,1,1
312,313,1.7328511188212332,1,1
312,314,2.322206924457853,1,1
312,311,3.021000662032367,1,1
312,315,3.6797513502952888,1,1
312,542,3.9142460321241943,0,1
313,314,0.9168838530588266,1,1
313,312,1.7328511188212332,1,1
313,315,2.4060933065864254,1,1
313,521,3.631513458600973,0,1
313,522,3.664217924741922,0,1
314,313,0.9168838530588266,1,1
314,315,1.4960965877910424,1,1
314,312,2.322206924457853,1,1
314,522,3.6141644954262944,0,1
314,316,3.726451395094266,1,1
315,314,1.4960965877910424,1,1
315,316,2.2611777904446173,1,1
315,313,2.4060933065864254,1,1
315,312,3.6797513502952888,1,1
315,522,3.794163939526072,0,1
316,317,1.8930256205344924,1,1
316,315,2.2611777904446173,1,1
316,314,3.726451395094266,1,1
316,319,4.18687472943722,1,1
316,525,4.234609427090059,0,1
317,316,1.8930256205344924,1,1
317,319,2.367927786061053,1,1
317,380,2.915410091222159,1,1
317,320,4.043057877399234,1,1
317,324,4.067307709038007,1,1
318,332,2.848094977348895,1,1
318,374,3.7376004334331943,1,1
318,340,4.242310691121054,1,1
318,361,5.031880761703322,1,1
318,349,6.634117951920963,1,1
319,380,0.5532684700938596,1,1
319,320,1.6758057763356708,1,1
319,317,2.367927786061053,1,1
319,321,2.8062348440570686,1,1
319,323,3.511017231515676,1,1
320,380,1.1385345844549475,1,1
320,321,1.3959186939073494,1,1
320,319,1.6758057763356708,1,1
320,322,2.628042046847805,1,1
320,328,2.941828173092371,1,0
321,322,1.277739410051987,1,1
321,320,1.3959186939073494,1,1
321,328,1.5493334050487648,1,0
321,380,2.2643321311150446,1,1
321,329,2.451200522193156,1,0
322,328,0.47032329306552534,1,0
322,329,1.2132971606329588,1,0
322,321,1.277739410051987,1,1
322,320,2.628042046847805,1,1
322,327,2.7308813595614145,1,0
323,327,0.6364157446198201,1,0
323,321,2.7537269290908277,1,1
323,328,2.9354253524830094,1,0
323,325,2.958251172568009,1,0
323,324,3.0210759672672913,1,1
324,325,0.4451988319840922,1,0
324,527,1.5409766383693169,0,1
324,528,1.7145392967208422,0,0
324,323,3.0210759672672913,1,1
324,529,3.4176251988771384,0,0
325,324,0.4451988319840922,1,0
325,528,1.3929353897435444,0,1
325,527,1.7481581736215976,0,0
325,323,2.958251172568009,1,0
325,529,2.992858165700473,0,1
326,281,2.130464972723091,0,1
326,280,2.462082451909359,0,1
326,361,5.229019984662518,1,1
326,374,6.28939146499882,1,1
326,283,7.097991265139737,0,1
327,323,0.6364157446198201,1,0
327,328,2.4418290275938648,1,1
327,321,2.5664763782275495,1,0
327,322,2.7308813595614145,1,0
327,329,2.9978393886264154,1,1
328,322,0.47032329306552534,1,0
328,329,0.9223806155812252,1,1
328,321,1.5493334050487648,1,0
328,327,2.4418290275938648,1,1
328,323,2.9354253524830094,1,0
329,328,0.9223806155812252,1,1
329,322,1.2132971606329588,1,0
329,321,2.451200522193156,1,0
329,327,2.9978393886264154,1,1
329,323,3.5722401934920334,1,0
330,331,1.4369585936971185,1,1
330,333,1.8516665466546616,1,1
330,334,2.7062891567606004,1,1
330,335,3.944629260146003,1,1
330,329,4.1029483301645415,1,1
331,333,0.5210959604525831,1,1
331,334,1.2723541173745618,1,1
331,330,1.4369585936971185,1,1
331,335,2.6373187141488987,1,1
331,337,4.372655143045241,1,0
332,340,1.4514561653732432,1,1
332,318,2.848094977348895,1,1
332,349,3.9113031076611797,1,1
332,350,4.8699668376694305,1,1
332,341,6.271204031125124,1,0
333,331,0.5210959604525831,1,1
333,334,0.9175205719764543,1,1
333,330,1.8516665466546616,1,1
333,335,2.539246541791482,1,1
333,338,3.9870180586498476,1,0
334,333,0.9175205719764543,1,1
334,331,1.2723541173745618,1,1
334,335,1.7692622756391998,1,1
334,330,2.7062891567606004,1,1
334,338,3.1499093637754085,1,0
335,334,1.7692622756391998,1,1
335,336,1.985042568813072,1,0
335,337,2.0266033158958368,1,0
335,333,2.539246541791482,1,1
335,331,2.6373187141488987,1,1
336,337,0.5239895037116679,1,1
336,335,1.985042568813072,1,0
336,338,2.2818632737304836,1,1
336,334,3.3900373154288435,1,0
336,333,4.288292084268514,1,0
337,336,0.5239895037116679,1,1
337,338,1.757960465994614,1,1
337,335,2.0266033158958368,1,0
337,334,3.1874494505795696,1,0
337,333,4.102450243452076,1,0
338,337,1.757960465994614,1,1
338,336,2.2818632737304836,1,1
338,335,2.970216490426245,1,0
338,334,3.1499093637754085,1,0
338,339,3.467904554626612,1,1
339,341,1.3598308718366414,1,1
339,342,3.4647477541662393,1,1
339,338,3.467904554626612,1,1
339,337,4.369901257465665,1,1
339,336,4.725160949639705,1,1
340,332,1.4514561653732432,1,1
340,349,2.998566490841916,1,1
340,350,3.9354158611257337,1,1
340,318,4.242310691121054,1,1
340,341,5.143960050389194,1,0
341,339,1.3598308718366414,1,1
341,342,2.2122461436286875,1,1
341,338,4.697218112883411,1,1
341,340,5.143960050389194,1,0
341,343,5.267424892677635,1,1
342,341,2.2122461436286875,1,1
342,343,3.07705898545998,1,1
342,339,3.4647477541662393,1,1
342,344,4.749354166620973,1,1
342,345,5.72287838416998,1,1
343,344,1.67329405664396,1,1
343,345,2.645923090341063,1,1
343,342,3.07705898545998,1,1
343,346,4.013922395861684,1,1
343,341,5.267424892677635,1,1
344,345,0.9794896630388705,1,1
344,343,1.67329405664396,1,1
344,346,2.3595838616162808,1,1
344,347,3.8846380783800183,1,1
344,348,4.445682962155534,1,1
345,344,0.9794896630388705,1,1
345,346,1.3820057886998882,1,1
345,343,2.645923090341063,1,1
345,347,2.958272637875015,1,1
345,348,3.512925419077382,1,1
346,345,1.3820057886998882,1,1
346,347,1.8287441045701283,1,1
346,348,2.330739153144341,1,1
346,344,2.3595838616162808,1,1
346,284,3.326634936388422,0,1
347,348,0.5634696087634186,1,1
347,284,1.644230215024648,0,1
347,346,1.8287441045701283,1,1
347,345,2.958272637875015,1,1
347,344,3.8846380783800183,1,1
348,347,0.5634696087634186,1,1
348,284,1.0816769388315532,0,1
348,346,2.330739153144341,1,1
348,345,3.512925419077382,1,1
348,344,4.445682962155534,1,1
349,350,0.9607876976731123,1,1
349,351,2.3965817323846896,1,1
349,340,2.998566490841916,1,1
349,332,3.9113031076611797,1,1
349,339,6.119037832862287,1,0
350,349,0.9607876976731123,1,1
350,351,1.455590945286484,1,1
350,340,3.9354158611257337,1,1
350,332,4.8699668376694305,1,1
350,352,5.294442369126327,1,1
351,350,1.455590945286484,1,1
351,349,2.3965817323846896,1,1
351,375,4.066144365366286,1,0
351,352,4.230027068471311,1,1
351,353,4.598908566170891,1,1
352,353,0.4251834898017561,1,1
352,373,2.488014871338192,1,0
352,372,2.694602939210154,1,0
352,375,3.431877765888523,1,0
352,371,3.6072434073680144,1,0
353,352,0.4251834898017561,1,1
353,372,2.5910561553158202,1,0
353,373,2.6216889594305424,1,0
353,371,3.3595809262466054,1,0
353,370,3.755939962246468,1,0
354,355,0.5180357130546117,1,1
354,358,1.1898806662854893,1,0
354,359,2.594166532819356,1,0
354,357,3.0747749511143088,1,0
354,370,3.2911305048569557,1,0
355,354,0.5180357130546117,1,1
355,358,0.854005269304587,1,0
355,359,2.415425635369468,1,0
355,357,2.557960515723415,1,0
355,370,3.6063012907964302,1,0
356,33,1.0709042907748572,0,1
356,363,2.0787996536463056,1,1
356,362,2.566112234490144,1,1
356,364,2.813014397403611,1,1
356,481,3.3422838000385307,0,0
357,358,2.219008111747228,1,1
357,355,2.557960515723415,1,0
357,359,2.896525677428046,1,1
357,354,3.0747749511143088,1,0
357,360,4.530184322960822,1,1
358,355,0.854005269304587,1,0
358,354,1.1898806662854893,1,0
358,359,1.5985105567371145,1,1
358,357,2.219008111747228,1,1
358,369,3.2065835401560956,1,1
359,358,1.5985105567371145,1,1
359,369,2.3553364940067483,1,1
359,355,2.415425635369468,1,0
359,360,2.571099570222826,1,1
359,354,2.594166532819356,1,0
360,365,1.6348788945973949,1,1
360,362,1.7700048022533723,1,1
360,366,1.786059909409536,1,1
360,363,2.20585878967807,1,1
360,367,2.3020026064277164,1,1
361,374,1.3796756865292654,1,1
361,282,4.830101137657471,0,1
361,318,5.031880761703322,1,1
361,326,5.229019984662518,1,1
361,110,5.549644403022594,0,1
362,363,0.5175982998426482,1,1
362,364,0.7658420202626648,1,1
362,365,1.3106151227572496,1,1
362,360,1.7700048022533723,1,1
362,33,2.0671178002232966,0,1
363,362,0.5175982998426482,1,1
363,364,0.872326773634743,1,1
363,33,1.553418166496066,0,1
363,365,1.7928580535000533,1,1
363,356,2.0787996536463056,1,1
364,362,0.7658420202626648,1,1
364,363,0.872326773634743,1,1
364,365,1.293538557600816,1,1
364,33,2.038252683059684,0,1
364,32,2.058458160857296,0,1
365,366,0.9035358321616248,1,1
365,364,1.293538557600816,1,1
365,362,1.3106151227572496,1,1
365,360,1.6348788945973949,1,1
365,363,1.7928580535000533,1,1
366,365,0.9035358321616248,1,1
366,360,1.786059909409536,1,1
366,367,2.0116386355406877,1,1
366,362,2.171670555125708,1,1
366,364,2.1867027690109144,1,1
367,368,1.4178000564254467,1,1
367,366,2.0116386355406877,1,1
367,360,2.3020026064277164,1,1
367,369,2.6568833244988386,1,1
367,365,2.765115006649814,1,1
368,369,1.2393950137062841,1,1
368,367,1.4178000564254467,1,1
368,370,2.162417628489002,1,1
368,371,2.5550720146406833,1,1
368,359,2.619979007549488,1,1
369,370,0.9918518034464624,1,1
369,368,1.2393950137062841,1,1
369,371,1.4456476057462966,1,1
369,359,2.3553364940067483,1,1
369,367,2.6568833244988386,1,1
370,371,0.4780094141332365,1,1
370,369,0.9918518034464624,1,1
370,372,1.8842964204179766,1,1
370,368,2.162417628489002,1,1
370,359,2.9881097704067034,1,1
371,370,0.4780094141332365,1,1
371,372,1.4117124353068509,1,1
371,369,1.4456476057462966,1,1
371,368,2.5550720146406833,1,1
371,373,2.8616759075758385,1,1
372,371,1.4117124353068509,1,1
372,373,1.4534156322263774,1,1
372,370,1.8842964204179766,1,1
372,353,2.5910561553158202,1,0
372,352,2.694602939210154,1,0
373,372,1.4534156322263774,1,1
373,375,2.4011674244000565,1,1
373,352,2.488014871338192,1,0
373,353,2.6216889594305424,1,0
373,371,2.8616759075758385,1,1
374,361,1.3796756865292654,1,1
374,318,3.7376004334331943,1,1
374,282,5.034625904672561,0,1
374,110,5.15948854054353,0,1
374,326,6.28939146499882,1,1
375,373,2.4011674244000565,1,1
375,376,3.268770105100694,1,1
375,352,3.431877765888523,1,0
375,353,3.7995897146928908,1,0
375,372,3.843081315819378,1,1
376,377,0.9845938248841498,1,1
376,375,3.268770105100694,1,1
376,373,3.7350396249571434,1,1
376,378,3.8635864167894574,1,1
376,372,4.790567816031832,1,1
377,376,0.9845938248841498,1,1
377,378,2.8973375709433653,1,1
377,0,4.067254233509383,1,1
377,379,4.185683337281978,1,1
377,375,4.252059383404705,1,1
378,0,1.175837573817064,1,1
378,379,1.307526672768093,1,1
378,377,2.8973375709433653,1,1
378,376,3.8635864167894574,1,1
378,322,4.0715433191849995,1,0
379,0,0.17057549648176318,1,1
379,378,1.307526672768093,1,1
379,320,3.586230611658988,1,0
379,307,3.6067294048763903,1,1
379,321,3.826902794689199,1,0
380,319,0.5532684700938596,1,1
380,320,1.1385345844549475,1,1
380,321,2.2643321311150446,1,1
380,317,2.915410091222159,1,1
380,323,3.2751946507039853,1,1
381,382,0.6455702905183912,1,0
381,383,1.3735355838128112,1,0
381,400,1.5968074398624277,1,0
381,384,1.8486019041426958,1,0
381,399,2.08806130178211,1,1
382,381,0.6455702905183912,1,0
382,383,0.8284811404009146,1,1
382,384,1.3766139618644002,1,1
382,400,2.1310760192916627,1,1
382,399,2.721536514544679,1,0
383,384,0.5711996148458085,1,1
383,382,0.8284811404009146,1,1
383,381,1.3735355838128112,1,0
383,139,2.7967082436321458,0,1
383,400,2.9418011489561966,1,1
384,383,0.5711996148458085,1,1
384,382,1.3766139618644002,1,1
384,381,1.8486019041426958,1,0
384,139,2.4464443586560476,0,1
384,400,3.4427420757297518,1,1
385,488,1.4992438093919214,0,1
385,489,2.238043788669024,0,1
385,263,2.2937135828171744,0,0
385,264,2.4337758730006342,0,0
385,386,4.295388806615764,1,0
386,387,1.957889169488406,1,0
386,66,1.9589328727651696,0,1
386,67,2.271572583035814,0,0
386,388,3.1177288207924687,1,1
386,68,3.2659229935808343,0,1
387,388,1.556054304964965,1,0
387,386,1.957889169488406,1,0
387,389,2.6925824035672523,1,1
387,391,3.4713109915419564,1,1
387,390,3.5047432145593773,1,0
388,387,1.556054304964965,1,0
388,389,1.5969048187039827,1,0
388,390,2.258282533253977,1,1
388,391,2.537696790398727,1,0
388,386,3.1177288207924687,1,1
389,390,0.8338015351389082,1,0
389,391,0.9486832980505139,1,1
389,388,1.5969048187039827,1,0
389,392,2.12602916254693,1,1
389,387,2.6925824035672523,1,1
390,391,0.8320006009613214,1,0
390,389,0.8338015351389082,1,0
390,392,1.4910482889564645,1,0
390,388,2.258282533253977,1,1
390,387,3.5047432145593773,1,0
391,390,0.8320006009613214,1,0
391,389,0.9486832980505139,1,1
391,392,1.3038404810405297,1,1
391,388,2.537696790398727,1,0
391,387,3.4713109915419564,1,1
392,391,1.3038404810405297,1,1
392,390,1.4910482889564645,1,0
392,389,2.12602916254693,1,1
392,388,3.6979595725210412,1,0
392,387,4.763402145525822,1,1
393,394,0.6663159911033203,1,0
393,395,2.351864154240206,1,0
393,396,2.5632011235952596,1,1
393,451,3.6524676589943956,0,0
393,397,4.17612260356422,1,1
394,393,0.6663159911033203,1,0
394,395,2.453334465579449,1,1
394,396,2.933764987179443,1,0
394,451,3.6663830950952194,0,1
394,397,4.488025958035448,1,0
395,396,1.1657036501615667,1,0
395,451,1.3238296718233808,0,1
395,397,2.2155958566489513,1,0
395,393,2.351864154240206,1,0
395,394,2.453334465579449,1,1
396,395,1.1657036501615667,1,0
396,397,1.6278820596099706,1,1
396,451,2.0005299297936037,0,0
396,398,2.1887834520573297,1,1
396,393,2.5632011235952596,1,1
397,398,0.5839289340322159,1,1
397,396,1.6278820596099706,1,1
397,399,1.9026297590440446,1,1
397,451,1.9591120437586003,0,0
397,395,2.2155958566489513,1,0
398,397,0.5839289340322159,1,1
398,399,1.3221092995664165,1,1
398,452,2.002792051112646,0,0
398,451,2.084364891279835,0,0
398,396,2.1887834520573297,1,1
399,400,0.9970927740185463,1,0
399,398,1.3221092995664165,1,1
399,452,1.7675952591020379,0,0
399,397,1.9026297590440446,1,1
399,381,2.08806130178211,1,1
400,399,0.9970927740185463,1,0
400,381,1.5968074398624277,1,0
400,452,1.7133618998915554,0,1
400,382,2.1310760192916627,1,1
400,398,2.240586753509,1,0
401,406,2.9810417642159934,0,0
401,41,3.7024090805852343,1,1
401,247,5.91823022532919,1,1
401,239,7.987174782111632,0,0
401,149,10.00414039285735,1,1
402,82,1.4165722713649311,1,0
402,195,3.2284438976076384,1,1
402,37,4.16986390665211,1,1
402,64,5.921737920577033,1,1
402,65,7.60918004781067,0,1
403,64,4.615714137595612,0,0
403,95,5.353077712867617,0,0
403,195,5.804154115803612,0,0
403,73,6.031183134344372,0,0
403,82,6.404761041600225,0,1
404,176,1.7062338643925692,1,1
404,455,3.2143817445972402,1,1
404,456,9.49296544816213,1,1
404,457,15.21195401649637,1,1
404,458,18.592641340057092,1,1
405,511,1.3984137442116336,1,0
405,437,2.0980343181177945,1,1
405,190,6.581161599596229,0,0
405,40,7.899026332403254,1,1
405,83,9.87556266751419,0,1
406,41,1.4436845223247357,0,0
406,401,2.9810417642159934,0,0
406,247,4.392407654123192,0,0
406,239,6.666529306918256,1,1
406,149,8.845734847936603,0,0
407,598,2.0130814687935508,1,1
407,61,4.576038133582368,1,1
407,39,5.584618608284724,1,0
407,62,6.1157470516691586,1,1
407,98,6.844628331764991,1,0
408,222,2.8498680671217045,1,1
408,503,12.773964850429172,1,0
408,244,22.280562290929733,1,1
408,153,23.099915930582952,1,1
408,454,23.430315064036165,1,1
409,593,1.1346365056704282,1,1
409,182,2.4669762868742784,1,1
409,590,3.7066051853414335,1,1
409,302,5.594089917046382,1,1
409,78,6.376027132941013,1,1
410,229,0.34808045047086456,1,1
410,228,1.696890391274581,1,1
410,412,2.0751346944234728,1,0
410,413,2.408162162313826,1,0
410,414,2.44337082736125,1,0
411,235,1.3754562879277552,1,0
411,145,1.7003590797240447,1,1
411,89,2.430226326908669,1,0
411,416,4.965779797775975,0,1
411,30,5.611837577834911,0,1
412,413,1.6012922906202978,1,1
412,410,2.0751346944234728,1,0
412,255,2.1163629178380536,1,0
412,254,2.130146708562582,1,0
412,253,2.2696678171045206,1,0
413,412,1.6012922906202978,1,1
413,410,2.408162162313826,1,0
413,229,2.7561249971654043,1,0
413,414,3.491611089454265,1,1
413,255,3.6887972294502713,1,0
414,431,1.1086433150477208,1,1
414,228,1.909240686765291,1,0
414,410,2.44337082736125,1,0
414,229,2.4652612437630212,1,0
414,487,3.2231768490109256,1,0
415,461,1.7638423965876315,1,1
415,462,1.7804493814764855,1,1
415,154,3.8302251892023267,1,1
415,97,5.7976417619580465,0,1
415,96,5.877286788986905,0,1
416,30,0.898306183881643,1,1
416,145,3.408420455284236,0,1
416,235,4.089786913764579,0,0
416,411,4.965779797775975,0,1
416,225,5.2393314459003255,0,0
417,502,4.420918004215867,1,1
417,594,4.695114269109965,1,1
417,501,5.461799062580021,1,1
417,595,7.737207765079079,1,1
417,597,11.019875226153879,1,1
418,60,1.0652699188468622,1,0
418,32,2.0146860797652817,0,0
418,364,3.9610819229094467,0,0
418,422,4.203462025521344,1,1
418,365,4.234581443307001,0,0
419,483,1.7132104365780638,0,0
419,422,2.026064411611832,1,0
419,420,2.598829351842864,1,1
419,425,2.606197229681591,1,0
419,421,3.789426605701712,1,1
420,483,1.1188654968315002,0,0
420,425,1.8970445434939054,1,0
420,421,2.0722084837197245,1,1
420,419,2.598829351842864,1,1
420,423,2.847107303913922,1,0
421,310,0.9657432370977288,0,1
421,420,2.0722084837197245,1,1
421,309,2.400692608394502,0,1
421,483,2.9915835271641673,0,0
421,308,3.44815892905185,0,1
422,419,2.026064411611832,1,0
422,60,3.207757628001218,1,0
422,483,3.6084363649647475,0,1
422,425,4.1246717445149494,1,1
422,418,4.203462025521344,1,1
423,425,1.2771413390850679,1,1
423,483,2.4975796283602247,0,1
423,424,2.7409211955107358,1,1
423,420,2.847107303913922,1,0
423,419,3.854687795399259,1,0
424,423,2.7409211955107358,1,1
424,425,3.4186314513266858,1,1
424,420,3.550610229242292,1,0
424,483,4.070071375295524,0,1
424,421,4.755725076158209,1,0
425,483,1.2553095235837257,0,1
425,423,1.2771413390850679,1,1
425,420,1.8970445434939054,1,0
425,419,2.606197229681591,1,0
425,424,3.4186314513266858,1,1
426,311,2.257188516717201,0,1
426,537,2.8846881980553807,0,1
426,542,4.0286033560031695,0,1
426,312,4.9435243500968005,0,1
426,313,6.357809056585452,0,1
427,81,2.182663510484381,1,1
427,469,3.8033800756695353,1,1
427,3,4.149462254316817,0,0
427,468,7.079263379759224,1,1
427,20,8.417206187328429,1,0
428,429,2.2243399020833126,1,1
428,198,6.531073571779758,1,1
428,462,13.228995502304777,1,1
428,461,13.245214456549958,1,1
428,192,14.118635911446969,1,1
429,428,2.2243399020833126,1,1
429,198,4.459767034274324,1,1
429,462,11.129021610186584,1,1
429,461,11.144682050197753,1,1
429,415,12.900314802360445,1,1
430,233,2.2292545839360742,1,0
430,431,2.741909006513527,1,1
430,86,3.3309608223454084,1,0
430,414,3.7428429034625537,1,1
430,487,4.199029649811966,1,0
431,414,1.1086433150477208,1,1
431,228,2.2686617200455426,1,0
431,487,2.690015055719949,1,0
431,430,2.741909006513527,1,1
431,229,3.282237803694303,1,0
432,186,0.6207841814994967,1,1
432,47,7.397849687578141,1,0
432,509,14.228024458792584,1,0
432,51,14.65070332782696,1,0
432,52,20.85577831201703,1,0
433,90,2.7232320870612554,1,0
433,440,2.7715082536409663,1,0
433,91,5.041292790544902,1,1
433,115,5.624473664264062,1,0
433,148,6.900604611191689,1,0
434,467,8.752081466714074,1,1
434,23,9.315251204342264,1,1
434,59,12.831423693417655,1,1
434,200,18.551681136759548,1,0
434,38,19.555242877550768,0,1
435,85,5.118043083054304,1,1
435,301,8.223202539157112,0,1
435,499,8.440252365895228,0,1
435,6,10.725506514845815,0,1
435,105,14.07232734838129,0,0
436,243,1.0151970252123477,1,1
436,151,1.7707696066964782,1,1
436,191,2.718110556986231,1,0
436,203,3.0435679719697406,1,0
436,262,8.901720339350142,0,1
437,405,2.0980343181177945,1,1
437,511,3.0231647325278193,1,0
437,190,4.825981765402767,0,0
437,83,7.905898177942845,0,1
437,438,8.748006915863751,0,1
438,463,1.1364158569819414,1,1
438,464,2.3432697241248177,1,1
438,72,4.275853715926212,1,0
438,184,5.650344060320575,1,1
438,437,8.748006915863751,0,1
439,504,1.6278820596099706,1,1
439,262,1.9416487838947598,1,1
439,304,2.244685278608117,1,0
439,465,5.3,1,0
439,10,6.691033776629737,1,0
440,90,2.1576053856069235,1,1
440,433,2.7715082536409663,1,0
440,115,3.279639309436329,1,1
440,148,4.394242824423793,1,1
440,91,6.035839378247237,1,0
441,188,0.9678698259580159,1,0
441,183,1.253281293245854,1,1
441,246,1.5560649086718716,1,1
441,94,2.938898092823227,1,1
441,187,3.3051583925736447,1,0
442,443,0.6489383637912001,1,0
442,444,1.266156388444966,1,0
442,452,2.21811090795749,1,0
442,400,2.68711760070154,0,0
442,399,3.4322215837559207,0,0
443,442,0.6489383637912001,1,0
443,444,0.7170390505404848,1,1
443,452,2.4385702778472473,1,1
443,400,2.4579959316483824,0,1
443,399,3.3263640810951527,0,0
444,443,0.7170390505404848,1,1
444,442,1.266156388444966,1,0
444,400,2.8878159567396255,0,1
444,445,2.9735179501728255,1,1
444,452,3.126403684747061,1,1
445,446,0.548635580326322,1,1
445,448,1.2772548688495966,1,1
445,447,1.5119001289767786,1,0
445,449,2.1278460940584965,1,1
445,444,2.9735179501728255,1,1
446,445,0.548635580326322,1,1
446,448,0.7763407756906756,1,1
446,447,0.9659218394880613,1,0
446,449,1.6149408657904476,1,1
446,444,3.5066727819972026,1,1
447,448,0.6001416499460773,1,0
447,449,0.9321464477216014,1,0
447,446,0.9659218394880613,1,0
447,445,1.5119001289767786,1,0
447,450,3.2321796051581044,1,1
448,447,0.6001416499460773,1,0
448,446,0.7763407756906756,1,1
448,449,0.8506826670386555,1,1
448,445,1.2772548688495966,1,1
448,450,3.673592927911311,1,0
449,448,0.8506826670386555,1,1
449,447,0.9321464477216014,1,0
449,446,1.6149408657904476,1,1
449,445,2.1278460940584965,1,1
449,450,3.053805494788429,1,0
450,449,3.053805494788429,1,0
450,447,3.2321796051581044,1,1
450,448,3.673592927911311,1,0
450,127,3.997305092183983,0,0
450,446,4.19205558169259,1,0
451,395,1.3238296718233808,0,1
451,397,1.9591120437586003,0,0
451,452,1.9716645252172085,1,0
451,396,2.0005299297936037,0,0
451,398,2.084364891279835,0,0
452,400,1.7133618998915554,0,1
452,399,1.7675952591020379,0,0
452,451,1.9716645252172085,1,0
452,398,2.002792051112646,0,0
452,442,2.21811090795749,1,0
453,249,2.728250171813428,1,0
453,28,3.69157987858857,1,0
453,180,5.9949353624538775,1,1
453,92,6.2696400215642365,1,0
453,587,6.285068655154054,1,0
454,244,4.215827320941881,1,1
454,153,7.000036857045826,1,1
454,519,9.874609511266762,1,1
454,518,11.74662985711221,1,1
454,303,16.425422308117376,1,0
455,404,3.2143817445972402,1,1
455,176,4.902117909638649,1,1
455,456,6.327216528616671,1,1
455,458,15.473073191838782,1,1
455,7,16.828380076525487,0,1
456,455,6.327216528616671,1,1
456,458,9.161234250907462,1,1
456,404,9.49296544816213,1,1
456,176,11.198018797983865,1,1
456,202,11.857765598965093,0,1
457,176,13.518735036977386,1,1
457,404,15.21195401649637,1,1
457,455,18.30842169603923,1,1
457,181,18.91422369540976,1,0
457,456,24.633032009884612,1,1
458,146,3.588735849850195,1,1
458,147,4.82983146703899,1,1
458,202,4.936577964541835,0,1
458,144,5.098092388335073,1,1
458,456,9.161234250907462,1,1
459,460,2.2308063564549925,1,1
459,175,7.787730092908974,1,1
459,248,11.152065145075149,1,0
459,205,12.922544099363718,1,0
459,278,13.555289447296948,0,0
460,459,2.2308063564549925,1,1
460,175,5.56750042658283,1,1
460,248,10.096593683020032,1,0
460,205,11.224275700462815,1,0
460,278,12.07806313114814,0,0
461,462,0.018439088914585774,1,1
461,415,1.7638423965876315,1,1
461,154,5.283527704100736,1,1
461,198,6.714152217517861,1,1
461,97,6.872834204314841,0,1
462,461,0.018439088914585774,1,1
462,415,1.7804493814764855,1,1
462,154,5.301945397681873,1,1
462,198,6.697947446792935,1,1
462,97,6.890112480939625,0,1
463,438,1.1364158569819414,1,1
463,464,1.2421312330023748,1,1
463,72,3.149430742213583,1,0
463,184,6.2105066621009275,1,1
463,2,7.874446012260164,0,0
464,463,1.2421312330023748,1,1
464,72,2.143728527589256,1,0
464,438,2.3432697241248177,1,1
464,2,6.818143002313753,0,0
464,486,6.905454221121157,1,0
465,262,3.4234485537247377,1,0
465,10,3.6554251462723184,1,0
465,300,3.934537965250812,1,1
465,304,4.928307214450008,1,0
465,439,5.3,1,0
466,178,0.5484414280486112,1,1
466,177,1.8348809225669116,1,1
466,44,1.995967935614197,1,0
466,99,4.427471061452576,1,1
466,106,4.549297198469231,1,0
467,59,4.281994395138788,1,1
467,434,8.752081466714074,1,1
467,38,11.103323916737727,0,1
467,234,13.403030440911488,0,1
467,93,16.10227763392496,0,1
468,469,3.912933682034491,1,1
468,495,5.486771363926147,1,1
468,81,5.6899794375726875,1,1
468,237,5.857787039488548,1,0
468,260,6.072398619985352,1,1
469,81,1.890887622255749,1,1
469,427,3.8033800756695353,1,1
469,468,3.912933682034491,1,1
469,20,6.223478448584842,1,0
469,245,7.4048365275676415,1,0
470,588,2.0610453658277392,1,0
470,500,3.2929653809294748,1,1
470,602,4.058942349923192,0,1
470,484,4.110583656854584,0,1
470,607,4.201672286126085,0,0
471,600,1.775055210408961,1,1
471,277,2.514432739207792,1,1
471,498,2.667705006180406,1,1
471,101,2.8495403138050177,1,1
471,104,3.171127559717521,0,1
472,142,0.6239823715458634,1,1
472,601,1.3693943916929117,1,0
472,600,4.092635581138394,1,0
472,605,4.27885183197549,1,1
472,101,4.33977061605795,1,0
473,39,1.5689518794405393,1,0
473,84,5.684723124304296,1,1
473,599,5.789926856187391,1,1
473,240,6.814578783754723,1,0
473,407,7.080620382424128,1,0
474,233,2.7269325257512333,1,0
474,475,3.620255515844151,0,1
474,430,4.233216861914825,1,1
474,384,4.812400024935583,0,0
474,86,5.063163536762366,1,0
475,29,3.19465506745251,0,0
475,474,3.620255515844151,0,1
475,232,3.7165171868296265,1,1
475,261,3.9036649446385634,0,0
475,139,4.081965457962622,0,0
476,270,1.3101824300455263,0,1
476,199,16.235368859376127,1,0
476,185,18.805817504166097,1,0
476,88,19.8558457387239,1,0
476,200,20.85971989265436,1,0
477,479,2.8009221695720146,1,0
477,480,4.123660994795765,1,0
477,123,4.142533041509748,0,1
477,478,4.510898025892406,1,1
477,122,5.186492070754567,0,0
478,482,3.474370446570141,1,0
478,480,3.488932358186384,1,0
478,477,4.510898025892406,1,1
478,123,5.390073561650156,0,1
478,479,5.792099791958008,1,0
479,477,2.8009221695720146,1,0
479,480,3.397718793543692,1,1
479,516,3.99775662090628,0,0
479,515,5.412118254436058,0,0
479,137,5.788288261653872,0,0
480,479,3.397718793543692,1,1
480,478,3.488932358186384,1,0
480,477,4.123660994795765,1,0
480,482,4.906502725974989,1,1
480,123,7.309650060023393,0,0
481,33,2.855093168357208,0,0
481,356,3.3422838000385307,0,0
481,482,4.204049595330674,1,1
481,363,4.261822732118266,0,0
481,364,4.364871704872893,0,0
482,478,3.474370446570141,1,0
482,481,4.204049595330674,1,1
482,480,4.906502725974989,1,1
482,33,7.056109409582592,0,0
482,356,7.41946763588871,0,0
483,420,1.1188654968315002,0,0
483,425,1.2553095235837257,0,1
483,419,1.7132104365780638,0,0
483,423,2.4975796283602247,0,1
483,421,2.9915835271641673,0,0
484,607,0.13670405992508047,0,0
484,602,1.428160005041452,1,1
484,606,1.5834029809243129,0,0
484,608,1.6040003117206678,0,0
484,500,1.8623192529746344,0,1
485,124,4.48267922118012,1,0
485,450,4.899187279539332,0,1
485,125,5.000099399011983,1,0
485,126,5.1102783681517785,1,0
485,123,5.146965125197567,1,0
486,226,0.7086846971679296,0,1
486,227,2.1851320326241157,0,1
486,224,2.323403107512771,0,0
486,2,2.360000847457475,0,0
486,72,5.165810875361195,1,0
487,228,2.194793156541181,1,1
487,431,2.690015055719949,1,0
487,414,3.2231768490109256,1,0
487,86,3.4085495448944263,1,1
487,229,3.5970001390047237,1,1
488,489,0.8793110939821014,1,1
488,385,1.4992438093919214,0,1
488,263,2.776625649957156,0,0
488,490,3.137977852056958,1,1
488,264,3.3710486499010957,0,0
489,488,0.8793110939821014,1,1
489,385,2.238043788669024,0,1
489,490,2.502769865568946,1,1
489,263,2.812624752788754,0,0
489,491,2.900864871034154,1,1
490,491,0.3981205847478877,1,1
490,492,1.4998216560644804,0,1
490,13,2.207188709648543,0,0
490,12,2.290817539656967,0,0
490,489,2.502769865568946,1,1
491,490,0.3981205847478877,1,1
491,492,1.1316381930634898,0,1
491,256,2.255699004743319,0,1
491,13,2.2975034276361805,0,0
491,12,2.3520512324352123,0,0
492,491,1.1316381930634898,0,1
492,256,1.1324243904120044,0,1
492,490,1.4998216560644804,0,1
492,13,3.188517680678594,0,0
492,12,3.1947287834806883,0,0
493,303,4.151523214435877,1,1
493,596,5.594028959524611,0,1
493,268,7.939249397770547,1,1
493,595,13.60156005758163,0,1
493,494,13.708747608735088,1,1
494,268,6.574169149025602,1,1
494,505,7.76696755497279,1,0
494,303,11.735814756547583,1,1
494,493,13.708747608735088,1,1
494,596,14.558778966657885,0,1
495,260,0.5859837881716524,1,1
495,193,2.6310218547172886,1,1
495,237,4.50353383466806,1,0
495,236,5.202662107037128,1,0
495,238,5.433328721879434,1,0
496,25,1.7921182996666265,1,0
496,26,2.357290393651151,1,0
496,24,2.4077292206558445,1,0
496,223,3.255507640906407,1,0
496,497,3.2851558562722714,1,1
497,26,1.4860918544962152,1,0
497,496,3.2851558562722714,1,1
497,25,3.606841970477775,1,0
497,24,5.678639009481056,1,0
497,223,6.46220713069459,1,0
498,277,0.2836793965024601,1,1
498,101,0.4955501992734944,1,1
498,600,1.2300768268689561,1,1
498,605,1.6162796787684983,1,0
498,471,2.667705006180406,1,1
499,301,3.429827984024855,1,1
499,85,3.9385435125183017,0,1
499,6,6.10696733248181,0,1
499,105,7.833765441982547,0,0
499,435,8.440252365895228,0,1
500,608,1.3269212486052062,1,0
500,484,1.8623192529746344,0,1
500,588,1.8997981471724832,1,0
500,607,1.9988899419427772,0,0
500,602,2.9811675565120455,0,1
501,502,1.9780609191832288,1,1
501,595,3.5209431974969436,1,1
501,417,5.461799062580021,1,1
501,594,9.073213598279278,1,1
501,596,12.017202877541846,1,1
502,501,1.9780609191832288,1,1
502,417,4.420918004215867,1,1
502,595,5.462374941360213,1,1
502,594,8.721033081005942,1,1
502,596,13.993919250874645,1,1
503,222,12.177235564774133,1,0
503,408,12.773964850429172,1,0
503,454,19.946967940015345,1,0
503,76,20.274790775739216,0,0
503,303,21.1717693167104,1,0
504,439,1.6278820596099706,1,1
504,304,2.1264552663999305,1,0
504,262,3.4,1,1
504,465,6.511528238439882,1,0
504,10,7.143369863026834,1,0
505,494,7.76696755497279,1,0
505,506,10.34097292327951,1,1
505,268,11.530027103177165,1,0
505,507,11.933652290895692,0,1
505,508,13.004026453372047,0,1
506,507,1.6163248435880704,0,1
506,508,3.269398874411013,0,1
506,505,10.34097292327951,1,1
506,8,11.580744578825664,0,0
506,7,12.110531656372482,0,0
507,506,1.6163248435880704,0,1
507,508,2.577864426225708,1,1
507,8,11.756878369703415,1,0
507,505,11.933652290895692,0,1
507,7,12.221320100545602,1,0
508,507,2.577864426225708,1,1
508,506,3.269398874411013,0,1
508,8,9.377520034636023,1,0
508,7,9.79535655297958,1,0
508,505,13.004026453372047,0,1
509,175,8.00301749342084,1,1
509,205,12.388068816405566,1,0
509,47,12.740704690086808,1,1
509,460,13.458524436207709,1,1
509,186,13.673367727081722,1,0
510,299,4.30638781346966,1,1
510,43,4.427573263086677,1,0
510,517,5.700445333480534,1,1
510,143,9.502344815886234,1,0
510,45,11.160000403225798,1,1
511,405,1.3984137442116336,1,0
511,437,3.0231647325278193,1,0
511,190,6.7396472459617645,0,1
511,40,7.288200463763329,1,0
511,83,10.220286933349767,0,0
512,209,1.766891620898124,1,0
512,210,4.27213951083061,1,0
512,9,4.278523226535063,1,1
512,40,4.481504769605852,1,0
512,211,5.037014393467622,1,0
513,514,0.3422352991729521,1,0
513,65,2.0818001825343373,0,0
513,95,3.90369120192671,0,0
513,64,4.708172150633407,0,0
513,73,5.099443302949842,0,1
514,513,0.3422352991729521,1,0
514,65,1.9975627649713539,0,1
514,95,3.898266281310193,0,0
514,64,4.552177500932933,0,1
514,73,5.240335580857394,0,0
515,516,2.531804494821826,1,1
515,201,2.931381926668717,1,1
515,161,3.582002233388472,1,0
515,162,3.764792955794515,1,0
515,137,4.570276249856238,0,0
516,515,2.531804494821826,1,1
516,137,2.560139254025062,0,0
516,162,2.93210231745074,1,0
516,121,3.2356909617576277,0,0
516,479,3.99775662090628,0,0
517,143,4.264766582123809,1,0
517,510,5.700445333480534,1,1
517,609,5.869680144607541,1,1
517,43,8.711924816020856,1,0
517,608,8.767100147711329,1,1
518,519,1.9897738564972653,1,1
518,153,4.756912128681799,1,1
518,93,6.62758515599762,1,1
518,244,7.587720145076517,1,1
518,234,9.415921675545098,1,1
519,518,1.9897738564972653,1,1
519,153,2.8840410884729084,1,1
519,244,5.795889664236198,1,1
519,93,7.971778032534524,1,1
519,454,9.874609511266762,1,1
520,223,3.2004265340732316,0,0
520,24,4.112792238856711,0,0
520,496,5.92979763567021,0,1
520,27,6.059855196289759,0,0
520,25,7.320108469141697,0,0
521,522,2.799099319424018,1,1
521,542,3.167871367338011,1,1
521,313,3.631513458600973,0,1
521,314,4.222320925746882,0,1
521,523,4.650732522947326,1,1
522,523,1.8786431273661317,1,1
522,521,2.799099319424018,1,1
522,524,3.283942143217508,1,1
522,314,3.6141644954262944,0,1
522,313,3.664217924741922,0,1
523,524,1.4502082609059983,1,1
523,522,1.8786431273661317,1,1
523,525,2.34056958879671,1,1
523,526,3.7883227159258754,1,1
523,554,3.981369111248039,1,0
524,525,0.9569670840734282,1,1
524,523,1.4502082609059983,1,1
524,526,2.397441344433686,1,1
524,522,3.283942143217508,1,1
524,554,3.297796233850721,1,0
525,524,0.9569670840734282,1,1
525,526,1.4517027932741604,1,1
525,523,2.34056958879671,1,1
525,527,3.4745808380292433,1,1
525,554,3.5919791202065747,1,0
526,525,1.4517027932741604,1,1
526,527,2.024046689184812,1,1
526,524,2.397441344433686,1,1
526,324,3.4704800820635753,0,1
526,325,3.7484153985384276,0,0
527,324,1.5409766383693169,0,1
527,325,1.7481581736215976,0,0
527,528,1.9253778849877756,1,0
527,526,2.024046689184812,1,1
527,525,3.4745808380292433,1,1
528,325,1.3929353897435444,0,1
528,324,1.7145392967208422,0,0
528,527,1.9253778849877756,1,0
528,529,1.9386358605988903,1,1
528,526,3.802844330234936,1,0
529,528,1.9386358605988903,1,1
529,530,2.7991491564402207,1,1
529,325,2.992858165700473,0,1
529,324,3.4176251988771384,0,0
529,527,3.8540701861798,1,0
530,531,2.1506968638094954,1,1
530,529,2.7991491564402207,1,1
530,528,4.613513736838767,1,1
530,532,4.63168414294412,1,1
530,325,5.7865668578182,0,1
531,530,2.1506968638094954,1,1
531,532,2.528559471319589,1,1
531,529,4.113262087443492,1,1
531,533,4.742683839346662,1,1
531,557,5.0838069396860455,1,0
532,533,2.518672864823854,1,1
532,531,2.528559471319589,1,1
532,534,4.303135717125361,1,1
532,557,4.374080017557978,1,0
532,530,4.63168414294412,1,1
533,534,1.799405457366405,1,1
533,532,2.518672864823854,1,1
533,535,4.341851793877815,1,1
533,531,4.742683839346662,1,1
533,560,5.646735782733241,1,0
534,533,1.799405457366405,1,1
534,535,2.543970322153936,1,1
534,536,4.289689266135719,1,1
534,532,4.303135717125361,1,1
534,562,5.486707026988046,1,0
535,536,2.2766503903761772,1,1
535,534,2.543970322153936,1,1
535,533,4.341851793877815,1,1
535,568,4.766376086714098,1,0
535,565,5.369287848495366,1,0
536,535,2.2766503903761772,1,1
536,538,3.778462253351223,1,1
536,534,4.289689266135719,1,1
536,568,5.929338917619738,1,0
536,533,5.931979264967133,1,1
537,542,1.5843752712031325,1,1
537,426,2.8846881980553807,0,1
537,311,3.7505266296881565,0,1
537,521,4.721566265552142,1,1
537,312,4.746725713584049,0,1
538,539,3.1131779582927797,1,1
538,540,3.679141204139901,1,1
538,536,3.778462253351223,1,1
538,535,6.00069279333645,1,1
538,575,6.06932788700693,1,0
539,540,1.1756823550602433,1,1
539,538,3.1131779582927797,1,1
539,543,4.69908214441927,1,0
539,544,5.0066444850818,1,0
539,541,5.015140675993048,1,1
540,539,1.1756823550602433,1,1
540,538,3.679141204139901,1,1
540,541,3.9950080100044856,1,1
540,543,4.780078869642215,1,0
540,544,5.300839367496435,1,0
541,540,3.9950080100044856,1,1
541,543,4.9038936570851535,1,0
541,539,5.015140675993048,1,1
541,544,5.87509191417462,1,0
541,545,6.308917894536273,1,0
542,537,1.5843752712031325,1,1
542,521,3.167871367338011,1,1
542,312,3.9142460321241943,0,1
542,426,4.0286033560031695,0,1
542,311,4.052232594508859,0,1
543,544,0.9990115114451885,1,1
543,545,1.456723034759868,1,1
543,546,3.3800715968748354,1,1
543,547,4.266230772004721,1,1
543,539,4.69908214441927,1,0
544,545,0.46087091468219166,1,1
544,543,0.9990115114451885,1,1
544,546,2.426468215328608,1,1
544,547,3.424828316864949,1,1
544,295,4.639552241326743,0,1
545,544,0.46087091468219166,1,1
545,543,1.456723034759868,1,1
545,546,2.0342000884868727,1,1
545,547,3.1160129974054986,1,1
545,295,4.2947261845198,0,1
546,547,1.2908016888740115,1,1
546,545,2.0342000884868727,1,1
546,295,2.3040002170138787,0,1
546,544,2.426468215328608,1,1
546,294,3.1457172473062482,0,1
547,295,1.2705754601754278,0,1
547,546,1.2908016888740115,1,1
547,294,1.970279675579079,0,1
547,545,3.1160129974054986,1,1
547,544,3.424828316864949,1,1
548,549,0.9608100748847297,1,1
548,586,1.4993251815400153,1,1
548,550,1.7200290695217917,1,1
548,551,3.9405616350972106,1,1
548,564,5.362358622844988,1,1
549,550,0.8524646620241804,1,1
549,548,0.9608100748847297,1,1
549,586,2.4492064020821114,1,1
549,551,3.120666915901151,1,1
549,521,5.248862829223107,1,0
550,549,0.8524646620241804,1,1
550,548,1.7200290695217917,1,1
550,551,2.2684677648139506,1,1
550,586,3.2145600009954705,1,1
550,552,4.4014844086966844,1,1
551,552,2.1365376196079486,1,1
551,550,2.2684677648139506,1,1
551,549,3.120666915901151,1,1
551,553,3.685457909134223,1,1
551,548,3.9405616350972106,1,1
552,553,1.737765519280435,1,1
552,551,2.1365376196079486,1,1
552,554,3.0003581452886587,1,1
552,555,4.15348046823384,1,1
552,550,4.4014844086966844,1,1
553,554,1.264614565786746,1,1
553,552,1.737765519280435,1,1
553,555,2.5075280656455274,1,1
553,556,3.639787081684861,1,1
553,551,3.685457909134223,1,1
554,553,1.264614565786746,1,1
554,555,1.3886169378197863,1,1
554,556,2.565279711844305,1,1
554,552,3.0003581452886587,1,1
554,524,3.297796233850721,1,0
555,556,1.1767518854881858,1,1
555,554,1.3886169378197863,1,1
555,553,2.5075280656455274,1,1
555,557,2.7246196064772055,1,1
555,558,3.5461316952420137,1,1
556,555,1.1767518854881858,1,1
556,557,1.978150904253768,1,1
556,554,2.565279711844305,1,1
556,558,3.1491054285304583,1,1
556,553,3.639787081684861,1,1
557,558,1.390353192537781,1,1
557,556,1.978150904253768,1,1
557,555,2.7246196064772055,1,1
557,559,3.4402943188047153,1,1
557,554,3.8788927543823637,1,1
558,557,1.390353192537781,1,1
558,559,2.125039529044107,1,1
558,560,2.862537336001052,1,1
558,556,3.1491054285304583,1,1
558,555,3.5461316952420137,1,1
559,560,0.9706477218847217,1,1
559,558,2.125039529044107,1,1
559,557,3.4402943188047153,1,1
559,561,4.785771097743811,1,1
559,562,5.269304318408645,1,1
560,559,0.9706477218847217,1,1
560,558,2.862537336001052,1,1
560,561,3.8430688258213643,1,1
560,557,4.039249682800012,1,1
560,562,4.321675253880143,1,1
561,562,0.4916960443200657,1,1
561,563,2.0553354957281305,1,1
561,560,3.8430688258213643,1,1
561,565,3.9643181002538133,1,1
561,559,4.785771097743811,1,1
562,561,0.4916960443200657,1,1
562,563,1.6256386437335943,1,1
562,565,3.4726700102370796,1,1
562,560,4.321675253880143,1,1
562,566,4.668714705355212,1,1
563,562,1.6256386437335943,1,1
563,561,2.0553354957281305,1,1
563,565,2.2688785776237563,1,1
563,566,3.306960235624251,1,1
563,567,3.6975505405606017,1,1
564,569,3.017563421040227,1,1
564,586,4.189826010707366,1,1
564,14,5.3203627695863,1,1
564,548,5.362358622844988,1,1
564,549,6.086908739253448,1,1
565,566,1.2469819565655311,1,1
565,567,1.5541975421419247,1,1
565,563,2.2688785776237563,1,1
565,568,2.654223238538914,1,1
565,562,3.4726700102370796,1,1
566,567,0.41636762602296545,1,1
566,565,1.2469819565655311,1,1
566,568,2.08102114357351,1,1
566,563,3.306960235624251,1,1
566,570,4.091456708801891,1,1
567,566,0.41636762602296545,1,1
567,565,1.5541975421419247,1,1
567,568,1.7267011901310545,1,1
567,570,3.6773479574280157,1,1
567,563,3.6975505405606017,1,1
568,567,1.7267011901310545,1,1
568,566,2.08102114357351,1,1
568,571,2.547370605153479,1,1
568,570,2.642840328131838,1,1
568,565,2.654223238538914,1,1
569,564,3.017563421040227,1,1
569,14,4.434717691127587,1,1
569,537,6.19519571926505,1,0
569,542,6.806594229128104,1,0
569,586,6.8442578122101745,1,1
570,571,0.8290150782705946,1,1
570,568,2.642840328131838,1,1
570,572,3.3695771248036452,1,1
570,567,3.6773479574280157,1,1
570,566,4.091456708801891,1,1
571,570,0.8290150782705946,1,1
571,568,2.547370605153479,1,1
571,572,3.119158860975183,1,1
571,567,3.9070369847238458,1,1
571,566,4.321502053684575,1,1
572,573,1.4139886845374683,1,1
572,574,1.9055172526114794,1,1
572,575,2.4387334827733844,1,1
572,571,3.119158860975183,1,1
572,570,3.3695771248036452,1,1
573,574,0.4922763451558484,1,1
573,575,1.0267721266181704,1,1
573,572,1.4139886845374683,1,1
573,571,4.33749466858462,1,1
573,570,4.706750258936626,1,1
574,573,0.4922763451558484,1,1
574,575,0.5445410911951457,1,1
574,572,1.9055172526114794,1,1
574,571,4.798351800358119,1,1
574,570,5.188832045846156,1,1
575,574,0.5445410911951457,1,1
575,573,1.0267721266181704,1,1
575,572,2.4387334827733844,1,1
575,571,5.251167965319715,1,1
575,570,5.67900281739673,1,1
576,577,0.9714864898700342,1,1
576,578,1.9479861395810802,1,1
576,579,4.253117680008396,1,1
576,580,5.95078549436963,0,1
576,575,6.151286206965175,1,1
577,576,0.9714864898700342,1,1
577,578,0.9889812940597007,1,1
577,579,3.2975979136334983,1,1
577,580,4.98850458554465,0,1
577,295,6.171029249647096,0,0
578,577,0.9889812940597007,1,1
578,576,1.9479861395810802,1,1
578,579,2.3088811143062347,1,1
578,580,4.003013115142142,0,1
578,295,5.608305448172381,0,0
579,580,1.7060369280880177,0,1
579,578,2.3088811143062347,1,1
579,577,3.2975979136334983,1,1
579,576,4.253117680008396,1,1
579,295,4.920718849924267,0,0
580,579,1.7060369280880177,0,1
580,581,3.5056403124108444,1,1
580,578,4.003013115142142,0,1
580,577,4.98850458554465,0,1
580,294,5.08660554790717,1,0
581,582,1.9764526303455896,1,1
581,580,3.5056403124108444,1,1
581,583,4.093699182890702,1,1
581,579,4.967208471566298,0,1
581,584,6.485866634459885,1,1
582,581,1.9764526303455896,1,1
582,583,2.1372702215676895,1,1
582,584,4.509715401219904,1,1
582,585,5.476314545385428,1,1
582,580,5.48192274662823,1,1
583,582,2.1372702215676895,1,1
583,584,2.434827509290956,1,1
583,585,3.4117392925016996,1,1
583,581,4.093699182890702,1,1
583,18,4.88009272452891,1,1
584,585,0.9769227195638354,1,1
584,583,2.434827509290956,1,1
584,18,2.7204058520742818,1,1
584,582,4.509715401219904,1,1
584,581,6.485866634459885,1,1
585,584,0.9769227195638354,1,1
585,18,2.0321048201310874,1,1
585,583,3.4117392925016996,1,1
585,582,5.476314545385428,1,1
585,581,7.4527256758853,1,1
586,548,1.4993251815400153,1,1
586,549,2.4492064020821114,1,1
586,550,3.2145600009954705,1,1
586,564,4.189826010707366,1,1
586,551,5.395020852601035,1,1
587,180,1.5917694556687536,1,0
587,28,2.8609875917242285,1,1
587,249,5.481049625756,1,1
587,453,6.285068655154054,1,0
587,19,7.986270531355672,1,0
588,500,1.8997981471724832,1,0
588,470,2.0610453658277392,1,0
588,608,3.1999526558997715,1,0
588,484,3.506572400507367,0,0
588,607,3.6362202903564578,0,0
589,187,2.1741796153951953,1,1
589,183,4.26559644129634,1,0
589,94,4.354275714742924,1,0
589,441,5.4756286397088685,1,0
589,188,5.735182385940311,1,1
590,78,2.814693589007514,1,1
590,409,3.7066051853414335,1,1
590,593,4.7754423878840795,1,1
590,182,6.128274961194218,1,1
590,147,6.252944586352897,0,0
591,592,2.52426821078902,1,1
591,88,3.049698017837176,1,1
591,185,4.730321764954261,1,1
591,80,5.573424441041611,0,1
591,302,6.404960343358887,1,1
592,591,2.52426821078902,1,1
592,302,3.8830633525607072,1,1
592,88,5.345140971012832,1,1
592,80,5.91470455728771,0,1
592,182,6.846663493994721,1,1
593,409,1.1346365056704282,1,1
593,182,1.3535686166574636,1,1
593,302,4.4638792546394,1,1
593,590,4.7754423878840795,1,1
593,78,7.354553011570451,1,1
594,417,4.695114269109965,1,1
594,597,6.334473616647243,1,1
594,193,8.67042449941178,1,1
594,502,8.721033081005942,1,1
594,501,9.073213598279278,1,1
595,501,3.5209431974969436,1,1
595,502,5.462374941360213,1,1
595,417,7.737207765079079,1,1
595,596,8.688680682359088,1,1
595,594,9.884984269082072,1,1
596,493,5.594028959524611,0,1
596,595,8.688680682359088,1,1
596,303,9.197890899548657,0,1
596,268,10.807649374401448,0,1
596,501,12.017202877541846,1,1
597,193,3.3403180986247403,1,1
597,236,5.23512540441965,1,0
597,237,5.5079820261144645,1,0
597,260,5.593083228417042,1,1
597,495,5.956928822807941,1,1
598,407,2.0130814687935508,1,1
598,61,2.5663772131157963,1,1
598,62,4.102868386872774,1,1
598,98,4.873775128173231,1,0
598,206,7.2084836824397405,1,1
599,240,1.316398495897044,1,0
599,84,1.9130290118030098,1,1
599,473,5.789926856187391,1,1
599,39,6.227791342040932,1,0
599,106,6.4709869417268955,1,0
600,277,0.9712368403226888,1,1
600,101,1.1862988662221674,1,1
600,498,1.2300768268689561,1,1
600,471,1.775055210408961,1,1
600,605,2.3617563379823925,1,0
601,472,1.3693943916929117,1,0
601,142,1.7180352150057927,1,0
601,600,2.744847718909011,1,1
601,101,2.9874353549491244,1,1
601,605,3.083416935803525,1,0
602,606,0.2879027613622349,0,0
602,607,1.3506713145691662,0,0
602,484,1.428160005041452,1,1
602,500,2.9811675565120455,0,1
602,608,3.027566679695098,0,0
603,604,3.498135074579025,0,0
603,498,4.697729770857409,1,0
603,277,4.969897081429353,1,0
603,101,5.11111778381207,1,0
603,605,5.3899399811129625,1,1
604,603,3.498135074579025,0,0
604,104,4.729969344509539,0,0
604,471,5.776255188268607,0,0
604,498,5.978846878788585,0,0
604,277,6.15516303602106,0,0
605,101,1.2643709898601756,1,0
605,498,1.6162796787684983,1,0
605,277,1.641636378739214,1,0
605,600,2.3617563379823925,1,0
605,601,3.083416935803525,1,0
606,602,0.2879027613622349,0,0
606,607,1.487977486388823,1,1
606,484,1.5834029809243129,0,0
606,608,3.1863621890802056,0,1
606,500,3.2257526253573756,0,0
607,484,0.13670405992508047,0,0
607,602,1.3506713145691662,0,0
607,606,1.487977486388823,1,1
607,608,1.7004049517688427,0,1
607,500,1.9988899419427772,0,0
608,500,1.3269212486052062,1,0
608,484,1.6040003117206678,0,0
608,607,1.7004049517688427,0,1
608,609,2.991362565788373,1,1
608,602,3.027566679695098,0,0
609,143,2.0101644211357437,1,0
609,608,2.991362565788373,1,1
609,607,3.9110813082829154,0,1
609,484,3.9122675010791377,0,0
609,500,4.299791855427423,1,0
0,32,10.445370505635498,0,1
32,0,10.445370505635498,0,1
0,33,13.248827155639098,0,1
33,0,13.248827155639098,0,1
0,60,10.748475473293876,0,1
60,0,10.748475473293876,0,1
0,308,4.686223319475929,1,1
308,0,4.686223319475929,1,1
0,309,5.763711477858689,1,1
309,0,5.763711477858689,1,1
0,310,7.1607039458421955,1,1
310,0,7.1607039458421955,1,1
0,311,14.255088389764547,1,0
311,0,14.255088389764547,1,0
0,312,12.524523543831918,1,0
312,0,12.524523543831918,1,0
0,313,12.45340776655129,1,0
313,0,12.45340776655129,1,0
0,314,11.675342949995088,1,0
314,0,11.675342949995088,1,0
0,315,10.611489622103015,1,0
315,0,10.611489622103015,1,0
0,316,8.78741628694123,1,0
316,0,8.78741628694123,1,0
0,317,7.292549417042026,1,0
317,0,7.292549417042026,1,0
0,318,21.283179297276053,1,0
318,0,21.283179297276053,1,0
0,319,5.145276377416475,1,0
319,0,5.145276377416475,1,0
320,0,3.746939284269229,1,0
321,0,3.9564141593114335,1,0
0,322,4.1062923666003135,1,0
322,0,4.1062923666003135,1,0
0,323,6.706057336468277,1,0
323,0,6.706057336468277,1,0
0,324,9.032747367218903,1,0
324,0,9.032747367218903,1,0
0,325,9.199778095149904,1,0
325,0,9.199778095149904,1,0
0,326,27.790441540213067,1,0
326,0,27.790441540213067,1,0
0,327,6.503380659318659,1,0
327,0,6.503380659318659,1,0
0,328,4.568365681510183,1,0
328,0,4.568365681510183,1,0
0,329,4.921766857542116,1,0
329,0,4.921766857542116,1,0
0,330,8.801555430717913,1,0
330,0,8.801555430717913,1,0
0,331,9.787072289505172,1,0
331,0,9.787072289505172,1,0
0,332,18.484232037063375,1,0
332,0,18.484232037063375,1,0
0,333,9.830643366535071,1,0
333,0,9.830643366535071,1,0
0,334,10.665451373476886,1,0
334,0,10.665451373476886,1,0
0,335,12.369453100278928,1,0
335,0,12.369453100278928,1,0
0,336,14.014602955488964,1,0
336,0,14.014602955488964,1,0
0,337,13.723405153240941,1,0
337,0,13.723405153240941,1,0
0,338,12.887600397281101,1,0
338,0,12.887600397281101,1,0
0,339,15.567951759945815,1,0
339,0,15.567951759945815,1,0
0,340,17.2598041993529,1,0
340,0,17.2598041993529,1,0
0,341,16.92225380970277,1,0
341,0,16.92225380970277,1,0
0,342,18.96374459330224,1,0
342,0,18.96374459330224,1,0
0,343,21.637163977749022,1,0
343,0,21.637163977749022,1,0
0,344,23.16293301807869,1,0
344,0,23.16293301807869,1,0
0,345,23.999930041564706,1,0
345,0,23.999930041564706,1,0
0,346,25.139728598375918,1,0
346,0,25.139728598375918,1,0
0,347,26.926827013222333,1,0
347,0,26.926827013222333,1,0
0,348,27.460363817691853,1,0
348,0,27.460363817691853,1,0
0,349,14.662673767086275,1,0
349,0,14.662673767086275,1,0
0,350,13.752578849074089,1,0
350,0,13.752578849074089,1,0
0,351,12.301629566850076,1,0
351,0,12.301629566850076,1,0
0,352,10.409393882450601,1,0
352,0,10.409393882450601,1,0
0,353,10.525154345661635,1,0
353,0,10.525154345661635,1,0
0,354,12.13339066378397,1,0
354,0,12.13339066378397,1,0
0,355,12.401616426901777,1,0
355,0,12.401616426901777,1,0
0,356,13.822484906846524,1,1
356,0,13.822484906846524,1,1
0,357,13.785102683694452,1,1
357,0,13.785102683694452,1,1
0,358,12.002958177049523,1,1
358,0,12.002958177049523,1,1
0,359,10.888742305702712,1,1
359,0,10.888742305702712,1,1
0,360,10.187863073284799,1,1
360,0,10.187863073284799,1,1
0,361,26.107834858524747,1,0
361,0,26.107834858524747,1,0
0,362,11.267033194235294,1,1
362,0,11.267033194235294,1,1
0,363,11.774065780349623,1,1
363,0,11.774065780349623,1,1
0,364,11.225069487535478,1,1
364,0,11.225069487535478,1,1
0,365,9.995717733109514,1,1
365,0,9.995717733109514,1,1
0,366,9.101666221082818,1,1
366,0,9.101666221082818,1,1
0,367,7.921250532586379,1,1
367,0,7.921250532586379,1,1
0,368,8.27629754177555,1,1
368,0,8.27629754177555,1,1
0,369,8.798230333425012,1,1
369,0,8.798230333425012,1,1
0,370,8.852352286257027,1,1
370,0,8.852352286257027,1,1
0,371,8.733433345483322,1,1
371,0,8.733433345483322,1,1
0,372,8.287144864185736,1,1
372,0,8.287144864185736,1,1
0,373,7.921822075760097,1,1
373,0,7.921822075760097,1,1
0,374,24.951094965952898,1,0
374,0,24.951094965952898,1,0
0,375,8.262247878150353,1,1
375,0,8.262247878150353,1,1
0,376,5.037665530779113,1,1
376,0,5.037665530779113,1,1
0,377,4.067254233509383,1,1
0,380,4.729602626014156,1,0
380,0,4.729602626014156,1,0
0,419,10.749360213519687,0,1
419,0,10.749360213519687,0,1
0,420,10.109275987923171,0,1
420,0,10.109275987923171,0,1
0,421,8.082215352240993,0,1
421,0,8.082215352240993,0,1
1,2,6.456873624285982,1,0
2,1,6.456873624285982,1,0
1,5,16.840087559154792,1,0
5,1,16.840087559154792,1,0
1,17,42.52600438555214,1,0
17,1,42.52600438555214,1,0
1,21,11.031457247344978,1,0
21,1,11.031457247344978,1,0
1,46,17.602472809239046,1,0
46,1,17.602472809239046,1,0
1,151,32.55185323449342,1,0
151,1,32.55185323449342,1,0
1,191,35.70775894676114,1,0
191,1,35.70775894676114,1,0
1,194,22.979996714534142,1,0
194,1,22.979996714534142,1,0
1,203,31.83098521880842,1,0
203,1,31.83098521880842,1,0
1,226,5.3273517811385425,1,0
226,1,5.3273517811385425,1,0
1,231,7.432779426298079,1,0
1,243,34.69027600063165,1,0
243,1,34.69027600063165,1,0
1,298,11.497614926583687,1,0
298,1,11.497614926583687,1,0
1,436,34.024104308563366,1,0
436,1,34.024104308563366,1,0
2,5,11.189227051052276,1,1
5,2,11.189227051052276,1,1
2,17,39.613573456581776,1,0
17,2,39.613573456581776,1,0
2,21,17.34612354389303,1,0
21,2,17.34612354389303,1,0
2,46,12.290484205270351,1,0
46,2,12.290484205270351,1,0
2,77,13.157028615914765,0,1
77,2,13.157028615914765,0,1
2,102,8.875933866360205,1,0
102,2,8.875933866360205,1,0
2,151,28.414003624973375,1,1
151,2,28.414003624973375,1,1
2,155,10.285419291404702,1,0
155,2,10.285419291404702,1,0
2,191,31.69975081920992,1,0
191,2,31.69975081920992,1,0
2,194,19.29969434991135,1,0
194,2,19.29969434991135,1,0
2,203,27.888740111378283,1,0
203,2,27.888740111378283,1,0
2,231,13.888811792230465,1,0
231,2,13.888811792230465,1,0
2,243,30.487991111255592,1,1
243,2,30.487991111255592,1,1
2,262,29.166072790144376,0,1
262,2,29.166072790144376,0,1
2,298,6.196337789372041,1,0
2,436,29.714077084775827,1,1
436,2,29.714077084775827,1,1
2,439,27.328351615126735,0,1
439,2,27.328351615126735,0,1
2,504,26.430183540792903,0,1
504,2,26.430183540792903,0,1
3,9,44.020401997255775,0,1
9,3,44.020401997255775,0,1
3,20,11.642258758505584,0,1
20,3,11.642258758505584,0,1
3,181,25.344374780215034,0,1
3,190,56.328722451339154,0,1
190,3,56.328722451339154,0,1
3,245,13.684571202635471,0,1
245,3,13.684571202635471,0,1
3,511,54.098869673958994,0,1
511,3,54.098869673958994,0,1
3,512,47.69351822837145,0,1
512,3,47.69351822837145,0,1
4,40,51.51167060967835,0,1
40,4,51.51167060967835,0,1
4,83,34.696349116297526,0,1
83,4,34.696349116297526,0,1
4,89,7.912838491969869,0,1
4,119,52.768057648543405,0,1
119,4,52.768057648543405,0,1
4,150,14.725864320982996,0,1
150,4,14.725864320982996,0,1
4,184,29.217392577025077,0,1
184,4,29.217392577025077,0,1
4,197,27.63706295900489,0,1
197,4,27.63706295900489,0,1
235,4,5.990179379617943,0,1
4,304,10.09833827914276,0,1
304,4,10.09833827914276,0,1
4,405,43.617855288860774,0,1
405,4,43.617855288860774,0,1
4,437,41.52666709477177,0,1
437,4,41.52666709477177,0,1
4,438,34.86502753476612,0,1
438,4,34.86502753476612,0,1
4,463,35.32469745093367,0,1
463,4,35.32469745093367,0,1
4,464,36.20593542501008,0,1
464,4,36.20593542501008,0,1
5,17,30.590276232816205,1,0
17,5,30.590276232816205,1,0
5,21,27.808002445339362,1,0
21,5,27.808002445339362,1,0
5,72,10.958216095697328,0,1
72,5,10.958216095697328,0,1
5,102,18.053046834260414,1,0
102,5,18.053046834260414,1,0
5,151,18.18715205852747,1,1
151,5,18.18715205852747,1,1
5,155,20.10509318555873,1,0
155,5,20.10509318555873,1,0
5,191,21.522139763508648,1,0
191,5,21.522139763508648,1,0
5,203,17.932955166396862,1,0
203,5,17.932955166396862,1,0
5,224,12.286679779338273,1,0
224,5,12.286679779338273,1,0
5,226,12.934097571922056,1,0
226,5,12.934097571922056,1,0
5,227,14.32512157016477,1,0
227,5,14.32512157016477,1,0
5,231,23.810419084930025,1,0
231,5,23.810419084930025,1,0
5,243,20.120263417758725,1,1
243,5,20.120263417758725,1,1
5,262,17.97901554590796,0,1
262,5,17.97901554590796,0,1
5,436,19.247418658095427,1,1
436,5,19.247418658095427,1,1
5,439,16.152553977622237,0,1
439,5,16.152553977622237,0,1
5,504,15.316167928042576,0,1
504,5,15.316167928042576,0,1
6,116,36.27584951451861,0,1
116,6,36.27584951451861,0,1
7,23,66.56293987648081,1,0
23,7,66.56293987648081,1,0
7,47,105.67645021479478,1,0
47,7,105.67645021479478,1,0
7,48,154.08953799982658,1,0
48,7,154.08953799982658,1,0
7,49,156.80447943218968,1,0
49,7,156.80447943218968,1,0
7,50,159.9970324631054,1,0
50,7,159.9970324631054,1,0
7,51,115.42796615205519,1,0
51,7,115.42796615205519,1,0
7,52,122.99173603539386,1,0
52,7,122.99173603539386,1,0
7,53,128.0672849716117,1,0
53,7,128.0672849716117,1,0
7,54,134.22246026652917,1,0
54,7,134.22246026652917,1,0
7,55,140.5572453379761,1,0
55,7,140.5572453379761,1,0
7,56,144.96283159831006,1,0
56,7,144.96283159831006,1,0
7,57,145.2916603697542,1,0
57,7,145.2916603697542,1,0
7,58,150.95203740592572,1,0
58,7,150.95203740592572,1,0
7,59,45.68568708030996,1,0
59,7,45.68568708030996,1,0
7,78,15.099027849500775,1,0
78,7,15.099027849500775,1,0
7,81,57.506453733472384,0,1
81,7,57.506453733472384,0,1
7,88,29.73546840054819,1,0
88,7,29.73546840054819,1,0
144,7,9.693110543060984,0,1
7,146,12.124493267761752,0,1
146,7,12.124493267761752,0,1
147,7,10.978579598472656,0,1
7,174,79.31721120916947,1,0
174,7,79.31721120916947,1,0
7,175,87.2513227693426,1,0
175,7,87.2513227693426,1,0
7,176,21.268367121149662,0,1
176,7,21.268367121149662,0,1
7,182,18.04455873663859,1,0
182,7,18.04455873663859,1,0
7,185,31.43123448100631,1,0
185,7,31.43123448100631,1,0
7,186,108.42466334280222,1,0
186,7,108.42466334280222,1,0
7,193,47.334131966267215,0,1
193,7,47.334131966267215,0,1
7,199,60.168087961975324,1,0
199,7,60.168087961975324,1,0
7,200,63.479976504406494,1,0
200,7,63.479976504406494,1,0
7,205,90.15331036074049,1,0
205,7,90.15331036074049,1,0
7,248,86.16042480164545,1,0
248,7,86.16042480164545,1,0
7,260,48.35218474898523,0,1
260,7,48.35218474898523,0,1
7,268,27.685990410314023,0,1
268,7,27.685990410314023,0,1
7,302,20.769512512334032,1,0
302,7,20.769512512334032,1,0
7,303,32.82900609217403,0,1
303,7,32.82900609217403,0,1
7,404,19.792433150070256,0,1
404,7,19.792433150070256,0,1
7,409,16.189692029189438,1,0
409,7,16.189692029189438,1,0
7,417,34.09587804999308,0,1
417,7,34.09587804999308,0,1
7,427,56.67897092396792,0,1
427,7,56.67897092396792,0,1
7,432,108.9745585446438,1,0
432,7,108.9745585446438,1,0
7,434,57.25006985148577,1,0
434,7,57.25006985148577,1,0
7,455,16.828380076525487,0,1
7,456,12.379261084572052,0,1
456,7,12.379261084572052,0,1
7,457,33.130395907685745,0,1
457,7,33.130395907685745,0,1
7,458,11.150638815780914,0,1
458,7,11.150638815780914,0,1
7,459,79.48931267157869,1,0
459,7,79.48931267157869,1,0
7,460,81.72011014432127,1,0
460,7,81.72011014432127,1,0
7,467,48.881624195601354,1,0
467,7,48.881624195601354,1,0
7,468,54.42409507745627,0,1
468,7,54.42409507745627,0,1
7,469,56.925438294316194,0,1
469,7,56.925438294316194,0,1
7,476,47.014755396577364,1,0
476,7,47.014755396577364,1,0
7,493,35.31573065929686,0,1
493,7,35.31573065929686,0,1
7,494,21.642184386054936,0,1
494,7,21.642184386054936,0,1
7,495,48.93753962961358,0,1
495,7,48.93753962961358,0,1
7,501,30.868765070860867,0,1
501,7,30.868765070860867,0,1
7,502,30.35984887972929,0,1
502,7,30.35984887972929,0,1
7,507,12.221320100545602,1,0
7,509,94.75180028896548,1,0
509,7,94.75180028896548,1,0
7,590,14.58264180455654,1,0
590,7,14.58264180455654,1,0
7,591,27.174213972072863,1,0
591,7,27.174213972072863,1,0
7,592,24.650877976250662,1,0
592,7,24.650877976250662,1,0
7,593,17.122129073219835,1,0
593,7,17.122129073219835,1,0
7,594,38.78286211717748,0,1
594,7,38.78286211717748,0,1
7,595,32.79542218054221,0,1
595,7,32.79542218054221,0,1
7,596,35.80406870734107,0,1
596,7,35.80406870734107,0,1
7,597,45.063979340488785,0,1
597,7,45.063979340488785,0,1
8,23,66.28831529764504,1,0
23,8,66.28831529764504,1,0
8,47,105.29340618481292,1,0
47,8,105.29340618481292,1,0
8,48,153.55778486615387,1,0
48,8,153.55778486615387,1,0
8,49,156.2574207709829,1,0
49,8,156.2574207709829,1,0
8,50,159.44629265367067,1,0
50,8,159.44629265367067,1,0
8,51,115.01313442385613,1,0
51,8,115.01313442385613,1,0
8,52,122.56786969267272,1,0
52,8,122.56786969267272,1,0
8,53,127.63514406306751,1,0
53,8,127.63514406306751,1,0
8,54,133.787536041292,1,0
54,8,133.787536041292,1,0
8,55,140.11510227309546,1,0
55,8,140.11510227309546,1,0
8,56,144.50445046779703,1,0
56,8,144.50445046779703,1,0
8,57,144.80131008039947,1,0
57,8,144.80131008039947,1,0
8,58,150.43242485913734,1,0
58,8,150.43242485913734,1,0
8,59,45.34249984286266,1,0
59,8,45.34249984286266,1,0
8,78,15.647851290193168,1,0
78,8,15.647851290193168,1,0
8,81,57.14671141019402,0,1
81,8,57.14671141019402,0,1
8,88,29.99571764435717,1,0
88,8,29.99571764435717,1,0
144,8,10.311572527990092,0,1
8,146,12.78714592862692,0,1
146,8,12.78714592862692,0,1
8,147,11.606767422499686,0,1
147,8,11.606767422499686,0,1
8,174,79.10821940860507,1,0
174,8,79.10821940860507,1,0
8,175,86.9261690459208,1,0
175,8,86.9261690459208,1,0
8,176,21.528024711988788,0,1
176,8,21.528024711988788,0,1
8,182,18.32471391318293,1,0
182,8,18.32471391318293,1,0
8,185,31.699002271364947,1,0
185,8,31.699002271364947,1,0
8,186,108.07968730987336,1,0
186,8,108.07968730987336,1,0
8,193,46.90188146545936,0,1
193,8,46.90188146545936,0,1
8,199,60.1247937293759,1,0
199,8,60.1247937293759,1,0
8,200,63.39787949923877,1,0
200,8,63.39787949923877,1,0
202,8,8.406513665010008,1,1
8,205,89.88709988090616,1,0
205,8,89.88709988090616,1,0
8,248,85.90838055742874,1,0
248,8,85.90838055742874,1,0
8,260,47.944238715407714,0,1
260,8,47.944238715407714,0,1
8,268,27.002285477344323,0,1
268,8,27.002285477344323,0,1
8,302,20.996692358559716,1,0
302,8,20.996692358559716,1,0
8,303,32.1421687662796,0,1
303,8,32.1421687662796,0,1
8,404,20.079249238953132,0,1
404,8,20.079249238953132,0,1
8,409,16.529612941626915,1,0
409,8,16.529612941626915,1,0
8,417,33.650843971585616,0,1
417,8,33.650843971585616,0,1
8,427,56.34057263642251,0,1
427,8,56.34057263642251,0,1
8,432,108.62797574289966,1,0
432,8,108.62797574289966,1,0
8,434,56.973764506130365,1,0
434,8,56.973764506130365,1,0
8,455,17.15890159654749,0,1
455,8,17.15890159654749,0,1
8,456,12.88225217110735,0,1
456,8,12.88225217110735,0,1
8,457,33.22292848320268,0,1
457,8,33.22292848320268,0,1
8,458,11.84492709981788,0,1
458,8,11.84492709981788,0,1
8,459,79.16904895854186,1,0
459,8,79.16904895854186,1,0
8,460,81.3997327882592,1,0
460,8,81.3997327882592,1,0
8,467,48.57529882563771,1,0
467,8,48.57529882563771,1,0
8,468,54.01493631394931,0,1
468,8,54.01493631394931,0,1
8,469,56.54716991149955,0,1
469,8,56.54716991149955,0,1
8,476,47.09674473888827,1,0
476,8,47.09674473888827,1,0
8,493,34.64224161338293,0,1
493,8,34.64224161338293,0,1
8,494,20.975527192421172,0,1
494,8,20.975527192421172,0,1
8,495,48.529239485077454,0,1
495,8,48.529239485077454,0,1
8,501,30.355501461843783,0,1
501,8,30.355501461843783,0,1
8,502,29.877092495756678,0,1
502,8,29.877092495756678,0,1
8,507,11.756878369703415,1,0
8,509,94.4077668520975,1,0
509,8,94.4077668520975,1,0
8,590,15.04486124894477,1,0
590,8,15.04486124894477,1,0
8,591,27.397384783953378,1,0
591,8,27.397384783953378,1,0
8,592,24.87312101446057,1,0
592,8,24.87312101446057,1,0
8,593,17.437901249863756,1,0
593,8,17.437901249863756,1,0
8,594,38.33326359703801,0,1
594,8,38.33326359703801,0,1
8,595,32.24058566465566,0,1
595,8,32.24058566465566,0,1
8,596,35.16562912845439,0,1
596,8,35.16562912845439,0,1
8,597,44.60353225922808,0,1
597,8,44.60353225922808,0,1
9,20,37.186575064127645,0,1
20,9,37.186575064127645,0,1
9,40,8.755115647437217,1,0
40,9,8.755115647437217,1,0
9,120,49.07409647665457,0,1
120,9,49.07409647665457,0,1
9,181,63.77685759740754,0,1
181,9,63.77685759740754,0,1
9,190,20.869472561614966,0,1
190,9,20.869472561614966,0,1
9,209,5.88531706877378,1,0
9,214,9.697755049494702,1,0
214,9,9.697755049494702,1,0
9,215,11.109401874088451,1,0
215,9,11.109401874088451,1,0
9,216,12.887131100442797,1,0
216,9,12.887131100442797,1,0
9,217,20.636598290415986,1,0
217,9,20.636598290415986,1,0
9,218,24.261443258800576,1,0
218,9,24.261443258800576,1,0
9,219,31.210233866473992,1,0
219,9,31.210233866473992,1,0
9,220,32.661394902851285,1,0
220,9,32.661394902851285,1,0
9,245,37.16698181181787,0,1
245,9,37.16698181181787,0,1
9,405,15.903567178466597,1,0
405,9,15.903567178466597,1,0
9,437,17.884261376976127,1,0
437,9,17.884261376976127,1,0
9,511,14.880492061756561,1,1
511,9,14.880492061756561,1,1
10,27,56.0296917357217,1,0
27,10,56.0296917357217,1,0
10,40,48.12619951751852,0,1
40,10,48.12619951751852,0,1
10,72,32.018089152852326,1,0
72,10,32.018089152852326,1,0
10,77,22.12003917265971,1,0
77,10,22.12003917265971,1,0
10,83,31.92470286470964,0,1
83,10,31.92470286470964,0,1
10,89,9.30343334473892,0,1
89,10,9.30343334473892,0,1
10,119,48.25423758593643,1,1
119,10,48.25423758593643,1,1
10,150,13.177633816433055,0,1
150,10,13.177633816433055,0,1
10,179,43.180663183883595,1,0
179,10,43.180663183883595,1,0
10,184,25.406956921284376,1,1
184,10,25.406956921284376,1,1
10,196,7.074428104094351,1,0
10,197,24.62763102695832,0,1
197,10,24.62763102695832,0,1
10,235,9.2139133922563,0,1
235,10,9.2139133922563,0,1
10,405,40.29079573550267,0,1
405,10,40.29079573550267,0,1
10,437,38.22780837296327,0,1
437,10,38.22780837296327,0,1
10,438,30.989997999354568,1,1
438,10,30.989997999354568,1,1
10,439,6.691033776629737,1,0
10,463,31.334037547050972,1,1
463,10,31.334037547050972,1,1
10,464,32.120265456561846,1,1
464,10,32.120265456561846,1,1
10,486,35.64528548069155,1,0
486,10,35.64528548069155,1,0
10,504,7.143369863026834,1,0
11,24,12.489695472668659,0,1
24,11,12.489695472668659,0,1
11,25,9.537032504925207,0,1
25,11,9.537032504925207,0,1
11,26,7.7709786384985,0,1
26,11,7.7709786384985,0,1
11,209,31.26549537429401,0,1
209,11,31.26549537429401,0,1
11,210,29.969895645463968,0,1
210,11,29.969895645463968,0,1
11,213,26.180025611141023,0,1
213,11,26.180025611141023,0,1
11,215,20.18217480847889,0,1
215,11,20.18217480847889,0,1
11,218,11.126049478588525,0,1
218,11,11.126049478588525,0,1
11,220,10.932688827548327,0,1
220,11,10.932688827548327,0,1
11,223,13.37064220596752,0,1
223,11,13.37064220596752,0,1
11,263,7.783542766632686,0,1
263,11,7.783542766632686,0,1
11,266,11.749264530173791,0,1
266,11,11.749264530173791,0,1
12,24,15.139455901715886,0,1
24,12,15.139455901715886,0,1
12,25,12.05505989201215,0,1
25,12,12.05505989201215,0,1
12,26,10.447119650889427,0,1
26,12,10.447119650889427,0,1
12,209,33.213247131227625,0,1
209,12,33.213247131227625,0,1
12,210,31.522318458514437,0,1
210,12,31.522318458514437,0,1
12,213,27.701089960505165,0,1
213,12,27.701089960505165,0,1
12,215,21.415504897153372,0,1
215,12,21.415504897153372,0,1
12,218,10.733347707029713,0,1
218,12,10.733347707029713,0,1
12,220,8.58540954177493,0,1
220,12,8.58540954177493,0,1
12,223,16.046508187141526,0,1
223,12,16.046508187141526,0,1
12,263,4.941673400782371,0,1
263,12,4.941673400782371,0,1
12,266,9.016195040037678,0,1
266,12,9.016195040037678,0,1
13,24,15.322236912409362,0,1
24,13,15.322236912409362,0,1
13,25,12.238755492287604,0,1
25,13,12.238755492287604,0,1
13,26,10.629029400655547,0,1
26,13,10.629029400655547,0,1
13,209,33.38608919894632,0,1
209,13,33.38608919894632,0,1
13,210,31.682165235349682,0,1
210,13,31.682165235349682,0,1
13,213,27.860285210313265,0,1
213,13,27.860285210313265,0,1
13,215,21.564960120528855,0,1
215,13,21.564960120528855,0,1
13,218,10.81134746458553,0,1
218,13,10.81134746458553,0,1
13,220,8.508292543160467,0,1
220,13,8.508292543160467,0,1
13,223,16.228849435496038,0,1
223,13,16.228849435496038,0,1
13,263,4.77095388785094,0,1
263,13,4.77095388785094,0,1
13,266,8.884248645777538,0,1
266,13,8.884248645777538,0,1
14,18,62.16400535679792,0,1
18,14,62.16400535679792,0,1
14,521,12.541006379075007,1,0
521,14,12.541006379075007,1,0
14,522,15.164422376074862,1,0
522,14,15.164422376074862,1,0
14,523,16.801963516208456,1,0
523,14,16.801963516208456,1,0
14,524,18.236685937965813,1,0
524,14,18.236685937965813,1,0
14,525,19.141030275301276,1,0
525,14,19.141030275301276,1,0
14,526,20.58178051092762,1,0
526,14,20.58178051092762,1,0
14,527,22.578903604914036,1,0
527,14,22.578903604914036,1,0
14,528,24.370060319991005,1,0
528,14,24.370060319991005,1,0
14,529,26.084148538911517,1,0
529,14,26.084148538911517,1,0
14,530,27.836709809171055,1,0
530,14,27.836709809171055,1,0
14,531,26.92095648375072,1,0
531,14,26.92095648375072,1,0
14,532,26.742393778418567,1,0
532,14,26.742393778418567,1,0
14,533,28.384019236182883,1,0
533,14,28.384019236182883,1,0
14,534,29.828136247509665,1,0
534,14,29.828136247509665,1,0
14,535,32.002896009580134,1,0
535,14,32.002896009580134,1,0
14,536,34.090315369617805,1,0
536,14,34.090315369617805,1,0
537,14,10.499449176028236,1,0
14,538,37.844305370821644,1,0
538,14,37.844305370821644,1,0
14,539,40.47035569401386,1,0
539,14,40.47035569401386,1,0
14,540,40.24984870779019,1,0
540,14,40.24984870779019,1,0
14,541,42.019745477572805,1,0
541,14,42.019745477572805,1,0
14,542,11.229818609398817,1,0
542,14,11.229818609398817,1,0
14,543,45.02922572063615,1,0
543,14,45.02922572063615,1,0
14,544,45.46834869444898,1,0
544,14,45.46834869444898,1,0
14,545,45.6169067890404,1,0
545,14,45.6169067890404,1,0
14,546,47.27775084540296,1,0
546,14,47.27775084540296,1,0
14,547,48.558072490575654,1,0
547,14,48.558072490575654,1,0
548,14,10.656069162688464,1,1
14,549,11.405924863859134,1,1
549,14,11.405924863859134,1,1
14,550,12.258385293341043,1,1
550,14,12.258385293341043,1,1
14,551,14.525853641008503,1,1
551,14,14.525853641008503,1,1
14,552,16.65168066592679,1,1
552,14,16.65168066592679,1,1
14,553,17.990388989680017,1,1
553,14,17.990388989680017,1,1
14,554,19.057077058142994,1,1
554,14,19.057077058142994,1,1
14,555,20.436741447696598,1,1
555,14,20.436741447696598,1,1
14,556,21.604611591046947,1,1
556,14,21.604611591046947,1,1
14,557,22.36853327779897,1,1
557,14,22.36853327779897,1,1
14,558,21.99775536276372,1,1
558,14,21.99775536276372,1,1
14,559,22.48388173781387,1,1
559,14,22.48388173781387,1,1
14,560,23.362488159440552,1,1
560,14,23.362488159440552,1,1
14,561,26.420129465996187,1,1
561,14,26.420129465996187,1,1
14,562,26.880892135492825,1,1
562,14,26.880892135492825,1,1
14,563,27.882888318823788,1,1
563,14,27.882888318823788,1,1
14,565,30.14660466785605,1,1
565,14,30.14660466785605,1,1
14,566,31.140582348440436,1,1
566,14,31.140582348440436,1,1
14,567,31.547795247845766,1,1
567,14,31.547795247845766,1,1
14,568,32.74762186785477,1,1
568,14,32.74762186785477,1,1
14,570,35.20909071532521,1,1
570,14,35.20909071532521,1,1
14,571,35.28947697260474,1,1
571,14,35.28947697260474,1,1
14,572,38.400898752503174,1,1
572,14,38.400898752503174,1,1
14,573,39.48790276780979,1,1
573,14,39.48790276780979,1,1
14,574,39.89003997240414,1,1
574,14,39.89003997240414,1,1
14,575,40.2349174722653,1,1
575,14,40.2349174722653,1,1
14,576,46.320311419505806,1,1
576,14,46.320311419505806,1,1
14,577,47.2814359342015,1,1
577,14,47.2814359342015,1,1
14,578,48.20464330331675,1,1
578,14,48.20464330331675,1,1
14,579,50.390583247269525,1,1
579,14,50.390583247269525,1,1
14,580,52.07433427322907,0,1
580,14,52.07433427322907,0,1
14,581,55.18018376192671,0,1
581,14,55.18018376192671,0,1
14,582,56.96562494171375,0,1
582,14,56.96562494171375,0,1
14,583,59.04470124405746,0,1
583,14,59.04470124405746,0,1
14,584,61.11989536967484,0,1
584,14,61.11989536967484,0,1
14,585,61.957094121658095,0,1
585,14,61.957094121658095,0,1
586,14,9.376026557129624,1,1
15,37,12.248362584443685,1,0
37,15,12.248362584443685,1,0
15,64,21.717454846275153,1,0
64,15,21.717454846275153,1,0
15,82,17.082738949009318,1,0
82,15,17.082738949009318,1,0
15,95,23.755342914805503,1,0
95,15,23.755342914805503,1,0
15,195,19.050684738349958,1,0
195,15,19.050684738349958,1,0
15,402,15.82229404985257,1,0
402,15,15.82229404985257,1,0
16,44,30.72446629316773,0,1
44,16,30.72446629316773,0,1
16,45,26.574424264694805,0,1
45,16,26.574424264694805,0,1
16,299,19.687322316658506,0,1
299,16,19.687322316658506,0,1
16,406,9.511762034449768,1,1
406,16,9.511762034449768,1,1
16,510,15.444817512680427,0,1
510,16,15.444817512680427,0,1
16,517,9.895570372646542,0,1
517,16,9.895570372646542,0,1
16,606,5.434794936333845,1,1
606,16,5.434794936333845,1,1
16,607,6.003199563566082,1,1
607,16,6.003199563566082,1,1
16,608,7.080594607799546,0,1
608,16,7.080594607799546,0,1
16,609,6.403299930504583,0,1
609,16,6.403299930504583,0,1
17,21,51.0309709882146,1,1
21,17,51.0309709882146,1,1
17,46,28.923346970916075,1,1
46,17,28.923346970916075,1,1
17,63,59.712394023351635,0,1
63,17,59.712394023351635,0,1
17,102,41.59678473151501,1,1
102,17,41.59678473151501,1,1
151,17,13.310240418564948,1,0
17,152,54.12476327892807,0,1
152,17,54.12476327892807,0,1
17,155,43.844100766237645,1,0
155,17,43.844100766237645,1,0
17,194,20.42865634347986,1,1
194,17,20.42865634347986,1,1
203,17,13.034722129757887,1,1
17,224,39.88461482827683,1,1
224,17,39.88461482827683,1,1
17,226,41.231559271994556,1,0
226,17,41.231559271994556,1,0
17,227,41.671072796365586,1,0
227,17,41.671072796365586,1,0
17,231,46.63708992851076,1,1
231,17,46.63708992851076,1,1
243,17,12.218837915284743,1,0
17,298,33.77165971639534,1,1
298,17,33.77165971639534,1,1
436,17,13.222164157202103,1,0
18,79,214.99726232908176,1,0
79,18,214.99726232908176,1,0
18,80,220.6145462679195,1,0
80,18,220.6145462679195,1,0
18,144,202.16579692915417,1,0
144,18,202.16579692915417,1,0
18,146,201.04682559294488,1,0
146,18,201.04682559294488,1,0
18,147,202.29305333105236,1,0
147,18,202.29305333105236,1,0
18,154,86.46567662373319,1,0
154,18,86.46567662373319,1,0
18,176,178.0509589976982,1,0
176,18,178.0509589976982,1,0
18,181,147.83596622270238,1,0
181,18,147.83596622270238,1,0
18,192,118.43821311130964,1,0
192,18,118.43821311130964,1,0
18,198,97.79702811946792,1,0
198,18,97.79702811946792,1,0
18,269,125.01055035875972,1,0
269,18,125.01055035875972,1,0
18,270,245.67183726467306,1,0
270,18,245.67183726467306,1,0
18,271,73.9420970557368,1,0
271,18,73.9420970557368,1,0
18,272,73.10126633650063,1,0
272,18,73.10126633650063,1,0
18,273,63.4481340072346,1,0
273,18,63.4481340072346,1,0
18,274,63.03110366319156,1,0
274,18,63.03110366319156,1,0
18,275,69.05629956057594,1,0
275,18,69.05629956057594,1,0
18,276,67.96301280108175,1,0
276,18,67.96301280108175,1,0
18,278,286.8501697210584,1,0
278,18,286.8501697210584,1,0
18,279,281.3156494651515,1,0
279,18,281.3156494651515,1,0
18,280,41.62336575770873,1,0
280,18,41.62336575770873,1,0
18,281,41.596599909127185,1,0
281,18,41.596599909127185,1,0
18,282,52.38824381481021,1,0
282,18,52.38824381481021,1,0
18,283,49.086356200068465,1,0
283,18,49.086356200068465,1,0
18,284,33.71178123445867,1,0
284,18,33.71178123445867,1,0
18,285,27.500696318457102,1,0
285,18,27.500696318457102,1,0
18,286,26.413742427001896,1,0
286,18,26.413742427001896,1,0
18,287,24.79769241280325,1,0
287,18,24.79769241280325,1,0
18,288,22.79691580016911,1,0
288,18,22.79691580016911,1,0
18,289,20.61151059481085,1,0
289,18,20.61151059481085,1,0
18,290,18.394340216490505,1,0
290,18,18.394340216490505,1,0
18,291,17.491437562418934,1,0
291,18,17.491437562418934,1,0
18,292,16.418947164784957,1,0
292,18,16.418947164784957,1,0
18,293,16.0004184007794,1,0
293,18,16.0004184007794,1,0
18,294,16.618919940838513,1,0
294,18,16.618919940838513,1,0
18,295,17.116588561976947,1,0
295,18,17.116588561976947,1,0
18,296,30.812181438515516,1,0
296,18,30.812181438515516,1,0
18,297,30.875068129479487,1,0
297,18,30.875068129479487,1,0
18,404,179.6986189874591,1,0
404,18,179.6986189874591,1,0
18,415,89.32867629714436,1,0
415,18,89.32867629714436,1,0
18,428,104.32079689592099,1,0
428,18,104.32079689592099,1,0
18,429,102.17239332128811,1,0
429,18,102.17239332128811,1,0
18,455,182.90308141745453,1,0
455,18,182.90308141745453,1,0
18,456,188.9718805140066,1,0
456,18,188.9718805140066,1,0
18,457,165.6558550398989,1,0
457,18,165.6558550398989,1,0
18,458,197.53242885663104,1,0
458,18,197.53242885663104,1,0
18,461,91.09242250044731,1,0
461,18,91.09242250044731,1,0
18,462,91.10909399725145,1,0
462,18,91.10909399725145,1,0
18,548,51.88217119589349,0,1
548,18,51.88217119589349,0,1
18,549,51.36508997363871,0,1
549,18,51.36508997363871,0,1
18,550,50.569703855174,0,1
550,18,50.569703855174,0,1
18,551,48.48864165967119,0,1
551,18,48.48864165967119,0,1
18,552,46.623365440517055,0,1
552,18,46.623365440517055,0,1
18,553,45.942426426996654,0,1
553,18,45.942426426996654,0,1
18,554,45.39556669984416,0,1
554,18,45.39556669984416,0,1
18,555,44.16166646538602,0,1
555,18,44.16166646538602,0,1
18,556,43.11416546797584,0,1
556,18,43.11416546797584,0,1
18,557,41.5169525013578,0,1
557,18,41.5169525013578,0,1
18,558,41.27944797353763,0,1
558,18,41.27944797353763,0,1
18,559,40.1565596135924,0,1
559,18,40.1565596135924,0,1
18,560,39.203949864777655,0,1
560,18,39.203949864777655,0,1
18,561,35.809343543270934,0,1
561,18,35.809343543270934,0,1
18,562,35.33531129054901,0,1
562,18,35.33531129054901,0,1
18,563,34.28111814104085,0,1
563,18,34.28111814104085,0,1
18,564,57.12599851206104,0,1
564,18,57.12599851206104,0,1
18,565,32.01828110626803,0,1
565,18,32.01828110626803,0,1
18,566,31.034791718327998,0,1
566,18,31.034791718327998,0,1
18,567,30.624739819302956,0,1
567,18,30.624739819302956,0,1
18,568,29.43360718634398,0,1
568,18,29.43360718634398,0,1
18,569,59.567842003886625,0,1
569,18,59.567842003886625,0,1
18,570,26.956387091003126,0,1
570,18,26.956387091003126,0,1
18,571,26.88686238667502,0,1
571,18,26.88686238667502,0,1
18,572,23.790475930506307,0,1
572,18,23.790475930506307,0,1
18,573,22.793184529591297,0,1
573,18,22.793184529591297,0,1
18,574,22.43403746542294,0,1
574,18,22.43403746542294,0,1
18,575,22.163152347985157,0,1
575,18,22.163152347985157,0,1
18,576,16.487488832445045,0,1
576,18,16.487488832445045,0,1
18,577,15.6292715761164,0,1
577,18,15.6292715761164,0,1
18,578,14.905452223934704,0,1
578,18,14.905452223934704,0,1
18,579,13.299628039911493,0,1
579,18,13.299628039911493,0,1
18,580,12.052923960599768,1,1
580,18,12.052923960599768,1,1
581,18,8.596704601182944,1,1
582,18,6.679498559023724,1,1
18,586,52.936194800911025,0,1
586,18,52.936194800911025,0,1
28,19,10.275455658996345,1,0
19,42,20.160273435645657,1,1
42,19,20.160273435645657,1,1
19,71,21.419115224490483,1,1
71,19,21.419115224490483,1,1
19,90,31.301461643188485,1,1
90,19,31.301461643188485,1,1
19,91,27.377443215172597,1,0
91,19,27.377443215172597,1,0
19,92,17.36938804333647,1,0
92,19,17.36938804333647,1,0
19,98,44.195356283211474,0,1
98,19,44.195356283211474,0,1
19,103,47.7455673439954,0,1
103,19,47.7455673439954,0,1
19,115,36.63402249275938,1,1
115,19,36.63402249275938,1,1
19,148,37.57770535836375,1,1
148,19,37.57770535836375,1,1
19,189,45.13868647845216,0,1
189,19,45.13868647845216,0,1
19,225,47.27799028089075,0,1
225,19,47.27799028089075,0,1
249,19,12.842207364779624,1,0
19,433,31.671277650262233,1,0
433,19,31.671277650262233,1,0
19,440,33.3748955054544,1,1
440,19,33.3748955054544,1,1
453,19,12.304526687361852,1,1
20,120,21.75836850501434,0,1
120,20,21.75836850501434,0,1
20,181,36.98627015528871,0,1
181,20,36.98627015528871,0,1
20,190,46.391527890337905,0,1
190,20,46.391527890337905,0,1
20,193,16.03500701590118,1,0
193,20,16.03500701590118,1,0
20,236,14.50020527440905,1,0
236,20,14.50020527440905,1,0
20,237,13.847734146783726,1,0
237,20,13.847734146783726,1,0
20,238,13.698831957506451,1,0
238,20,13.698831957506451,1,0
20,260,14.636176584067302,1,0
260,20,14.636176584067302,1,0
20,417,29.158994581432328,1,0
417,20,29.158994581432328,1,0
468,20,8.638744931990988,1,0
20,495,14.057386172400614,1,0
495,20,14.057386172400614,1,0
20,501,33.620092236637305,1,0
501,20,33.620092236637305,1,0
20,502,33.38065626976198,1,0
502,20,33.38065626976198,1,0
20,511,45.02742032362059,0,1
511,20,45.02742032362059,0,1
20,512,40.29479432879637,0,1
512,20,40.29479432879637,0,1
20,594,24.662937396019963,1,0
594,20,24.662937396019963,1,0
20,595,33.48745587529754,1,0
595,20,33.48745587529754,1,0
20,596,37.78413324399542,1,0
596,20,37.78413324399542,1,0
20,597,19.00030855012623,1,0
597,20,19.00030855012623,1,0
21,46,28.46049894151541,1,1
46,21,28.46049894151541,1,1
21,63,9.198369420718,0,1
63,21,9.198369420718,0,1
21,102,10.09418149232517,1,1
102,21,10.09418149232517,1,1
21,151,42.42973603500262,1,0
151,21,42.42973603500262,1,0
155,21,7.836196271150947,1,0
21,191,45.417204889777175,1,1
191,21,45.417204889777175,1,1
21,194,32.773922560474816,1,1
194,21,32.773922560474816,1,1
21,203,41.56309878967159,1,1
203,21,41.56309878967159,1,1
21,224,15.876476309307428,1,1
224,21,15.876476309307428,1,1
21,226,15.922207133434737,1,0
226,21,15.922207133434737,1,0
21,227,14.020724232364033,1,0
227,21,14.020724232364033,1,0
21,243,44.58183486578362,1,0
243,21,44.58183486578362,1,0
21,298,22.459853071647643,1,1
298,21,22.459853071647643,1,1
21,436,44.01437975253088,1,0
436,21,44.01437975253088,1,0
22,41,9.584980177339961,1,1
41,22,9.584980177339961,1,1
22,142,7.31462951898454,0,1
142,22,7.31462951898454,0,1
22,247,6.657730318960058,1,1
247,22,6.657730318960058,1,1
22,401,11.829614702094062,1,1
401,22,11.829614702094062,1,1
22,472,7.87254704654091,0,1
472,22,7.87254704654091,0,1
22,603,16.7134698073141,0,1
603,22,16.7134698073141,0,1
22,605,12.038413599806246,0,1
605,22,12.038413599806246,0,1
23,38,28.246949304305414,0,1
38,23,28.246949304305414,0,1
23,47,41.789808243159,1,1
47,23,41.789808243159,1,1
23,48,99.06938599789542,1,1
48,23,99.06938599789542,1,1
23,49,103.30493682782058,1,1
49,23,103.30493682782058,1,1
23,50,106.76145781132814,1,1
50,23,106.76145781132814,1,1
23,51,52.88666131455076,1,1
51,23,52.88666131455076,1,1
23,52,60.687088923427524,1,1
52,23,60.687088923427524,1,1
23,53,66.08073747318502,1,1
53,23,66.08073747318502,1,1
23,54,72.20299152389741,1,1
54,23,72.20299152389741,1,1
23,55,78.79068387823524,1,1
55,23,78.79068387823524,1,1
23,56,84.11146473578974,1,1
56,23,84.11146473578974,1,1
23,57,86.82176018717888,1,1
57,23,86.82176018717888,1,1
23,58,94.86140320488623,1,1
58,23,94.86140320488623,1,1
23,59,21.77351586216613,1,1
59,23,21.77351586216613,1,1
23,78,64.32936935024313,1,0
78,23,64.32936935024313,1,0
23,87,108.16221175623214,0,1
87,23,108.16221175623214,0,1
23,88,50.14044788391903,1,0
88,23,50.14044788391903,1,0
23,93,32.37249848250826,0,1
93,23,32.37249848250826,0,1
23,153,42.648757168292725,0,1
153,23,42.648757168292725,0,1
174,23,14.732043340962583,1,0
23,175,21.555657494031585,1,1
175,23,21.555657494031585,1,1
23,182,55.664447765157966,1,0
182,23,55.664447765157966,1,0
23,185,49.947741170147026,1,0
185,23,49.947741170147026,1,0
23,186,42.91529610756519,1,0
186,23,42.91529610756519,1,0
23,199,22.543307876174694,1,0
23,200,18.876111516941194,1,0
23,202,67.086908178869,1,0
202,23,67.086908178869,1,0
23,205,23.616703664991014,1,0
205,23,23.616703664991014,1,0
23,222,50.000960310778034,0,1
222,23,50.000960310778034,0,1
23,234,30.0540777932047,0,1
234,23,30.0540777932047,0,1
23,244,45.52242194787092,0,1
244,23,45.52242194787092,0,1
23,248,19.788141423590037,1,0
248,23,19.788141423590037,1,0
23,302,52.91278054496853,1,0
302,23,52.91278054496853,1,0
23,408,51.40029638046847,0,1
408,23,51.40029638046847,0,1
23,409,57.96924651054212,1,0
409,23,57.96924651054212,1,0
23,432,43.50676219853644,1,0
432,23,43.50676219853644,1,0
23,454,49.64316367839584,0,1
454,23,49.64316367839584,0,1
459,23,13.942588927455333,1,1
460,23,16.05838737233599,1,1
467,23,17.92703224184081,1,1
23,476,34.886559302975115,1,0
476,23,34.886559302975115,1,0
23,507,55.20481067805595,1,0
507,23,55.20481067805595,1,0
23,508,57.16088803543906,1,0
508,23,57.16088803543906,1,0
23,509,29.513583059330497,1,1
509,23,29.513583059330497,1,1
23,518,37.936063593894396,0,1
518,23,37.936063593894396,0,1
23,519,39.76906336588782,0,1
519,23,39.76906336588782,0,1
23,590,61.655007590624784,1,0
590,23,61.655007590624784,1,0
23,591,49.64939258440127,1,0
591,23,49.64939258440127,1,0
23,592,50.78984309879289,1,0
592,23,50.78984309879289,1,0
23,593,56.97599404135043,1,0
593,23,56.97599404135043,1,0
24,209,20.63508565526201,0,1
209,24,20.63508565526201,0,1
24,210,21.09313694072079,0,1
210,24,21.09313694072079,0,1
24,213,17.7909488223647,0,1
213,24,17.7909488223647,0,1
24,215,14.217599832601845,0,1
215,24,14.217599832601845,0,1
24,218,15.466656329019534,0,1
218,24,15.466656329019534,0,1
24,220,20.91596906672029,0,1
220,24,20.91596906672029,0,1
24,263,19.945483724392346,0,1
263,24,19.945483724392346,0,1
24,266,22.933664731132705,0,1
266,24,22.933664731132705,0,1
24,497,5.678639009481056,1,0
25,209,22.33067074675546,0,1
209,25,22.33067074675546,0,1
25,210,21.973870528425344,0,1
210,25,21.973870528425344,0,1
25,213,18.400600968446657,0,1
213,25,18.400600968446657,0,1
25,215,13.723665436026922,0,1
215,25,13.723665436026922,0,1
25,218,12.46356810869183,0,1
218,25,12.46356810869183,0,1
25,220,17.607393049511902,0,1
220,25,17.607393049511902,0,1
25,263,16.771548795504845,0,1
263,25,16.771548795504845,0,1
25,266,19.637610088806632,0,1
266,25,19.637610088806632,0,1
26,209,24.480005433005932,0,1
209,26,24.480005433005932,0,1
26,210,24.118813320725376,0,1
210,26,24.118813320725376,0,1
26,213,20.5231339224788,0,1
213,26,20.5231339224788,0,1
26,215,15.645380564243236,0,1
215,26,15.645380564243236,0,1
26,218,12.66219728167272,0,1
218,26,12.66219728167272,0,1
26,220,16.78668102991178,0,1
220,26,16.78668102991178,0,1
26,263,15.300131012510972,0,1
263,26,15.300131012510972,0,1
26,266,18.537387626092304,0,1
266,26,18.537387626092304,0,1
27,72,24.10443828426624,1,0
72,27,24.10443828426624,1,0
27,77,34.3516061487669,1,0
77,27,34.3516061487669,1,0
27,155,17.435916637791085,0,1
155,27,17.435916637791085,0,1
27,179,13.561070938535792,1,1
179,27,13.561070938535792,1,1
27,184,31.653461864383807,1,0
184,27,31.653461864383807,1,0
27,196,62.08428984050635,1,0
196,27,62.08428984050635,1,0
27,262,51.94028922715005,1,0
262,27,51.94028922715005,1,0
27,300,59.29087245099367,1,0
300,27,59.29087245099367,1,0
27,304,51.096467637205606,1,0
304,27,51.096467637205606,1,0
27,438,26.157065966961966,1,0
438,27,26.157065966961966,1,0
27,439,50.07197065225215,1,0
439,27,50.07197065225215,1,0
27,463,25.450838119794795,1,0
463,27,25.450838119794795,1,0
27,464,24.415930311990984,1,0
464,27,24.415930311990984,1,0
27,465,55.35905025377513,1,0
465,27,55.35905025377513,1,0
27,486,20.554326576173686,1,0
486,27,20.554326576173686,1,0
27,504,49.079613333847696,1,0
504,27,49.079613333847696,1,0
28,42,10.03156239077443,1,0
42,28,10.03156239077443,1,0
28,71,11.397020751055955,1,0
71,28,11.397020751055955,1,0
28,90,21.033527759270438,1,0
90,28,21.033527759270438,1,0
28,91,17.11228126229814,1,1
91,28,17.11228126229814,1,1
28,115,26.362467505906952,1,0
115,28,26.362467505906952,1,0
28,148,27.319307330164868,1,0
148,28,27.319307330164868,1,0
28,196,31.72256424061586,0,1
196,28,31.72256424061586,0,1
28,300,34.02704784432526,0,1
300,28,34.02704784432526,0,1
28,433,21.418271382163407,1,1
433,28,21.418271382163407,1,1
28,440,23.10067507671583,1,0
440,28,23.10067507671583,1,0
28,465,37.627374104500035,0,1
465,28,37.627374104500035,0,1
30,31,60.42303072504722,1,0
31,30,60.42303072504722,1,0
30,39,19.426171264559574,1,0
39,30,19.426171264559574,1,0
30,43,42.77151774253516,1,0
43,30,42.77151774253516,1,0
30,44,31.79903473377769,1,0
44,30,31.79903473377769,1,0
30,45,34.88347416757683,1,0
45,30,34.88347416757683,1,0
30,61,11.391692587144371,1,0
61,30,11.391692587144371,1,0
30,62,10.521535486800394,1,0
62,30,10.521535486800394,1,0
30,84,24.88994819199108,1,0
84,30,24.88994819199108,1,0
30,94,66.6831146543111,1,0
94,30,66.6831146543111,1,0
30,98,11.518941791675138,1,0
98,30,11.518941791675138,1,0
30,99,33.47507027625185,1,0
99,30,33.47507027625185,1,0
30,106,29.16890681873423,1,0
106,30,29.16890681873423,1,0
30,143,54.09222933102314,1,0
143,30,54.09222933102314,1,0
30,177,31.77072290647476,1,0
177,30,31.77072290647476,1,0
30,178,30.740581809718567,1,0
178,30,30.740581809718567,1,0
30,183,64.7130311452029,1,0
183,30,64.7130311452029,1,0
30,187,65.70810003340533,1,0
187,30,65.70810003340533,1,0
30,188,62.87778725432376,1,0
188,30,62.87778725432376,1,0
30,206,15.725099713515332,1,0
206,30,15.725099713515332,1,0
30,240,24.78108343071384,1,0
240,30,24.78108343071384,1,0
30,246,62.30024295297732,1,0
246,30,62.30024295297732,1,0
30,299,41.470548597769955,1,0
299,30,41.470548597769955,1,0
30,407,13.933675932789596,1,0
407,30,13.933675932789596,1,0
30,441,63.74441228845082,1,0
441,30,63.74441228845082,1,0
30,466,30.2610629357265,1,0
466,30,30.2610629357265,1,0
30,470,61.37441149208683,1,0
470,30,61.37441149208683,1,0
30,473,20.968361404745007,1,0
473,30,20.968361404745007,1,0
30,500,58.74600317468415,1,0
500,30,58.74600317468415,1,0
30,510,45.75607213255963,1,0
510,30,45.75607213255963,1,0
30,517,51.25147732504889,1,0
517,30,51.25147732504889,1,0
30,588,59.318243820935905,1,0
588,30,59.318243820935905,1,0
30,589,67.18035731521528,1,0
589,30,67.18035731521528,1,0
30,598,12.604918722467035,1,0
598,30,12.604918722467035,1,0
30,599,23.505304443890957,1,0
599,30,23.505304443890957,1,0
30,608,58.060538070190155,1,0
608,30,58.060538070190155,1,0
30,609,56.10121122578371,1,0
609,30,56.10121122578371,1,0
31,39,51.53020178497266,1,0
39,31,51.53020178497266,1,0
31,43,21.517613622332753,1,0
43,31,21.517613622332753,1,0
31,44,35.86348767200424,1,0
44,31,35.86348767200424,1,0
31,45,30.860320283496733,1,0
45,31,30.860320283496733,1,0
31,61,58.537851634647474,1,0
61,31,58.537851634647474,1,0
31,62,59.858197575603626,1,0
62,31,59.858197575603626,1,0
31,84,46.17541554766995,1,0
84,31,46.17541554766995,1,0
31,94,6.946808331888825,1,0
94,31,6.946808331888825,1,0
31,98,60.91799052825035,1,0
98,31,60.91799052825035,1,0
31,99,31.42315541125684,1,0
99,31,31.42315541125684,1,0
31,103,60.278555473733775,1,0
103,31,60.278555473733775,1,0
31,106,40.05186383927719,1,0
106,31,40.05186383927719,1,0
31,143,14.306909239944174,1,0
143,31,14.306909239944174,1,0
31,177,34.05867701482252,1,0
177,31,34.05867701482252,1,0
31,178,35.731991380274344,1,0
178,31,35.731991380274344,1,0
183,31,4.832732767286021,1,0
187,31,5.302855457204166,1,1
31,206,62.68867812452262,1,0
206,31,62.68867812452262,1,0
31,240,44.697612576064955,1,0
240,31,44.697612576064955,1,0
31,299,24.358525837989458,1,0
299,31,24.358525837989458,1,0
31,407,54.277050666004314,1,0
407,31,54.277050666004314,1,0
31,416,61.02480997102736,1,0
416,31,61.02480997102736,1,0
441,31,4.460100895719737,1,0
31,466,35.84815470843653,1,0
466,31,35.84815470843653,1,0
31,470,8.060927986280488,1,0
470,31,8.060927986280488,1,0
31,473,51.363401853849204,1,0
473,31,51.363401853849204,1,0
31,500,9.93679651598039,1,0
500,31,9.93679651598039,1,0
31,510,22.13461517623471,1,0
510,31,22.13461517623471,1,0
31,517,18.28940048224654,1,0
517,31,18.28940048224654,1,0
31,588,8.085495408445917,1,1
588,31,8.085495408445917,1,1
31,589,6.845534675976742,1,1
589,31,6.845534675976742,1,1
31,598,56.111457029736805,1,0
598,31,56.111457029736805,1,0
31,599,45.58659242584381,1,0
599,31,45.58659242584381,1,0
31,608,11.138284472933881,1,0
608,31,11.138284472933881,1,0
31,609,13.693553994489525,1,0
609,31,13.693553994489525,1,0
32,33,3.627955898298655,1,1
33,32,3.627955898298655,1,1
32,60,2.951257359160668,0,1
32,307,8.96233005417676,0,1
307,32,8.96233005417676,0,1
32,308,8.266216667859608,0,1
308,32,8.266216667859608,0,1
32,309,8.106006970142575,0,1
309,32,8.106006970142575,0,1
32,310,8.45428234683465,0,1
310,32,8.45428234683465,0,1
32,356,4.618062364238924,0,1
356,32,4.618062364238924,0,1
32,357,7.923304676711606,0,1
357,32,7.923304676711606,0,1
32,358,7.947870784052796,0,1
358,32,7.947870784052796,0,1
32,359,6.42678348787323,0,1
359,32,6.42678348787323,0,1
32,360,3.8566001866929374,0,1
360,32,3.8566001866929374,0,1
362,32,2.7671328121360568,0,1
32,363,2.9213154571185904,0,1
363,32,2.9213154571185904,0,1
365,32,2.2298950647956506,0,1
366,32,2.592236293241802,0,1
32,367,4.555432471236951,0,1
367,32,4.555432471236951,0,1
32,368,5.822973810691578,0,1
368,32,5.822973810691578,0,1
32,369,6.965525680090485,0,1
369,32,6.965525680090485,0,1
32,370,7.948961819005045,0,1
370,32,7.948961819005045,0,1
32,371,8.369331215814082,0,1
371,32,8.369331215814082,0,1
32,372,9.52641112906639,0,1
372,32,9.52641112906639,0,1
32,373,10.708234214846069,0,1
373,32,10.708234214846069,0,1
32,375,12.936870757644602,0,1
375,32,12.936870757644602,0,1
32,376,11.709760586792541,0,1
376,32,11.709760586792541,0,1
32,377,11.441073551026582,0,1
377,32,11.441073551026582,0,1
32,378,10.484605524291316,0,1
378,32,10.484605524291316,0,1
32,379,10.563181007632123,0,1
379,32,10.563181007632123,0,1
32,419,7.099309825609811,0,1
419,32,7.099309825609811,0,1
32,420,9.173873445824288,0,1
420,32,9.173873445824288,0,1
32,421,8.905532774629489,0,1
421,32,8.905532774629489,0,1
33,60,6.136267269276983,0,1
60,33,6.136267269276983,0,1
33,307,12.33502006483978,0,1
307,33,12.33502006483978,0,1
33,308,11.747894875253182,0,1
308,33,11.747894875253182,0,1
33,309,11.678286389706326,0,1
309,33,11.678286389706326,0,1
33,310,12.079983526478834,0,1
310,33,12.079983526478834,0,1
33,357,5.555047884582095,0,1
357,33,5.555047884582095,0,1
33,358,6.540987234355377,0,1
358,33,6.540987234355377,0,1
33,359,5.478179442113959,0,1
359,33,5.478179442113959,0,1
33,360,3.7000244593786134,0,1
360,33,3.7000244593786134,0,1
33,365,3.2597668628293035,0,1
365,33,3.2597668628293035,0,1
33,366,4.161820875530325,0,1
366,33,4.161820875530325,0,1
33,367,5.798544386309378,0,1
367,33,5.798544386309378,0,1
33,368,6.441987271021265,0,1
368,33,6.441987271021265,0,1
33,369,7.159694127544835,0,1
369,33,7.159694127544835,0,1
33,370,8.089329391241279,0,1
370,33,8.089329391241279,0,1
33,371,8.56667455901063,0,1
371,33,8.56667455901063,0,1
33,372,9.94761544290892,0,1
372,33,9.94761544290892,0,1
33,373,11.347191723065228,0,1
373,33,11.347191723065228,0,1
33,375,13.739278328937077,0,1
375,33,13.739278328937077,0,1
33,376,13.348825753600952,0,1
376,33,13.348825753600952,0,1
33,377,13.328554160148055,0,1
377,33,13.328554160148055,0,1
33,378,13.044061062414574,0,1
378,33,13.044061062414574,0,1
33,379,13.388196629867668,0,1
379,33,13.388196629867668,0,1
33,419,10.454263436512397,0,1
419,33,10.454263436512397,0,1
33,420,12.69717488262645,0,1
420,33,12.69717488262645,0,1
33,421,12.529404534933015,0,1
421,33,12.529404534933015,0,1
35,96,28.526102082128222,0,1
96,35,28.526102082128222,0,1
35,97,28.683079506914872,0,1
97,35,28.683079506914872,0,1
35,107,13.275967949644953,1,1
107,35,13.275967949644953,1,1
35,108,11.343125671524582,1,1
108,35,11.343125671524582,1,1
35,109,10.926815638602127,1,1
109,35,10.926815638602127,1,1
35,154,30.764210131254792,0,1
154,35,30.764210131254792,0,1
35,163,5.553972002090036,1,0
163,35,5.553972002090036,1,0
35,164,4.282709656280706,1,0
164,35,4.282709656280706,1,0
35,167,9.115964019235706,1,0
167,35,9.115964019235706,1,0
35,168,7.617007548900028,1,0
168,35,7.617007548900028,1,0
35,169,7.042272999536443,1,0
169,35,7.042272999536443,1,0
35,170,6.028537218927988,1,0
170,35,6.028537218927988,1,0
35,171,6.5710402525018825,1,1
171,35,6.5710402525018825,1,1
35,172,4.188523009367383,1,1
172,35,4.188523009367383,1,1
35,173,10.242738891527011,1,1
173,35,10.242738891527011,1,1
35,192,34.28759988683955,0,1
192,35,34.28759988683955,0,1
35,198,29.593386085407666,0,1
198,35,29.593386085407666,0,1
35,230,26.173007507735903,0,1
230,35,26.173007507735903,0,1
35,232,23.23562189828368,0,1
232,35,23.23562189828368,0,1
35,269,38.81840620118245,0,1
269,35,38.81840620118245,0,1
35,412,4.480708872488816,0,1
412,35,4.480708872488816,0,1
35,413,5.403889802725441,0,1
413,35,5.403889802725441,0,1
35,414,8.609410723156376,0,1
414,35,8.609410723156376,0,1
35,415,31.882032557539365,0,1
415,35,31.882032557539365,0,1
35,428,29.37356297761645,0,1
428,35,29.37356297761645,0,1
35,429,28.61777143664405,0,1
429,35,28.61777143664405,0,1
35,430,12.3446709150143,0,1
430,35,12.3446709150143,0,1
35,431,9.674227876166654,0,1
431,35,9.674227876166654,0,1
35,461,31.289828698796036,0,1
461,35,31.289828698796036,0,1
35,462,31.292331328937447,0,1
462,35,31.292331328937447,0,1
35,474,16.561090694758,0,1
474,35,16.561090694758,0,1
35,475,20.17563691683611,0,1
475,35,20.17563691683611,0,1
36,86,11.39714525659825,1,0
86,36,11.39714525659825,1,0
36,96,27.08346395865935,0,1
96,36,27.08346395865935,0,1
36,97,27.24033278063981,1,1
97,36,27.24033278063981,1,1
36,107,15.464410916682212,0,1
107,36,15.464410916682212,0,1
36,108,13.52289392105107,0,1
108,36,13.52289392105107,0,1
36,109,13.096174250520646,0,1
109,36,13.096174250520646,0,1
36,154,29.392297375332877,0,1
154,36,29.392297375332877,0,1
36,171,8.681016645531788,0,1
171,36,8.681016645531788,0,1
36,172,6.381149504595547,0,1
172,36,6.381149504595547,0,1
36,173,12.405999355150716,0,1
173,36,12.405999355150716,0,1
36,192,35.047560514249774,0,1
192,36,35.047560514249774,0,1
36,198,28.97973119268017,0,1
198,36,28.97973119268017,0,1
36,228,6.060635692730591,1,0
228,36,6.060635692730591,1,0
36,229,4.651915734404484,1,0
229,36,4.651915734404484,1,0
36,230,24.647194282514185,1,1
230,36,24.647194282514185,1,1
36,232,21.565423367047536,0,1
232,36,21.565423367047536,0,1
36,233,12.408668099356998,1,0
233,36,12.408668099356998,1,0
36,250,2.6135646156159984,1,0
36,252,2.5036345579976325,1,0
252,36,2.5036345579976325,1,0
36,269,39.835174657581206,0,1
269,36,39.835174657581206,0,1
36,410,4.49255472977236,1,0
410,36,4.49255472977236,1,0
36,412,2.6858860735332764,1,1
412,36,2.6858860735332764,1,1
36,413,4.024681975013678,1,1
413,36,4.024681975013678,1,1
36,414,6.788061947271843,1,1
414,36,6.788061947271843,1,1
36,415,30.722485576528474,0,1
415,36,30.722485576528474,0,1
36,428,29.242679528387956,0,1
428,36,29.242679528387956,0,1
36,429,28.33073415921303,0,1
429,36,28.33073415921303,0,1
36,430,10.522228851341335,1,1
430,36,10.522228851341335,1,1
36,431,7.796763238677958,1,1
431,36,7.796763238677958,1,1
36,461,30.232963797815128,0,1
461,36,30.232963797815128,0,1
36,462,30.236605629600685,0,1
462,36,30.236605629600685,0,1
36,474,14.755414091105678,1,1
474,36,14.755414091105678,1,1
36,475,18.37518993099119,0,1
475,36,18.37518993099119,0,1
36,487,8.070628847865574,1,0
487,36,8.070628847865574,1,0
37,64,9.935408245260987,1,1
64,37,9.935408245260987,1,1
37,65,11.181583608773847,0,1
65,37,11.181583608773847,0,1
37,95,11.87115162905436,1,0
95,37,11.87115162905436,1,0
37,152,11.975917501385855,1,0
152,37,11.975917501385855,1,0
37,195,7.204504493717802,1,1
195,37,7.204504493717802,1,1
37,514,11.584598094021215,0,1
514,37,11.584598094021215,0,1
38,47,64.95759219675557,0,1
47,38,64.95759219675557,0,1
38,48,114.87723538195024,0,1
48,38,114.87723538195024,0,1
38,49,118.06551784496607,0,1
49,38,118.06551784496607,0,1
38,50,121.37210673379613,0,1
50,38,121.37210673379613,0,1
38,51,74.63923686640962,0,1
51,38,74.63923686640962,0,1
38,52,82.21967857514404,0,1
52,38,82.21967857514404,0,1
38,53,87.32413784286679,0,1
53,38,87.32413784286679,0,1
38,54,93.49084345538871,0,1
54,38,93.49084345538871,0,1
38,55,99.86399485800676,0,1
55,38,99.86399485800676,0,1
38,56,104.39620886315747,0,1
56,38,104.39620886315747,0,1
38,57,105.15244792680768,0,1
57,38,105.15244792680768,0,1
38,58,111.42029512166982,0,1
58,38,111.42029512166982,0,1
38,87,122.82430487896114,0,1
87,38,122.82430487896114,0,1
38,153,15.994842575030239,1,1
153,38,15.994842575030239,1,1
38,175,47.234713135574346,0,1
175,38,47.234713135574346,0,1
38,221,58.688783638783995,1,0
221,38,58.688783638783995,1,0
38,222,31.412500075606843,1,1
222,38,31.412500075606843,1,1
38,244,18.8893320421872,1,1
244,38,18.8893320421872,1,1
38,268,37.76679850079962,1,0
268,38,37.76679850079962,1,0
38,303,38.5438325676106,1,0
303,38,38.5438325676106,1,0
38,408,33.890073251617494,1,1
408,38,33.890073251617494,1,1
38,434,19.555242877550768,0,1
38,454,22.600897880394044,1,1
454,38,22.600897880394044,1,1
38,459,39.63410583071101,0,1
459,38,39.63410583071101,0,1
38,460,41.838661020639755,0,1
460,38,41.838661020639755,0,1
38,493,42.59726669635037,1,0
493,38,42.59726669635037,1,0
38,494,38.97035551544276,1,0
494,38,38.97035551544276,1,0
38,503,38.23259249645517,1,0
503,38,38.23259249645517,1,0
38,505,32.650298620380184,1,0
505,38,32.650298620380184,1,0
38,506,29.22340036682932,1,0
506,38,29.22340036682932,1,0
38,509,54.40926615935929,0,1
509,38,54.40926615935929,0,1
518,38,12.004175940063524,1,1
38,519,13.274266834744584,1,1
519,38,13.274266834744584,1,1
39,43,30.651101122145676,1,1
43,39,30.651101122145676,1,1
39,44,16.58426929352029,1,0
44,39,16.58426929352029,1,0
39,45,21.228702268391256,1,0
45,39,21.228702268391256,1,0
39,61,9.677000051668905,1,0
61,39,9.677000051668905,1,0
39,62,11.23351703608447,1,0
62,39,11.23351703608447,1,0
39,94,56.66428548918622,1,0
94,39,56.66428548918622,1,0
39,98,11.570695484714822,1,0
98,39,11.570695484714822,1,0
39,99,20.33433057663812,1,1
99,39,20.33433057663812,1,1
39,103,15.715623627460667,1,0
103,39,15.715623627460667,1,0
39,106,12.645307627732906,1,0
106,39,12.645307627732906,1,0
39,143,41.533567580933855,1,1
143,39,41.533567580933855,1,1
39,177,17.81041515518378,1,1
177,39,17.81041515518378,1,1
39,178,16.222542587399793,1,1
178,39,16.222542587399793,1,1
39,183,54.98260635873858,1,0
183,39,54.98260635873858,1,0
39,187,56.459345550581794,1,0
187,39,56.459345550581794,1,0
39,188,53.1217940209101,1,0
188,39,53.1217940209101,1,0
39,206,11.62315297154778,1,0
206,39,11.62315297154778,1,0
39,240,7.4122499957840065,1,0
39,246,52.28024646078096,1,0
246,39,52.28024646078096,1,0
39,299,28.35635373245298,1,0
299,39,28.35635373245298,1,0
39,416,20.319847440372186,1,0
416,39,20.319847440372186,1,0
39,441,53.8297090090593,1,0
441,39,53.8297090090593,1,0
39,466,15.9756846488656,1,1
466,39,15.9756846488656,1,1
39,470,50.079676995763464,1,0
470,39,50.079676995763464,1,0
39,500,46.992896622787576,1,0
500,39,46.992896622787576,1,0
39,510,32.156277847412625,1,0
510,39,32.156277847412625,1,0
39,517,37.841800089319214,1,0
517,39,37.841800089319214,1,0
39,588,48.069671311545285,1,0
588,39,48.069671311545285,1,0
39,589,58.31553323943802,1,0
589,39,58.31553323943802,1,0
598,39,7.35248379801003,1,0
39,608,46.00612477703376,1,0
608,39,46.00612477703376,1,0
39,609,43.46950697903072,1,0
609,39,43.46950697903072,1,0
40,83,17.5028733926747,0,1
83,40,17.5028733926747,0,1
40,89,45.60682273520048,0,1
89,40,45.60682273520048,0,1
40,119,16.07201944374135,0,1
119,40,16.07201944374135,0,1
40,150,37.44716604764638,0,1
150,40,37.44716604764638,0,1
40,184,22.88831361197238,0,1
184,40,22.88831361197238,0,1
40,197,23.940099790936543,0,1
197,40,23.940099790936543,0,1
210,40,8.741652990138649,1,0
40,211,9.518481654129507,1,0
211,40,9.518481654129507,1,0
40,212,10.892301180191447,1,0
212,40,10.892301180191447,1,0
40,213,10.839519039145602,1,0
213,40,10.839519039145602,1,0
40,214,16.067282439790496,1,0
214,40,16.067282439790496,1,0
40,215,16.888094978416007,1,0
215,40,16.888094978416007,1,0
40,216,19.10959680370049,1,0
216,40,19.10959680370049,1,0
40,217,26.50913286020499,1,0
217,40,26.50913286020499,1,0
40,218,29.602751307944335,1,0
218,40,29.602751307944335,1,0
40,219,36.47831542163097,1,0
219,40,36.47831542163097,1,0
40,220,37.826494220321294,1,0
220,40,37.826494220321294,1,0
40,235,48.84783770035271,0,1
235,40,48.84783770035271,0,1
40,304,43.720102756054914,0,1
304,40,43.720102756054914,0,1
40,437,9.99577635804243,1,1
437,40,9.99577635804243,1,1
40,438,17.6583070536221,0,1
438,40,17.6583070536221,0,1
40,463,17.71172812009037,0,1
463,40,17.71172812009037,0,1
40,464,17.42630428404141,0,1
464,40,17.42630428404141,0,1
41,142,15.824462708098496,0,1
142,41,15.824462708098496,0,1
149,41,7.406967665651039,1,1
41,472,16.221620695849104,0,1
472,41,16.221620695849104,0,1
41,603,25.62611031740869,0,1
603,41,25.62611031740869,0,1
41,605,20.470158792740225,0,1
605,41,20.470158792740225,0,1
42,90,11.35573625970593,1,1
90,42,11.35573625970593,1,1
42,98,24.893791434813622,0,1
98,42,24.893791434813622,0,1
42,103,27.71950858150267,0,1
103,42,27.71950858150267,0,1
42,115,16.676674998332253,1,1
115,42,16.676674998332253,1,1
42,148,17.522787592161244,1,1
148,42,17.522787592161244,1,1
42,180,13.28470353451668,1,1
180,42,13.28470353451668,1,1
42,189,25.18745644164968,0,1
189,42,25.18745644164968,0,1
42,225,27.269778876991285,0,1
225,42,27.269778876991285,0,1
249,42,7.3750962705581005,1,0
42,433,12.312976610064684,1,0
433,42,12.312976610064684,1,0
42,440,13.49710802357305,1,1
440,42,13.49710802357305,1,1
453,42,8.231605068271922,1,1
42,587,12.783392429241934,1,0
587,42,12.783392429241934,1,0
43,44,14.44412641872121,1,0
44,43,14.44412641872121,1,0
45,43,9.495104001536793,1,0
43,61,38.595726836011266,1,0
61,43,38.595726836011266,1,0
43,62,40.040408402013085,1,0
62,43,40.040408402013085,1,0
43,84,24.896348507361477,1,0
84,43,24.896348507361477,1,0
43,94,26.07884679198833,1,0
94,43,26.07884679198833,1,0
43,98,40.93579355527385,1,0
98,43,40.93579355527385,1,0
99,43,10.323032500191017,1,1
43,103,41.592713616690126,1,0
103,43,41.592713616690126,1,0
43,106,18.64881779094857,1,0
106,43,18.64881779094857,1,0
43,143,11.352921914643824,1,1
143,43,11.352921914643824,1,1
43,177,12.856581505205806,1,1
177,43,12.856581505205806,1,1
43,178,14.488743492794674,1,1
178,43,14.488743492794674,1,1
43,183,24.48857696968119,1,0
183,43,24.48857696968119,1,0
43,187,26.10731123650997,1,0
187,43,26.10731123650997,1,0
43,188,22.65137964893088,1,0
188,43,22.65137964893088,1,0
43,206,42.13370723067221,1,0
206,43,42.13370723067221,1,0
43,240,23.51331643983894,1,0
240,43,23.51331643983894,1,0
43,246,21.74388120828478,1,0
246,43,21.74388120828478,1,0
43,407,34.111607481911484,1,0
407,43,34.111607481911484,1,0
43,416,43.516095872676814,1,0
416,43,43.516095872676814,1,0
43,441,23.29978480587321,1,0
441,43,23.29978480587321,1,0
43,466,14.689196710508034,1,1
466,43,14.689196710508034,1,1
43,470,19.45372067240609,1,0
470,43,19.45372067240609,1,0
43,473,30.296980212555837,1,0
473,43,30.296980212555837,1,0
43,500,16.44673624157693,1,0
500,43,16.44673624157693,1,0
43,588,17.429322993162987,1,0
588,43,17.429322993162987,1,0
43,589,28.08421294962706,1,0
589,43,28.08421294962706,1,0
43,598,36.06201905051906,1,0
598,43,36.06201905051906,1,0
43,599,24.515211298293966,1,0
599,43,24.515211298293966,1,0
43,608,15.565574740432812,1,0
608,43,15.565574740432812,1,0
43,609,13.362209285892808,1,0
609,43,13.362209285892808,1,0
44,45,5.006169393857943,1,1
44,61,25.353556634129266,1,0
61,44,25.353556634129266,1,0
44,62,26.88479229973704,1,0
62,44,26.88479229973704,1,0
44,84,10.499649756063294,1,0
84,44,10.499649756063294,1,0
44,94,40.49967083816855,1,0
94,44,40.49967083816855,1,0
44,98,27.582462000336374,1,0
98,44,27.582462000336374,1,0
44,103,29.58736923080523,1,0
103,44,29.58736923080523,1,0
44,143,24.990888899757046,1,0
143,44,24.990888899757046,1,0
44,183,38.93162429182733,1,0
183,44,38.93162429182733,1,0
44,187,40.544472964881415,1,0
187,44,40.544472964881415,1,0
44,188,37.09550360892813,1,0
188,44,37.09550360892813,1,0
44,206,28.20271031301779,1,0
206,44,28.20271031301779,1,0
44,208,33.088391922243666,0,1
208,44,33.088391922243666,0,1
44,239,30.339236064871507,0,1
239,44,30.339236064871507,0,1
44,240,9.229283504151336,1,0
240,44,9.229283504151336,1,0
44,246,36.183275832903796,1,0
246,44,36.183275832903796,1,0
44,299,11.89911647980639,1,1
299,44,11.89911647980639,1,1
44,406,29.551748002444796,0,1
406,44,29.551748002444796,0,1
44,407,20.777561189899068,1,0
407,44,20.777561189899068,1,0
44,416,32.64607008508069,1,0
416,44,32.64607008508069,1,0
44,441,37.73933852096509,1,0
441,44,37.73933852096509,1,0
44,470,33.674316206866024,1,0
470,44,33.674316206866024,1,0
44,473,16.041105510531374,1,0
473,44,16.041105510531374,1,0
44,500,30.52817159608482,1,0
500,44,30.52817159608482,1,0
44,510,15.574845264078869,1,1
510,44,15.574845264078869,1,1
44,517,21.25754722445654,1,1
517,44,21.25754722445654,1,1
44,588,31.697197478641545,1,0
588,44,31.697197478641545,1,0
44,589,42.503533323713214,1,0
589,44,42.503533323713214,1,0
44,598,22.78849187638357,1,0
598,44,22.78849187638357,1,0
44,599,10.356800905685112,1,0
599,44,10.356800905685112,1,0
44,606,32.01557385086202,0,1
606,44,32.01557385086202,0,1
44,607,30.791609279152656,0,1
607,44,30.791609279152656,0,1
44,608,29.49987005056124,1,1
608,44,29.49987005056124,1,1
44,609,26.909080121773023,1,1
609,44,26.909080121773023,1,1
45,61,29.532920783424046,1,0
61,45,29.532920783424046,1,0
45,62,31.023582207733522,1,0
62,45,31.023582207733522,1,0
45,84,15.402321026390794,1,0
84,45,15.402321026390794,1,0
45,94,35.573808483208545,1,0
94,45,35.573808483208545,1,0
45,98,31.831053171392238,1,0
98,45,31.831053171392238,1,0
45,103,33.15080237339663,1,0
103,45,33.15080237339663,1,0
45,106,9.192939954116964,1,0
106,45,9.192939954116964,1,0
45,143,20.348192352147645,1,0
143,45,20.348192352147645,1,0
178,45,5.012140460920863,1,0
45,183,33.97546611895119,1,0
183,45,33.97546611895119,1,0
45,187,35.56540819391787,1,0
187,45,35.56540819391787,1,0
45,188,32.13292392546934,1,0
188,45,32.13292392546934,1,0
45,206,32.78165610520616,1,0
206,45,32.78165610520616,1,0
45,208,28.772725209823278,0,1
208,45,28.772725209823278,0,1
45,239,26.49060084256301,0,1
239,45,26.49060084256301,0,1
45,240,14.024674042557994,1,0
240,45,14.024674042557994,1,0
45,246,31.235728165035628,1,0
246,45,31.235728165035628,1,0
45,299,7.143911043679085,1,1
45,406,26.561395031134943,0,1
406,45,26.561395031134943,0,1
45,407,24.9864984541652,1,0
407,45,24.9864984541652,1,0
45,416,35.68960700259951,1,0
416,45,35.68960700259951,1,0
45,441,32.79135013993782,1,0
441,45,32.79135013993782,1,0
466,45,5.262594417205263,1,0
45,470,28.85889990973322,1,0
470,45,28.85889990973322,1,0
45,473,20.821127010803234,1,0
473,45,20.821127010803234,1,0
45,500,25.764357259594114,1,0
500,45,25.764357259594114,1,0
45,510,11.160000403225798,1,1
45,517,16.846156891113175,1,1
517,45,16.846156891113175,1,1
45,588,26.858107528267883,1,0
588,45,26.858107528267883,1,0
45,589,37.51321341874087,1,0
589,45,37.51321341874087,1,0
45,598,26.973511339831155,1,0
598,45,26.973511339831155,1,0
45,599,15.051857991623493,1,0
599,45,15.051857991623493,1,0
45,606,27.424578702324673,0,1
606,45,27.424578702324673,0,1
45,607,26.146977530873432,0,1
607,45,26.146977530873432,0,1
45,608,24.786942227713364,1,1
608,45,24.786942227713364,1,1
45,609,22.309119771967698,1,1
609,45,22.309119771967698,1,1
46,63,37.613960174382065,0,1
63,46,37.613960174382065,0,1
46,102,18.547034803439605,1,1
102,46,18.547034803439605,1,1
46,151,16.63076967551412,1,0
151,46,16.63076967551412,1,0
46,152,31.360006377550373,0,1
152,46,31.360006377550373,0,1
46,155,20.679312657823036,1,0
155,46,20.679312657823036,1,0
46,191,19.965532800303627,1,1
191,46,19.965532800303627,1,1
46,203,16.329886129425397,1,1
203,46,16.329886129425397,1,1
46,224,13.25,1,1
224,46,13.25,1,1
46,226,14.048369300385009,1,0
226,46,14.048369300385009,1,0
46,227,15.29420504635661,1,0
227,46,15.29420504635661,1,0
46,231,24.353631289809737,1,1
231,46,24.353631289809737,1,1
46,243,18.59946235782099,1,0
243,46,18.59946235782099,1,0
46,436,17.748679528348017,1,0
436,46,17.748679528348017,1,0
47,48,60.605455802262554,1,1
48,47,60.605455802262554,1,1
47,49,65.67624989294075,1,1
49,47,65.67624989294075,1,1
47,50,69.12229328516234,1,1
50,47,69.12229328516234,1,1
47,53,24.560886669662395,1,1
53,47,24.560886669662395,1,1
47,54,30.567558652924834,1,1
54,47,30.567558652924834,1,1
47,55,37.157058185491486,1,1
55,47,37.157058185491486,1,1
47,56,42.722756102573726,1,1
56,47,42.722756102573726,1,1
47,57,46.622694656143594,1,1
57,47,46.622694656143594,1,1
47,58,55.87613176482423,1,1
58,47,55.87613176482423,1,1
47,59,60.15272085284256,1,1
59,47,60.15272085284256,1,1
47,78,105.45534442597018,1,0
78,47,105.45534442597018,1,0
47,87,70.41103360269611,0,1
87,47,70.41103360269611,0,1
47,88,91.92295004513291,1,0
88,47,91.92295004513291,1,0
47,93,66.96803073855465,0,1
93,47,66.96803073855465,0,1
47,153,74.44975436494066,0,1
153,47,74.44975436494066,0,1
47,174,36.53367854459772,1,0
174,47,36.53367854459772,1,0
47,175,20.610574688736847,1,1
175,47,20.610574688736847,1,1
47,182,96.87220981272183,1,0
182,47,96.87220981272183,1,0
47,185,91.73659039336485,1,0
185,47,91.73659039336485,1,0
47,199,61.198360411043694,1,0
199,47,61.198360411043694,1,0
47,200,56.51541111059885,1,0
200,47,56.51541111059885,1,0
47,202,107.37681914640608,1,0
202,47,107.37681914640608,1,0
47,205,24.16811339347778,1,0
205,47,24.16811339347778,1,0
47,222,70.56775683695777,0,1
222,47,70.56775683695777,0,1
47,234,65.68694370268722,0,1
234,47,65.68694370268722,0,1
47,244,76.74136496701111,0,1
244,47,76.74136496701111,0,1
47,248,28.071799514815574,1,0
248,47,28.071799514815574,1,0
47,302,94.26703084323809,1,0
302,47,94.26703084323809,1,0
47,408,70.2443221975983,0,1
408,47,70.2443221975983,0,1
47,409,99.08111994724324,1,0
409,47,99.08111994724324,1,0
47,434,50.24138250486346,1,1
434,47,50.24138250486346,1,1
47,454,80.8307743436867,0,1
454,47,80.8307743436867,0,1
47,459,27.86084551839732,1,1
459,47,27.86084551839732,1,1
47,460,25.82180667575373,1,1
460,47,25.82180667575373,1,1
47,467,57.4868228553292,1,1
467,47,57.4868228553292,1,1
47,476,75.93342168636943,1,0
476,47,75.93342168636943,1,0
47,507,93.64705475881236,1,0
507,47,93.64705475881236,1,0
47,508,95.92213925888016,1,0
508,47,95.92213925888016,1,0
47,518,70.012989423392,0,1
518,47,70.012989423392,0,1
47,519,71.98974349169471,0,1
519,47,71.98974349169471,0,1
47,590,102.71039269713654,1,0
590,47,102.71039269713654,1,0
47,591,91.35597563925415,1,0
591,47,91.35597563925415,1,0
47,592,92.38449331462505,1,0
592,47,92.38449331462505,1,0
47,593,98.14595197969196,1,0
593,47,98.14595197969196,1,0
48,51,49.39739856510665,1,1
51,48,49.39739856510665,1,1
48,52,42.8840752261256,1,1
52,48,42.8840752261256,1,1
48,53,38.24969841711174,1,1
53,48,38.24969841711174,1,1
48,54,34.31595554548933,1,1
54,48,34.31595554548933,1,1
48,55,29.91953803119293,1,1
55,48,29.91953803119293,1,1
48,56,24.316704423091544,1,1
56,48,24.316704423091544,1,1
48,59,112.2758559308278,1,1
59,48,112.2758559308278,1,1
48,78,157.7921008827755,1,0
78,48,157.7921008827755,1,0
48,88,147.35550356875038,1,0
88,48,147.35550356875038,1,0
48,93,114.70526622609792,0,1
93,48,114.70526622609792,0,1
48,153,118.1596524114725,0,1
153,48,118.1596524114725,0,1
48,174,96.82480261276034,1,0
174,48,96.82480261276034,1,0
48,175,80.0914473836002,1,1
175,48,80.0914473836002,1,1
48,182,149.76606961858883,1,0
182,48,149.76606961858883,1,0
48,185,147.52873239474403,1,0
185,48,147.52873239474403,1,0
48,186,64.21200848750956,1,0
186,48,64.21200848750956,1,0
48,199,120.49956157596591,1,0
199,48,120.49956157596591,1,0
48,200,116.0039959484155,1,0
200,48,116.0039959484155,1,0
48,202,157.7694496314163,1,0
202,48,157.7694496314163,1,0
48,205,84.77002509142015,1,0
205,48,84.77002509142015,1,0
48,222,104.90594565609712,0,1
222,48,104.90594565609712,0,1
48,234,114.55505248569354,0,1
234,48,114.55505248569354,0,1
48,244,119.42465093103684,0,1
244,48,119.42465093103684,0,1
48,248,88.57991386877727,1,0
248,48,88.57991386877727,1,0
48,302,147.66208196080672,1,0
302,48,147.66208196080672,1,0
48,408,103.04316284936134,0,1
408,48,103.04316284936134,0,1
48,409,151.64010203438932,1,0
409,48,151.64010203438932,1,0
48,432,63.66397418477737,1,0
432,48,63.66397418477737,1,0
48,434,105.84714003221816,1,1
434,48,105.84714003221816,1,1
48,454,122.66484083876684,0,1
454,48,122.66484083876684,0,1
48,459,86.07792955223772,1,1
459,48,86.07792955223772,1,1
48,460,84.45447271163322,1,1
460,48,84.45447271163322,1,1
48,467,110.99640942390884,1,1
467,48,110.99640942390884,1,1
48,476,133.94496210757612,1,0
476,48,133.94496210757612,1,0
48,507,141.96324194663913,1,0
507,48,141.96324194663913,1,0
48,508,144.50139980290848,1,0
508,48,144.50139980290848,1,0
48,509,72.89400834773733,1,1
509,48,72.89400834773733,1,1
48,518,114.92682246107738,0,1
518,48,114.92682246107738,0,1
48,519,116.60305142233628,0,1
519,48,116.60305142233628,0,1
48,590,154.97783906417072,1,0
590,48,154.97783906417072,1,0
48,591,146.1547252811212,1,0
591,48,146.1547252811212,1,0
48,592,146.63406699672487,1,0
592,48,146.63406699672487,1,0
48,593,150.88987662861945,1,0
593,48,150.88987662861945,1,0
49,51,54.63584530324391,1,1
51,49,54.63584530324391,1,1
49,52,48.3828651177253,1,1
52,49,48.3828651177253,1,1
49,53,43.90994732404037,1,1
53,49,43.90994732404037,1,1
49,54,40.20540413924476,1,1
54,49,40.20540413924476,1,1
49,55,35.95836916491069,1,1
55,49,35.95836916491069,1,1
49,56,30.386699541082116,1,1
56,49,30.386699541082116,1,1
57,49,21.822620305545346,1,1
49,59,115.74448317738518,1,1
59,49,115.74448317738518,1,1
49,78,160.99757236679068,1,0
78,49,160.99757236679068,1,0
49,88,151.0527660289609,1,0
88,49,151.0527660289609,1,0
49,93,117.65177636143025,0,1
93,49,117.65177636143025,0,1
49,153,120.63222714100905,0,1
153,49,120.63222714100905,0,1
49,174,101.64751166654302,1,0
174,49,101.64751166654302,1,0
49,175,84.80429593481688,1,1
175,49,84.80429593481688,1,1
49,182,153.08467837768742,1,0
182,49,153.08467837768742,1,0
49,185,151.2813944839219,1,0
185,49,151.2813944839219,1,0
49,186,69.58637646120108,1,0
186,49,69.58637646120108,1,0
49,199,124.98474921765455,1,0
199,49,124.98474921765455,1,0
49,200,120.54652144711602,1,0
200,49,120.54652144711602,1,0
49,202,160.71551813686193,1,0
202,49,160.71551813686193,1,0
49,205,89.7970964174232,1,0
205,49,89.7970964174232,1,0
49,222,106.61910281464574,0,1
222,49,106.61910281464574,0,1
49,234,117.62824691799159,0,1
234,49,117.62824691799159,0,1
49,244,121.77333894165832,0,1
244,49,121.77333894165832,0,1
49,248,93.51607331362882,1,0
248,49,93.51607331362882,1,0
49,302,151.06007157419197,1,0
302,49,151.06007157419197,1,0
49,408,104.63905361288394,0,1
408,49,104.63905361288394,0,1
49,409,154.90394885218387,1,0
409,49,154.90394885218387,1,0
49,432,69.05113655835073,1,0
432,49,69.05113655835073,1,0
49,434,109.80245332414026,1,1
434,49,109.80245332414026,1,1
49,454,124.88597335569756,0,1
454,49,124.88597335569756,0,1
49,459,90.5527932920901,1,1
459,49,90.5527932920901,1,1
49,460,89.00209581801992,1,1
460,49,89.00209581801992,1,1
49,467,114.64342249776041,1,1
467,49,114.64342249776041,1,1
49,476,138.12359736482395,1,0
476,49,138.12359736482395,1,0
49,507,144.74131215724142,1,0
507,49,144.74131215724142,1,0
49,508,147.29451164249127,1,0
508,49,147.29451164249127,1,0
49,509,77.77985469258734,1,1
509,49,77.77985469258734,1,1
49,518,117.56598082778878,0,1
518,49,117.56598082778878,0,1
49,519,119.1902056714393,0,1
519,49,119.1902056714393,0,1
49,590,158.18641663556326,1,0
590,49,158.18641663556326,1,0
49,591,149.76114350858836,1,0
591,49,149.76114350858836,1,0
49,592,150.15805334713153,1,0
592,49,150.15805334713153,1,0
49,593,154.1825820577668,1,0
593,49,154.1825820577668,1,0
50,51,58.05467496248687,1,1
51,50,58.05467496248687,1,1
50,52,51.73605060303695,1,1
52,50,51.73605060303695,1,1
50,53,47.19986433243214,1,1
53,50,47.19986433243214,1,1
50,54,43.34991147626486,1,1
54,50,43.34991147626486,1,1
50,55,38.89408289187444,1,1
55,50,38.89408289187444,1,1
50,56,33.17592829145855,1,1
56,50,33.17592829145855,1,1
57,50,24.854344730851388,1,1
50,59,119.10357628971516,1,1
59,50,119.10357628971516,1,1
50,78,164.30016910825137,1,0
78,50,164.30016910825137,1,0
50,88,154.44405840303472,1,0
88,50,154.44405840303472,1,0
50,93,120.90757298035552,0,1
93,50,120.90757298035552,0,1
50,153,123.772584500769,0,1
153,50,123.772584500769,0,1
50,174,105.11569894644663,1,0
174,50,105.11569894644663,1,0
50,175,88.27537758627827,1,1
175,50,88.27537758627827,1,1
50,182,156.41066425598993,1,0
182,50,156.41066425598993,1,0
50,185,154.68084991362053,1,0
185,50,154.68084991362053,1,0
50,186,72.97954936829906,1,0
186,50,72.97954936829906,1,0
50,199,128.45377679149803,1,0
199,50,128.45377679149803,1,0
50,200,124.0172207558289,1,0
200,50,124.0172207558289,1,0
50,202,163.96220942949017,1,0
202,50,163.96220942949017,1,0
50,205,93.25036858908386,1,0
205,50,93.25036858908386,1,0
50,222,109.54756450966859,0,1
222,50,109.54756450966859,0,1
50,234,120.91137866222516,0,1
234,50,120.91137866222516,0,1
50,244,124.8803398858283,0,1
244,50,124.8803398858283,0,1
50,248,96.97745000256504,1,0
248,50,96.97745000256504,1,0
50,302,154.40121040004834,1,0
302,50,154.40121040004834,1,0
50,408,107.53159272511498,0,1
408,50,107.53159272511498,0,1
50,409,158.21904235900303,1,0
409,50,158.21904235900303,1,0
50,432,72.4410488949463,1,0
432,50,72.4410488949463,1,0
50,434,113.2321928825897,1,1
434,50,113.2321928825897,1,1
50,454,127.95662916004,0,1
454,50,127.95662916004,0,1
50,459,94.02236510533012,1,1
459,50,94.02236510533012,1,1
50,460,92.47337440041863,1,1
460,50,92.47337440041863,1,1
50,467,118.03151510084075,1,1
467,50,118.03151510084075,1,1
50,476,141.57353177059616,1,0
476,50,141.57353177059616,1,0
50,507,147.95162682444555,1,0
507,50,147.95162682444555,1,0
50,508,150.50790192212503,1,0
508,50,150.50790192212503,1,0
50,509,81.2437115412633,1,1
509,50,81.2437115412633,1,1
50,518,120.74974387136398,0,1
518,50,120.74974387136398,0,1
50,519,122.36044117687709,0,1
519,50,122.36044117687709,0,1
50,590,161.49001105021944,1,0
590,50,161.49001105021944,1,0
50,591,153.1383815312151,1,0
591,50,153.1383815312151,1,0
50,592,153.52159020802253,1,0
592,50,153.52159020802253,1,0
50,593,157.50342363580546,1,0
593,50,157.50342363580546,1,0
51,54,19.326894473763755,1,1
54,51,19.326894473763755,1,1
51,55,25.90783535921131,1,1
55,51,25.90783535921131,1,1
51,56,31.29924384070644,1,1
56,51,31.29924384070644,1,1
51,57,35.13753902879369,1,1
57,51,35.13753902879369,1,1
51,58,44.57796968234421,1,1
58,51,44.57796968234421,1,1
51,59,70.27605630654014,1,1
59,51,70.27605630654014,1,1
51,78,115.953099087519,1,0
78,51,115.953099087519,1,0
51,87,59.30856974333473,0,1
87,51,59.30856974333473,0,1
51,88,102.91932915152528,1,0
88,51,102.91932915152528,1,0
51,93,76.17492724643719,0,1
93,51,76.17492724643719,0,1
51,153,82.85342380976178,0,1
153,51,82.85342380976178,0,1
51,174,48.049461724352334,1,0
174,51,48.049461724352334,1,0
51,175,32.02662962286229,1,1
175,51,32.02662962286229,1,1
51,182,107.43487390042398,1,0
182,51,107.43487390042398,1,0
51,185,102.79264374944347,1,0
185,51,102.79264374944347,1,0
51,199,72.69130163231361,1,0
199,51,72.69130163231361,1,0
51,200,68.0201912155501,1,0
200,51,68.0201912155501,1,0
51,202,117.52095888819152,1,0
202,51,117.52095888819152,1,0
51,205,35.55007849499069,1,0
205,51,35.55007849499069,1,0
51,222,76.67244246142157,0,1
222,51,76.67244246142157,0,1
51,234,75.13637577764847,0,1
234,51,75.13637577764847,0,1
51,244,84.95106253014144,0,1
244,51,84.95106253014144,0,1
51,248,39.546381983691,1,0
248,51,39.546381983691,1,0
51,302,104.91056228998109,1,0
302,51,104.91056228998109,1,0
51,408,75.97079887035544,0,1
408,51,75.97079887035544,0,1
51,409,109.59178897161958,1,0
409,51,109.59178897161958,1,0
51,434,61.04392939514952,1,1
434,51,61.04392939514952,1,1
51,454,88.91983414851829,0,1
454,51,88.91983414851829,0,1
51,459,39.04293607043405,1,1
459,51,39.04293607043405,1,1
51,460,37.08479478168917,1,1
460,51,37.08479478168917,1,1
51,467,67.8939730609426,1,1
467,51,67.8939730609426,1,1
51,476,87.29429136547247,1,0
476,51,87.29429136547247,1,0
51,507,103.29120946624646,1,0
507,51,103.29120946624646,1,0
51,508,105.63795749634691,1,0
508,51,105.63795749634691,1,0
51,509,24.245295543671972,1,1
509,51,24.245295543671972,1,1
51,518,78.61431696580463,0,1
518,51,78.61431696580463,0,1
51,519,80.55750909753851,0,1
519,51,80.55750909753851,0,1
51,590,113.18351067182887,1,0
590,51,113.18351067182887,1,0
51,591,102.2409202863511,1,0
591,51,102.2409202863511,1,0
51,592,103.17566308485738,1,0
592,51,103.17566308485738,1,0
51,593,108.68664290518868,1,0
593,51,108.68664290518868,1,0
52,56,23.572213515068963,1,1
56,52,23.572213515068963,1,1
52,57,28.015452878723913,1,1
57,52,28.015452878723913,1,1
52,58,37.91547467723436,1,1
58,52,37.91547467723436,1,1
52,59,77.96719005453512,1,1
59,52,77.96719005453512,1,1
52,78,123.69907245003901,1,0
78,52,123.69907245003901,1,0
52,87,52.9253623322505,0,1
87,52,52.9253623322505,0,1
52,88,110.72370523063252,1,0
88,52,110.72370523063252,1,0
52,93,83.61769884420403,0,1
93,52,83.61769884420403,0,1
52,153,90.01485145241311,0,1
153,52,90.01485145241311,0,1
52,174,55.528439785392855,1,0
174,52,55.528439785392855,1,0
52,175,39.74344046506291,1,1
175,52,39.74344046506291,1,1
52,182,115.19403129068797,1,0
182,52,115.19403129068797,1,0
52,185,110.59711143605877,1,0
185,52,110.59711143605877,1,0
52,186,21.423789814129528,1,0
186,52,21.423789814129528,1,0
52,199,80.34205937116624,1,0
199,52,80.34205937116624,1,0
52,200,75.65014342352565,1,0
200,52,75.65014342352565,1,0
52,202,125.18952058778721,1,0
202,52,125.18952058778721,1,0
52,205,42.82785021455081,1,0
205,52,42.82785021455081,1,0
52,222,82.9324394552578,0,1
222,52,82.9324394552578,0,1
52,234,82.65231066340493,0,1
234,52,82.65231066340493,0,1
52,244,92.03663723756969,0,1
244,52,92.03663723756969,0,1
52,248,46.93983004869106,1,0
248,52,46.93983004869106,1,0
52,302,112.68290866409156,1,0
302,52,112.68290866409156,1,0
52,408,82.06614874599636,0,1
408,52,82.06614874599636,0,1
52,409,117.34146249727758,1,0
409,52,117.34146249727758,1,0
52,432,20.85577831201703,1,0
52,434,68.84196845674883,1,1
434,52,68.84196845674883,1,1
52,454,95.95031477801415,0,1
454,52,95.95031477801415,0,1
52,459,46.83083428682432,1,1
459,52,46.83083428682432,1,1
52,460,44.857295872577964,1,1
460,52,44.857295872577964,1,1
52,467,75.64095417827568,1,1
467,52,75.64095417827568,1,1
52,476,95.04728470608721,1,0
476,52,95.04728470608721,1,0
52,507,110.83180123051326,1,0
507,52,110.83180123051326,1,0
52,508,113.19765192352712,1,0
508,52,113.19765192352712,1,0
52,509,31.887850052959042,1,1
509,52,31.887850052959042,1,1
52,518,85.85549688284378,0,1
518,52,85.85549688284378,0,1
52,519,87.78238448003107,0,1
519,52,87.78238448003107,0,1
52,590,120.92545813433993,1,0
590,52,120.92545813433993,1,0
52,591,110.04032301842811,1,0
591,52,110.04032301842811,1,0
52,592,110.96685317697353,1,0
592,52,110.96685317697353,1,0
52,593,116.4418054179855,1,0
593,52,116.4418054179855,1,0
53,57,23.011393373718157,1,1
57,53,23.011393373718157,1,1
53,58,33.1994268775833,1,1
58,53,33.1994268775833,1,1
53,59,83.17831373621372,1,1
59,53,83.17831373621372,1,1
53,78,128.96357560954954,1,0
78,53,128.96357560954954,1,0
53,87,48.33827354178053,0,1
87,53,48.33827354178053,0,1
53,88,116.0940782512183,1,0
88,53,116.0940782512183,1,0
53,93,88.6026306889361,0,1
93,53,88.6026306889361,0,1
53,153,94.76873487073678,0,1
153,53,94.76873487073678,0,1
53,174,60.88949310020572,1,0
174,53,60.88949310020572,1,0
53,175,45.15737841150657,1,1
175,53,45.15737841150657,1,1
53,182,120.47632672023164,1,0
182,53,120.47632672023164,1,0
53,185,115.97738459285931,1,0
185,53,115.97738459285931,1,0
53,186,26.50493827572515,1,0
186,53,26.50493827572515,1,0
53,199,85.74498140999273,1,0
199,53,85.74498140999273,1,0
53,200,81.04877857808839,1,0
200,53,81.04877857808839,1,0
53,202,130.3669028549808,1,0
202,53,130.3669028549808,1,0
53,205,48.133361123029836,1,0
205,53,48.133361123029836,1,0
53,222,87.0302177464816,0,1
222,53,87.0302177464816,0,1
53,234,87.6998286714404,0,1
234,53,87.6998286714404,0,1
53,244,96.72972451630368,0,1
244,53,96.72972451630368,0,1
53,248,52.27889396305167,1,0
248,53,52.27889396305167,1,0
53,302,117.98378977639258,1,0
302,53,117.98378977639258,1,0
53,408,86.04894447347975,0,1
408,53,86.04894447347975,0,1
53,409,122.61122849070553,1,0
409,53,122.61122849070553,1,0
53,432,25.91862315015981,1,0
432,53,25.91862315015981,1,0
53,434,74.19142911415038,1,1
434,53,74.19142911415038,1,1
53,454,100.59722980778348,0,1
454,53,100.59722980778348,0,1
53,459,52.23577993100132,1,1
459,53,52.23577993100132,1,1
53,460,50.26785320659716,1,1
460,53,50.26785320659716,1,1
53,467,80.91357211247072,1,1
467,53,80.91357211247072,1,1
53,476,100.46125384943191,1,0
476,53,100.46125384943191,1,0
53,507,115.88932591485722,1,0
507,53,115.88932591485722,1,0
53,508,118.27192945919163,1,0
508,53,118.27192945919163,1,0
53,509,37.295011382221084,1,1
509,53,37.295011382221084,1,1
53,518,90.67566845631744,0,1
518,53,90.67566845631744,0,1
53,519,92.58801202099546,0,1
519,53,92.58801202099546,0,1
53,590,126.18521638448776,1,0
590,53,126.18521638448776,1,0
53,591,115.39075507595918,1,0
591,53,115.39075507595918,1,0
53,592,116.29889312027007,1,0
592,53,116.29889312027007,1,0
53,593,121.7187202035907,1,0
593,53,121.7187202035907,1,0
54,58,29.181800509906854,1,1
58,54,29.181800509906854,1,1
54,59,89.36658223295775,1,1
59,54,89.36658223295775,1,1
54,78,135.15372646730833,1,0
78,54,135.15372646730833,1,0
54,87,44.38701459886664,0,1
87,54,44.38701459886664,0,1
54,88,122.24594002665282,1,0
88,54,122.24594002665282,1,0
54,93,94.72811378360703,0,1
93,54,94.72811378360703,0,1
54,153,100.78364707133792,0,1
153,54,100.78364707133792,0,1
54,174,66.69230871697275,1,0
174,54,66.69230871697275,1,0
54,175,51.17800880260974,1,1
175,54,51.17800880260974,1,1
54,182,126.66515803487555,1,0
182,54,126.66515803487555,1,0
54,185,122.11856455510767,1,0
185,54,122.11856455510767,1,0
54,186,31.934587158753125,1,0
186,54,31.934587158753125,1,0
54,199,91.67399027532291,1,0
199,54,91.67399027532291,1,0
54,200,86.96006125227834,1,0
200,54,86.96006125227834,1,0
54,202,136.54932283977098,1,0
202,54,136.54932283977098,1,0
54,205,53.82606711436384,1,0
205,54,53.82606711436384,1,0
54,222,92.6364355585857,0,1
222,54,92.6364355585857,0,1
54,234,93.84867012909666,0,1
234,54,93.84867012909666,0,1
54,244,102.71071864708182,0,1
244,54,102.71071864708182,0,1
54,248,58.036986637832946,1,0
248,54,58.036986637832946,1,0
54,302,124.16974273147223,1,0
302,54,124.16974273147223,1,0
54,408,91.57445812561491,0,1
408,54,91.57445812561491,0,1
54,409,128.80111381505984,1,0
409,54,128.80111381505984,1,0
54,432,31.330282762847833,1,0
432,54,31.330282762847833,1,0
54,434,80.35875649859199,1,1
434,54,80.35875649859199,1,1
54,454,106.5505193089175,0,1
454,54,106.5505193089175,0,1
54,459,58.33336761237088,1,1
459,54,58.33336761237088,1,1
54,460,56.34404985444337,1,1
460,54,56.34404985444337,1,1
54,467,87.10304522805158,1,1
467,54,87.10304522805158,1,1
54,476,106.50070180519938,1,0
476,54,106.50070180519938,1,0
54,507,122.03905363857915,1,0
507,54,122.03905363857915,1,0
54,508,124.42721468392676,1,0
508,54,124.42721468392676,1,0
54,509,43.268341613701814,1,1
509,54,43.268341613701814,1,1
54,518,96.72612574687359,0,1
518,54,96.72612574687359,0,1
54,519,98.63057356621222,0,1
519,54,98.63057356621222,0,1
54,590,132.37550067138557,1,0
590,54,132.37550067138557,1,0
54,591,121.55792191790711,1,0
591,54,121.55792191790711,1,0
54,592,122.47544575546561,1,0
592,54,122.47544575546561,1,0
54,593,127.90808581164836,1,0
593,54,127.90808581164836,1,0
55,58,24.81895702885196,1,1
58,55,24.81895702885196,1,1
55,59,95.82664339837851,1,1
59,55,95.82664339837851,1,1
55,78,141.64998702788503,1,0
78,55,141.64998702788503,1,0
55,87,39.80651989310294,0,1
87,55,39.80651989310294,0,1
55,88,128.82140084628796,1,0
88,55,128.82140084628796,1,0
55,93,101.00098478727818,0,1
93,55,101.00098478727818,0,1
55,153,106.85107906801878,0,1
153,55,106.85107906801878,0,1
55,174,73.21234019617185,1,0
174,55,73.21234019617185,1,0
55,175,57.76687012466574,1,1
175,55,57.76687012466574,1,1
55,182,133.17623875526746,1,0
182,55,133.17623875526746,1,0
55,185,128.70000703185684,1,0
185,55,128.70000703185684,1,0
55,186,38.33045434116324,1,0
186,55,38.33045434116324,1,0
55,199,98.23703594877036,1,0
199,55,98.23703594877036,1,0
55,200,93.51759834384114,1,0
200,55,93.51759834384114,1,0
55,202,142.97251631345097,1,0
202,55,142.97251631345097,1,0
55,205,60.30495245002685,1,0
205,55,60.30495245002685,1,0
55,222,98.12436693298967,0,1
222,55,98.12436693298967,0,1
55,234,100.17458732632743,0,1
234,55,100.17458732632743,0,1
55,244,108.72192482659604,0,1
244,55,108.72192482659604,0,1
55,248,64.54185483079952,1,0
248,55,64.54185483079952,1,0
55,302,130.6954682802736,1,0
302,55,130.6954682802736,1,0
55,408,96.95918305142634,0,1
408,55,96.95918305142634,0,1
55,409,135.3020749914797,1,0
409,55,135.3020749914797,1,0
55,432,37.7202022926707,1,0
432,55,37.7202022926707,1,0
55,434,86.9209161997272,1,1
434,55,86.9209161997272,1,1
55,454,112.51585083889292,0,1
454,55,112.51585083889292,0,1
55,459,64.9251020176326,1,1
459,55,64.9251020176326,1,1
55,460,62.936883534220215,1,1
460,55,62.936883534220215,1,1
55,467,93.6105063387652,1,1
467,55,93.6105063387652,1,1
55,476,113.09046270132598,1,0
476,55,113.09046270132598,1,0
55,507,128.3614937432562,1,0
507,55,128.3614937432562,1,0
55,508,130.76357194953036,1,0
508,55,130.76357194953036,1,0
55,509,49.84989581734349,1,1
509,55,49.84989581734349,1,1
55,518,102.85587585062898,0,1
518,55,102.85587585062898,0,1
55,519,104.74576247753414,0,1
519,55,104.74576247753414,0,1
55,590,138.86811486082757,1,0
590,55,138.86811486082757,1,0
55,591,128.12017971420428,1,0
591,55,128.12017971420428,1,0
55,592,129.02462282835785,1,0
592,55,129.02462282835785,1,0
55,593,134.41481973725962,1,0
593,55,134.41481973725962,1,0
58,56,19.321149292938035,1,1
56,59,100.58808468700455,1,1
59,56,100.58808468700455,1,1
56,78,146.48916700220533,1,0
78,56,146.48916700220533,1,0
56,87,34.014238547996335,0,1
87,56,34.014238547996335,0,1
56,88,134.0109960040593,1,0
88,56,134.0109960040593,1,0
56,93,105.30923857857866,0,1
93,56,105.30923857857866,0,1
56,153,110.75695844505661,0,1
153,56,110.75695844505661,0,1
56,174,79.0072472941565,1,0
174,56,79.0072472941565,1,0
56,175,63.30980690224857,1,1
175,56,63.30980690224857,1,1
56,182,138.07026082759458,1,0
182,56,138.07026082759458,1,0
56,185,133.93408218971,1,0
185,56,133.93408218971,1,0
56,186,44.2978165150383,1,0
186,56,44.2978165150383,1,0
56,199,103.90798603572297,1,0
199,56,103.90798603572297,1,0
56,200,99.20936182639217,1,0
200,56,99.20936182639217,1,0
56,202,147.59512053248915,1,0
202,56,147.59512053248915,1,0
56,205,66.17461241291859,1,0
205,56,66.17461241291859,1,0
56,222,101.13798394273044,0,1
222,56,101.13798394273044,0,1
56,234,104.59803862405833,0,1
234,56,104.59803862405833,0,1
56,244,112.5261960611839,0,1
244,56,112.5261960611839,0,1
56,248,70.36813390306723,1,0
248,56,70.36813390306723,1,0
56,302,135.64443897558056,1,0
302,56,135.64443897558056,1,0
56,408,99.83110216761106,0,1
408,56,99.83110216761106,0,1
56,409,140.1601013733937,1,0
409,56,140.1601013733937,1,0
56,432,43.69280285127059,1,0
432,56,43.69280285127059,1,0
56,434,92.0575926743688,1,1
434,56,92.0575926743688,1,1
56,454,116.23582408190686,0,1
454,56,116.23582408190686,0,1
56,459,70.31998727246757,1,1
459,56,70.31998727246757,1,1
56,460,68.37975739208206,1,1
460,56,68.37975739208206,1,1
56,467,98.52040893642291,1,1
467,56,98.52040893642291,1,1
56,476,118.59347874145526,1,0
476,56,118.59347874145526,1,0
56,507,132.74800829391,1,0
507,56,132.74800829391,1,0
56,508,135.17982746327206,1,0
508,56,135.17982746327206,1,0
56,509,55.45857092461002,1,1
509,56,55.45857092461002,1,1
56,518,106.88110920550928,0,1
518,56,106.88110920550928,0,1
56,519,108.74123976210682,0,1
519,56,108.74123976210682,0,1
56,590,143.69663896208567,1,0
590,56,143.69663896208567,1,0
56,591,133.2316228678462,1,0
591,56,133.2316228678462,1,0
56,592,134.07164497387208,1,0
592,56,134.07164497387208,1,0
56,593,139.2930212645271,1,0
593,56,139.2930212645271,1,0
57,59,101.8583514739955,1,1
59,57,101.8583514739955,1,1
57,78,147.75110112956855,1,0
78,57,147.75110112956855,1,0
57,87,25.845667683385546,0,1
57,88,136.1507059842144,1,0
88,57,136.1507059842144,1,0
57,93,105.60225319565866,0,1
93,57,105.60225319565866,0,1
57,153,110.24421890511992,0,1
153,57,110.24421890511992,0,1
57,174,83.14919665877716,1,0
174,57,83.14919665877716,1,0
57,175,66.80937973069351,1,1
175,57,66.80937973069351,1,1
57,182,139.48238815348697,1,0
182,57,139.48238815348697,1,0
57,185,136.18795724292218,1,0
185,57,136.18795724292218,1,0
57,186,49.42908748904839,1,0
186,57,49.42908748904839,1,0
57,199,107.51031924424744,1,0
199,57,107.51031924424744,1,0
57,200,102.89868590025822,1,0
200,57,102.89868590025822,1,0
57,202,148.37350540106544,1,0
202,57,148.37350540106544,1,0
57,205,70.67738219543789,1,0
205,57,70.67738219543789,1,0
57,222,99.12727008245511,0,1
222,57,99.12727008245511,0,1
57,234,105.1280638935199,0,1
234,57,105.1280638935199,0,1
57,244,111.81657387883068,0,1
244,57,111.81657387883068,0,1
57,248,74.68123060716125,1,0
248,57,74.68123060716125,1,0
57,302,137.19207435198288,1,0
302,57,137.19207435198288,1,0
57,408,97.5992494335894,0,1
408,57,97.5992494335894,0,1
57,409,141.4831117165579,1,0
409,57,141.4831117165579,1,0
57,432,48.85459700990276,1,0
432,57,48.85459700990276,1,0
57,434,94.24971416932786,1,1
434,57,94.24971416932786,1,1
57,454,115.35437410865703,0,1
454,57,115.35437410865703,0,1
57,459,73.34159201980825,1,1
459,57,73.34159201980825,1,1
57,460,71.54907373963691,1,1
460,57,71.54907373963691,1,1
57,467,100.13640591213567,1,1
467,57,100.13640591213567,1,1
57,476,121.63070208627425,1,0
476,57,121.63070208627425,1,0
57,507,133.07707662854634,1,0
507,57,133.07707662854634,1,0
57,508,135.5614886352315,1,0
508,57,135.5614886352315,1,0
57,509,59.244819022425915,1,1
509,57,59.244819022425915,1,1
57,518,106.61387726276539,0,1
518,57,106.61387726276539,0,1
57,519,108.40738122932405,0,1
519,57,108.40738122932405,0,1
57,590,144.94206354609418,1,0
590,57,144.94206354609418,1,0
57,591,135.17795371287434,1,0
591,57,135.17795371287434,1,0
57,592,135.85786493243592,1,0
592,57,135.85786493243592,1,0
57,593,140.66495245440493,1,0
593,57,140.66495245440493,1,0
58,59,108.61129221678563,1,1
59,58,108.61129221678563,1,1
58,78,154.28178360713878,1,0
78,58,154.28178360713878,1,0
58,88,143.49141535297505,1,0
88,58,143.49141535297505,1,0
58,93,111.43296325594146,0,1
93,58,111.43296325594146,0,1
58,153,115.24950180369544,0,1
153,58,115.24950180369544,0,1
58,174,92.2187148305592,1,0
174,58,92.2187148305592,1,0
58,175,75.57429457163329,1,1
175,58,75.57429457163329,1,1
58,182,146.17740374284938,1,0
182,58,146.17740374284938,1,0
58,185,143.62461483325202,1,0
185,58,143.62461483325202,1,0
58,186,59.29180437463512,1,0
186,58,59.29180437463512,1,0
58,199,116.10090757612535,1,0
199,58,116.10090757612535,1,0
58,200,111.56965280935493,1,0
200,58,111.56965280935493,1,0
58,202,154.45354390560288,1,0
202,58,154.45354390560288,1,0
58,205,80.04251646468894,1,0
205,58,80.04251646468894,1,0
58,222,102.62343737178169,0,1
222,58,102.62343737178169,0,1
58,234,111.18604431312411,0,1
234,58,111.18604431312411,0,1
58,244,116.60965357122025,0,1
244,58,116.60965357122025,0,1
58,248,83.90701921174413,1,0
248,58,83.90701921174413,1,0
58,302,144.01627062592615,1,0
302,58,144.01627062592615,1,0
58,408,100.8595868026436,0,1
408,58,100.8595868026436,0,1
58,409,148.09069833382512,1,0
409,58,148.09069833382512,1,0
58,432,58.736933636341625,1,0
432,58,58.736933636341625,1,0
58,434,101.83218831489384,1,1
434,58,101.83218831489384,1,1
58,454,119.94533135558049,0,1
454,58,119.94533135558049,0,1
58,459,81.71719048033896,1,1
459,58,81.71719048033896,1,1
58,460,80.04520440975837,1,1
460,58,80.04520440975837,1,1
58,467,107.20091475822397,1,1
467,58,107.20091475822397,1,1
58,476,129.74794229582216,1,0
476,58,129.74794229582216,1,0
58,507,138.7882393000214,1,0
507,58,138.7882393000214,1,0
58,508,141.3125241618732,1,0
508,58,141.3125241618732,1,0
58,509,68.26960419542507,1,1
509,58,68.26960419542507,1,1
58,518,111.89167084729766,0,1
518,58,111.89167084729766,0,1
58,519,113.60583244270515,0,1
519,58,113.60583244270515,0,1
58,590,151.46715437018022,1,0
590,58,151.46715437018022,1,0
58,591,142.3572831786277,1,0
591,58,142.3572831786277,1,0
58,592,142.89643098412222,1,0
592,58,142.89643098412222,1,0
58,593,147.31959590292124,1,0
593,58,147.31959590292124,1,0
59,78,45.928686569506866,1,0
78,59,45.928686569506866,1,0
59,87,120.54886621200549,0,1
87,59,120.54886621200549,0,1
59,88,35.722371827749626,1,0
88,59,35.722371827749626,1,0
93,59,11.864070844360294,0,1
59,153,22.63170654192918,0,1
153,59,22.63170654192918,0,1
59,174,35.99893078967763,1,0
174,59,35.99893078967763,1,0
59,175,41.616967465205825,1,1
175,59,41.616967465205825,1,1
59,182,37.62641646503159,1,0
182,59,37.62641646503159,1,0
59,185,36.20717885999957,1,0
185,59,36.20717885999957,1,0
59,186,62.739006248106925,1,0
186,59,62.739006248106925,1,0
59,199,27.75147205104623,1,0
199,59,27.75147205104623,1,0
59,200,27.815844855046198,1,0
200,59,27.815844855046198,1,0
59,202,47.25998226829967,1,0
202,59,47.25998226829967,1,0
59,205,45.202465120831626,1,0
205,59,45.202465120831626,1,0
59,222,36.16869609206282,0,1
222,59,36.16869609206282,0,1
59,244,25.550669756387993,0,1
244,59,25.550669756387993,0,1
59,248,41.52938826903185,1,0
248,59,41.52938826903185,1,0
59,302,35.40531635220903,1,0
302,59,35.40531635220903,1,0
59,408,38.4194429553579,0,1
408,59,38.4194429553579,0,1
59,409,39.63298045819921,1,0
409,59,39.63298045819921,1,0
59,432,63.288995899761275,1,0
432,59,63.288995899761275,1,0
59,454,29.359203616583333,0,1
454,59,29.359203616583333,0,1
59,459,33.890844383107364,1,1
459,59,33.890844383107364,1,1
59,460,36.11822368278928,1,1
460,59,36.11822368278928,1,1
59,476,28.951506023003365,1,0
476,59,28.951506023003365,1,0
59,507,33.90252405057771,1,0
507,59,33.90252405057771,1,0
59,508,36.031432083668285,1,0
508,59,36.031432083668285,1,0
59,509,49.066295091437254,1,1
509,59,49.066295091437254,1,1
59,518,18.35625283111997,0,1
518,59,18.35625283111997,0,1
59,519,19.82979621680465,0,1
519,59,19.82979621680465,0,1
59,590,43.12769469841856,1,0
590,59,43.12769469841856,1,0
59,591,34.14712352453717,1,0
591,59,34.14712352453717,1,0
59,592,34.422740986156235,1,0
592,59,34.422740986156235,1,0
59,593,38.8068456332127,1,0
593,59,38.8068456332127,1,0
60,307,8.323845265260521,0,1
307,60,8.323845265260521,0,1
60,308,7.361491289134288,0,1
308,60,7.361491289134288,0,1
60,309,6.834322570672239,0,1
309,60,6.834322570672239,0,1
60,310,6.697918034732883,0,1
310,60,6.697918034732883,0,1
60,356,7.201383478193618,0,1
356,60,7.201383478193618,0,1
60,357,10.868872112597517,0,1
357,60,10.868872112597517,0,1
60,358,10.852742049823169,0,1
358,60,10.852742049823169,0,1
60,359,9.300872754747266,0,1
359,60,9.300872754747266,0,1
60,360,6.737520983269737,0,1
360,60,6.737520983269737,0,1
60,362,5.704401107916588,0,1
362,60,5.704401107916588,0,1
60,363,5.800346541371472,0,1
363,60,5.800346541371472,0,1
364,60,4.968248182206682,0,1
60,365,5.105311743664632,0,1
365,60,5.105311743664632,0,1
60,366,5.21637738282038,0,1
366,60,5.21637738282038,0,1
60,367,6.91446635684924,0,1
367,60,6.91446635684924,0,1
60,368,8.305700211300671,0,1
368,60,8.305700211300671,0,1
60,369,9.521956311598998,0,1
369,60,9.521956311598998,0,1
60,370,10.467929403659541,0,1
370,60,10.467929403659541,0,1
60,371,10.844052425177592,0,1
371,60,10.844052425177592,0,1
60,372,11.84669426464615,0,1
372,60,11.84669426464615,0,1
60,373,12.866105859971773,0,1
373,60,12.866105859971773,0,1
60,375,14.917906857196824,0,1
375,60,14.917906857196824,0,1
60,376,13.161306508094096,0,1
376,60,13.161306508094096,0,1
60,377,12.696921359132693,0,1
377,60,12.696921359132693,0,1
60,378,11.103630442337316,0,1
378,60,11.103630442337316,0,1
60,379,10.82808574956811,0,1
379,60,10.82808574956811,0,1
419,60,4.319282347798069,1,1
60,420,6.656099909105932,1,1
420,60,6.656099909105932,1,1
60,421,6.880497801758241,1,1
421,60,6.880497801758241,1,1
60,423,8.105006477480448,1,0
423,60,8.105006477480448,1,0
60,424,10.062617601797257,1,0
424,60,10.062617601797257,1,0
60,425,6.90046375253142,1,0
425,60,6.90046375253142,1,0
60,426,16.57112168804514,1,0
426,60,16.57112168804514,1,0
61,84,16.13064986291625,1,0
84,61,16.13064986291625,1,0
61,94,64.15995074811077,1,0
94,61,64.15995074811077,1,0
61,99,28.39584353386953,1,0
99,61,28.39584353386953,1,0
61,103,6.942787912647195,1,0
61,106,21.78072737536559,1,0
106,61,21.78072737536559,1,0
61,143,49.811626855584635,1,0
143,61,49.811626855584635,1,0
61,177,26.11575589562745,1,0
177,61,26.11575589562745,1,0
61,178,24.695277159813372,1,0
178,61,24.695277159813372,1,0
61,183,62.35323212151877,1,0
183,61,62.35323212151877,1,0
61,187,63.65823568086065,1,0
187,61,63.65823568086065,1,0
61,188,60.48400887838041,1,0
188,61,60.48400887838041,1,0
61,240,16.65771616999161,1,0
240,61,16.65771616999161,1,0
61,246,59.73515444024566,1,0
246,61,59.73515444024566,1,0
61,299,36.634926354504934,1,0
299,61,36.634926354504934,1,0
61,416,12.199955819592134,1,0
416,61,12.199955819592134,1,0
61,441,61.259771547076475,1,0
441,61,61.259771547076475,1,0
61,466,24.338749557033534,1,0
466,61,24.338749557033534,1,0
61,470,57.99010572502865,1,0
470,61,57.99010572502865,1,0
61,473,10.98744192248587,1,0
473,61,10.98744192248587,1,0
61,500,55.03998165879055,1,0
500,61,55.03998165879055,1,0
61,510,40.68130653014969,1,0
510,61,40.68130653014969,1,0
61,517,46.375952777274556,1,0
517,61,46.375952777274556,1,0
61,588,55.94315766919132,1,0
588,61,55.94315766919132,1,0
61,589,65.38220257073021,1,0
589,61,65.38220257073021,1,0
61,599,15.358054596855684,1,0
599,61,15.358054596855684,1,0
61,608,54.15185526831006,1,0
608,61,54.15185526831006,1,0
61,609,51.79432352101917,1,0
609,61,51.79432352101917,1,0
62,84,17.697325956200274,1,0
84,62,17.697325956200274,1,0
62,94,65.53256675119631,1,0
94,62,65.53256675119631,1,0
62,99,29.86883333844829,1,0
99,62,29.86883333844829,1,0
62,106,23.336202647388884,1,0
106,62,23.336202647388884,1,0
62,143,51.27824405144934,1,0
143,62,51.27824405144934,1,0
62,177,27.613074095435298,1,0
177,62,27.613074095435298,1,0
62,178,26.207705679818677,1,0
178,62,26.207705679818677,1,0
62,183,63.7126849300828,1,0
183,62,63.7126849300828,1,0
62,187,64.99666564524676,1,0
187,62,64.99666564524676,1,0
62,188,61.84391809224251,1,0
188,62,61.84391809224251,1,0
62,240,18.221368911253624,1,0
240,62,18.221368911253624,1,0
62,246,61.10626682264267,1,0
246,62,61.10626682264267,1,0
62,299,38.11326120919069,1,0
299,62,38.11326120919069,1,0
62,407,6.1157470516691586,1,1
62,416,11.280165114039777,1,0
416,62,11.280165114039777,1,0
62,441,62.62688487383034,1,0
441,62,62.62688487383034,1,0
62,466,25.844247038751195,1,0
466,62,25.844247038751195,1,0
62,470,59.41312657149091,1,0
470,62,59.41312657149091,1,0
62,473,12.524571888891053,1,0
473,62,12.524571888891053,1,0
62,500,56.47950686753559,1,0
500,62,56.47950686753559,1,0
62,510,42.17778988994089,1,0
510,62,42.17778988994089,1,0
62,517,47.86937627544357,1,0
517,62,47.86937627544357,1,0
62,588,57.363560253875455,1,0
588,62,57.363560253875455,1,0
62,589,66.70364298897026,1,0
589,62,66.70364298897026,1,0
62,599,16.920299347233783,1,0
599,62,16.920299347233783,1,0
62,608,55.602247796289674,1,0
608,62,55.602247796289674,1,0
62,609,53.26435027295461,1,0
609,62,53.26435027295461,1,0
63,64,15.477477733791124,1,0
64,63,15.477477733791124,1,0
63,82,10.909324635375006,1,0
82,63,10.909324635375006,1,0
63,95,17.47322926650938,1,0
95,63,17.47322926650938,1,0
63,102,19.288921690960333,0,1
102,63,19.288921690960333,0,1
63,191,54.49112313028609,0,1
191,63,54.49112313028609,0,1
63,194,41.90107397191628,0,1
194,63,41.90107397191628,0,1
63,195,12.759745491192213,1,0
195,63,12.759745491192213,1,0
63,203,50.65197114624464,0,1
203,63,50.65197114624464,0,1
63,224,24.79722766762446,0,1
224,63,24.79722766762446,0,1
63,231,13.543063058259753,0,1
231,63,13.543063058259753,0,1
63,298,31.560814311421055,0,1
298,63,31.560814311421055,0,1
63,402,9.560428076189893,1,0
402,63,9.560428076189893,1,0
64,75,15.761179429217853,0,1
75,64,15.761179429217853,0,1
64,82,4.638023824863344,1,0
64,100,15.983638259169906,1,0
100,64,15.983638259169906,1,0
64,152,21.545554460259314,1,0
152,64,21.545554460259314,1,0
64,402,5.921737920577033,1,1
65,75,16.869085096708712,0,1
75,65,16.869085096708712,0,1
65,195,4.499280053519674,0,1
65,402,7.60918004781067,0,1
70,66,2.59583223648987,1,0
66,121,15.84435192742196,0,1
121,66,15.84435192742196,0,1
66,122,16.682680030498698,0,1
122,66,16.682680030498698,0,1
66,137,15.191287009335317,0,1
137,66,15.191287009335317,0,1
66,157,5.909770638527354,0,1
157,66,5.909770638527354,0,1
66,158,7.566085381490219,0,1
158,66,7.566085381490219,0,1
66,159,8.276716800761037,0,1
159,66,8.276716800761037,0,1
66,160,9.573926728359686,0,1
160,66,9.573926728359686,0,1
66,161,11.358359124451031,0,1
161,66,11.358359124451031,0,1
66,162,13.43847997356844,0,1
162,66,13.43847997356844,0,1
66,388,4.816110567667649,0,1
388,66,4.816110567667649,0,1
66,390,7.073656550893603,0,1
390,66,7.073656550893603,0,1
66,394,12.040306017705696,0,1
394,66,12.040306017705696,0,1
66,395,14.365575554080664,0,1
395,66,14.365575554080664,0,1
66,442,18.377541756176203,0,1
442,66,18.377541756176203,0,1
66,447,23.248406827135486,0,1
447,66,23.248406827135486,0,1
66,450,25.24481303159126,0,1
450,66,25.24481303159126,0,1
66,451,15.312477787738992,0,1
451,66,15.312477787738992,0,1
66,485,21.395796993802314,0,1
485,66,21.395796993802314,0,1
67,156,3.865532822263963,0,1
156,67,3.865532822263963,0,1
67,256,8.79840008183306,0,1
256,67,8.79840008183306,0,1
67,257,7.443228667722093,0,1
257,67,7.443228667722093,0,1
67,258,4.926217615980845,0,1
258,67,4.926217615980845,0,1
67,259,3.569653344514002,0,1
259,67,3.569653344514002,0,1
67,385,5.0391611405074155,0,1
385,67,5.0391611405074155,0,1
67,488,5.6282637642527025,0,1
488,67,5.6282637642527025,0,1
67,489,6.467871133533815,0,1
489,67,6.467871133533815,0,1
67,490,7.8135493855225615,0,1
490,67,7.8135493855225615,0,1
67,491,8.075000557275523,0,1
491,67,8.075000557275523,0,1
67,492,8.460717286377083,0,1
492,67,8.460717286377083,0,1
68,121,15.310641168808052,0,1
121,68,15.310641168808052,0,1
68,122,16.215118192600386,0,1
122,68,16.215118192600386,0,1
68,137,14.598762276302741,0,1
137,68,14.598762276302741,0,1
68,157,4.529503504800498,0,1
157,68,4.529503504800498,0,1
68,158,6.291706684199448,0,1
158,68,6.291706684199448,0,1
68,159,7.120705723451854,0,1
159,68,7.120705723451854,0,1
68,160,8.487945570042259,0,1
160,68,8.487945570042259,0,1
68,161,10.427762415782208,0,1
161,68,10.427762415782208,0,1
68,162,12.777552856474513,0,1
162,68,12.777552856474513,0,1
68,386,3.2659229935808343,0,1
68,388,5.831498606704797,0,1
388,68,5.831498606704797,0,1
68,390,8.072468271848457,0,1
390,68,8.072468271848457,0,1
68,394,12.719039271894713,0,1
394,68,12.719039271894713,0,1
68,395,14.963668333667384,0,1
395,68,14.963668333667384,0,1
68,442,18.697956465881507,0,1
442,68,18.697956465881507,0,1
68,447,23.396266817592927,0,1
447,68,23.396266817592927,0,1
68,450,25.245046246739182,0,1
450,68,25.245046246739182,0,1
68,451,15.829978679707688,0,1
451,68,15.829978679707688,0,1
68,485,21.22278897788884,0,1
485,68,21.22278897788884,0,1
69,256,9.184047745956027,0,1
256,69,9.184047745956027,0,1
69,257,7.394169054058745,0,1
257,69,7.394169054058745,0,1
69,258,4.428049796467966,0,1
258,69,4.428049796467966,0,1
69,259,2.961213602562301,0,1
69,385,6.309694128878198,0,1
385,69,6.309694128878198,0,1
69,488,6.727579356648273,0,1
488,69,6.727579356648273,0,1
69,489,7.524686305753882,0,1
489,69,7.524686305753882,0,1
69,490,8.565250550917936,0,1
490,69,8.565250550917936,0,1
69,491,8.781298138658089,0,1
491,69,8.781298138658089,0,1
69,492,9.009434277467149,0,1
492,69,9.009434277467149,0,1
70,256,9.303547119244358,0,1
256,70,9.303547119244358,0,1
70,257,7.233004908058614,0,1
257,70,7.233004908058614,0,1
70,258,4.035290448034689,0,1
70,385,7.123317204785984,0,1
385,70,7.123317204785984,0,1
70,488,7.401599016428815,0,1
488,70,7.401599016428815,0,1
70,489,8.157105859310642,0,1
489,70,8.157105859310642,0,1
70,490,8.958562663731275,0,1
490,70,8.958562663731275,0,1
70,491,9.138634744862058,0,1
491,70,9.138634744862058,0,1
70,492,9.249150555591577,0,1
492,70,9.249150555591577,0,1
71,90,10.438254643377887,1,1
90,71,10.438254643377887,1,1
71,98,23.403649159906664,0,1
98,71,23.403649159906664,0,1
71,103,26.36650576014956,0,1
103,71,26.36650576014956,0,1
71,115,15.696753708967979,1,1
115,71,15.696753708967979,1,1
71,148,16.46844330833974,1,1
148,71,16.46844330833974,1,1
71,180,14.611383575828814,1,1
180,71,14.611383575828814,1,1
71,189,24.171812095910393,0,1
189,71,24.171812095910393,0,1
71,225,26.21585829226272,0,1
225,71,26.21585829226272,0,1
249,71,8.733493516342701,1,0
71,433,11.684216576219391,1,0
433,71,11.684216576219391,1,0
71,440,12.595480816546862,1,1
440,71,12.595480816546862,1,1
453,71,9.299978494598792,1,1
71,587,14.187950098587182,1,0
587,71,14.187950098587182,1,0
72,77,10.29380881889692,1,1
77,72,10.29380881889692,1,1
72,119,16.6404781181311,1,0
119,72,16.6404781181311,1,0
72,151,29.111595627859355,0,1
151,72,29.111595627859355,0,1
72,179,12.285245215297902,1,0
179,72,12.285245215297902,1,0
72,184,8.076602317806666,1,0
184,72,8.076602317806666,1,0
72,196,38.30264351190398,1,0
196,72,38.30264351190398,1,0
72,243,31.0696395215651,0,1
243,72,31.0696395215651,0,1
72,262,28.23725376165324,1,1
262,72,28.23725376165324,1,1
72,300,35.54543133793709,1,0
300,72,35.54543133793709,1,0
72,304,27.153694260634225,1,0
304,72,27.153694260634225,1,0
72,436,30.20369389660808,0,1
436,72,30.20369389660808,0,1
72,439,26.32095173051309,1,1
439,72,26.32095173051309,1,1
72,465,31.617439807802274,1,0
465,72,31.617439807802274,1,0
72,504,25.200446424617162,1,1
504,72,25.200446424617162,1,1
73,201,20.545599042130654,0,1
201,73,20.545599042130654,0,1
73,207,5.925965912828051,1,1
207,73,5.925965912828051,1,1
73,241,9.586445535233588,0,1
241,73,9.586445535233588,0,1
73,242,11.848040259891084,0,1
242,73,11.848040259891084,0,1
73,515,23.25479632247937,0,1
515,73,23.25479632247937,0,1
73,516,25.4006805026952,0,1
516,73,25.4006805026952,0,1
74,201,19.17532190081825,0,1
201,74,19.17532190081825,0,1
74,241,8.103096692006087,0,1
241,74,8.103096692006087,0,1
74,242,10.383618829675905,0,1
242,74,10.383618829675905,0,1
74,513,6.404931225235756,0,1
513,74,6.404931225235756,0,1
74,515,21.845669273336533,0,1
515,74,21.845669273336533,0,1
74,516,23.955140909625225,0,1
516,74,23.955140909625225,0,1
75,195,13.03199083026074,0,1
195,75,13.03199083026074,0,1
75,402,9.967184406842286,0,1
402,75,9.967184406842286,0,1
75,514,17.032667230941843,0,1
514,75,17.032667230941843,0,1
76,105,41.62879469790112,0,1
105,76,41.62879469790112,0,1
76,221,15.50368939962356,0,1
76,305,21.54405451626968,0,1
305,76,21.54405451626968,0,1
76,306,33.89448452182154,0,1
306,76,33.89448452182154,0,1
77,119,26.928657820247928,1,0
119,77,26.928657820247928,1,0
77,151,22.31731390647181,0,1
151,77,22.31731390647181,0,1
77,179,22.3674819771918,1,0
179,77,22.3674819771918,1,0
77,196,28.726468630863764,1,0
196,77,28.726468630863764,1,0
77,243,23.94013366712893,0,1
243,77,23.94013366712893,0,1
77,262,18.966285877841237,1,1
262,77,18.966285877841237,1,1
77,300,26.056004854927394,1,0
300,77,26.056004854927394,1,0
77,304,17.462674823749083,1,0
304,77,17.462674823749083,1,0
77,436,22.962591861547338,0,1
436,77,22.962591861547338,0,1
77,438,8.895213600583181,1,0
438,77,8.895213600583181,1,0
77,439,17.02615634839525,1,1
439,77,17.02615634839525,1,1
77,463,9.217164097486819,1,0
463,77,9.217164097486819,1,0
77,464,10.055459810471126,1,0
464,77,10.055459810471126,1,0
77,465,22.20090088262186,1,0
465,77,22.20090088262186,1,0
77,486,14.809031095922515,1,0
486,77,14.809031095922515,1,0
77,504,15.68948692596415,1,1
504,77,15.68948692596415,1,1
78,79,9.664270536362277,0,1
79,78,9.664270536362277,0,1
78,80,14.20713232851725,0,1
80,78,14.20713232851725,0,1
78,88,18.296694264265334,1,1
88,78,18.296694264265334,1,1
78,174,75.28539348372962,1,0
174,78,75.28539348372962,1,0
78,175,85.8069937068069,1,0
175,78,85.8069937068069,1,0
78,182,8.67852257011526,1,1
182,78,8.67852257011526,1,1
78,185,19.706864413193692,1,1
185,78,19.706864413193692,1,1
78,186,107.20466680606773,1,0
186,78,107.20466680606773,1,0
78,199,53.05267587030837,1,0
199,78,53.05267587030837,1,0
78,200,57.06851693359483,1,0
200,78,57.06851693359483,1,0
78,202,7.898723061356184,1,0
202,78,7.898723061356184,1,0
78,205,87.252945079235,1,0
205,78,87.252945079235,1,0
78,248,82.9914483546347,1,0
248,78,82.9914483546347,1,0
78,302,11.606470781421887,1,1
302,78,11.606470781421887,1,1
78,432,107.78924536334783,1,0
432,78,107.78924536334783,1,0
78,434,55.35082698569192,1,0
434,78,55.35082698569192,1,0
78,459,78.05896641001596,1,0
459,78,78.05896641001596,1,0
78,460,80.25144748850329,1,0
460,78,80.25144748850329,1,0
78,467,48.05935582173361,1,0
467,78,48.05935582173361,1,0
78,476,37.88872509071795,1,0
476,78,37.88872509071795,1,0
78,507,20.177120235553932,1,0
507,78,20.177120235553932,1,0
78,508,18.00676994910525,1,0
508,78,18.00676994910525,1,0
78,509,93.6668644078577,1,0
509,78,93.6668644078577,1,0
78,591,16.76553264886028,1,1
591,78,16.76553264886028,1,1
78,592,14.664139967962663,1,1
592,78,14.664139967962663,1,1
78,593,7.354553011570451,1,1
79,88,10.951225776140312,0,1
88,79,10.951225776140312,0,1
79,144,15.486017854826335,1,0
144,79,15.486017854826335,1,0
79,146,15.060894528546436,1,0
146,79,15.060894528546436,1,0
79,147,14.65402814928373,1,0
147,79,14.65402814928373,1,0
79,154,131.89463834819063,1,0
154,79,131.89463834819063,1,0
79,176,38.845598270589164,1,0
176,79,38.845598270589164,1,0
79,181,71.23432915385672,1,0
181,79,71.23432915385672,1,0
182,79,9.217701937033981,0,1
79,185,11.843339056195259,0,1
185,79,11.843339056195259,0,1
79,192,101.38136700597403,1,0
192,79,101.38136700597403,1,0
79,198,120.46935813724585,1,0
198,79,120.46935813724585,1,0
79,269,95.02984925800946,1,0
269,79,95.02984925800946,1,0
79,270,31.69095949951658,1,0
270,79,31.69095949951658,1,0
79,271,143.97437908183525,1,0
271,79,143.97437908183525,1,0
79,272,145.8113322927954,1,0
272,79,145.8113322927954,1,0
79,273,152.76871816572918,1,0
273,79,152.76871816572918,1,0
79,274,153.14112176682002,1,0
274,79,153.14112176682002,1,0
79,275,149.4167368469811,1,0
275,79,149.4167368469811,1,0
79,276,149.52602198279737,1,0
276,79,149.52602198279737,1,0
79,278,81.65277368222098,1,0
278,79,81.65277368222098,1,0
79,279,73.51406913645849,1,0
279,79,73.51406913645849,1,0
79,280,173.84226727122493,1,0
280,79,173.84226727122493,1,0
79,281,173.9481970041656,1,0
281,79,173.9481970041656,1,0
79,282,163.7117463012352,1,0
282,79,163.7117463012352,1,0
79,283,166.20891751046332,1,0
283,79,166.20891751046332,1,0
79,284,182.25982312347395,1,0
284,79,182.25982312347395,1,0
79,285,187.4986472084532,1,0
285,79,187.4986472084532,1,0
79,286,188.6077578149955,1,0
286,79,188.6077578149955,1,0
79,287,190.30741674459247,1,0
287,79,190.30741674459247,1,0
79,288,192.47683181359776,1,0
288,79,192.47683181359776,1,0
79,289,194.98326402540295,1,0
289,79,194.98326402540295,1,0
79,290,196.82951050337954,1,0
290,79,196.82951050337954,1,0
79,291,197.52245995076106,1,0
291,79,197.52245995076106,1,0
79,292,198.9152816779043,1,0
292,79,198.9152816779043,1,0
79,293,200.34765034808868,1,0
293,79,200.34765034808868,1,0
79,294,200.6999215968955,1,0
294,79,200.6999215968955,1,0
79,295,200.6940373429166,1,0
295,79,200.6940373429166,1,0
79,296,184.6170061559877,1,0
296,79,184.6170061559877,1,0
79,297,184.47677188470098,1,0
297,79,184.47677188470098,1,0
79,302,9.750907086009999,0,1
302,79,9.750907086009999,0,1
79,404,37.14537253817762,1,0
404,79,37.14537253817762,1,0
409,79,9.25473376170271,0,1
79,415,128.3480278383739,1,0
415,79,128.3480278383739,1,0
79,428,114.47500981436954,1,0
428,79,114.47500981436954,1,0
79,429,116.68509790028888,1,0
429,79,116.68509790028888,1,0
79,455,34.056482569402256,1,0
455,79,34.056482569402256,1,0
79,456,27.753720074973735,1,0
456,79,27.753720074973735,1,0
79,457,52.352265356906955,1,0
457,79,52.352265356906955,1,0
79,458,18.592800784174504,1,0
458,79,18.592800784174504,1,0
79,461,126.68058450291426,1,0
461,79,126.68058450291426,1,0
79,462,126.66227240184821,1,0
462,79,126.66227240184821,1,0
79,580,205.7131361508059,1,0
580,79,205.7131361508059,1,0
79,581,208.03899476059772,1,0
581,79,208.03899476059772,1,0
79,582,209.3406256654451,1,0
582,79,209.3406256654451,1,0
79,583,210.4198142238511,1,0
583,79,210.4198142238511,1,0
79,584,212.27908867573368,1,0
584,79,212.27908867573368,1,0
79,585,213.0318376886422,1,0
585,79,213.0318376886422,1,0
590,79,9.62435062744495,0,1
79,591,10.913082057787342,0,1
591,79,10.913082057787342,0,1
79,592,10.074464055223979,0,1
592,79,10.074464055223979,0,1
593,79,8.994371851330142,0,1
80,144,19.607408115301727,1,0
144,80,19.607408115301727,1,0
80,146,19.898481248577742,1,0
146,80,19.898481248577742,1,0
80,147,19.060335805016656,1,0
147,80,19.060335805016656,1,0
80,154,137.1605975089056,1,0
154,80,137.1605975089056,1,0
80,176,43.75561341130987,1,0
176,80,43.75561341130987,1,0
80,181,76.09554279982501,1,0
181,80,76.09554279982501,1,0
80,182,9.471009080346192,0,1
182,80,9.471009080346192,0,1
80,192,106.39523231799441,1,0
192,80,106.39523231799441,1,0
80,198,125.69736764944602,1,0
198,80,125.69736764944602,1,0
80,269,99.98271143552769,1,0
269,80,99.98271143552769,1,0
80,270,25.698152657340955,1,0
270,80,25.698152657340955,1,0
80,271,149.30845941205072,1,0
271,80,149.30845941205072,1,0
80,272,151.09881596160838,1,0
272,80,151.09881596160838,1,0
80,273,158.23038024981167,1,0
273,80,158.23038024981167,1,0
80,274,158.60665308870244,1,0
274,80,158.60665308870244,1,0
80,275,154.73930991832682,1,0
275,80,154.73930991832682,1,0
80,276,154.90087034616687,1,0
276,80,154.90087034616687,1,0
80,278,75.74494566636113,1,0
278,80,75.74494566636113,1,0
80,279,67.53777246104582,1,0
279,80,67.53777246104582,1,0
80,280,179.3895023740241,1,0
280,80,179.3895023740241,1,0
80,281,179.48936583820225,1,0
281,80,179.48936583820225,1,0
80,282,169.2003395534418,1,0
282,80,169.2003395534418,1,0
80,283,171.7653526180411,1,0
283,80,171.7653526180411,1,0
80,284,187.78633009087747,1,0
284,80,187.78633009087747,1,0
80,285,193.12120197689327,1,0
285,80,193.12120197689327,1,0
80,286,194.23870866539448,1,0
286,80,194.23870866539448,1,0
80,287,195.95060424504948,1,0
287,80,195.95060424504948,1,0
80,288,198.1324186623683,1,0
288,80,198.1324186623683,1,0
80,289,200.65244377779203,1,0
289,80,200.65244377779203,1,0
80,290,202.4777244958072,1,0
290,80,202.4777244958072,1,0
80,291,203.13262867643888,1,0
291,80,203.13262867643888,1,0
80,292,204.49792478409162,1,0
292,80,204.49792478409162,1,0
80,293,205.89561861292728,1,0
293,80,205.89561861292728,1,0
80,294,206.2246552306489,1,0
294,80,206.2246552306489,1,0
80,295,206.20797445540268,1,0
295,80,206.20797445540268,1,0
80,296,190.17823695155028,1,0
296,80,190.17823695155028,1,0
80,297,190.04349480316344,1,0
297,80,190.04349480316344,1,0
80,302,7.96685339390653,0,1
302,80,7.96685339390653,0,1
80,404,42.049388116832326,1,0
404,80,42.049388116832326,1,0
80,409,10.942490438652438,0,1
409,80,10.942490438652438,0,1
80,415,133.646677601802,1,0
415,80,133.646677601802,1,0
80,428,119.63861659180115,1,0
428,80,119.63861659180115,1,0
80,429,121.85457517877612,1,0
429,80,121.85457517877612,1,0
80,455,38.890597282633756,1,0
455,80,38.890597282633756,1,0
80,456,32.56489167800194,1,0
456,80,32.56489167800194,1,0
80,457,57.181343146169624,1,0
457,80,57.181343146169624,1,0
80,458,23.487042491552657,1,0
458,80,23.487042491552657,1,0
80,461,131.96682083766356,1,0
461,80,131.96682083766356,1,0
80,462,131.94856207628789,1,0
462,80,131.94856207628789,1,0
80,580,211.2476429241283,1,0
580,80,211.2476429241283,1,0
80,581,213.60306773312035,1,0
581,80,213.60306773312035,1,0
80,582,214.9209441306268,1,0
582,80,214.9209441306268,1,0
80,583,216.01982513186147,1,0
583,80,216.01982513186147,1,0
80,584,217.89538892092233,1,0
584,80,217.89538892092233,1,0
80,585,218.65446856856138,1,0
585,80,218.65446856856138,1,0
80,590,13.089270758907848,0,1
590,80,13.089270758907848,0,1
80,593,10.09717886342517,0,1
593,80,10.09717886342517,0,1
81,144,66.03862143473317,0,1
144,81,66.03862143473317,0,1
81,146,67.17290949482536,0,1
146,81,67.17290949482536,0,1
81,147,67.02377453560788,0,1
147,81,67.02377453560788,0,1
81,176,47.681116062860774,0,1
176,81,47.681116062860774,0,1
81,193,12.163764631067142,1,1
193,81,12.163764631067142,1,1
81,202,63.987854542874,0,1
202,81,63.987854542874,0,1
81,236,12.314311552011343,1,0
236,81,12.314311552011343,1,0
81,237,11.467403585816626,1,0
237,81,11.467403585816626,1,0
81,238,11.783773122391656,1,0
238,81,11.783773122391656,1,0
81,245,8.115577367014623,1,0
81,260,10.16940003146695,1,1
260,81,10.16940003146695,1,1
81,268,44.349586379130976,0,1
268,81,44.349586379130976,0,1
81,303,44.33338935836059,0,1
303,81,44.33338935836059,0,1
81,404,48.91457076373052,0,1
404,81,48.91457076373052,0,1
81,417,24.378676440693003,1,1
417,81,24.378676440693003,1,1
81,455,50.89423481102747,0,1
455,81,50.89423481102747,0,1
81,456,55.99731825721657,0,1
456,81,55.99731825721657,0,1
81,457,37.75230708181952,0,1
457,81,37.75230708181952,0,1
81,458,64.15788741066838,0,1
458,81,64.15788741066838,0,1
81,493,40.742557369414115,0,1
493,81,40.742557369414115,0,1
81,494,44.054955589581525,0,1
494,81,44.054955589581525,0,1
81,495,9.671826818135237,1,1
495,81,9.671826818135237,1,1
81,501,29.28308429793556,1,1
501,81,29.28308429793556,1,1
81,502,28.752485962086826,1,1
502,81,28.752485962086826,1,1
81,594,20.21170811683169,1,1
594,81,20.21170811683169,1,1
81,595,29.715267069302943,1,1
595,81,29.715267069302943,1,1
81,596,35.20378515159982,1,1
596,81,35.20378515159982,1,1
81,597,15.474650399928265,1,1
597,81,15.474650399928265,1,1
82,95,6.688016821151096,1,0
95,82,6.688016821151096,1,0
82,100,11.367114365572293,1,1
100,82,11.367114365572293,1,1
82,152,16.918444491146342,1,0
152,82,16.918444491146342,1,0
82,496,11.331909106589233,0,1
496,82,11.331909106589233,0,1
82,497,10.423469336070404,0,1
497,82,10.423469336070404,0,1
82,520,11.186467896525695,0,1
520,82,11.186467896525695,0,1
83,89,28.309742722250235,1,1
89,83,28.309742722250235,1,1
83,116,12.080116969632373,1,0
83,119,25.496989037923676,0,1
119,83,25.496989037923676,0,1
83,145,32.142873549202164,1,0
145,83,32.142873549202164,1,0
83,150,20.21971874186187,1,1
150,83,20.21971874186187,1,1
184,83,9.609908272194902,0,1
83,235,31.548339052951743,1,1
235,83,31.548339052951743,1,1
83,304,28.072990328783998,0,1
304,83,28.072990328783998,0,1
83,405,9.87556266751419,0,1
83,411,30.519484350165552,1,0
411,83,30.519484350165552,1,0
438,83,8.815134315482663,0,1
83,463,9.918807387987732,0,1
463,83,9.918807387987732,0,1
83,464,10.983933084282697,0,1
464,83,10.983933084282697,0,1
84,94,50.97307690340068,1,0
94,84,50.97307690340068,1,0
84,98,18.11630130573015,1,0
98,84,18.11630130573015,1,0
84,99,14.752615666382692,1,0
99,84,14.752615666382692,1,0
84,103,21.65850689682925,1,0
103,84,21.65850689682925,1,0
106,84,6.346877657557297,1,0
84,143,35.45599589632196,1,0
143,84,35.45599589632196,1,0
84,177,12.118060447117765,1,0
177,84,12.118060447117765,1,0
84,178,10.448328335193148,1,0
178,84,10.448328335193148,1,0
84,183,49.376401823138146,1,0
183,84,49.376401823138146,1,0
84,187,50.95058222434754,1,0
187,84,50.95058222434754,1,0
84,188,47.531800607593226,1,0
188,84,47.531800607593226,1,0
84,206,18.044375356326416,1,0
206,84,18.044375356326416,1,0
84,246,46.63801137484316,1,0
246,84,46.63801137484316,1,0
84,299,22.398731258711955,1,0
299,84,22.398731258711955,1,0
84,407,11.74362976255638,1,0
407,84,11.74362976255638,1,0
84,416,25.78657753560949,1,0
416,84,25.78657753560949,1,0
84,441,48.193592779538655,1,0
441,84,48.193592779538655,1,0
84,466,10.331295610909601,1,0
466,84,10.331295610909601,1,0
84,470,44.17367642612509,1,0
470,84,44.17367642612509,1,0
84,500,41.021931134455386,1,0
500,84,41.021931134455386,1,0
84,510,25.992798425717844,1,0
510,84,25.992798425717844,1,0
84,517,31.63553592085963,1,0
517,84,31.63553592085963,1,0
84,588,42.19650517519194,1,0
588,84,42.19650517519194,1,0
84,589,52.87798908808844,1,0
589,84,52.87798908808844,1,0
84,598,13.681859120748175,1,0
598,84,13.681859120748175,1,0
84,608,39.98225658964236,1,0
608,84,39.98225658964236,1,0
84,609,37.354503771299115,1,0
609,84,37.354503771299115,1,0
85,116,39.21552035865392,0,1
116,85,39.21552035865392,0,1
86,97,18.336702266220062,1,0
97,86,18.336702266220062,1,0
86,228,5.351772510112888,1,1
228,86,5.351772510112888,1,1
86,229,6.788593374182902,1,1
229,86,6.788593374182902,1,1
86,230,15.46492942111279,1,0
230,86,15.46492942111279,1,0
86,250,12.784561001457968,1,1
250,86,12.784561001457968,1,1
86,251,12.508956151494017,1,1
251,86,12.508956151494017,1,1
86,252,13.651678065351527,1,0
252,86,13.651678065351527,1,0
86,253,10.44629120788809,1,1
253,86,10.44629120788809,1,1
86,254,10.194594695229428,1,1
254,86,10.194594695229428,1,1
86,255,9.301881530099166,1,1
255,86,9.301881530099166,1,1
86,264,18.033441158026385,0,1
264,86,18.033441158026385,0,1
86,265,16.71528127193796,0,1
265,86,16.71528127193796,0,1
86,267,15.052076268741134,0,1
267,86,15.052076268741134,0,1
86,381,4.411915683691156,0,1
381,86,4.411915683691156,0,1
86,387,15.213316535193764,0,1
387,86,15.213316535193764,0,1
86,389,12.521381712894149,0,1
389,86,12.521381712894149,0,1
86,391,11.828989813166634,0,1
391,86,11.828989813166634,0,1
86,392,10.532093808925175,0,1
392,86,10.532093808925175,0,1
86,393,6.293250352560273,0,1
393,86,6.293250352560273,0,1
86,396,4.099390198553926,0,1
396,86,4.099390198553926,0,1
397,86,3.2810059433045837,0,1
398,86,3.3354569402107415,0,1
86,399,3.650342449688796,0,1
399,86,3.650342449688796,0,1
86,410,7.0143681112413825,1,1
410,86,7.0143681112413825,1,1
86,412,9.081122838063584,1,0
412,86,9.081122838063584,1,0
86,413,8.837065406570215,1,0
413,86,8.837065406570215,1,0
86,414,5.415571345666124,1,0
414,86,5.415571345666124,1,0
86,431,4.359172513218534,1,0
431,86,4.359172513218534,1,0
86,474,5.063163536762366,1,0
87,93,122.3623792266234,0,1
93,87,122.3623792266234,0,1
87,153,125.22451991523066,0,1
153,87,125.22451991523066,0,1
87,175,89.62278925585835,0,1
175,87,89.62278925585835,0,1
87,222,110.97680624346692,0,1
222,87,110.97680624346692,0,1
87,234,122.36517355849253,0,1
234,87,122.36517355849253,0,1
87,244,126.3298680439428,0,1
244,87,126.3298680439428,0,1
87,408,108.95556690688181,0,1
408,87,108.95556690688181,0,1
87,434,114.65418829244747,0,1
434,87,114.65418829244747,0,1
87,454,129.40290757166161,0,1
454,87,129.40290757166161,0,1
87,459,95.3989242392177,0,1
459,87,95.3989242392177,0,1
87,460,93.84169564218243,0,1
460,87,93.84169564218243,0,1
87,467,119.47008330540328,0,1
467,87,119.47008330540328,0,1
87,509,82.56535649411319,0,1
509,87,82.56535649411319,0,1
87,518,122.20387989339783,0,1
518,87,122.20387989339783,0,1
87,519,123.81401431582775,0,1
519,87,123.81401431582775,0,1
88,174,59.30732016370323,1,0
174,88,59.30732016370323,1,0
88,175,71.6123712775942,1,0
175,88,71.6123712775942,1,0
88,182,11.7045489020295,1,1
182,88,11.7045489020295,1,1
88,186,92.80259846577573,1,0
186,88,92.80259846577573,1,0
88,199,35.62757971010661,1,0
199,88,35.62757971010661,1,0
88,200,39.950421724933015,1,0
200,88,39.950421724933015,1,0
88,202,24.925844519293623,1,0
202,88,24.925844519293623,1,0
88,205,71.86314110863788,1,0
205,88,71.86314110863788,1,0
88,248,67.48202383598169,1,0
248,88,67.48202383598169,1,0
302,88,9.07261731806208,1,1
88,409,13.79724990713729,1,1
409,88,13.79724990713729,1,1
88,432,93.4070030404573,1,0
432,88,93.4070030404573,1,0
88,434,41.96533346704158,1,0
434,88,41.96533346704158,1,0
88,459,64.08240335692787,1,0
459,88,64.08240335692787,1,0
88,460,66.17835677168178,1,0
460,88,66.17835677168178,1,0
88,467,36.41551538836159,1,0
467,88,36.41551538836159,1,0
88,476,19.8558457387239,1,0
88,507,26.865711083088794,1,0
507,88,26.865711083088794,1,0
88,508,26.251533459971437,1,0
508,88,26.251533459971437,1,0
88,509,79.60617446530138,1,0
509,88,79.60617446530138,1,0
88,590,16.688418768715024,1,1
590,88,16.688418768715024,1,1
88,593,12.744192598984057,1,1
593,88,12.744192598984057,1,1
89,116,16.766234669716397,1,0
116,89,16.766234669716397,1,0
89,119,48.835088010568796,0,1
119,89,48.835088010568796,0,1
89,150,8.168771327439641,1,1
89,184,24.43836369317717,0,1
184,89,24.43836369317717,0,1
89,190,31.883677093459596,1,0
190,89,31.883677093459596,1,0
89,197,21.741617465128943,1,1
197,89,21.741617465128943,1,1
89,304,11.03970167169385,0,1
304,89,11.03970167169385,0,1
89,405,37.73486161363256,0,1
405,89,37.73486161363256,0,1
89,437,35.639794121178646,0,1
437,89,35.639794121178646,0,1
89,438,29.994567108061418,0,1
438,89,29.994567108061418,0,1
89,463,30.64572722256726,0,1
463,89,30.64572722256726,0,1
89,464,31.678577067160074,0,1
464,89,31.678577067160074,0,1
90,92,13.933902324905251,1,0
92,90,13.933902324905251,1,0
90,98,17.14653043621362,0,1
98,90,17.14653043621362,0,1
90,103,17.78290623042252,0,1
103,90,17.78290623042252,0,1
90,180,24.33130941811394,1,1
180,90,24.33130941811394,1,1
90,189,13.85746080636709,0,1
189,90,13.85746080636709,0,1
90,225,15.97803273247367,0,1
225,90,15.97803273247367,0,1
90,249,18.46943683494437,1,0
249,90,18.46943683494437,1,0
90,453,19.58717233293259,1,1
453,90,19.58717233293259,1,1
90,587,23.574712214574326,1,0
587,90,23.574712214574326,1,0
91,92,10.0125146691528,1,1
92,91,10.0125146691528,1,1
91,115,9.264391237420838,1,0
115,91,9.264391237420838,1,0
91,148,10.209781045644418,1,0
148,91,10.209781045644418,1,0
91,180,20.4100389514572,1,0
180,91,20.4100389514572,1,0
91,196,15.344767446918183,0,1
196,91,15.344767446918183,0,1
91,249,14.543767909314285,1,1
249,91,14.543767909314285,1,1
91,300,17.95797508072667,0,1
300,91,17.95797508072667,0,1
91,453,15.699141632586159,1,0
453,91,15.699141632586159,1,0
91,465,21.828529222098314,0,1
465,91,21.828529222098314,0,1
91,587,19.673586353280886,1,1
587,91,19.673586353280886,1,1
92,115,19.26468169993992,1,0
115,92,19.26468169993992,1,0
92,148,20.22047667588477,1,0
148,92,20.22047667588477,1,0
92,180,10.39764300214236,1,0
180,92,10.39764300214236,1,0
92,196,24.80096744080763,0,1
196,92,24.80096744080763,0,1
92,300,27.198235622922308,0,1
300,92,27.198235622922308,0,1
92,433,14.412592584264637,1,1
433,92,14.412592584264637,1,1
92,440,16.006904166640094,1,0
440,92,16.006904166640094,1,0
92,465,30.89424842911703,0,1
465,92,30.89424842911703,0,1
92,587,9.706658024263552,1,1
587,92,9.706658024263552,1,1
93,175,50.19114682889803,0,1
175,93,50.19114682889803,0,1
93,221,53.38105780143365,1,0
221,93,53.38105780143365,1,0
93,222,26.5443677265065,1,1
222,93,26.5443677265065,1,1
93,244,13.691503423656586,1,1
93,268,33.41729875378918,1,0
268,93,33.41729875378918,1,0
93,303,33.78388373174405,1,0
303,93,33.78388373174405,1,0
93,408,29.125728317073893,1,1
408,93,29.125728317073893,1,1
93,434,24.153272593998523,0,1
434,93,24.153272593998523,0,1
93,454,17.570384002633524,1,1
454,93,17.570384002633524,1,1
93,459,42.79493661638021,0,1
459,93,42.79493661638021,0,1
93,460,44.95251526889235,0,1
460,93,44.95251526889235,0,1
93,467,16.10227763392496,0,1
93,493,37.77159018362875,1,0
493,93,37.77159018362875,1,0
93,494,35.243553112590675,1,0
494,93,35.243553112590675,1,0
93,503,32.89250869118985,1,0
503,93,32.89250869118985,1,0
93,505,29.519732468299914,1,0
505,93,29.519732468299914,1,0
93,506,27.720146067436225,1,0
506,93,27.720146067436225,1,0
93,509,57.025002034195495,0,1
509,93,57.025002034195495,0,1
94,98,66.53192274389791,1,0
98,94,66.53192274389791,1,0
94,99,36.34420517771712,1,0
99,94,36.34420517771712,1,0
94,101,9.457302469520577,0,1
101,94,9.457302469520577,0,1
94,103,66.30473418995057,1,0
103,94,66.30473418995057,1,0
94,106,44.70090832410456,1,0
106,94,44.70090832410456,1,0
94,143,16.486478884225097,1,0
143,94,16.486478884225097,1,0
94,177,38.920618417491774,1,0
177,94,38.920618417491774,1,0
94,178,40.56331764044948,1,0
178,94,40.56331764044948,1,0
188,94,3.827041938625706,1,0
94,206,68.0393069115199,1,0
206,94,68.0393069115199,1,0
94,240,49.58914498153805,1,0
240,94,49.58914498153805,1,0
94,246,4.427371680805667,1,1
94,277,9.070362396288253,0,1
277,94,9.070362396288253,0,1
94,299,28.648909176441606,1,0
299,94,28.648909176441606,1,0
94,407,59.79245073585795,1,0
407,94,59.79245073585795,1,0
94,416,67.3153834572752,1,0
416,94,67.3153834572752,1,0
94,466,40.748021424358754,1,0
466,94,40.748021424358754,1,0
94,470,7.556831214206124,1,1
470,94,7.556831214206124,1,1
94,471,6.871437258681767,0,1
471,94,6.871437258681767,0,1
94,473,56.36074839815383,1,0
473,94,56.36074839815383,1,0
94,484,11.581558617042873,0,1
484,94,11.581558617042873,0,1
94,498,9.100137361600648,0,1
498,94,9.100137361600648,0,1
94,500,10.801839334113428,1,1
500,94,10.801839334113428,1,1
94,510,25.644656460947182,1,0
510,94,25.644656460947182,1,0
94,517,20.750761046284545,1,0
517,94,20.750761046284545,1,0
94,588,9.153035015774822,1,0
588,94,9.153035015774822,1,0
94,589,4.354275714742924,1,0
94,598,61.681988197528135,1,0
598,94,61.681988197528135,1,0
94,599,50.573051964460284,1,0
599,94,50.573051964460284,1,0
94,600,8.58746697228001,0,1
600,94,8.58746697228001,0,1
94,601,10.72240644631605,0,1
601,94,10.72240644631605,0,1
94,602,11.13660365641159,0,1
602,94,11.13660365641159,0,1
94,608,12.102178192375122,1,0
608,94,12.102178192375122,1,0
94,609,15.093383881688029,1,0
609,94,15.093383881688029,1,0
95,100,18.006657546585373,1,0
100,95,18.006657546585373,1,0
95,152,23.57480733749483,1,0
152,95,23.57480733749483,1,0
95,195,4.716545557926903,1,0
95,402,7.939731229707968,1,0
402,95,7.939731229707968,1,0
96,107,38.02610583533371,0,1
107,96,38.02610583533371,0,1
96,108,36.20506318182583,0,1
108,96,36.20506318182583,0,1
96,109,35.624421398810114,0,1
109,96,35.624421398810114,0,1
96,171,31.768203128285364,0,1
171,96,31.768203128285364,0,1
96,172,31.742854707792112,0,1
172,96,31.742854707792112,0,1
96,173,34.98735828838753,0,1
173,96,34.98735828838753,0,1
96,192,32.370870022290106,0,1
192,96,32.370870022290106,0,1
96,198,12.34908903522847,0,1
198,96,12.34908903522847,0,1
96,232,6.533760402708382,0,1
232,96,6.533760402708382,0,1
96,261,6.654649878092761,1,0
261,96,6.654649878092761,1,0
96,269,39.00327165764431,0,1
269,96,39.00327165764431,0,1
96,412,24.40339099387624,0,1
412,96,24.40339099387624,0,1
96,413,23.158070407527482,0,1
413,96,23.158070407527482,0,1
96,414,20.485441489018488,0,1
414,96,20.485441489018488,0,1
96,428,18.464542290563283,0,1
428,96,18.464542290563283,0,1
96,429,16.240477887057388,0,1
429,96,16.240477887057388,0,1
96,430,17.030819122989946,0,1
430,96,17.030819122989946,0,1
96,431,19.676284837336546,0,1
431,96,19.676284837336546,0,1
96,461,6.920624249300058,0,1
461,96,6.920624249300058,0,1
96,462,6.937759004174187,0,1
462,96,6.937759004174187,0,1
96,474,13.204057141651576,0,1
474,96,13.204057141651576,0,1
96,475,10.224002396322097,0,1
475,96,10.224002396322097,0,1
97,107,38.17609363201007,0,1
107,97,38.17609363201007,0,1
97,108,36.356034574744264,0,1
108,97,36.356034574744264,0,1
97,109,35.775358139367384,0,1
109,97,35.775358139367384,0,1
97,171,31.921828581708784,0,1
171,97,31.921828581708784,0,1
97,172,31.89895868206359,0,1
172,97,31.89895868206359,0,1
97,173,35.13868139244841,0,1
173,97,35.13868139244841,0,1
97,192,32.42686102600744,0,1
192,97,32.42686102600744,0,1
97,198,12.367402718436882,0,1
198,97,12.367402718436882,0,1
97,228,22.048267256181383,1,0
228,97,22.048267256181383,1,0
97,229,23.081803439072953,1,0
229,97,23.081803439072953,1,0
97,232,6.6690497823902914,0,1
232,97,6.6690497823902914,0,1
97,233,16.080510750594957,1,0
233,97,16.080510750594957,1,0
97,250,29.4671622318811,1,0
250,97,29.4671622318811,1,0
97,251,29.089041132357732,1,0
251,97,29.089041132357732,1,0
97,252,29.742591749879498,1,0
252,97,29.742591749879498,1,0
97,253,26.702764838121166,1,0
253,97,26.702764838121166,1,0
97,254,26.496840585247142,1,0
254,97,26.496840585247142,1,0
97,255,25.911438593794824,1,0
255,97,25.911438593794824,1,0
97,269,39.059320142572886,0,1
269,97,39.059320142572886,0,1
97,410,23.08479781154689,1,0
410,97,23.08479781154689,1,0
97,412,24.56021176618801,1,1
412,97,24.56021176618801,1,1
97,413,23.315070769783222,1,1
413,97,23.315070769783222,1,1
97,414,20.64151624760158,1,1
414,97,20.64151624760158,1,1
97,428,18.50591613511744,0,1
428,97,18.50591613511744,0,1
97,429,16.28224222888236,0,1
429,97,16.28224222888236,0,1
97,430,17.185128745517154,1,1
430,97,17.185128745517154,1,1
97,431,19.831608734542943,1,1
431,97,19.831608734542943,1,1
97,461,6.872834204314841,0,1
97,462,6.890112480939625,0,1
97,474,13.3537981488414,1,1
474,97,13.3537981488414,1,1
97,475,10.36321016866878,0,1
475,97,10.36321016866878,0,1
97,487,21.123144652252893,1,0
487,97,21.123144652252893,1,0
98,99,30.714253922242683,1,0
99,98,30.714253922242683,1,0
98,103,6.933492626375253,1,1
98,106,23.92805518632887,1,0
106,98,23.92805518632887,1,0
98,115,14.647800005461571,0,1
115,98,14.647800005461571,0,1
98,143,52.13210705505773,1,0
143,98,52.13210705505773,1,0
98,148,13.414132584703344,0,1
148,98,13.414132584703344,0,1
98,177,28.4065318192841,1,0
177,98,28.4065318192841,1,0
98,178,26.963462129333468,1,0
178,98,26.963462129333468,1,0
98,180,37.740552831139084,0,1
180,98,37.740552831139084,0,1
98,183,64.7283389250798,1,0
183,98,64.7283389250798,1,0
98,187,66.03674306020854,1,0
187,98,66.03674306020854,1,0
98,188,62.85905816984534,1,0
188,98,62.85905816984534,1,0
98,189,14.482246856064842,0,1
189,98,14.482246856064842,0,1
98,225,14.480215606129626,0,1
225,98,14.480215606129626,0,1
98,240,18.75498707011018,1,0
240,98,18.75498707011018,1,0
98,246,62.1076262306007,1,0
246,98,62.1076262306007,1,0
98,299,38.94552268233153,1,0
299,98,38.94552268233153,1,0
98,416,12.232413416820084,1,0
416,98,12.232413416820084,1,0
98,440,16.435768220560913,0,1
440,98,16.435768220560913,0,1
98,441,63.63319833231707,1,0
441,98,63.63319833231707,1,0
98,453,31.922840631748297,0,1
453,98,31.922840631748297,0,1
98,466,26.618519755989436,1,0
466,98,26.618519755989436,1,0
98,470,60.342112939472045,1,0
470,98,60.342112939472045,1,0
98,473,12.75199309911984,1,0
473,98,12.75199309911984,1,0
98,500,57.38197334529373,1,0
500,98,57.38197334529373,1,0
98,510,42.968545716605306,1,0
510,98,42.968545716605306,1,0
98,517,48.66635342821568,1,0
517,98,48.66635342821568,1,0
98,588,58.296707231197885,1,0
588,98,58.296707231197885,1,0
98,589,67.7622394626978,1,0
589,98,67.7622394626978,1,0
98,599,17.471748080830377,1,0
599,98,17.471748080830377,1,0
98,608,56.485959821888486,1,0
608,98,56.485959821888486,1,0
98,609,54.111258505046806,1,0
609,98,54.111258505046806,1,0
99,103,31.833674403059412,1,0
103,99,31.833674403059412,1,0
99,106,8.753371064909793,1,0
106,99,8.753371064909793,1,0
99,143,21.41785320707937,1,1
143,99,21.41785320707937,1,1
99,183,34.69367092136547,1,0
183,99,34.69367092136547,1,0
99,187,36.22741641353962,1,0
187,99,36.22741641353962,1,0
99,188,32.83976248391574,1,0
188,99,32.83976248391574,1,0
99,206,31.813918101988005,1,0
206,99,31.813918101988005,1,0
99,240,13.287123465972611,1,0
240,99,13.287123465972611,1,0
99,246,31.974326732552168,1,0
246,99,31.974326732552168,1,0
99,299,8.248787607885173,1,0
99,407,23.87354320162803,1,0
407,99,23.87354320162803,1,0
99,416,34.27401347960288,1,0
416,99,34.27401347960288,1,0
99,441,33.52703941596992,1,0
441,99,33.52703941596992,1,0
99,470,29.772226117641928,1,0
470,99,29.772226117641928,1,0
99,473,20.022147986667164,1,0
473,99,20.022147986667164,1,0
99,500,26.730215730517404,1,0
500,99,26.730215730517404,1,0
99,510,12.405124142869349,1,0
510,99,12.405124142869349,1,0
99,517,18.0529896139116,1,0
517,99,18.0529896139116,1,0
99,588,27.75156391989468,1,0
588,99,27.75156391989468,1,0
99,589,38.13712255794871,1,0
589,99,38.13712255794871,1,0
99,598,25.845394522042028,1,0
598,99,25.845394522042028,1,0
99,599,14.232437774323834,1,0
599,99,14.232437774323834,1,0
99,608,25.79502310524261,1,0
608,99,25.79502310524261,1,0
99,609,23.398541343425663,1,0
609,99,23.398541343425663,1,0
100,195,13.29219808760011,1,0
195,100,13.29219808760011,1,0
100,402,10.067073060229571,1,0
402,100,10.067073060229571,1,0
100,403,16.80983714971683,0,1
403,100,16.80983714971683,0,1
100,496,15.26329338642221,0,1
496,100,15.26329338642221,0,1
100,497,16.85027222332031,0,1
497,100,16.85027222332031,0,1
100,520,10.23709553535572,0,1
520,100,10.23709553535572,0,1
101,104,5.753500673503046,0,1
104,101,5.753500673503046,0,1
101,142,4.693484952569892,1,0
101,183,11.207744554547984,0,1
183,101,11.207744554547984,0,1
101,246,11.914829163693453,0,1
246,101,11.914829163693453,0,1
101,441,11.232677508056572,0,1
441,101,11.232677508056572,0,1
101,470,10.807944485423674,0,1
470,101,10.807944485423674,0,1
101,472,4.33977061605795,1,0
101,484,12.611953456939174,1,1
484,101,12.611953456939174,1,1
101,500,13.269459860898634,0,1
500,101,13.269459860898634,0,1
101,601,2.9874353549491244,1,1
101,602,11.307640116310742,1,1
602,101,11.307640116310742,1,1
101,603,5.11111778381207,1,0
102,151,32.41249758966439,1,0
151,102,32.41249758966439,1,0
102,152,13.135924025358856,0,1
152,102,13.135924025358856,0,1
102,191,35.452856020354695,1,1
191,102,35.452856020354695,1,1
102,194,22.755493842147217,1,1
194,102,22.755493842147217,1,1
102,203,31.584332840824736,1,1
203,102,31.584332840824736,1,1
102,224,7.255687424358907,1,1
224,102,7.255687424358907,1,1
102,226,8.13310395851424,1,0
226,102,8.13310395851424,1,0
227,102,6.19477263505288,1,0
102,243,34.564468750437925,1,0
243,102,34.564468750437925,1,0
102,298,12.768418069596562,1,1
298,102,12.768418069596562,1,1
102,436,33.972718834382384,1,0
436,102,33.972718834382384,1,0
103,106,26.54420232367136,1,0
106,103,26.54420232367136,1,0
103,115,13.493754147752952,0,1
115,103,13.493754147752952,0,1
103,143,52.943781901182696,1,0
143,103,52.943781901182696,1,0
103,148,12.158794224757651,0,1
148,103,12.158794224757651,0,1
103,177,29.875028535551223,1,0
177,103,29.875028535551223,1,0
103,178,28.673883204058708,1,0
178,103,28.673883204058708,1,0
103,180,40.977731025521656,0,1
180,103,40.977731025521656,0,1
103,183,64.39381178343149,1,0
183,103,64.39381178343149,1,0
103,187,65.51801665191034,1,0
187,103,65.51801665191034,1,0
103,188,62.53775680339038,1,0
188,103,62.53775680339038,1,0
103,189,9.41757431613895,0,1
189,103,9.41757431613895,0,1
103,206,11.162489193723774,1,0
206,103,11.162489193723774,1,0
103,225,8.601760982496549,0,1
225,103,8.601760982496549,0,1
103,240,21.79522929450388,1,0
240,103,21.79522929450388,1,0
103,246,61.888445480558005,1,0
246,103,61.888445480558005,1,0
103,299,40.01284220097343,1,0
299,103,40.01284220097343,1,0
103,407,10.131007304310861,1,0
407,103,10.131007304310861,1,0
416,103,5.325226943520811,1,0
103,440,16.314816609450443,0,1
440,103,16.314816609450443,0,1
103,441,63.370913280463306,1,0
441,103,63.370913280463306,1,0
103,453,35.47982843814215,0,1
453,103,35.47982843814215,0,1
103,466,28.23602000990933,1,0
466,103,28.23602000990933,1,0
103,470,60.62546206009485,1,0
470,103,60.62546206009485,1,0
103,473,17.199484876007187,1,0
473,103,17.199484876007187,1,0
103,500,57.854573933268234,1,0
500,103,57.854573933268234,1,0
103,510,44.23351793606292,1,0
510,103,44.23351793606292,1,0
103,517,49.84405059783966,1,0
517,103,49.84405059783966,1,0
103,588,58.56446248365983,1,0
588,103,58.56446248365983,1,0
103,589,67.09720385381196,1,0
589,103,67.09720385381196,1,0
103,598,8.516225689822928,1,0
598,103,8.516225689822928,1,0
103,599,20.484817036039157,1,0
599,103,20.484817036039157,1,0
103,608,57.08317038322241,1,0
608,103,57.08317038322241,1,0
103,609,54.95170953664681,1,0
609,103,54.95170953664681,1,0
104,183,5.480515669168367,0,1
183,104,5.480515669168367,0,1
104,246,6.63804338642043,0,1
246,104,6.63804338642043,0,1
277,104,5.370034822978338,0,1
104,441,5.663472609627418,0,1
441,104,5.663472609627418,0,1
104,470,7.423146098521839,0,1
470,104,7.423146098521839,0,1
104,484,10.788999026786497,0,1
484,104,10.788999026786497,0,1
104,498,5.418717560456533,0,1
498,104,5.418717560456533,0,1
104,500,10.615645670424385,0,1
500,104,10.615645670424385,0,1
600,104,4.866496583785917,0,1
104,601,7.106335201775948,0,1
601,104,7.106335201775948,0,1
104,602,9.92593275213972,0,1
602,104,9.92593275213972,0,1
105,221,29.432267615662916,0,1
221,105,29.432267615662916,0,1
105,305,22.554574635758488,1,1
305,105,22.554574635758488,1,1
106,143,29.109735295945235,1,0
143,106,29.109735295945235,1,0
177,106,6.125560300903094,1,0
106,183,43.13624189704059,1,0
183,106,43.13624189704059,1,0
106,187,44.74770368409981,1,0
187,106,44.74770368409981,1,0
106,188,41.30019739662269,1,0
188,106,41.30019739662269,1,0
106,206,24.25586663057002,1,0
206,106,24.25586663057002,1,0
106,246,40.387440584914515,1,0
246,106,40.387440584914515,1,0
106,299,16.082025556502515,1,0
299,106,16.082025556502515,1,0
106,407,17.22836033985823,1,0
407,106,17.22836033985823,1,0
106,416,30.042966714357622,1,0
416,106,30.042966714357622,1,0
106,441,41.94350549250742,1,0
441,106,41.94350549250742,1,0
106,470,37.84720995000821,1,0
470,106,37.84720995000821,1,0
106,473,11.972689965083035,1,0
473,106,11.972689965083035,1,0
106,500,34.68513505811964,1,0
500,106,34.68513505811964,1,0
106,510,19.64696215703588,1,0
510,106,19.64696215703588,1,0
106,517,25.29632923963475,1,0
517,106,25.29632923963475,1,0
106,588,35.878340611014885,1,0
588,106,35.878340611014885,1,0
106,589,46.70335313443779,1,0
589,106,46.70335313443779,1,0
106,598,19.236923896506944,1,0
598,106,19.236923896506944,1,0
106,599,6.4709869417268955,1,0
106,608,33.639114524612566,1,0
608,106,33.639114524612566,1,0
106,609,31.007742516990817,1,0
609,106,31.007742516990817,1,0
107,154,39.823191735469926,0,1
154,107,39.823191735469926,0,1
107,163,7.793600579963025,1,0
163,107,7.793600579963025,1,0
107,164,9.149955027211883,1,0
164,107,9.149955027211883,1,0
107,165,11.798730652065924,1,0
165,107,11.798730652065924,1,0
107,166,12.335292862352317,1,0
166,107,12.335292862352317,1,0
167,107,4.2271367377930895,1,0
168,107,5.7522333923442295,1,0
107,169,6.275778358100292,1,0
169,107,6.275778358100292,1,0
107,170,7.526028567577989,1,0
170,107,7.526028567577989,1,0
107,171,7.032735243132646,1,1
171,107,7.032735243132646,1,1
107,172,9.190016866143392,1,1
172,107,9.190016866143392,1,1
173,107,3.233095266149762,1,1
107,192,31.28084719121271,0,1
192,107,31.28084719121271,0,1
107,198,34.97172750951832,0,1
198,107,34.97172750951832,0,1
107,230,36.16955345314619,0,1
230,107,36.16955345314619,0,1
107,232,34.00900248463633,0,1
232,107,34.00900248463633,0,1
107,269,33.757617881005764,0,1
269,107,33.757617881005764,0,1
107,412,17.24784731495499,0,1
412,107,17.24784731495499,0,1
107,413,17.41383645266028,0,1
413,107,17.41383645266028,0,1
107,414,20.898160876019688,0,1
414,107,20.898160876019688,0,1
107,415,39.85016593440986,0,1
415,107,39.85016593440986,0,1
107,428,32.20456919444817,0,1
428,107,32.20456919444817,0,1
107,429,32.37515740502276,0,1
429,107,32.37515740502276,0,1
107,430,24.31871964146139,0,1
430,107,24.31871964146139,0,1
107,431,22.00366537647762,0,1
431,107,22.00366537647762,0,1
107,461,38.782902482924094,0,1
461,107,38.782902482924094,0,1
107,462,38.779604497725344,0,1
462,107,38.779604497725344,0,1
107,474,28.21308207197505,0,1
474,107,28.21308207197505,0,1
107,475,31.629910685931442,0,1
475,107,31.629910685931442,0,1
108,154,38.043458373286725,0,1
154,108,38.043458373286725,0,1
108,163,5.9320928010273075,1,0
163,108,5.9320928010273075,1,0
108,164,7.295796186846231,1,0
164,108,7.295796186846231,1,0
108,165,9.933157101344971,1,0
165,108,9.933157101344971,1,0
108,166,10.42525803037987,1,0
166,108,10.42525803037987,1,0
168,108,3.7707007306334988,1,0
108,169,4.311970431252979,1,0
169,108,4.311970431252979,1,0
108,170,5.533969732479569,1,0
170,108,5.533969732479569,1,0
108,171,5.037754460074448,1,1
171,108,5.037754460074448,1,1
108,172,7.3190685882836215,1,1
172,108,7.3190685882836215,1,1
108,192,30.933070103046674,0,1
192,108,30.933070103046674,0,1
108,198,33.52513385506462,0,1
198,108,33.52513385506462,0,1
108,230,34.30581527962862,0,1
230,108,34.30581527962862,0,1
108,232,32.08852014350303,0,1
232,108,32.08852014350303,0,1
108,269,33.78255703761928,0,1
269,108,33.78255703761928,0,1
108,412,15.262449737836976,0,1
412,108,15.262449737836976,0,1
108,413,15.418343782650586,0,1
413,108,15.418343782650586,0,1
108,414,18.902750408340054,0,1
414,108,18.902750408340054,0,1
108,415,38.167631574411324,0,1
415,108,38.167631574411324,0,1
108,428,31.03055336277457,0,1
428,108,31.03055336277457,0,1
108,429,31.090918320306976,0,1
429,108,31.090918320306976,0,1
108,430,22.329572320131884,0,1
430,108,22.329572320131884,0,1
108,431,20.008348382612695,0,1
431,108,20.008348382612695,0,1
108,461,37.141091529463694,0,1
461,108,37.141091529463694,0,1
108,462,37.13833733488887,0,1
462,108,37.13833733488887,0,1
108,474,26.238537020954503,0,1
474,108,26.238537020954503,0,1
108,475,29.668763455863814,0,1
475,108,29.668763455863814,0,1
109,154,37.46208116215649,0,1
154,109,37.46208116215649,0,1
109,163,5.592845876653495,1,0
163,109,5.592845876653495,1,0
109,164,6.953494229522305,1,0
164,109,6.953494229522305,1,0
109,165,9.572889323501029,1,0
165,109,9.572889323501029,1,0
109,166,10.030005234295743,1,0
166,109,10.030005234295743,1,0
168,109,3.318135621098089,1,0
109,169,3.884575781214726,1,0
169,109,3.884575781214726,1,0
109,170,5.0477619793330195,1,0
170,109,5.0477619793330195,1,0
109,171,4.539018616397161,1,1
171,109,4.539018616397161,1,1
109,172,6.964119829526198,1,1
172,109,6.964119829526198,1,1
109,192,30.596157699946573,0,1
192,109,30.596157699946573,0,1
109,198,32.96979526779018,0,1
198,109,32.96979526779018,0,1
109,230,33.72779568842292,0,1
230,109,33.72779568842292,0,1
109,232,31.518815412385027,0,1
232,109,31.518815412385027,0,1
109,269,33.53890934422287,0,1
269,109,33.53890934422287,0,1
109,412,14.782680812356059,0,1
412,109,14.782680812356059,0,1
109,413,14.906593339861393,0,1
413,109,14.906593339861393,0,1
109,414,18.38691635375546,0,1
414,109,18.38691635375546,0,1
109,415,37.589159341491005,0,1
415,109,37.589159341491005,0,1
109,428,30.51749796428272,0,1
428,109,30.51749796428272,0,1
109,429,30.559469268951645,0,1
429,109,30.559469268951645,0,1
109,430,21.795031543909268,0,1
430,109,21.795031543909268,0,1
109,431,19.491264838383373,0,1
431,109,19.491264838383373,0,1
109,461,36.565275877531676,0,1
461,109,36.565275877531676,0,1
109,462,36.56256145293981,0,1
462,109,36.56256145293981,0,1
109,474,25.689578139782675,0,1
474,109,25.689578139782675,0,1
109,475,29.112198903552443,0,1
475,109,29.112198903552443,0,1
110,111,9.08600066035657,1,1
111,110,9.08600066035657,1,1
110,112,11.316106264965878,1,1
112,110,11.316106264965878,1,1
110,113,14.46602039263045,1,1
113,110,14.46602039263045,1,1
110,280,12.542283085626796,0,1
280,110,12.542283085626796,0,1
110,281,12.420066747002611,0,1
281,110,12.420066747002611,0,1
110,283,7.549271289336475,0,1
318,110,7.086788341696117,0,1
110,326,10.57706637021816,0,1
326,110,10.57706637021816,0,1
110,332,9.773563116898565,0,1
332,110,9.773563116898565,0,1
110,340,11.222768330496715,0,1
340,110,11.222768330496715,0,1
110,349,13.055139830733335,0,1
349,110,13.055139830733335,0,1
110,350,13.877572013864674,0,1
350,110,13.877572013864674,0,1
110,351,15.28766430819306,0,1
351,110,15.28766430819306,0,1
110,352,17.613835385855065,0,1
352,110,17.613835385855065,0,1
110,353,17.678749277027492,0,1
353,110,17.678749277027492,0,1
110,354,19.454200497578924,0,1
354,110,19.454200497578924,0,1
110,355,19.722625585859507,0,1
355,110,19.722625585859507,0,1
111,280,19.63184069311892,0,1
280,111,19.63184069311892,0,1
111,281,19.356406742988224,0,1
281,111,19.356406742988224,0,1
111,282,11.32661467517987,0,1
282,111,11.32661467517987,0,1
111,283,16.482823089507452,0,1
283,111,16.482823089507452,0,1
318,111,9.037119507896309,0,1
111,326,17.237882149498528,0,1
326,111,17.237882149498528,0,1
111,332,9.464037616155169,0,1
332,111,9.464037616155169,0,1
111,340,10.403801660931451,0,1
340,111,10.403801660931451,0,1
111,349,9.91374096897836,0,1
349,111,9.91374096897836,0,1
111,350,10.185503669431375,0,1
350,111,10.185503669431375,0,1
111,351,11.066214167455824,0,1
351,111,11.066214167455824,0,1
111,352,11.206912375850898,0,1
352,111,11.206912375850898,0,1
111,353,11.079980505398012,0,1
353,111,11.079980505398012,0,1
111,354,11.27704806232553,0,1
354,111,11.27704806232553,0,1
111,355,11.42373143942031,0,1
355,111,11.42373143942031,0,1
111,361,12.262556054917752,0,1
361,111,12.262556054917752,0,1
111,374,11.006083863027758,0,1
374,111,11.006083863027758,0,1
114,112,8.419764189096984,1,1
112,280,21.20255097859689,0,1
280,112,21.20255097859689,0,1
112,281,20.895878852060754,0,1
281,112,20.895878852060754,0,1
112,282,13.529219674467557,0,1
282,112,13.529219674467557,0,1
112,283,18.591906464911016,0,1
283,112,18.591906464911016,0,1
112,318,10.180669722567371,0,1
318,112,10.180669722567371,0,1
112,326,18.765558078565103,0,1
326,112,18.765558078565103,0,1
112,332,9.955939784872143,0,1
332,112,9.955939784872143,0,1
112,340,10.616916501508337,0,1
340,112,10.616916501508337,0,1
112,349,9.45414856028823,0,1
349,112,9.45414856028823,0,1
112,350,9.503808604975166,0,1
350,112,9.503808604975166,0,1
112,351,10.113961093458883,0,1
351,112,10.113961093458883,0,1
112,352,9.477796473864588,0,1
352,112,9.477796473864588,0,1
112,353,9.2901989752642,0,1
353,112,9.2901989752642,0,1
354,112,8.99700005557408,0,1
112,355,9.116575727760944,0,1
355,112,9.116575727760944,0,1
112,361,13.998720655831375,0,1
361,112,13.998720655831375,0,1
112,374,12.678498373230168,0,1
374,112,12.678498373230168,0,1
113,114,11.730998337737502,1,1
114,113,11.730998337737502,1,1
113,280,23.3070273737343,0,1
280,113,23.3070273737343,0,1
113,281,22.960160713723237,0,1
281,113,22.960160713723237,0,1
113,282,16.61868689156878,0,1
282,113,16.61868689156878,0,1
113,283,21.50158470903947,0,1
283,113,21.50158470903947,0,1
113,318,12.042253319042912,0,1
318,113,12.042253319042912,0,1
113,326,20.845136722986492,0,1
326,113,20.845136722986492,0,1
113,332,11.015500442558205,0,1
332,113,11.015500442558205,0,1
113,340,11.246365857467024,0,1
340,113,11.246365857467024,0,1
113,349,9.224656199555623,0,1
349,113,9.224656199555623,0,1
113,350,8.923443113507252,0,1
350,113,8.923443113507252,0,1
113,351,9.032183014089119,0,1
351,113,9.032183014089119,0,1
113,352,7.063139599356648,0,1
352,113,7.063139599356648,0,1
113,353,6.77150278741728,0,1
353,113,6.77150278741728,0,1
354,113,5.592879490924151,0,1
355,113,5.685275894800533,0,1
113,361,16.451095556223606,0,1
361,113,16.451095556223606,0,1
113,374,15.082376470569882,0,1
374,113,15.082376470569882,0,1
114,280,15.359858365232409,0,1
280,114,15.359858365232409,0,1
114,281,15.186760352359551,0,1
281,114,15.186760352359551,0,1
114,283,10.771206292704639,0,1
283,114,10.771206292704639,0,1
318,114,7.497058689912999,0,1
114,326,13.214363132591748,0,1
326,114,13.214363132591748,0,1
114,332,9.631401351828298,0,1
332,114,9.631401351828298,0,1
114,340,11.035774961460568,0,1
340,114,11.035774961460568,0,1
114,349,12.171014090863588,0,1
349,114,12.171014090863588,0,1
114,350,12.853244298619707,0,1
350,114,12.853244298619707,0,1
114,351,14.152432582422005,0,1
351,114,14.152432582422005,0,1
114,352,15.797300560538817,0,1
352,114,15.797300560538817,0,1
114,353,15.795170527727771,0,1
353,114,15.795170527727771,0,1
114,354,16.99268080674736,0,1
354,114,16.99268080674736,0,1
114,355,17.209855432280655,0,1
355,114,17.209855432280655,0,1
114,361,7.9932141845442874,0,1
361,114,7.9932141845442874,0,1
374,114,7.152737238288569,0,1
115,180,29.659783360638357,1,1
180,115,29.659783360638357,1,1
115,189,8.518480909176237,0,1
189,115,8.518480909176237,0,1
115,225,10.644394816052248,0,1
225,115,10.644394816052248,0,1
115,249,23.806521837513348,1,0
249,115,23.806521837513348,1,0
115,453,24.90671389404873,1,1
453,115,24.90671389404873,1,1
115,587,28.877824450605694,1,0
587,115,28.877824450605694,1,0
116,145,20.63854592746301,1,0
145,116,20.63854592746301,1,0
116,190,15.56387162630173,1,0
190,116,15.56387162630173,1,0
116,235,19.990308176714034,1,0
235,116,19.990308176714034,1,0
116,301,37.2278885245994,0,1
301,116,37.2278885245994,0,1
116,411,19.11173443201846,1,0
411,116,19.11173443201846,1,0
116,435,35.12265138055497,0,1
435,116,35.12265138055497,0,1
116,499,40.252420399275366,0,1
499,116,40.252420399275366,0,1
117,123,10.50987744933308,0,1
123,117,10.50987744933308,0,1
117,124,9.551249604109401,0,1
124,117,9.551249604109401,0,1
117,125,7.976875077372092,0,1
125,117,7.976875077372092,0,1
117,126,7.846964062616828,0,1
126,117,7.846964062616828,0,1
117,127,8.213376528566068,0,1
127,117,8.213376528566068,0,1
117,128,8.862649998730628,0,1
128,117,8.862649998730628,0,1
117,129,9.26066822642945,0,1
129,117,9.26066822642945,0,1
117,131,9.985218124808291,0,1
131,117,9.985218124808291,0,1
117,135,13.764961205902472,0,1
135,117,13.764961205902472,0,1
117,273,23.54966277890195,0,1
273,117,23.54966277890195,0,1
117,274,23.669109003086703,0,1
274,117,23.669109003086703,0,1
117,275,18.078866585048964,0,1
275,117,18.078866585048964,0,1
117,276,20.32405513178903,0,1
276,117,20.32405513178903,0,1
117,477,13.648547761575223,0,1
477,117,13.648547761575223,0,1
117,478,10.745696301310586,0,1
478,117,10.745696301310586,0,1
118,123,15.432835287140207,0,1
123,118,15.432835287140207,0,1
118,124,14.223263198014724,0,1
124,118,14.223263198014724,0,1
118,125,12.262438460599915,0,1
125,118,12.262438460599915,0,1
118,126,11.609006503572992,0,1
126,118,11.609006503572992,0,1
118,127,11.268999467565877,0,1
127,118,11.268999467565877,0,1
118,128,10.135755719234751,0,1
128,118,10.135755719234751,0,1
118,129,9.82525302473173,0,1
129,118,9.82525302473173,0,1
118,131,9.333212201594904,0,1
131,118,9.333212201594904,0,1
118,135,10.742593076161826,0,1
135,118,10.742593076161826,0,1
118,204,7.855490118382175,0,1
204,118,7.855490118382175,0,1
118,273,18.3810424078723,0,1
273,118,18.3810424078723,0,1
118,274,18.46191089784587,0,1
274,118,18.46191089784587,0,1
118,275,14.029922309122028,0,1
275,118,14.029922309122028,0,1
118,276,15.866729971862508,0,1
276,118,15.866729971862508,0,1
118,477,18.925858633097736,0,1
477,118,18.925858633097736,0,1
118,478,16.253388139092724,0,1
478,118,16.253388139092724,0,1
119,150,41.08051377478135,0,1
150,119,41.08051377478135,0,1
119,184,24.52916853462424,1,1
184,119,24.52916853462424,1,1
119,196,54.174272602407875,1,0
196,119,54.174272602407875,1,0
119,197,28.528843036478015,0,1
197,119,28.528843036478015,0,1
119,235,51.880698771315714,0,1
235,119,51.880698771315714,0,1
119,262,44.02489082326042,1,0
262,119,44.02489082326042,1,0
119,300,51.37304940335934,1,0
300,119,51.37304940335934,1,0
119,304,43.28358173718991,1,1
304,119,43.28358173718991,1,1
119,405,17.597037023317306,0,1
405,119,17.597037023317306,0,1
119,437,18.625139247801613,0,1
437,119,18.625139247801613,0,1
119,438,19.31847118692367,1,1
438,119,19.31847118692367,1,1
119,439,42.17713849942881,1,0
439,119,42.17713849942881,1,0
119,463,18.456641352098707,1,1
463,119,18.456641352098707,1,1
119,464,17.311517668881606,1,1
464,119,17.311517668881606,1,1
119,465,47.447754551717196,1,0
465,119,47.447754551717196,1,0
119,486,12.626707963677626,1,0
486,119,12.626707963677626,1,0
119,504,41.238814386449086,1,0
504,119,41.238814386449086,1,0
120,190,63.858813800445745,0,1
190,120,63.858813800445745,0,1
120,245,23.906780628097962,0,1
245,120,23.906780628097962,0,1
120,511,60.8260610676049,0,1
511,120,60.8260610676049,0,1
120,512,53.0906599883633,0,1
512,120,53.0906599883633,0,1
121,123,7.203542531282785,1,0
123,121,7.203542531282785,1,0
121,124,8.301562744447578,1,0
124,121,8.301562744447578,1,0
121,125,10.340585331595111,1,0
125,121,10.340585331595111,1,0
121,126,11.301064728599691,1,0
126,121,11.301064728599691,1,0
121,127,12.31439259565814,1,0
127,121,12.31439259565814,1,0
121,128,15.388100337598532,1,0
128,121,15.388100337598532,1,0
121,129,16.59090066874008,1,0
129,121,16.59090066874008,1,0
121,130,16.881561094875085,1,0
130,121,16.881561094875085,1,0
121,131,18.705131114215693,1,0
131,121,18.705131114215693,1,0
121,132,19.84577861914216,1,0
132,121,19.84577861914216,1,0
121,133,20.747773326311428,1,0
133,121,20.747773326311428,1,0
121,134,22.30905244513984,1,0
134,121,22.30905244513984,1,0
121,135,24.272256796598047,1,0
135,121,24.272256796598047,1,0
121,136,24.442425677497724,1,0
136,121,24.442425677497724,1,0
121,157,14.209062073198217,0,1
157,121,14.209062073198217,0,1
121,158,11.70280308302246,0,1
158,121,11.70280308302246,0,1
121,159,10.167185697133696,0,1
159,121,10.167185697133696,0,1
121,160,8.856861803144497,0,1
160,121,8.856861803144497,0,1
121,161,6.4572230873650325,0,1
161,121,6.4572230873650325,0,1
121,386,15.982510753946015,0,1
386,121,15.982510753946015,0,1
121,388,14.656087915948103,0,1
388,121,14.656087915948103,0,1
121,390,14.691003539581631,0,1
390,121,14.691003539581631,0,1
121,394,12.625404904398115,0,1
394,121,12.625404904398115,0,1
121,395,12.424692551528187,0,1
395,121,12.424692551528187,0,1
121,442,10.953203777890742,0,1
442,121,10.953203777890742,0,1
121,447,12.264877496330731,0,1
447,121,12.264877496330731,0,1
121,450,12.438759463869378,0,1
450,121,12.438759463869378,0,1
121,451,11.855518546229852,0,1
451,121,11.855518546229852,0,1
121,485,7.560319107021873,1,1
485,121,7.560319107021873,1,1
122,123,6.280601881985516,1,0
123,122,6.280601881985516,1,0
122,124,7.26709907734854,1,0
124,122,7.26709907734854,1,0
122,125,9.248702611718036,1,0
125,122,9.248702611718036,1,0
122,126,10.164114767160001,1,0
126,122,10.164114767160001,1,0
122,127,11.143129273233798,1,0
127,122,11.143129273233798,1,0
122,128,14.196062728799138,1,0
128,122,14.196062728799138,1,0
122,129,15.396550912460881,1,0
129,122,15.396550912460881,1,0
122,130,15.698184926927063,1,0
130,122,15.698184926927063,1,0
122,131,17.5097340071173,1,0
131,122,17.5097340071173,1,0
122,132,18.65746670906852,1,0
132,122,18.65746670906852,1,0
122,133,19.562519597434274,1,0
133,122,19.562519597434274,1,0
122,134,21.11668004208995,1,0
134,122,21.11668004208995,1,0
122,135,23.07411937647892,1,0
135,122,23.07411937647892,1,0
122,136,23.248447216964838,1,0
136,122,23.248447216964838,1,0
122,157,15.30115877964803,0,1
157,122,15.30115877964803,0,1
122,158,12.834139043971746,0,1
158,122,12.834139043971746,0,1
122,159,11.303049146137514,0,1
159,122,11.303049146137514,0,1
122,160,10.019268735791051,0,1
160,122,10.019268735791051,0,1
122,161,7.6397751930276065,0,1
161,122,7.6397751930276065,0,1
162,122,4.032416769134857,0,1
122,386,16.712080211631346,0,1
386,122,16.712080211631346,0,1
122,388,15.205657433994757,0,1
388,122,15.205657433994757,0,1
122,390,15.073329094795218,0,1
390,122,15.073329094795218,0,1
122,394,12.565377590824719,0,1
394,122,12.565377590824719,0,1
122,395,12.13269714449347,0,1
395,122,12.13269714449347,0,1
122,442,10.19571370723992,0,1
442,122,10.19571370723992,0,1
122,447,11.161293159844876,0,1
447,122,11.161293159844876,0,1
122,450,11.249382294152866,0,1
450,122,11.249382294152866,0,1
122,451,11.45163852904902,0,1
451,122,11.45163852904902,0,1
122,485,6.365265901751473,1,1
485,122,6.365265901751473,1,1
123,127,6.517795486205439,1,1
127,123,6.517795486205439,1,1
123,128,9.89527771212107,1,1
128,123,9.89527771212107,1,1
123,129,11.12676790447253,1,1
129,123,11.12676790447253,1,1
123,130,12.88884672885825,1,0
130,123,12.88884672885825,1,0
123,131,13.188762072309896,1,1
131,123,13.188762072309896,1,1
123,132,15.48244528490251,1,0
132,123,15.48244528490251,1,0
123,133,16.451641164333726,1,0
133,123,16.451641164333726,1,0
123,134,17.66220393948615,1,0
134,123,17.66220393948615,1,0
123,135,18.78773421677026,1,1
135,123,18.78773421677026,1,1
123,136,19.643415028960725,1,0
136,123,19.643415028960725,1,0
123,137,8.017233562769642,1,0
137,123,8.017233562769642,1,0
123,204,8.743419010890419,0,1
204,123,8.743419010890419,0,1
123,273,31.26645494775511,0,1
273,123,31.26645494775511,0,1
123,274,31.491534497385167,0,1
274,123,31.491534497385167,0,1
123,275,23.900820174211596,0,1
275,123,23.900820174211596,0,1
123,276,26.64431280780197,0,1
276,123,26.64431280780197,0,1
123,478,5.390073561650156,0,1
127,124,4.950719240676045,1,1
124,128,8.327979346756331,1,1
128,124,8.327979346756331,1,1
124,129,9.558502236229273,1,1
129,124,9.558502236229273,1,1
124,130,11.416333080284579,1,0
130,124,11.416333080284579,1,0
124,131,11.619796297698166,1,1
131,124,11.619796297698166,1,1
124,132,13.956822453552958,1,0
132,124,13.956822453552958,1,0
124,133,14.927087123749228,1,0
133,124,14.927087123749228,1,0
124,134,16.11145558290746,1,0
134,124,16.11145558290746,1,0
124,135,17.22069574668805,1,1
135,124,17.22069574668805,1,1
124,136,18.082936957253377,1,0
136,124,18.082936957253377,1,0
124,137,9.182019658005531,1,0
137,124,9.182019658005531,1,0
124,204,8.025445345898257,0,1
204,124,8.025445345898257,0,1
124,273,29.74056623536277,0,1
273,124,29.74056623536277,0,1
124,274,29.970287853138817,0,1
274,124,29.970287853138817,0,1
124,275,22.335453431708075,0,1
275,124,22.335453431708075,0,1
124,276,25.08299184706641,0,1
276,124,25.08299184706641,0,1
124,477,5.71135194152838,0,1
477,124,5.71135194152838,0,1
124,478,6.450213174771823,0,1
478,124,6.450213174771823,0,1
125,128,6.288229082977178,1,1
128,125,6.288229082977178,1,1
125,129,7.496185696739376,1,1
129,125,7.496185696739376,1,1
125,130,9.7689058752759,1,0
130,125,9.7689058752759,1,0
125,131,9.513105539202222,1,1
131,125,9.513105539202222,1,1
125,132,12.109661101781503,1,0
132,125,12.109661101781503,1,0
125,133,13.078916048358137,1,0
133,125,13.078916048358137,1,0
125,134,14.152291828534345,1,0
134,125,14.152291828534345,1,0
125,135,15.081726194305478,1,1
135,125,15.081726194305478,1,1
125,136,16.068234066007378,1,0
136,125,16.068234066007378,1,0
125,137,11.25454796959878,1,0
137,125,11.25454796959878,1,0
125,204,6.865172685373617,0,1
204,125,6.865172685373617,0,1
125,273,27.53621362860188,0,1
273,125,27.53621362860188,0,1
125,274,27.764795641243246,0,1
274,125,27.764795641243246,0,1
125,275,20.184654096615084,0,1
275,125,20.184654096615084,0,1
125,276,22.916606664163872,0,1
276,125,22.916606664163872,0,1
125,477,7.8602208620368925,0,1
477,125,7.8602208620368925,0,1
125,478,7.833348262397121,0,1
478,125,7.833348262397121,0,1
128,126,4.88228962680421,1,1
126,129,6.096263855838262,1,1
129,126,6.096263855838262,1,1
126,130,8.42242583820125,1,0
130,126,8.42242583820125,1,0
126,131,8.131568237431203,1,1
131,126,8.131568237431203,1,1
126,132,10.708562601955503,1,0
132,126,10.708562601955503,1,0
126,133,11.677019910919052,1,0
133,126,11.677019910919052,1,0
126,134,12.742296064681591,1,0
134,126,12.742296064681591,1,0
126,135,13.721986226490682,1,1
135,126,13.721986226490682,1,1
126,136,14.662371056551528,1,0
136,126,14.662371056551528,1,0
126,137,12.244582189686996,1,0
137,126,12.244582189686996,1,0
126,204,7.143788420719079,0,1
204,126,7.143788420719079,0,1
126,273,26.289054908839912,0,1
273,126,26.289054908839912,0,1
126,274,26.52689371185401,0,1
274,126,26.52689371185401,0,1
126,275,18.83505264128561,0,1
275,126,18.83505264128561,0,1
126,276,21.58301202334836,0,1
276,126,21.58301202334836,0,1
126,477,9.207054740795234,0,1
477,126,9.207054740795234,0,1
126,478,9.204061386149052,0,1
478,126,9.204061386149052,0,1
126,485,5.1102783681517785,1,0
127,130,6.889133762672924,1,0
130,127,6.889133762672924,1,0
127,131,6.690698692961745,1,1
131,127,6.690698692961745,1,1
127,132,9.144122155789477,1,0
132,127,9.144122155789477,1,0
127,133,10.112860970071724,1,0
133,127,10.112860970071724,1,0
127,134,11.198007054828997,1,0
134,127,11.198007054828997,1,0
127,135,12.312891821176697,1,1
135,127,12.312891821176697,1,1
127,136,13.141147742872386,1,0
136,127,13.141147742872386,1,0
127,137,13.280934455075064,1,0
137,127,13.280934455075064,1,0
127,204,7.937869865398399,0,1
204,127,7.937869865398399,0,1
127,273,25.052416989184895,0,1
273,127,25.052416989184895,0,1
127,274,25.30406253944216,0,1
274,127,25.30406253944216,0,1
127,275,17.437660307506853,0,1
275,127,17.437660307506853,0,1
127,276,20.2114471772805,0,1
276,127,20.2114471772805,0,1
127,477,10.654899060995369,0,1
477,127,10.654899060995369,0,1
127,478,10.765280349345298,0,1
478,127,10.765280349345298,0,1
127,485,5.453394172439767,1,0
485,127,5.453394172439767,1,0
128,132,6.014019038879075,1,0
132,128,6.014019038879075,1,0
128,133,6.960854114259255,1,0
133,128,6.960854114259255,1,0
128,134,7.883831872890238,1,0
134,128,7.883831872890238,1,0
128,135,8.981518023140632,1,1
135,128,8.981518023140632,1,1
128,136,9.780212932242325,1,0
136,128,9.780212932242325,1,0
128,137,16.36875270141253,1,0
137,128,16.36875270141253,1,0
128,204,9.45614176078172,0,1
204,128,9.45614176078172,0,1
128,273,21.900670492019188,0,1
273,128,21.900670492019188,0,1
128,274,22.171048193533835,0,1
274,128,22.171048193533835,0,1
128,275,14.107677626030444,0,1
275,128,14.107677626030444,0,1
128,276,16.902880464583543,0,1
276,128,16.902880464583543,0,1
128,477,14.031613200199043,0,1
477,128,14.031613200199043,0,1
128,478,13.938601436299125,0,1
478,128,13.938601436299125,0,1
128,485,8.054236214564359,1,0
485,128,8.054236214564359,1,0
132,129,5.042567996566829,1,0
129,133,5.955045339877774,1,0
133,129,5.955045339877774,1,0
129,134,6.735227093424542,1,0
134,129,6.735227093424542,1,0
129,135,7.74499225306262,1,1
135,129,7.74499225306262,1,1
129,136,8.58039544543257,1,0
136,129,8.58039544543257,1,0
129,137,17.573162777371635,1,0
137,129,17.573162777371635,1,0
129,204,10.119088694146328,0,1
204,129,10.119088694146328,0,1
129,273,20.708353411123735,0,1
273,129,20.708353411123735,0,1
129,274,20.984407473169217,0,1
274,129,20.984407473169217,0,1
129,275,12.87031860522497,0,1
275,129,12.87031860522497,0,1
129,276,15.669195927041056,0,1
276,129,15.669195927041056,0,1
129,477,15.265329082597596,0,1
477,129,15.265329082597596,0,1
129,478,15.074949585322,0,1
478,129,15.074949585322,0,1
129,485,9.200201845611868,1,0
485,129,9.200201845611868,1,0
130,134,5.52690890100425,1,1
134,130,5.52690890100425,1,1
130,135,8.325674807485576,1,0
135,130,8.325674807485576,1,0
130,136,7.682216867545462,1,1
136,130,7.682216867545462,1,1
130,137,17.855832436489763,1,0
137,130,17.855832436489763,1,0
130,138,15.212013147509438,0,1
138,130,15.212013147509438,0,1
130,139,9.082107684893414,0,1
139,130,9.082107684893414,0,1
130,140,7.728605566336013,0,1
140,130,7.728605566336013,0,1
130,141,7.678967443608548,0,1
141,130,7.678967443608548,0,1
130,271,13.921105739128627,0,1
271,130,13.921105739128627,0,1
130,272,11.196347350810441,0,1
272,130,11.196347350810441,0,1
130,382,10.742163655428081,0,1
382,130,10.742163655428081,0,1
130,383,10.539833252950448,0,1
383,130,10.539833252950448,0,1
130,384,10.64645114580441,0,1
384,130,10.64645114580441,0,1
130,400,11.959210885338548,0,1
400,130,11.959210885338548,0,1
130,443,10.465378206257048,0,1
443,130,10.465378206257048,0,1
130,444,9.748743713935657,0,1
444,130,9.748743713935657,0,1
130,445,6.8412932256993635,0,1
445,130,6.8412932256993635,0,1
130,446,6.368605655871621,0,1
446,130,6.368605655871621,0,1
130,448,5.5922876356639595,0,1
448,130,5.5922876356639595,0,1
130,449,4.773267643868296,0,1
449,130,4.773267643868296,0,1
130,452,12.81942104776967,0,1
452,130,12.81942104776967,0,1
130,485,9.366980303171347,1,0
485,130,9.366980303171347,1,0
131,134,5.076685631393774,1,0
131,135,5.630006749551904,1,1
135,131,5.630006749551904,1,1
131,136,6.700716454230846,1,0
136,131,6.700716454230846,1,0
131,137,19.68810699381736,1,0
137,131,19.68810699381736,1,0
131,204,11.237717072430682,0,1
204,131,11.237717072430682,0,1
131,273,18.609343083515874,0,1
273,131,18.609343083515874,0,1
131,274,18.891058837450057,0,1
274,131,18.891058837450057,0,1
131,275,10.756749044204758,0,1
275,131,10.756749044204758,0,1
131,276,13.549909593794343,0,1
276,131,13.549909593794343,0,1
131,477,17.331134556052586,0,1
477,131,17.331134556052586,0,1
131,478,16.926614428171987,0,1
478,131,16.926614428171987,0,1
131,485,11.28116328221518,1,0
485,131,11.28116328221518,1,0
132,135,5.692663085059575,1,0
135,132,5.692663085059575,1,0
132,137,20.823471420490872,1,0
137,132,20.823471420490872,1,0
132,138,13.303606804171567,0,1
138,132,13.303606804171567,0,1
132,139,10.530927119679445,0,1
139,132,10.530927119679445,0,1
132,140,8.718260950441895,0,1
140,132,8.718260950441895,0,1
132,141,8.03199383714903,0,1
141,132,8.03199383714903,0,1
132,271,10.991636866272465,0,1
271,132,10.991636866272465,0,1
132,272,8.211705304015727,0,1
272,132,8.211705304015727,0,1
132,382,12.851661449011175,0,1
382,132,12.851661449011175,0,1
132,383,12.500972002208467,0,1
383,132,12.500972002208467,0,1
132,384,12.492727484420685,0,1
384,132,12.492727484420685,0,1
132,400,14.333205119581592,0,1
400,132,14.333205119581592,0,1
132,443,13.109896757793328,0,1
443,132,13.109896757793328,0,1
132,444,12.395871651481391,0,1
444,132,12.395871651481391,0,1
132,445,9.601815505413546,0,1
445,132,9.601815505413546,0,1
132,446,9.173794198694454,0,1
446,132,9.173794198694454,0,1
132,448,8.406673836898872,0,1
448,132,8.406673836898872,0,1
132,449,7.63230725272509,0,1
449,132,7.63230725272509,0,1
132,452,15.373333340560855,0,1
452,132,15.373333340560855,0,1
132,485,12.304233499084775,1,0
485,132,12.304233499084775,1,0
133,135,5.372949283214946,1,0
133,137,21.723160566547403,1,0
137,133,21.723160566547403,1,0
133,138,12.427786649279108,0,1
138,133,12.427786649279108,0,1
133,139,10.66858776970973,0,1
139,133,10.66858776970973,0,1
133,140,8.740853562438854,0,1
140,133,8.740853562438854,0,1
133,141,7.867834390732941,0,1
141,133,7.867834390732941,0,1
133,271,10.064003179649736,0,1
271,133,10.064003179649736,0,1
133,272,7.329964051753596,0,1
272,133,7.329964051753596,0,1
133,382,13.197555266033175,0,1
382,133,13.197555266033175,0,1
133,383,12.794182818765723,0,1
383,133,12.794182818765723,0,1
133,384,12.743857853883965,0,1
384,133,12.743857853883965,0,1
133,400,14.774684429794094,0,1
400,133,14.774684429794094,0,1
133,443,13.67988026263388,0,1
443,133,13.67988026263388,0,1
133,444,12.971096368464773,0,1
444,133,12.971096368464773,0,1
133,445,10.251554808905817,0,1
445,133,10.251554808905817,0,1
133,446,9.849722280348821,0,1
446,133,9.849722280348821,0,1
133,448,9.093846930754882,0,1
448,133,9.093846930754882,0,1
133,449,8.350179698665173,0,1
449,133,8.350179698665173,0,1
133,452,15.889373461530822,0,1
452,133,15.889373461530822,0,1
133,485,13.2192396528696,1,0
485,133,13.2192396528696,1,0
134,137,23.28968256546233,1,0
137,134,23.28968256546233,1,0
134,138,12.271090008634115,0,1
138,134,12.271090008634115,0,1
134,139,12.360116908832213,0,1
139,134,12.360116908832213,0,1
134,140,10.358089109483466,0,1
140,134,10.358089109483466,0,1
134,141,9.317100460980337,0,1
141,134,9.317100460980337,0,1
134,271,8.65400976426535,0,1
271,134,8.65400976426535,0,1
134,272,5.773653262883042,0,1
134,382,14.995588217872616,0,1
382,134,14.995588217872616,0,1
134,383,14.570071001886024,0,1
383,134,14.570071001886024,0,1
134,384,14.498448192823947,0,1
384,134,14.498448192823947,0,1
134,400,16.600902776656454,0,1
400,134,16.600902776656454,0,1
134,443,15.516956048142948,0,1
443,134,15.516956048142948,0,1
134,444,14.807671322662452,0,1
444,134,14.807671322662452,0,1
134,445,12.072762442788312,0,1
445,134,12.072762442788312,0,1
134,446,11.661520484053526,0,1
446,134,11.661520484053526,0,1
134,448,10.900463522254455,0,1
448,134,10.900463522254455,0,1
134,449,10.141148357064894,0,1
449,134,10.141148357064894,0,1
134,452,17.726387392810754,0,1
452,134,17.726387392810754,0,1
134,485,14.75324025426279,1,0
485,134,14.75324025426279,1,0
135,137,25.25721134646499,1,0
137,135,25.25721134646499,1,0
135,204,15.568476001201915,0,1
204,135,15.568476001201915,0,1
135,273,13.220676911565459,0,1
273,135,13.220676911565459,0,1
135,274,13.536978983510316,0,1
274,135,13.536978983510316,0,1
135,276,7.928650452630637,0,1
276,135,7.928650452630637,0,1
135,477,22.928992149678102,0,1
477,135,22.928992149678102,0,1
135,478,22.24342716399611,0,1
478,135,22.24342716399611,0,1
135,485,16.77555236050366,1,0
485,135,16.77555236050366,1,0
136,137,25.42422419662004,1,0
137,136,25.42422419662004,1,0
136,138,11.614190286025108,0,1
138,136,11.614190286025108,0,1
136,139,14.007331794456787,0,1
139,136,14.007331794456787,0,1
136,140,11.912540283247735,0,1
140,136,11.912540283247735,0,1
136,141,10.664512037594594,0,1
141,136,10.664512037594594,0,1
136,271,6.69849453235576,0,1
136,382,16.84046673937513,0,1
382,136,16.84046673937513,0,1
136,383,16.363714034411625,0,1
383,136,16.363714034411625,0,1
136,384,16.247150211652503,0,1
384,136,16.247150211652503,0,1
136,400,18.529868240222324,0,1
400,136,18.529868240222324,0,1
136,443,17.555233322288828,0,1
443,136,17.555233322288828,0,1
136,444,16.85111853854218,0,1
444,136,16.85111853854218,0,1
136,445,14.16714456056689,0,1
445,136,14.16714456056689,0,1
136,446,13.76970769479149,0,1
446,136,13.76970769479149,0,1
136,448,13.014550510870517,0,1
448,136,13.014550510870517,0,1
136,449,12.268432499712421,0,1
449,136,12.268432499712421,0,1
136,452,19.717739525615,0,1
452,136,19.717739525615,0,1
136,485,16.883320289563898,1,0
485,136,16.883320289563898,1,0
137,157,13.32497692305694,0,1
157,137,13.32497692305694,0,1
137,158,10.783662874923344,0,1
158,137,10.783662874923344,0,1
137,159,9.245314597135135,0,1
159,137,9.245314597135135,0,1
137,160,7.90942526357004,0,1
160,137,7.90942526357004,0,1
137,161,5.490395705229269,0,1
161,137,5.490395705229269,0,1
137,386,15.426573339533313,0,1
386,137,15.426573339533313,0,1
137,388,14.263822909725148,0,1
388,137,14.263822909725148,0,1
137,390,14.443574211392413,0,1
390,137,14.443574211392413,0,1
137,394,12.758926130360658,0,1
394,137,12.758926130360658,0,1
137,395,12.7441783571951,0,1
395,137,12.7441783571951,0,1
137,442,11.63142656770871,0,1
442,137,11.63142656770871,0,1
137,447,13.184426912080783,0,1
447,137,13.184426912080783,0,1
137,450,13.41769056134475,0,1
450,137,13.41769056134475,0,1
137,451,12.265333138565785,0,1
451,137,12.265333138565785,0,1
137,485,8.543464402688175,1,1
485,137,8.543464402688175,1,1
138,139,14.008278980659972,1,1
139,138,14.008278980659972,1,1
138,140,12.227526323831817,1,1
140,138,12.227526323831817,1,1
138,141,10.511723217436806,1,1
141,138,10.511723217436806,1,1
138,271,8.784574264015301,0,1
271,138,8.784574264015301,0,1
138,272,9.898364410345783,0,1
272,138,9.898364410345783,0,1
138,382,17.542693977835903,0,1
382,138,17.542693977835903,0,1
138,383,16.741096170800763,0,1
383,138,16.741096170800763,0,1
138,384,16.283582222594635,0,1
384,138,16.283582222594635,0,1
138,400,19.6737444580334,0,1
400,138,19.6737444580334,0,1
138,443,20.17724275018765,0,1
443,138,20.17724275018765,0,1
138,444,19.68274625147619,0,1
444,138,19.68274625147619,0,1
138,445,18.341330077178153,0,1
445,138,18.341330077178153,0,1
138,446,18.273989000762807,0,1
446,138,18.273989000762807,0,1
138,448,17.811772539531262,0,1
448,138,17.811772539531262,0,1
138,449,17.517125905810005,0,1
449,138,17.517125905810005,0,1
138,452,21.348193834608114,0,1
452,138,21.348193834608114,0,1
139,271,17.837806059042126,0,1
271,139,17.837806059042126,0,1
139,272,16.177466612544748,0,1
272,139,16.177466612544748,0,1
382,139,3.5589268045297024,0,1
139,400,5.681931449780083,0,1
400,139,5.681931449780083,0,1
139,443,6.371322076304101,0,1
443,139,6.371322076304101,0,1
139,444,6.018400119633124,0,1
444,139,6.018400119633124,0,1
139,445,6.010761765367182,0,1
445,139,6.010761765367182,0,1
139,446,6.29512080900756,0,1
446,139,6.29512080900756,0,1
139,448,6.370349205498863,0,1
448,139,6.370349205498863,0,1
139,449,6.748796929823863,0,1
449,139,6.748796929823863,0,1
139,452,7.341325493396952,0,1
452,139,7.341325493396952,0,1
140,271,15.64974967850924,0,1
271,140,15.64974967850924,0,1
140,272,13.990458820210293,0,1
272,140,13.990458820210293,0,1
140,382,5.619419187069069,0,1
382,140,5.619419187069069,0,1
140,383,4.91925411012686,0,1
383,140,4.91925411012686,0,1
384,140,4.624219934215932,0,1
140,400,7.690491596770651,0,1
400,140,7.690491596770651,0,1
140,443,7.949878300955304,0,1
443,140,7.949878300955304,0,1
140,444,7.46362512456246,0,1
444,140,7.46362512456246,0,1
140,445,6.579944452653077,0,1
445,140,6.579944452653077,0,1
140,446,6.693399285863649,0,1
446,140,6.693399285863649,0,1
140,448,6.507783109477451,0,1
448,140,6.507783109477451,0,1
140,449,6.613750826875775,0,1
449,140,6.613750826875775,0,1
140,452,9.2809277553486,0,1
452,140,9.2809277553486,0,1
141,271,13.973022650808236,0,1
271,141,13.973022650808236,0,1
141,272,12.453789824788277,0,1
272,141,12.453789824788277,0,1
141,382,7.393255642813929,0,1
382,141,7.393255642813929,0,1
141,383,6.6737563635481925,0,1
383,141,6.6737563635481925,0,1
141,384,6.343379304440182,0,1
384,141,6.343379304440182,0,1
141,400,9.474398028370985,0,1
400,141,9.474398028370985,0,1
141,443,9.689876882602793,0,1
443,141,9.689876882602793,0,1
141,444,9.176040812899647,0,1
444,141,9.176040812899647,0,1
141,445,8.00097106606442,0,1
445,141,8.00097106606442,0,1
141,446,8.02976494051974,0,1
446,141,8.02976494051974,0,1
141,448,7.716468233589769,0,1
448,141,7.716468233589769,0,1
141,449,7.656503444784701,0,1
449,141,7.656503444784701,0,1
141,452,11.067351489855195,0,1
452,141,11.067351489855195,0,1
142,149,9.540875955592337,0,1
149,142,9.540875955592337,0,1
142,247,13.18384473512943,0,1
247,142,13.18384473512943,0,1
142,277,4.853231191690749,1,0
277,142,4.853231191690749,1,0
142,401,16.93301559085091,0,1
401,142,16.93301559085091,0,1
142,471,5.188363614859699,1,0
471,142,5.188363614859699,1,0
142,484,9.69522279269538,1,0
484,142,9.69522279269538,1,0
142,498,5.1154418186506625,1,0
498,142,5.1154418186506625,1,0
600,142,4.300409282847389,1,0
142,602,8.270253442307558,1,0
602,142,8.270253442307558,1,0
142,603,9.803997246021645,1,1
603,142,9.803997246021645,1,1
605,142,4.761269263547274,1,1
143,177,23.7855684817496,1,1
177,143,23.7855684817496,1,1
143,178,25.324234795942008,1,1
178,143,25.324234795942008,1,1
143,183,15.423101179723876,1,0
183,143,15.423101179723876,1,0
143,187,17.412118079085037,1,0
187,143,17.412118079085037,1,0
143,188,13.844740373152543,1,0
188,143,13.844740373152543,1,0
143,206,53.1182536328144,1,0
206,143,53.1182536328144,1,0
143,240,34.21919744821611,1,0
240,143,34.21919744821611,1,0
143,246,12.726190396186912,1,0
246,143,12.726190396186912,1,0
143,299,13.205258838811151,1,0
299,143,13.205258838811151,1,0
143,407,45.2909940827092,1,0
407,143,45.2909940827092,1,0
143,416,54.82719825050337,1,0
416,143,54.82719825050337,1,0
143,441,14.170884234937494,1,0
441,143,14.170884234937494,1,0
143,466,25.607606994797464,1,1
466,143,25.607606994797464,1,1
143,470,9.052094785186465,1,0
470,143,9.052094785186465,1,0
143,473,41.03198871612245,1,0
473,143,41.03198871612245,1,0
500,143,5.763139161949848,1,0
143,510,9.502344815886234,1,0
143,588,7.339317134447863,1,0
588,143,7.339317134447863,1,0
143,589,19.576200882704487,1,0
589,143,19.576200882704487,1,0
143,598,47.2628844866667,1,0
598,143,47.2628844866667,1,0
143,599,35.320292708300144,1,0
599,143,35.320292708300144,1,0
608,143,4.581482402017932,1,0
144,154,118.00825426214897,1,0
154,144,118.00825426214897,1,0
144,176,24.403992624158857,1,1
176,144,24.403992624158857,1,1
144,181,56.59303604684944,1,0
181,144,56.59303604684944,1,0
144,192,86.97596730706707,1,0
192,144,86.97596730706707,1,0
144,193,56.37213890744257,0,1
193,144,56.37213890744257,0,1
144,198,106.50080867768094,1,0
198,144,106.50080867768094,1,0
144,260,57.23918701379327,0,1
260,144,57.23918701379327,0,1
144,268,37.02458919420984,0,1
268,144,37.02458919420984,0,1
144,269,80.51950914529968,1,0
269,144,80.51950914529968,1,0
144,270,43.53356650907435,1,0
270,144,43.53356650907435,1,0
144,271,130.255057272261,1,0
271,144,130.255057272261,1,0
144,272,131.96777141408427,1,0
272,144,131.96777141408427,1,0
144,273,139.4206779821415,1,0
273,144,139.4206779821415,1,0
144,274,139.8053308890616,1,0
274,144,139.8053308890616,1,0
144,275,135.6619218830398,1,0
275,144,135.6619218830398,1,0
144,276,135.9157785137546,1,0
276,144,135.9157785137546,1,0
144,278,89.0742297693334,1,0
278,144,89.0742297693334,1,0
144,279,81.85148019431291,1,0
279,144,81.85148019431291,1,0
144,280,160.77032951698519,1,0
280,144,160.77032951698519,1,0
144,281,160.853928581182,1,0
281,144,160.853928581182,1,0
144,282,150.44240958586113,1,0
282,144,150.44240958586113,1,0
144,283,153.1784738695356,1,0
283,144,153.1784738695356,1,0
144,284,169.10591945286833,1,0
284,144,169.10591945286833,1,0
144,285,174.70992308967456,1,0
285,144,174.70992308967456,1,0
144,286,175.85341056971288,1,0
286,144,175.85341056971288,1,0
144,287,177.6040743029281,1,0
287,144,177.6040743029281,1,0
144,288,179.82600253022363,1,0
288,144,179.82600253022363,1,0
144,289,182.39137937139463,1,0
289,144,182.39137937139463,1,0
144,290,184.14241879588744,1,0
290,144,184.14241879588744,1,0
144,291,184.67435981207572,1,0
291,144,184.67435981207572,1,0
144,292,185.9568799749017,1,0
292,144,185.9568799749017,1,0
144,293,187.25794693149874,1,0
293,144,187.25794693149874,1,0
144,294,187.52685095207033,1,0
294,144,187.52685095207033,1,0
144,295,187.48340023586087,1,0
295,144,187.48340023586087,1,0
144,296,171.58791118549115,1,0
296,144,171.58791118549115,1,0
144,297,171.4685031368735,1,0
297,144,171.4685031368735,1,0
144,303,42.085817337910875,0,1
303,144,42.085817337910875,0,1
144,404,22.706875830901968,1,1
404,144,22.706875830901968,1,1
144,415,114.54889676029184,1,0
415,144,114.54889676029184,1,0
144,417,43.24919222367049,0,1
417,144,43.24919222367049,0,1
144,427,65.05731267889875,0,1
427,144,65.05731267889875,0,1
144,428,100.36335305777702,1,0
428,144,100.36335305777702,1,0
144,429,102.584421161305,1,0
429,144,102.584421161305,1,0
144,455,19.50302745729493,1,1
455,144,19.50302745729493,1,1
144,456,13.250271129301467,1,1
456,144,13.250271129301467,1,1
144,457,37.69115791535198,1,1
457,144,37.69115791535198,1,1
144,461,112.85085584522609,1,0
461,144,112.85085584522609,1,0
144,462,112.83270070772922,1,0
462,144,112.83270070772922,1,0
144,468,63.301664251423915,0,1
468,144,63.301664251423915,0,1
144,469,65.5902216568903,0,1
469,144,65.5902216568903,0,1
144,493,44.78189928978002,0,1
493,144,44.78189928978002,0,1
144,494,31.18916358288564,0,1
494,144,31.18916358288564,0,1
144,495,57.82495991351831,0,1
495,144,57.82495991351831,0,1
144,501,40.34389010742519,0,1
501,144,40.34389010742519,0,1
144,502,39.71056282653269,0,1
502,144,39.71056282653269,0,1
144,580,192.57151076937626,1,0
580,144,192.57151076937626,1,0
144,581,195.00378546582115,1,0
581,144,195.00378546582115,1,0
144,582,196.36615674041187,1,0
582,144,196.36615674041187,1,0
144,583,197.5216249553451,1,0
583,144,197.5216249553451,1,0
144,584,199.44539352915626,1,0
584,144,199.44539352915626,1,0
144,585,200.22370493525486,1,0
585,144,200.22370493525486,1,0
144,594,47.9434333564045,0,1
594,144,47.9434333564045,0,1
144,595,42.403624609224146,0,1
595,144,42.403624609224146,0,1
144,596,45.467844461773204,0,1
596,144,45.467844461773204,0,1
144,597,54.2655140029098,0,1
597,144,54.2655140029098,0,1
145,150,12.039691773463305,1,0
150,145,12.039691773463305,1,0
145,190,35.71801531440401,1,0
190,145,35.71801531440401,1,0
145,197,25.613627095747294,1,0
197,145,25.613627095747294,1,0
146,154,117.28471072138943,1,0
154,146,117.28471072138943,1,0
146,176,23.880148094180655,1,1
176,146,23.880148094180655,1,1
146,181,56.25697462537423,1,0
181,146,56.25697462537423,1,0
146,192,86.50824261305972,1,0
192,146,86.50824261305972,1,0
146,193,57.85142031100015,0,1
193,146,57.85142031100015,0,1
146,198,105.8114615436343,1,0
198,146,105.8114615436343,1,0
146,260,58.61424936822103,0,1
260,146,58.61424936822103,0,1
146,268,39.72950029889629,0,1
268,146,39.72950029889629,0,1
146,269,80.11173897750567,1,0
269,146,80.11173897750567,1,0
146,270,44.65483922264193,1,0
270,146,44.65483922264193,1,0
146,271,129.46047134164158,1,0
271,146,129.46047134164158,1,0
146,272,131.22928298592507,1,0
272,146,131.22928298592507,1,0
146,273,138.47511109943187,1,0
273,146,138.47511109943187,1,0
146,274,138.85508235567036,1,0
274,146,138.85508235567036,1,0
146,275,134.88471964607407,1,0
275,146,134.88471964607407,1,0
146,276,135.0760674360932,1,0
276,146,135.0760674360932,1,0
146,278,91.22035317844367,1,0
278,146,91.22035317844367,1,0
146,279,83.83524295306837,1,0
279,146,83.83524295306837,1,0
146,280,159.72678080397162,1,0
280,146,159.72678080397162,1,0
146,281,159.8185886591419,1,0
281,146,159.8185886591419,1,0
146,282,149.46980523503734,1,0
282,146,149.46980523503734,1,0
146,283,152.11752662990548,1,0
283,146,152.11752662990548,1,0
146,284,168.0948467651522,1,0
284,146,168.0948467651522,1,0
146,285,173.5700932332526,1,0
285,146,173.5700932332526,1,0
146,286,174.70216947708462,1,0
286,146,174.70216947708462,1,0
146,287,176.43607618624938,1,0
287,146,176.43607618624938,1,0
146,288,178.64105382862027,1,0
288,146,178.64105382862027,1,0
146,289,181.18764812756967,1,0
289,146,181.18764812756967,1,0
146,290,182.9706160589727,1,0
290,146,182.9706160589727,1,0
146,291,183.55740307870997,1,0
291,146,183.55740307870997,1,0
146,292,184.87882463116213,1,0
292,146,184.87882463116213,1,0
146,293,186.22740792912302,1,0
293,146,186.22740792912302,1,0
146,294,186.52712221282994,1,0
294,146,186.52712221282994,1,0
146,295,186.49772505046812,1,0
295,146,186.49772505046812,1,0
146,296,170.5317198705273,1,0
296,146,170.5317198705273,1,0
146,297,170.4047789852151,1,0
297,146,170.4047789852151,1,0
146,303,44.83148547616954,0,1
303,146,44.83148547616954,0,1
146,404,22.174559048603424,1,1
404,146,22.174559048603424,1,1
146,415,113.78396281550401,1,0
415,146,113.78396281550401,1,0
146,417,44.85545631247106,0,1
417,146,44.85545631247106,0,1
146,427,66.10728209509146,0,1
427,146,66.10728209509146,0,1
146,428,99.7420703214045,1,0
428,146,99.7420703214045,1,0
146,429,101.95853608207602,1,0
429,146,101.95853608207602,1,0
146,455,19.04321141509488,1,1
455,146,19.04321141509488,1,1
146,456,12.720958847508312,1,1
456,146,12.720958847508312,1,1
146,457,37.35162914786984,1,1
457,146,37.35162914786984,1,1
146,461,112.09913213758614,1,0
461,146,112.09913213758614,1,0
146,462,112.08089754280164,1,0
462,146,112.08089754280164,1,0
146,468,64.65463503879671,0,1
468,146,64.65463503879671,0,1
146,469,66.80398941680056,0,1
469,146,66.80398941680056,0,1
146,493,47.41910173126438,0,1
493,146,47.41910173126438,0,1
146,494,33.762470792286514,0,1
494,146,33.762470792286514,0,1
146,495,59.19861299050849,0,1
495,146,59.19861299050849,0,1
146,501,42.23151600404608,0,1
501,146,42.23151600404608,0,1
146,502,41.48546537041618,0,1
502,146,41.48546537041618,0,1
146,580,191.56113148809703,1,0
580,146,191.56113148809703,1,0
146,581,193.95507017090324,1,0
581,146,193.95507017090324,1,0
146,582,195.2959913823118,1,0
582,146,195.2959913823118,1,0
146,583,196.4248400635724,1,0
583,146,196.4248400635724,1,0
146,584,198.32665114149432,1,0
584,146,198.32665114149432,1,0
146,585,199.09635130006777,1,0
585,146,199.09635130006777,1,0
146,594,49.53688893138123,0,1
594,146,49.53688893138123,0,1
146,595,44.44867918172597,0,1
595,146,44.44867918172597,0,1
146,596,47.89313626189039,0,1
596,146,47.89313626189039,0,1
146,597,55.870942689380136,0,1
597,146,55.870942689380136,0,1
147,154,118.30760464145997,1,0
154,147,118.30760464145997,1,0
147,176,24.750916629490714,1,1
176,147,24.750916629490714,1,1
147,181,57.04396761271081,1,0
181,147,57.04396761271081,1,0
147,192,87.37996507781403,1,0
192,147,87.37996507781403,1,0
147,193,57.458756660756244,0,1
193,147,57.458756660756244,0,1
147,198,106.81382982086167,1,0
198,147,106.81382982086167,1,0
147,260,58.295706600057606,0,1
260,147,58.295706600057606,0,1
147,268,38.35664157613385,0,1
268,147,38.35664157613385,0,1
147,269,80.94717448435121,1,0
269,147,80.94717448435121,1,0
147,270,43.378866294544856,1,0
270,147,43.378866294544856,1,0
147,271,130.52451034575844,1,0
271,147,130.52451034575844,1,0
147,272,132.26167167399632,1,0
272,147,132.26167167399632,1,0
147,273,139.62410515738318,1,0
273,147,139.62410515738318,1,0
147,274,140.00668915805414,1,0
274,147,140.00668915805414,1,0
147,275,135.9392774035525,1,0
275,147,135.9392774035525,1,0
147,276,136.16585086210125,1,0
276,147,136.16585086210125,1,0
147,278,89.45893259479458,1,0
278,147,89.45893259479458,1,0
147,279,82.14347024566224,1,0
279,147,82.14347024566224,1,0
147,280,160.93068894713647,1,0
280,147,160.93068894713647,1,0
147,281,161.01801238991868,1,0
281,147,161.01801238991868,1,0
147,282,150.6343071149464,1,0
282,147,150.6343071149464,1,0
147,283,153.33060604132496,1,0
283,147,153.33060604132496,1,0
147,284,169.28129665146116,1,0
284,147,169.28129665146116,1,0
147,285,174.8267750889434,1,0
285,147,174.8267750889434,1,0
147,286,175.96503551842335,1,0
286,147,175.96503551842335,1,0
147,287,177.70800624901514,1,0
287,147,177.70800624901514,1,0
147,288,179.92214295077747,1,0
288,147,179.92214295077747,1,0
147,289,182.47886020303832,1,0
289,147,182.47886020303832,1,0
147,290,184.24479251799764,1,0
290,147,184.24479251799764,1,0
147,291,184.8020560978692,1,0
291,147,184.8020560978692,1,0
147,292,186.10242527167668,1,0
292,147,186.10242527167668,1,0
147,293,187.4251319353944,1,0
293,147,187.4251319353944,1,0
147,294,187.70796090203527,1,0
294,147,187.70796090203527,1,0
147,295,187.6708337115813,1,0
295,147,187.6708337115813,1,0
147,296,171.7429427516601,1,0
296,147,171.7429427516601,1,0
147,297,171.6201037466182,1,0
297,147,171.6201037466182,1,0
147,303,43.41943777848811,0,1
303,147,43.41943777848811,0,1
147,404,23.04673512669419,1,1
404,147,23.04673512669419,1,1
147,415,114.83007376554279,1,0
415,147,114.83007376554279,1,0
147,417,44.36778887887022,0,1
417,147,44.36778887887022,0,1
147,427,66.01557865382989,0,1
427,147,66.01557865382989,0,1
147,428,100.7047405289344,1,0
428,147,100.7047405289344,1,0
147,429,102.92409941796916,1,0
429,147,102.92409941796916,1,0
147,455,19.864543538677147,1,1
455,147,19.864543538677147,1,1
147,456,13.554647653111461,1,1
456,147,13.554647653111461,1,1
147,457,38.13051619110342,1,1
457,147,38.13051619110342,1,1
147,461,113.13760871169232,1,0
461,147,113.13760871169232,1,0
147,462,113.11941761253901,1,0
462,147,113.11941761253901,1,0
147,468,64.35296096528893,0,1
468,147,64.35296096528893,0,1
147,469,66.59994913661721,0,1
469,147,66.59994913661721,0,1
147,493,46.109889373105204,0,1
493,147,46.109889373105204,0,1
147,494,32.509934681570805,0,1
494,147,32.509934681570805,0,1
147,495,58.88120128699821,0,1
495,147,58.88120128699821,0,1
147,501,41.535398072006004,0,1
501,147,41.535398072006004,0,1
147,502,40.87321041954008,0,1
502,147,40.87321041954008,0,1
147,580,192.74796611637694,1,0
580,147,192.74796611637694,1,0
147,581,195.16295092050643,1,0
581,147,195.16295092050643,1,0
147,582,196.51559920016527,1,0
582,147,196.51559920016527,1,0
147,583,197.65893765018572,1,0
583,147,197.65893765018572,1,0
147,584,199.5726852302188,1,0
584,147,199.5726852302188,1,0
147,585,200.34705676899773,1,0
585,147,200.34705676899773,1,0
147,594,49.06001320831457,0,1
594,147,49.06001320831457,0,1
147,595,43.63300001145922,0,1
595,147,43.63300001145922,0,1
147,596,46.770777992246394,0,1
596,147,46.770777992246394,0,1
147,597,55.387043719628146,0,1
597,147,55.387043719628146,0,1
148,180,30.616695461790126,1,1
180,148,30.616695461790126,1,1
148,189,7.718571435181513,0,1
189,148,7.718571435181513,0,1
148,225,9.750561471012835,0,1
225,148,9.750561471012835,0,1
148,249,24.737101891692973,1,0
249,148,24.737101891692973,1,0
148,453,25.73423293980219,1,1
453,148,25.73423293980219,1,1
148,587,29.877954230502464,1,0
587,148,29.877954230502464,1,0
149,401,10.00414039285735,1,1
149,472,10.070096126651425,0,1
472,149,10.070096126651425,0,1
149,603,19.052156833282684,0,1
603,149,19.052156833282684,0,1
149,605,14.294602652749743,0,1
605,149,14.294602652749743,0,1
150,184,16.559218127677408,0,1
184,150,16.559218127677408,0,1
150,190,23.78600639031277,1,0
190,150,23.78600639031277,1,0
150,197,13.574802429501506,1,1
197,150,13.574802429501506,1,1
235,150,11.405324239143752,1,1
304,150,11.368597626796367,0,1
150,405,29.569906120919626,0,1
405,150,29.569906120919626,0,1
411,150,10.497761332779481,1,0
150,437,27.47407869246938,0,1
437,150,27.47407869246938,0,1
150,438,22.007887790517287,0,1
438,150,22.007887790517287,0,1
150,463,22.723672986557435,0,1
463,150,22.723672986557435,0,1
150,464,23.80689127122649,0,1
464,150,23.80689127122649,0,1
151,155,34.715257049314786,1,0
155,151,34.715257049314786,1,0
151,224,29.028692702221367,1,0
224,151,29.028692702221367,1,0
151,226,30.14056701523712,1,0
226,151,30.14056701523712,1,0
151,227,30.99159899069424,1,0
227,151,30.99159899069424,1,0
151,231,38.02029401517037,1,0
231,151,38.02029401517037,1,0
151,262,9.892547700162986,0,1
262,151,9.892547700162986,0,1
151,298,22.25561726845607,1,0
298,151,22.25561726845607,1,0
151,439,10.214817668465747,0,1
439,151,10.214817668465747,0,1
151,504,11.518788998848793,0,1
504,151,11.518788998848793,0,1
152,191,48.511364647884314,0,1
191,152,48.511364647884314,0,1
152,194,35.85582240027413,0,1
194,152,35.85582240027413,0,1
152,195,18.86268551929974,1,0
195,152,18.86268551929974,1,0
152,203,44.654562823971304,0,1
203,152,44.654562823971304,0,1
152,224,18.550808607713037,0,1
224,152,18.550808607713037,0,1
152,231,7.536946132220927,0,1
231,152,7.536946132220927,0,1
152,298,25.29871538240628,0,1
298,152,25.29871538240628,0,1
152,402,15.635523176408265,1,0
402,152,15.635523176408265,1,0
153,175,59.11247917318305,0,1
175,153,59.11247917318305,0,1
153,221,42.712727962517214,1,0
221,153,42.712727962517214,1,0
153,222,20.258127257967356,1,1
153,234,13.509663504321637,1,1
234,153,13.509663504321637,1,1
153,268,23.773444218286926,1,0
268,153,23.773444218286926,1,0
153,303,23.422019938510854,1,0
303,153,23.422019938510854,1,0
153,408,23.099915930582952,1,1
153,434,34.783831028223446,0,1
434,153,34.783831028223446,0,1
153,459,52.04175379442933,0,1
459,153,52.04175379442933,0,1
153,460,54.11933614707409,0,1
460,153,54.11933614707409,0,1
153,467,26.87055222729894,0,1
467,153,26.87055222729894,0,1
153,493,27.2897871189938,1,0
493,153,27.2897871189938,1,0
153,494,26.796291721057226,1,0
494,153,26.796291721057226,1,0
153,503,23.455929271721466,1,0
503,153,23.455929271721466,1,0
153,505,22.66842484602757,1,0
505,153,22.66842484602757,1,0
153,506,24.646776422080027,1,0
506,153,24.646776422080027,1,0
153,509,65.4447273735631,0,1
509,153,65.4447273735631,0,1
154,171,33.73111479035343,0,1
171,154,33.73111479035343,0,1
154,172,33.85951048080879,0,1
172,154,33.85951048080879,0,1
154,173,36.84173401185129,0,1
173,154,36.84173401185129,0,1
154,176,93.60818196076666,1,0
176,154,93.60818196076666,1,0
154,181,62.104041937703215,1,0
181,154,62.104041937703215,1,0
154,192,32.061364615374686,1,1
192,154,32.061364615374686,1,1
154,198,11.561385081381902,1,1
198,154,11.561385081381902,1,1
154,230,5.333499507827858,0,1
230,154,5.333499507827858,0,1
154,232,9.110469252458953,0,1
232,154,9.110469252458953,0,1
154,269,38.678428419469164,1,1
269,154,38.678428419469164,1,1
154,270,161.41486947923974,1,0
270,154,161.41486947923974,1,0
154,271,12.559050800120207,1,0
271,154,12.559050800120207,1,0
154,272,13.966798129850664,1,0
272,154,13.966798129850664,1,0
154,273,23.341767820797124,1,0
273,154,23.341767820797124,1,0
154,274,23.77933769052452,1,0
274,154,23.77933769052452,1,0
154,275,17.77211650310677,1,0
275,154,17.77211650310677,1,0
154,276,18.51251266036029,1,0
276,154,18.51251266036029,1,0
154,278,200.61565822487538,1,0
278,154,200.61565822487538,1,0
154,279,195.33695716888803,1,0
279,154,195.33695716888803,1,0
154,280,45.11495722041638,1,0
280,154,45.11495722041638,1,0
154,281,45.073567265083426,1,0
281,154,45.073567265083426,1,0
154,282,34.17581677151257,1,0
282,154,34.17581677151257,1,0
154,283,38.19519060038842,1,0
283,154,38.19519060038842,1,0
154,284,52.75434579255059,1,0
284,154,52.75434579255059,1,0
154,285,60.008277595678415,1,0
285,154,60.008277595678415,1,0
154,286,61.29407339213147,1,0
286,154,61.29407339213147,1,0
154,287,63.25483375205408,1,0
287,154,63.25483375205408,1,0
154,288,65.67580802700489,1,0
288,154,65.67580802700489,1,0
154,289,68.4628448503274,1,0
289,154,68.4628448503274,1,0
154,290,69.61614130357988,1,0
290,154,69.61614130357988,1,0
154,291,69.31091696118295,1,0
291,154,69.31091696118295,1,0
154,292,70.05180625794027,1,0
292,154,70.05180625794027,1,0
154,293,70.78576922658961,1,0
293,154,70.78576922658961,1,0
154,294,70.74413017346386,1,0
294,154,70.74413017346386,1,0
154,295,70.57268770565565,1,0
295,154,70.57268770565565,1,0
154,296,55.746168810062635,1,0
296,154,55.746168810062635,1,0
154,297,55.732908501171906,1,0
297,154,55.732908501171906,1,0
154,404,95.30238966573714,1,0
404,154,95.30238966573714,1,0
154,412,26.72208107539531,0,1
412,154,26.72208107539531,0,1
154,413,25.43084937629886,0,1
413,154,25.43084937629886,0,1
154,414,22.868945931109288,0,1
414,154,22.868945931109288,0,1
154,428,17.975836475669222,1,1
428,154,17.975836475669222,1,1
154,429,15.781413022920349,1,1
429,154,15.781413022920349,1,1
154,430,19.48215657980399,0,1
430,154,19.48215657980399,0,1
154,431,22.09395415040051,0,1
431,154,22.09395415040051,0,1
154,455,98.51029859867445,1,0
455,154,98.51029859867445,1,0
154,456,104.76955355922827,1,0
456,154,104.76955355922827,1,0
154,457,80.58311493731178,1,0
457,154,80.58311493731178,1,0
154,458,113.70314734430177,1,0
458,154,113.70314734430177,1,0
154,462,5.301945397681873,1,1
154,474,15.731147447023691,0,1
474,154,15.731147447023691,0,1
154,475,12.799447253690294,0,1
475,154,12.799447253690294,0,1
154,580,75.8300363312586,1,0
580,154,75.8300363312586,1,0
154,581,78.61274588767397,1,0
581,154,78.61274588767397,1,0
154,582,80.18740629924376,1,0
582,154,80.18740629924376,1,0
154,583,81.63096589530225,1,0
583,154,81.63096589530225,1,0
154,584,83.7892553612932,1,0
584,154,83.7892553612932,1,0
154,585,84.66190137245916,1,0
585,154,84.66190137245916,1,0
155,191,37.756875824146256,1,0
191,155,37.756875824146256,1,0
155,194,25.058674585859485,1,0
194,155,25.058674585859485,1,0
155,203,33.88838244885701,1,0
203,155,33.88838244885701,1,0
155,224,8.688939636112107,1,0
224,155,8.688939636112107,1,0
155,226,9.222615030456383,1,0
226,155,9.222615030456383,1,0
227,155,7.2022024409204155,1,0
155,243,36.867134035614974,1,0
243,155,36.867134035614974,1,0
155,298,14.776859341551573,1,0
298,155,14.776859341551573,1,0
155,436,36.27289755451031,1,0
436,155,36.27289755451031,1,0
156,157,3.3096188602314918,1,0
156,158,5.976356749726375,1,0
158,156,5.976356749726375,1,0
156,159,7.302331477001027,1,0
159,156,7.302331477001027,1,0
156,160,8.817424397180847,1,0
160,156,8.817424397180847,1,0
156,161,11.142907071316714,1,0
161,156,11.142907071316714,1,0
156,162,14.087867120327335,1,0
162,156,14.087867120327335,1,0
156,201,12.433445620583218,1,0
201,156,12.433445620583218,1,0
156,241,3.466126368152206,1,0
156,242,4.253394409174866,1,0
156,256,8.484155821294186,0,1
256,156,8.484155821294186,0,1
156,257,6.002631506264565,0,1
257,156,6.002631506264565,0,1
156,385,7.871828567747141,0,1
385,156,7.871828567747141,0,1
156,488,7.789692484302574,0,1
488,156,7.789692484302574,0,1
156,489,8.418376624979427,0,1
489,156,8.418376624979427,0,1
156,490,8.675001902017081,0,1
490,156,8.675001902017081,0,1
156,491,8.776474121194683,0,1
491,156,8.776474121194683,0,1
156,492,8.653988964633593,0,1
492,156,8.653988964633593,0,1
156,515,14.520736689300582,1,0
515,156,14.520736689300582,1,0
156,516,16.17078377815992,1,0
516,156,16.17078377815992,1,0
157,159,4.2109196145260235,1,1
157,160,5.715485106270508,1,1
160,157,5.715485106270508,1,1
157,161,8.147123725585613,1,1
161,157,8.147123725585613,1,1
157,162,11.375824937119946,1,1
162,157,11.375824937119946,1,1
157,201,9.158288759369842,1,0
201,157,9.158288759369842,1,0
157,386,7.716548775197368,0,1
386,157,7.716548775197368,0,1
157,388,9.74769152158602,0,1
388,157,9.74769152158602,0,1
157,390,11.822906664606634,0,1
390,157,11.822906664606634,0,1
157,394,15.493035144864288,0,1
394,157,15.493035144864288,0,1
157,395,17.429082133032708,0,1
395,157,17.429082133032708,0,1
157,442,20.231436182337625,0,1
442,157,20.231436182337625,0,1
157,447,24.26996747010593,0,1
447,157,24.26996747010593,0,1
157,450,25.606742432414162,0,1
450,157,25.606742432414162,0,1
157,451,18.03805557702936,0,1
451,157,18.03805557702936,0,1
157,485,21.117814707019285,0,1
485,157,21.117814707019285,0,1
157,515,11.373517705617731,1,0
515,157,11.373517705617731,1,0
157,516,13.189590023954498,1,0
516,157,13.189590023954498,1,0
161,158,5.458682075373139,1,1
158,162,8.837983933001915,1,1
162,158,8.837983933001915,1,1
158,201,6.46253092835926,1,0
201,158,6.46253092835926,1,0
158,241,5.4772964133776805,1,0
241,158,5.4772964133776805,1,0
158,386,9.05589586954267,0,1
386,158,9.05589586954267,0,1
158,388,10.349544579352273,0,1
388,158,10.349544579352273,0,1
158,390,12.142480183224512,0,1
390,158,12.142480183224512,0,1
158,394,14.88140480599866,0,1
394,158,14.88140480599866,0,1
158,395,16.543278544472376,0,1
395,158,16.543278544472376,0,1
158,442,18.719317108270804,0,1
442,158,18.719317108270804,0,1
158,447,22.365168007417246,0,1
447,158,22.365168007417246,0,1
158,450,23.468327954926828,0,1
450,158,23.468327954926828,0,1
158,451,16.970380078242208,0,1
451,158,16.970380078242208,0,1
158,485,18.84580019526897,0,1
485,158,18.84580019526897,0,1
158,515,8.620237235714573,1,0
515,158,8.620237235714573,1,0
158,516,10.480367169140592,1,0
516,158,10.480367169140592,1,0
159,162,7.3006633260273,1,1
162,159,7.3006633260273,1,1
159,201,5.324035029937351,1,0
159,241,7.01651288034163,1,0
241,159,7.01651288034163,1,0
159,386,9.536458724285447,0,1
386,159,9.536458724285447,0,1
159,388,10.37728105044862,0,1
388,159,10.37728105044862,0,1
159,390,11.964815502129566,0,1
390,159,11.964815502129566,0,1
159,394,14.146981656876495,0,1
394,159,14.146981656876495,0,1
159,395,15.648760334288463,0,1
395,159,15.648760334288463,0,1
159,442,17.5097196436722,0,1
442,159,17.5097196436722,0,1
159,447,20.983861536904975,0,1
447,159,20.983861536904975,0,1
159,450,22.006856068052972,0,1
450,159,22.006856068052972,0,1
159,451,15.981055190443465,0,1
451,159,15.981055190443465,0,1
159,485,17.3512250287984,0,1
485,159,17.3512250287984,0,1
159,515,7.2185312217929765,1,0
515,159,7.2185312217929765,1,0
159,516,8.97931762440777,1,0
516,159,8.97931762440777,1,0
160,162,5.988481360077862,1,1
162,160,5.988481360077862,1,1
160,241,8.42174073455126,1,0
241,160,8.42174073455126,1,0
160,242,6.1502283697436795,1,0
242,160,6.1502283697436795,1,0
160,386,10.687219516787328,0,1
386,160,10.687219516787328,0,1
160,388,11.193499006119579,0,1
388,160,11.193499006119579,0,1
160,390,12.584059281487828,0,1
390,160,12.584059281487828,0,1
160,394,14.175226982309667,0,1
394,160,14.175226982309667,0,1
160,395,15.471358376044424,0,1
395,160,15.471358376044424,0,1
160,442,16.887880269589786,0,1
442,160,16.887880269589786,0,1
160,447,20.061146951258795,0,1
447,160,20.061146951258795,0,1
160,450,20.917079050383684,0,1
450,160,20.917079050383684,0,1
160,451,15.679928730705377,0,1
451,160,15.679928730705377,0,1
160,485,16.18649016927388,0,1
485,160,16.18649016927388,0,1
515,160,5.703774978029901,1,0
160,516,7.489180529270208,1,0
516,160,7.489180529270208,1,0
161,241,10.903005915801385,1,0
241,161,10.903005915801385,1,0
161,242,8.629162763559394,1,0
242,161,8.629162763559394,1,0
161,386,12.18197438841504,0,1
386,161,12.18197438841504,0,1
161,388,12.10423896822927,0,1
388,161,12.10423896822927,0,1
161,390,13.12520296985917,0,1
390,161,13.12520296985917,0,1
161,394,13.70010164195872,0,1
394,161,13.70010164195872,0,1
161,395,14.635556053666019,0,1
395,161,14.635556053666019,0,1
161,442,15.338494091663629,0,1
442,161,15.338494091663629,0,1
161,447,18.060333164147334,0,1
447,161,18.060333164147334,0,1
161,450,18.70555428208424,0,1
450,161,18.70555428208424,0,1
161,451,14.643381644961659,0,1
451,161,14.643381644961659,0,1
161,485,13.906012980002572,0,1
485,161,13.906012980002572,0,1
161,516,5.045790522802151,1,0
516,161,5.045790522802151,1,0
162,201,5.705474739230732,1,0
201,162,5.705474739230732,1,0
162,241,14.313487345856704,1,0
241,162,14.313487345856704,1,0
162,242,12.0875137228464,1,0
242,162,12.0875137228464,1,0
162,386,13.80382591892552,0,1
386,162,13.80382591892552,0,1
162,388,12.901375934372272,0,1
388,162,12.901375934372272,0,1
162,390,13.326081382011742,0,1
390,162,13.326081382011742,0,1
162,394,12.379285157067834,0,1
394,162,12.379285157067834,0,1
162,395,12.739786693661712,0,1
395,162,12.739786693661712,0,1
162,442,12.426132986573094,0,1
442,162,12.426132986573094,0,1
162,447,14.610087610962502,0,1
447,162,14.610087610962502,0,1
162,450,15.108111099670932,0,1
450,162,15.108111099670932,0,1
162,451,12.457675545622466,0,1
451,162,12.457675545622466,0,1
162,485,10.288737774868208,0,1
485,162,10.288737774868208,0,1
163,165,4.006859742990763,1,1
165,163,4.006859742990763,1,1
163,166,4.56800175131315,1,1
166,163,4.56800175131315,1,1
163,167,3.811842205548388,1,1
167,163,3.811842205548388,1,1
163,168,2.5293384510579044,1,1
163,173,4.969701500090322,1,0
173,163,4.969701500090322,1,0
163,211,31.54368172867587,0,1
211,163,31.54368172867587,0,1
163,212,29.096528263694967,0,1
212,163,29.096528263694967,0,1
163,214,22.87782771593492,0,1
214,163,22.87782771593492,0,1
163,216,19.721862640227467,0,1
216,163,19.721862640227467,0,1
163,217,12.390980308272626,0,1
217,163,12.390980308272626,0,1
163,219,6.89912023376894,0,1
219,163,6.89912023376894,0,1
163,252,6.344490917323469,0,1
252,163,6.344490917323469,0,1
164,166,3.2631985842115094,1,1
166,164,3.2631985842115094,1,1
164,167,5.1645284392672295,1,1
167,164,5.1645284392672295,1,1
164,168,3.816916294602228,1,1
168,164,3.816916294602228,1,1
169,164,3.208414717582501,1,1
170,164,2.866827689276075,1,1
164,171,3.2989719610812096,1,0
171,164,3.2989719610812096,1,0
164,173,6.322823578117612,1,0
173,164,6.322823578117612,1,0
164,211,32.50599590844742,0,1
211,164,32.50599590844742,0,1
164,212,30.03258180709744,0,1
212,164,30.03258180709744,0,1
164,214,23.74608182416628,0,1
214,164,23.74608182416628,0,1
164,216,20.565171941902165,0,1
216,164,20.565171941902165,0,1
164,217,13.074800878024872,0,1
217,164,13.074800878024872,0,1
164,219,6.2901247205441,0,1
219,164,6.2901247205441,0,1
164,252,4.981107507372231,0,1
252,164,4.981107507372231,0,1
165,167,7.769318245509061,1,1
167,165,7.769318245509061,1,1
165,168,6.349489585785617,1,1
168,165,6.349489585785617,1,1
165,169,5.744673445897512,1,1
169,165,5.744673445897512,1,1
165,170,5.022944256111151,1,1
170,165,5.022944256111151,1,1
165,171,5.544125900446345,1,0
171,165,5.544125900446345,1,0
165,173,8.924150267672546,1,0
173,165,8.924150267672546,1,0
165,211,34.64234059644354,0,1
211,165,34.64234059644354,0,1
165,212,32.133223959011644,0,1
212,165,32.133223959011644,0,1
165,214,25.76074661185114,0,1
214,165,25.76074661185114,0,1
165,216,22.556442117497166,0,1
216,165,22.556442117497166,0,1
165,217,14.896515632858579,0,1
217,165,14.896515632858579,0,1
165,219,6.186600439659895,0,1
166,167,8.21719398578371,1,1
167,166,8.21719398578371,1,1
166,168,6.743083641776958,1,1
168,166,6.743083641776958,1,1
166,169,6.153326905016505,1,1
169,166,6.153326905016505,1,1
166,170,5.2499649522639675,1,1
170,166,5.2499649522639675,1,1
166,171,5.788841766709468,1,0
171,166,5.788841766709468,1,0
172,166,3.1830802691732423,1,0
166,173,9.358330032650056,1,0
173,166,9.358330032650056,1,0
166,211,35.50838696702513,0,1
211,166,35.50838696702513,0,1
166,212,33.005440475776105,0,1
212,166,33.005440475776105,0,1
166,214,26.6451832982999,0,1
214,166,26.6451832982999,0,1
166,216,23.44307014876678,0,1
216,166,23.44307014876678,0,1
166,217,15.79803687171289,0,1
217,166,15.79803687171289,0,1
166,219,7.035901363720216,0,1
219,166,7.035901363720216,0,1
167,170,3.3044377736613533,1,1
170,167,3.3044377736613533,1,1
167,171,2.827863150861442,1,0
167,172,5.166569171123135,1,0
172,167,5.166569171123135,1,0
167,211,29.493217796639282,0,1
211,167,29.493217796639282,0,1
167,212,27.15683221585316,0,1
212,167,27.15683221585316,0,1
167,214,21.24631102097491,0,1
214,167,21.24631102097491,0,1
167,216,18.23542478254894,0,1
216,167,18.23542478254894,0,1
167,217,11.724488048524764,0,1
217,167,11.724488048524764,0,1
167,219,9.802412611189146,0,1
219,167,9.802412611189146,0,1
167,252,10.122614780776754,0,1
252,167,10.122614780776754,0,1
168,172,3.7888807054326743,1,0
172,168,3.7888807054326743,1,0
168,173,2.626384587222519,1,0
168,211,30.76197633442949,0,1
211,168,30.76197633442949,0,1
168,212,28.392586708505444,0,1
212,168,28.392586708505444,0,1
168,214,22.381970601356798,0,1
214,168,22.381970601356798,0,1
168,216,19.317479468087964,0,1
216,168,19.317479468087964,0,1
168,217,12.490227860211359,0,1
217,168,12.490227860211359,0,1
168,219,9.097591824213703,0,1
219,168,9.097591824213703,0,1
168,252,8.703357168357506,0,1
252,168,8.703357168357506,0,1
169,172,3.179696840895371,1,0
169,173,3.205408086344077,1,0
169,211,31.039386801288455,0,1
211,169,31.039386801288455,0,1
169,212,28.65088314520165,0,1
212,169,28.65088314520165,0,1
169,214,22.5872125991677,0,1
214,169,22.5872125991677,0,1
169,216,19.497460809038696,0,1
216,169,19.497460809038696,0,1
169,217,12.53414843537446,0,1
217,169,12.53414843537446,0,1
169,219,8.613708376767814,0,1
219,169,8.613708376767814,0,1
169,252,8.099182736548176,0,1
252,169,8.099182736548176,0,1
170,173,4.338405813199129,1,0
173,170,4.338405813199129,1,0
170,211,32.455980419639154,0,1
211,170,32.455980419639154,0,1
170,212,30.06502428071529,0,1
212,170,30.06502428071529,0,1
170,214,23.98732050480003,0,1
214,170,23.98732050480003,0,1
170,216,20.887780399075435,0,1
216,170,20.887780399075435,0,1
170,217,13.839714773072457,0,1
217,170,13.839714773072457,0,1
170,219,8.94449104197662,0,1
219,170,8.94449104197662,0,1
170,252,7.327201443934785,0,1
252,170,7.327201443934785,0,1
171,172,3.2051597464089054,1,1
172,171,3.2051597464089054,1,1
171,173,3.827125553205695,1,1
173,171,3.827125553205695,1,1
171,192,30.757162547933447,0,1
192,171,30.757162547933447,0,1
171,198,30.260758913153516,0,1
198,171,30.260758913153516,0,1
171,230,29.736598594997375,0,1
230,171,29.736598594997375,0,1
171,232,27.334817449545916,0,1
232,171,27.334817449545916,0,1
171,269,34.49805806128803,0,1
269,171,34.49805806128803,0,1
171,412,10.248751826442087,0,1
412,171,10.248751826442087,0,1
171,413,10.382722427186428,0,1
413,171,10.382722427186428,0,1
171,414,13.869698807111854,0,1
414,171,13.869698807111854,0,1
171,415,34.155882802234814,0,1
415,171,34.155882802234814,0,1
171,428,28.59926600456732,0,1
428,171,28.59926600456732,0,1
171,429,28.336944224810125,0,1
429,171,28.336944224810125,0,1
171,430,17.3313014514202,0,1
430,171,17.3313014514202,0,1
171,431,14.976315868730868,0,1
431,171,14.976315868730868,0,1
171,461,33.25919797589834,0,1
461,171,33.25919797589834,0,1
171,462,33.25811976044346,0,1
462,171,33.25811976044346,0,1
171,474,21.298446070077507,0,1
474,171,21.298446070077507,0,1
171,475,24.775420581697496,0,1
475,171,24.775420581697496,0,1
172,173,6.32394663165337,1,1
173,172,6.32394663165337,1,1
172,192,33.544883797682175,0,1
192,172,33.544883797682175,0,1
172,198,31.47370052917197,0,1
198,172,31.47370052917197,0,1
172,230,29.528016272685843,0,1
230,172,29.528016272685843,0,1
172,232,26.813814723011717,0,1
232,172,26.813814723011717,0,1
172,269,37.50112212987766,0,1
269,172,37.50112212987766,0,1
172,412,8.5211626554127,0,1
412,172,8.5211626554127,0,1
172,413,9.117813882724302,0,1
413,172,9.117813882724302,0,1
172,414,12.534242777288144,0,1
414,172,12.534242777288144,0,1
172,415,34.63824656358921,0,1
415,172,34.63824656358921,0,1
172,428,30.409594949620754,0,1
428,172,30.409594949620754,0,1
172,429,29.944318142178496,0,1
429,172,29.944318142178496,0,1
172,430,16.209243813330712,0,1
430,172,16.209243813330712,0,1
172,431,13.63009684485037,0,1
431,172,13.63009684485037,0,1
172,461,33.886380877868916,0,1
461,172,33.886380877868916,0,1
172,462,33.88702886061273,0,1
462,172,33.88702886061273,0,1
172,474,20.3632269053802,0,1
474,172,20.3632269053802,0,1
172,475,23.945299329931125,0,1
475,172,23.945299329931125,0,1
173,192,30.53498704764749,0,1
192,173,30.53498704764749,0,1
173,198,32.485172617672816,0,1
198,173,32.485172617672816,0,1
173,230,33.07318941378348,0,1
230,173,33.07318941378348,0,1
173,232,30.840310066534677,0,1
232,173,30.840310066534677,0,1
173,269,33.609358815663235,0,1
269,173,33.609358815663235,0,1
173,412,14.072939280761501,0,1
412,173,14.072939280761501,0,1
173,413,14.193267594179995,0,1
413,173,14.193267594179995,0,1
173,414,17.673813991326263,0,1
414,173,17.673813991326263,0,1
173,415,37.00825772716138,0,1
415,173,37.00825772716138,0,1
173,428,30.14235388950239,0,1
428,173,30.14235388950239,0,1
173,429,30.140880975844087,0,1
429,173,30.140880975844087,0,1
173,430,21.085624486839368,0,1
430,173,21.085624486839368,0,1
173,431,18.7782718320936,0,1
431,173,18.7782718320936,0,1
173,461,36.00104942914859,0,1
461,173,36.00104942914859,0,1
173,462,35.99855469320956,0,1
462,173,35.99855469320956,0,1
173,474,24.987258052855662,0,1
474,173,24.987258052855662,0,1
173,475,28.415960392005054,0,1
475,173,28.415960392005054,0,1
174,175,16.998829518528623,1,0
175,174,16.998829518528623,1,0
174,182,66.64617175802373,1,0
182,174,66.64617175802373,1,0
174,185,58.75036276483746,1,0
185,174,58.75036276483746,1,0
174,186,35.14669584754732,1,0
186,174,35.14669584754732,1,0
174,199,25.382179831527473,1,0
199,174,25.382179831527473,1,0
174,200,20.601878482313207,1,0
174,202,78.9826741127445,1,0
202,174,78.9826741127445,1,0
205,174,13.10202659896552,1,1
174,302,63.682380137680155,1,0
302,174,63.682380137680155,1,0
174,409,69.06035066519716,1,0
409,174,69.06035066519716,1,0
174,432,35.76742875857867,1,0
432,174,35.76742875857867,1,0
174,434,23.17125892134478,1,0
434,174,23.17125892134478,1,0
459,174,13.749822726129963,1,0
174,460,14.152086489277826,1,0
460,174,14.152086489277826,1,0
174,467,31.896013199144498,1,0
467,174,31.896013199144498,1,0
174,476,41.16419032362959,1,0
476,174,41.16419032362959,1,0
174,507,68.48315606775144,1,0
507,174,68.48315606775144,1,0
174,508,70.2519276034473,1,0
508,174,70.2519276034473,1,0
174,509,23.95138158854307,1,0
509,174,23.95138158854307,1,0
174,590,72.76355662005534,1,0
590,174,72.76355662005534,1,0
174,591,59.44675971825546,1,0
591,174,59.44675971825546,1,0
174,592,61.00572370687852,1,0
592,174,61.00572370687852,1,0
174,593,67.99420082624695,1,0
593,174,67.99420082624695,1,0
175,182,77.15688643925441,1,0
182,175,77.15688643925441,1,0
175,185,71.35609547894279,1,0
185,175,71.35609547894279,1,0
175,186,21.39886861495252,1,0
175,199,40.7147144408505,1,0
199,175,40.7147144408505,1,0
175,200,36.089331442962475,1,0
200,175,36.089331442962475,1,0
175,202,88.27979397914338,1,0
202,175,88.27979397914338,1,0
175,222,60.13674006794848,0,1
222,175,60.13674006794848,0,1
175,234,48.43476761583563,0,1
234,175,48.43476761583563,0,1
175,244,61.729110555717554,0,1
244,175,61.729110555717554,0,1
175,302,74.43853252852315,1,0
302,175,74.43853252852315,1,0
175,408,60.599898102224564,0,1
408,175,60.599898102224564,0,1
175,409,79.43715426045925,1,0
409,175,79.43715426045925,1,0
175,432,21.982287892755842,1,0
432,175,21.982287892755842,1,0
175,434,30.478506672735787,1,1
434,175,30.478506672735787,1,1
175,454,65.94066127966872,0,1
454,175,65.94066127966872,0,1
175,467,38.41195955688801,1,1
467,175,38.41195955688801,1,1
175,476,55.32413804118416,1,0
476,175,55.32413804118416,1,0
175,507,75.51772120502578,1,0
507,175,75.51772120502578,1,0
175,508,77.64092202569468,1,0
508,175,77.64092202569468,1,0
175,518,54.41312971149518,0,1
518,175,54.41312971149518,0,1
175,519,56.392808096423074,0,1
519,175,56.392808096423074,0,1
175,590,83.1100515521438,1,0
590,175,83.1100515521438,1,0
175,591,71.18977680819066,1,0
591,175,71.18977680819066,1,0
175,592,72.34550017796546,1,0
592,175,72.34550017796546,1,0
175,593,78.45936880322196,1,0
593,175,78.45936880322196,1,0
176,181,32.38997198208112,1,0
181,176,32.38997198208112,1,0
176,192,62.64050386930169,1,0
192,176,62.64050386930169,1,0
176,193,41.03513393422763,0,1
193,176,41.03513393422763,0,1
176,198,82.09738853946574,1,0
198,176,82.09738853946574,1,0
176,202,22.88597142355989,0,1
202,176,22.88597142355989,0,1
176,260,41.01795180161974,0,1
260,176,41.01795180161974,0,1
176,268,38.04106077648204,0,1
268,176,38.04106077648204,0,1
176,269,56.2322811648256,1,0
269,176,56.2322811648256,1,0
176,270,67.85083953054671,1,0
270,176,67.85083953054671,1,0
176,271,105.87321469096894,1,0
271,176,105.87321469096894,1,0
176,272,107.56951629527762,1,0
272,176,107.56951629527762,1,0
176,273,115.13219968801081,1,0
273,176,115.13219968801081,1,0
176,274,115.52088267062368,1,0
274,176,115.52088267062368,1,0
176,275,111.2733094906411,1,0
275,176,111.2733094906411,1,0
176,276,111.55359252395236,1,0
276,176,111.55359252395236,1,0
176,278,110.89609391227448,1,0
278,176,110.89609391227448,1,0
176,279,104.37117445923467,1,0
279,176,104.37117445923467,1,0
176,280,136.57448499994425,1,0
280,176,136.57448499994425,1,0
176,281,136.64846017427345,1,0
281,176,136.64846017427345,1,0
176,282,126.17477564870087,1,0
282,176,126.17477564870087,1,0
176,283,129.00741149639427,1,0
283,176,129.00741149639427,1,0
176,284,144.8706158266748,1,0
284,176,144.8706158266748,1,0
176,285,150.63643620983603,1,0
285,176,150.63643620983603,1,0
176,286,151.79662466932524,1,0
286,176,151.79662466932524,1,0
176,287,153.5725485267468,1,0
287,176,153.5725485267468,1,0
176,288,155.8207170115707,1,0
288,176,155.8207170115707,1,0
176,289,158.41620341682224,1,0
289,176,158.41620341682224,1,0
176,290,160.1135533301288,1,0
290,176,160.1135533301288,1,0
176,291,160.56321926269416,1,0
291,176,160.56321926269416,1,0
176,292,161.79351285512038,1,0
292,176,161.79351285512038,1,0
176,293,163.0381252498936,1,0
293,176,163.0381252498936,1,0
176,294,163.27474274975904,1,0
294,176,163.27474274975904,1,0
176,295,163.21766748731582,1,0
295,176,163.21766748731582,1,0
176,296,147.40280354525146,1,0
296,176,147.40280354525146,1,0
176,297,147.29263935444976,1,0
297,176,147.29263935444976,1,0
176,303,42.874928536383585,0,1
303,176,42.874928536383585,0,1
176,415,90.15895576702295,1,0
415,176,90.15895576702295,1,0
176,417,30.34386771655848,0,1
417,176,30.34386771655848,0,1
176,427,46.190428802945746,0,1
427,176,46.190428802945746,0,1
176,428,75.96327655518816,1,0
428,176,75.96327655518816,1,0
176,429,78.18374708978843,1,0
429,176,78.18374708978843,1,0
458,176,20.297660998252976,1,1
176,461,88.45731244504324,1,0
461,176,88.45731244504324,1,0
176,462,88.43918082501669,1,0
462,176,88.43918082501669,1,0
176,468,46.58686086226459,0,1
468,176,46.58686086226459,0,1
176,469,47.78314268651655,0,1
469,176,47.78314268651655,0,1
176,493,43.43502531367974,0,1
493,176,43.43502531367974,0,1
176,494,31.667885073051533,0,1
494,176,31.667885073051533,0,1
176,495,41.557057174443905,0,1
495,176,41.557057174443905,0,1
176,501,30.640313461190306,0,1
501,176,30.640313461190306,0,1
176,502,28.99848285686684,0,1
502,176,28.99848285686684,0,1
176,580,168.32893022888254,1,0
580,176,168.32893022888254,1,0
176,581,170.8022355884138,1,0
581,176,170.8022355884138,1,0
176,582,172.1896458356309,1,0
582,176,172.1896458356309,1,0
176,583,173.3784547889385,1,0
583,176,173.3784547889385,1,0
176,584,175.33116669890725,1,0
584,176,175.33116669890725,1,0
176,585,176.12125053496524,1,0
585,176,176.12125053496524,1,0
176,594,34.32110816975466,0,1
594,176,34.32110816975466,0,1
176,595,33.98762274711193,0,1
595,176,33.98762274711193,0,1
176,596,41.05482782816169,0,1
596,176,41.05482782816169,0,1
176,597,40.14777904193456,0,1
597,176,40.14777904193456,0,1
177,183,37.29034783962199,1,0
183,177,37.29034783962199,1,0
177,187,38.8421820705274,1,0
187,177,38.8421820705274,1,0
177,188,35.44004920989811,1,0
188,177,35.44004920989811,1,0
177,206,29.348714878168003,1,0
206,177,29.348714878168003,1,0
177,240,10.675670002393291,1,0
240,177,10.675670002393291,1,0
177,246,34.562898634229164,1,0
246,177,34.562898634229164,1,0
177,299,10.580925526625732,1,0
299,177,10.580925526625732,1,0
177,407,21.562787412577254,1,0
407,177,21.562787412577254,1,0
177,416,32.593437621705384,1,0
416,177,32.593437621705384,1,0
177,441,36.11704777525428,1,0
441,177,36.11704777525428,1,0
177,470,32.26932376112025,1,0
470,177,32.26932376112025,1,0
177,473,17.44207791520265,1,0
473,177,17.44207791520265,1,0
177,500,29.1891251153576,1,0
500,177,29.1891251153576,1,0
177,510,14.565609393362159,1,0
510,177,14.565609393362159,1,0
177,517,20.260842874865794,1,0
517,177,20.260842874865794,1,0
177,588,30.26109693980045,1,0
588,177,30.26109693980045,1,0
177,589,40.76181218984259,1,0
589,177,40.76181218984259,1,0
177,598,23.554003184172323,1,0
598,177,23.554003184172323,1,0
177,599,11.658643017092512,1,0
599,177,11.658643017092512,1,0
177,608,28.219653878104175,1,0
608,177,28.219653878104175,1,0
177,609,25.746182338358437,1,0
609,177,25.746182338358437,1,0
178,183,38.94390696886998,1,0
183,178,38.94390696886998,1,0
178,187,40.505041513372134,1,0
187,178,40.505041513372134,1,0
178,188,37.095637048041105,1,0
188,178,37.095637048041105,1,0
178,206,27.79401894293087,1,0
206,178,27.79401894293087,1,0
178,240,9.025840348687762,1,0
240,178,9.025840348687762,1,0
178,246,36.21247699343418,1,0
246,178,36.21247699343418,1,0
178,299,12.1345981804096,1,0
299,178,12.1345981804096,1,0
178,407,20.128078124848383,1,0
407,178,20.128078124848383,1,0
178,416,31.577711633365706,1,0
416,178,31.577711633365706,1,0
178,441,37.767218218979274,1,0
441,178,37.767218218979274,1,0
178,470,33.870944362388244,1,0
470,178,33.870944362388244,1,0
178,473,15.811834365436543,1,0
473,178,15.811834365436543,1,0
178,500,30.77166555453247,1,0
500,178,30.77166555453247,1,0
178,510,16.022020627873378,1,0
510,178,16.022020627873378,1,0
178,517,21.72243158580549,1,0
517,178,21.72243158580549,1,0
178,588,31.86998945716801,1,0
588,178,31.86998945716801,1,0
178,589,42.42967033810185,1,0
589,178,42.42967033810185,1,0
178,598,22.12958567167492,1,0
598,178,22.12958567167492,1,0
178,599,10.039729329020778,1,0
599,178,10.039729329020778,1,0
178,608,29.784550240015374,1,0
608,178,29.784550240015374,1,0
178,609,27.272282504403627,1,0
609,178,27.272282504403627,1,0
179,184,20.359632732443874,1,0
184,179,20.359632732443874,1,0
179,196,48.94798514750122,1,0
196,179,48.94798514750122,1,0
179,262,38.804874049531456,1,0
262,179,38.804874049531456,1,0
179,300,46.140988816886015,1,0
300,179,46.140988816886015,1,0
179,304,38.18030122982269,1,0
304,179,38.18030122982269,1,0
179,438,15.66967533167168,1,0
438,179,15.66967533167168,1,0
179,439,36.98393232202331,1,0
439,179,36.98393232202331,1,0
179,463,14.65746308199342,1,0
463,179,14.65746308199342,1,0
179,464,13.429370871340176,1,0
464,179,13.429370871340176,1,0
179,465,42.22762425237773,1,0
465,179,42.22762425237773,1,0
179,486,7.62174993029816,1,0
486,179,7.62174993029816,1,0
179,504,36.10917127268362,1,0
504,179,36.10917127268362,1,0
180,189,38.15996239515967,0,1
189,180,38.15996239515967,0,1
180,225,40.30417452324262,0,1
225,180,40.30417452324262,0,1
180,433,24.691512327113543,1,0
433,180,24.691512327113543,1,0
180,440,26.39699174148448,1,1
440,180,26.39699174148448,1,1
181,190,79.49499103717164,0,1
190,181,79.49499103717164,0,1
181,192,30.47301734321693,1,0
192,181,30.47301734321693,1,0
181,198,50.543529754064465,1,0
198,181,50.543529754064465,1,0
181,245,39.010551649521695,0,1
245,181,39.010551649521695,0,1
181,270,99.62357233105026,1,0
270,181,99.62357233105026,1,0
181,271,74.57204464140702,1,0
271,181,74.57204464140702,1,0
181,272,76.04391852738785,1,0
272,181,76.04391852738785,1,0
181,273,84.44423544564779,1,0
273,181,84.44423544564779,1,0
181,274,84.85283628730392,1,0
274,181,84.85283628730392,1,0
181,275,79.87310498534535,1,0
275,181,79.87310498534535,1,0
181,276,80.4041970297571,1,0
276,181,80.4041970297571,1,0
181,278,139.0953503895799,1,0
278,181,139.0953503895799,1,0
181,279,133.48243128217285,1,0
279,181,133.48243128217285,1,0
181,280,106.21267815096274,1,0
280,181,106.21267815096274,1,0
181,281,106.2440249661128,1,0
281,181,106.2440249661128,1,0
181,282,95.5324343717881,1,0
282,181,95.5324343717881,1,0
181,283,98.79824963024396,1,0
283,181,98.79824963024396,1,0
181,284,114.29400388909298,1,0
284,181,114.29400388909298,1,0
181,285,120.68812984299657,1,0
285,181,120.68812984299657,1,0
181,286,121.90352389492274,1,0
286,181,121.90352389492274,1,0
181,287,123.761024955355,1,0
287,181,123.761024955355,1,0
181,288,126.08963900733477,1,0
288,181,126.08963900733477,1,0
181,289,128.77493622595975,1,0
289,181,128.77493622595975,1,0
181,290,130.2778313643576,1,0
290,181,130.2778313643576,1,0
181,291,130.42742926623984,1,0
291,181,130.42742926623984,1,0
181,292,131.45230817676804,1,0
292,181,131.45230817676804,1,0
181,293,132.4620596623803,1,0
293,181,132.4620596623803,1,0
181,294,132.55710667104952,1,0
294,181,132.55710667104952,1,0
181,295,132.4381199843912,1,0
295,181,132.4381199843912,1,0
181,296,117.03316398354784,1,0
296,181,117.03316398354784,1,0
181,297,116.96189903126573,1,0
297,181,116.96189903126573,1,0
181,404,34.09221026862295,1,0
404,181,34.09221026862295,1,0
181,415,58.8508360178511,1,0
415,181,58.8508360178511,1,0
181,428,44.1977076554882,1,0
428,181,44.1977076554882,1,0
181,429,46.41946016489205,1,0
429,181,46.41946016489205,1,0
181,455,37.21590177598817,1,0
455,181,37.21590177598817,1,0
181,456,43.542592343589284,1,0
456,181,43.542592343589284,1,0
181,458,52.68036997782001,1,0
458,181,52.68036997782001,1,0
181,461,57.10733823248988,1,0
461,181,57.10733823248988,1,0
181,462,57.08970923029824,1,0
462,181,57.08970923029824,1,0
181,511,76.20104307028873,0,1
511,181,76.20104307028873,0,1
181,512,67.91826983956526,0,1
512,181,67.91826983956526,0,1
181,580,137.63878423249747,1,0
580,181,137.63878423249747,1,0
181,581,140.27757119725163,1,0
581,181,140.27757119725163,1,0
181,582,141.76073329381447,1,0
582,181,141.76073329381447,1,0
181,583,143.07396544445115,1,0
583,181,143.07396544445115,1,0
181,584,145.12754000877987,1,0
584,181,145.12754000877987,1,0
181,585,145.95767834889674,1,0
585,181,145.95767834889674,1,0
182,185,13.389750445770078,1,1
185,182,13.389750445770078,1,1
182,186,98.5522557479026,1,0
186,182,98.5522557479026,1,0
182,199,44.786791992729285,1,0
199,182,44.786791992729285,1,0
182,200,48.6740272527351,1,0
200,182,48.6740272527351,1,0
182,202,13.599353661111987,1,0
202,182,13.599353661111987,1,0
182,205,78.57713950634752,1,0
205,182,78.57713950634752,1,0
182,248,74.31992380243672,1,0
248,182,74.31992380243672,1,0
182,432,99.13820245495678,1,0
432,182,99.13820245495678,1,0
182,434,46.71740868241731,1,0
434,182,46.71740868241731,1,0
182,459,69.41680808709084,1,0
459,182,69.41680808709084,1,0
182,460,71.60493353114714,1,0
460,182,71.60493353114714,1,0
182,467,39.56615791304483,1,0
467,182,39.56615791304483,1,0
182,476,30.14221499823794,1,0
476,182,30.14221499823794,1,0
182,507,17.191024431371154,1,0
507,182,17.191024431371154,1,0
182,508,15.8897242896156,1,0
508,182,15.8897242896156,1,0
182,509,85.03015932009065,1,0
509,182,85.03015932009065,1,0
182,591,9.311120072257687,1,1
591,182,9.311120072257687,1,1
183,206,66.30632513569124,1,0
206,183,66.30632513569124,1,0
183,240,47.96587920595223,1,0
240,183,47.96587920595223,1,0
183,277,10.829967774651962,0,1
277,183,10.829967774651962,0,1
183,299,27.13907605280622,1,0
299,183,27.13907605280622,1,0
183,407,58.0116972773595,1,0
407,183,58.0116972773595,1,0
183,416,65.33781620164542,1,0
416,183,65.33781620164542,1,0
183,466,39.11093455799797,1,0
466,183,39.11093455799797,1,0
183,470,6.905534736716628,1,1
470,183,6.905534736716628,1,1
183,471,8.475408780701965,0,1
471,183,8.475408780701965,0,1
183,473,54.71541870442005,1,0
473,183,54.71541870442005,1,0
183,484,11.01525996061827,0,1
484,183,11.01525996061827,0,1
183,498,10.892288648397086,0,1
498,183,10.892288648397086,0,1
183,500,9.938439364407271,1,1
500,183,9.938439364407271,1,1
183,510,24.3241503243176,1,0
510,183,24.3241503243176,1,0
183,517,19.67180906780055,1,0
517,183,19.67180906780055,1,0
183,588,8.13438393487792,1,0
588,183,8.13438393487792,1,0
183,589,4.26559644129634,1,0
183,598,59.88769656615622,1,0
598,183,59.88769656615622,1,0
183,599,48.92550836731285,1,0
599,183,48.92550836731285,1,0
183,600,10.241879954383375,0,1
600,183,10.241879954383375,0,1
183,601,12.11100540830529,0,1
601,183,12.11100540830529,0,1
183,602,10.829496802714335,0,1
602,183,10.829496802714335,0,1
183,608,11.264983311128338,1,0
608,183,11.264983311128338,1,0
183,609,14.218819536093704,1,0
609,183,14.218819536093704,1,0
184,196,32.119380520178154,1,0
196,184,32.119380520178154,1,0
184,235,27.562758715339076,0,1
235,184,27.562758715339076,0,1
184,262,22.45837939389216,1,0
262,184,22.45837939389216,1,0
184,300,29.48031594131922,1,0
300,184,29.48031594131922,1,0
184,304,20.861946337770117,1,1
304,184,20.861946337770117,1,1
184,405,15.238174332904844,0,1
405,184,15.238174332904844,0,1
184,437,13.286083132360718,0,1
437,184,13.286083132360718,0,1
184,439,20.521700831071485,1,0
439,184,20.521700831071485,1,0
464,184,7.252115622354624,1,1
184,465,25.654348656709256,1,0
465,184,25.654348656709256,1,0
184,486,13.088329648965907,1,0
486,184,13.088329648965907,1,0
184,504,19.149600648577504,1,0
504,184,19.149600648577504,1,0
185,186,92.47889030476091,1,0
186,185,92.47889030476091,1,0
185,199,34.767242542370255,1,0
199,185,34.767242542370255,1,0
185,200,39.17020717330967,1,0
200,185,39.17020717330967,1,0
185,202,26.501288440375877,1,0
202,185,26.501288440375877,1,0
185,205,71.39766620835726,1,0
205,185,71.39766620835726,1,0
185,248,67.00187762294428,1,0
248,185,67.00187762294428,1,0
302,185,10.802967046140612,1,1
185,409,15.432162939782614,1,1
409,185,15.432162939782614,1,1
185,432,93.08579464665917,1,0
432,185,93.08579464665917,1,0
185,434,41.947437883618115,1,0
434,185,41.947437883618115,1,0
185,459,63.87915818167926,1,0
459,185,63.87915818167926,1,0
185,460,65.95412118283437,1,0
460,185,65.95412118283437,1,0
185,467,36.702248282632496,1,0
467,185,36.702248282632496,1,0
185,476,18.805817504166097,1,0
185,507,28.570922456231617,1,0
507,185,28.570922456231617,1,0
185,508,27.97993983195818,1,0
508,185,27.97993983195818,1,0
185,509,79.3565741763088,1,0
509,185,79.3565741763088,1,0
185,590,18.21758230391728,1,1
590,185,18.21758230391728,1,1
592,185,7.080045903805992,1,1
185,593,14.396814404582702,1,1
593,185,14.396814404582702,1,1
186,199,60.445783062178954,1,0
199,186,60.445783062178954,1,0
186,200,55.67897637349307,1,0
200,186,55.67897637349307,1,0
186,202,109.63100007297206,1,0
202,186,109.63100007297206,1,0
186,205,22.09257513283592,1,0
205,186,22.09257513283592,1,0
186,248,26.43010716966543,1,0
248,186,26.43010716966543,1,0
186,302,95.82338061767598,1,0
302,186,95.82338061767598,1,0
186,409,100.8354261804848,1,0
409,186,100.8354261804848,1,0
186,434,51.875121831182234,1,0
434,186,51.875121831182234,1,0
186,459,29.166209798326555,1,0
459,186,29.166209798326555,1,0
186,460,26.960495637135455,1,0
460,186,26.960495637135455,1,0
186,467,59.70004292293264,1,0
467,186,59.70004292293264,1,0
186,476,75.83517487287808,1,0
476,186,75.83517487287808,1,0
186,507,96.56947953675633,1,0
507,186,96.56947953675633,1,0
186,508,98.75273959237789,1,0
508,186,98.75273959237789,1,0
186,590,104.50887610629061,1,0
590,186,104.50887610629061,1,0
186,591,92.47624408462966,1,0
591,186,92.47624408462966,1,0
186,592,93.68381492018779,1,0
592,186,93.68381492018779,1,0
186,593,99.85616396096938,1,0
593,186,99.85616396096938,1,0
187,206,67.71277017668086,1,0
206,187,67.71277017668086,1,0
187,240,49.51352350620989,1,0
240,187,49.51352350620989,1,0
187,246,4.686010029865494,1,0
246,187,4.686010029865494,1,0
187,299,28.824721976109327,1,0
299,187,28.824721976109327,1,0
187,407,59.357635608234936,1,0
407,187,59.357635608234936,1,0
187,416,66.31414585139433,1,0
416,187,66.31414585139433,1,0
187,466,40.65300972867814,1,0
466,187,40.65300972867814,1,0
187,470,9.020119067950267,1,0
470,187,9.020119067950267,1,0
187,473,56.233955311715356,1,0
473,187,56.233955311715356,1,0
187,500,12.010764047303567,1,0
500,187,12.010764047303567,1,0
187,510,26.156932637448147,1,0
510,187,26.156932637448147,1,0
187,517,21.64201455502699,1,0
517,187,21.64201455502699,1,0
187,588,10.179047106679485,1,1
588,187,10.179047106679485,1,1
187,598,61.21276188835136,1,0
598,187,61.21276188835136,1,0
187,599,50.44594934184508,1,0
599,187,50.44594934184508,1,0
187,608,13.337545388863724,1,0
608,187,13.337545388863724,1,0
187,609,16.272822035529057,1,0
609,187,16.272822035529057,1,0
188,206,64.43941639245347,1,0
206,188,64.43941639245347,1,0
188,240,46.11570936242877,1,0
240,188,46.11570936242877,1,0
188,299,25.324002389037954,1,0
299,188,25.324002389037954,1,0
188,407,56.14243016649707,1,0
407,188,56.14243016649707,1,0
188,416,63.50623591427853,1,0
416,188,63.50623591427853,1,0
188,466,37.25899220322525,1,0
466,188,37.25899220322525,1,0
188,470,5.810391380965658,1,0
470,188,5.810391380965658,1,0
188,473,52.86050141646407,1,0
473,188,52.86050141646407,1,0
188,500,8.5593827464368,1,0
500,188,8.5593827464368,1,0
188,510,22.58433317589873,1,0
510,188,22.58433317589873,1,0
188,517,18.064291682764647,1,0
517,188,18.064291682764647,1,0
188,588,6.687099520718979,1,1
588,188,6.687099520718979,1,1
188,589,5.735182385940311,1,1
188,598,58.01831278139687,1,0
598,188,58.01831278139687,1,0
188,599,47.070588322220914,1,0
599,188,47.070588322220914,1,0
188,608,9.879160743706928,1,0
608,188,9.879160743706928,1,0
188,609,12.769390627590653,1,0
609,188,12.769390627590653,1,0
189,440,11.763926087833092,0,1
440,189,11.763926087833092,0,1
189,453,33.41371724307249,0,1
453,189,33.41371724307249,0,1
190,197,10.713628750334781,1,0
197,190,10.713628750334781,1,0
190,235,35.12269780355717,1,0
235,190,35.12269780355717,1,0
190,245,45.370547495043525,0,1
245,190,45.370547495043525,0,1
190,411,34.09481709879084,1,0
411,190,34.09481709879084,1,0
190,512,17.387248718529335,0,1
512,190,17.387248718529335,0,1
191,194,12.735481930417867,1,1
194,191,12.735481930417867,1,1
191,224,32.28188346425902,1,1
224,191,32.28188346425902,1,1
191,226,33.41961968664515,1,0
226,191,33.41961968664515,1,0
191,227,34.23030540325341,1,0
227,191,34.23030540325341,1,0
191,231,40.994775972067465,1,1
231,191,40.994775972067465,1,1
191,298,25.556065816161926,1,1
298,191,25.556065816161926,1,1
198,192,20.641725363932153,1,1
192,230,32.87377374138844,0,1
230,192,32.87377374138844,0,1
192,232,34.125851798892874,0,1
232,192,34.125851798892874,0,1
192,270,130.09593786894348,1,0
270,192,130.09593786894348,1,0
192,271,44.61900868464023,1,0
271,192,44.61900868464023,1,0
192,272,45.865158421180666,1,0
272,192,45.865158421180666,1,0
192,273,55.04664591053664,1,0
273,192,55.04664591053664,1,0
192,274,55.47218142456631,1,0
274,192,55.47218142456631,1,0
192,275,49.78361603981776,1,0
275,192,49.78361603981776,1,0
192,276,50.55397141669486,1,0
276,192,50.55397141669486,1,0
192,278,168.55429554300892,1,0
278,192,168.55429554300892,1,0
192,279,163.3067994818342,1,0
279,192,163.3067994818342,1,0
192,280,76.92646328799992,1,0
280,192,76.92646328799992,1,0
192,281,76.91529260816733,1,0
281,192,76.91529260816733,1,0
192,282,66.06044735694726,1,0
282,192,66.06044735694726,1,0
192,283,69.74509339014466,1,0
283,192,69.74509339014466,1,0
192,284,84.74438530663846,1,0
284,192,84.74438530663846,1,0
192,285,91.68735902511317,1,0
285,192,91.68735902511317,1,0
192,286,92.94666378090179,1,0
286,192,92.94666378090179,1,0
192,287,94.86852664609059,1,0
287,192,94.86852664609059,1,0
192,288,97.25655147598027,1,0
288,192,97.25655147598027,1,0
192,289,100.0074660512904,1,0
289,192,100.0074660512904,1,0
192,290,101.31307710754817,1,0
290,192,101.31307710754817,1,0
192,291,101.18345910770199,1,0
291,192,101.18345910770199,1,0
192,292,102.01927932013635,1,0
292,192,102.01927932013635,1,0
192,293,102.82334878810357,1,0
293,192,102.82334878810357,1,0
192,294,102.80181207060505,1,0
294,192,102.80181207060505,1,0
192,295,102.63368346210711,1,0
295,192,102.63368346210711,1,0
192,296,87.65719585978096,1,0
296,192,87.65719585978096,1,0
192,297,87.62283839844496,1,0
297,192,87.62283839844496,1,0
192,404,64.34662988067052,1,0
404,192,64.34662988067052,1,0
192,412,33.99092128789686,0,1
412,192,33.99092128789686,0,1
192,413,32.57458949856468,0,1
413,192,32.57458949856468,0,1
192,414,33.6947593106109,0,1
414,192,33.6947593106109,0,1
192,415,29.114804241141652,1,1
415,192,29.114804241141652,1,1
429,192,16.285365700530033,1,1
192,430,33.835245913100735,0,1
430,192,33.835245913100735,0,1
192,431,34.0988807001051,0,1
431,192,34.0988807001051,0,1
192,455,67.5162554722935,1,0
455,192,67.5162554722935,1,0
192,456,73.83604167342668,1,0
456,192,73.83604167342668,1,0
192,457,49.29628951554062,1,0
457,192,49.29628951554062,1,0
192,458,82.92086895950862,1,0
458,192,82.92086895950862,1,0
192,461,27.351082940168933,1,1
461,192,27.351082940168933,1,1
462,192,27.334593942475166,1,1
192,474,34.278285852708564,0,1
474,192,34.278285852708564,0,1
192,475,35.11242943745135,0,1
475,192,35.11242943745135,0,1
192,580,107.88809875514538,1,0
580,192,107.88809875514538,1,0
192,581,110.65132357545481,1,0
581,192,110.65132357545481,1,0
192,582,112.20784950260833,1,0
582,192,112.20784950260833,1,0
192,583,113.62003472099451,1,0
583,192,113.62003472099451,1,0
192,584,115.75060928133381,1,0
584,192,115.75060928133381,1,0
192,585,116.61139697731093,1,0
585,192,116.61139697731093,1,0
193,202,54.303320386510435,0,1
202,193,54.303320386510435,0,1
193,238,4.719374640776043,1,0
193,245,16.072038389700293,1,0
245,193,16.072038389700293,1,0
193,268,32.19457174742351,0,1
268,193,32.19457174742351,0,1
193,303,32.2304147351535,0,1
303,193,32.2304147351535,0,1
193,404,41.97327527129614,0,1
404,193,41.97327527129614,0,1
193,417,13.278890955196523,1,1
417,193,13.278890955196523,1,1
193,427,12.597995475471485,1,1
427,193,12.597995475471485,1,1
193,455,43.374756033896034,0,1
455,193,43.374756033896034,0,1
193,456,47.69052117559631,0,1
456,193,47.69052117559631,0,1
193,457,33.98905623873661,0,1
457,193,33.98905623873661,0,1
193,458,55.11675288875425,0,1
458,193,55.11675288875425,0,1
193,468,7.409352468333518,1,1
468,193,7.409352468333518,1,1
193,469,10.818940521141615,1,1
469,193,10.818940521141615,1,1
193,493,28.734422858307074,0,1
493,193,28.734422858307074,0,1
193,494,32.16461549591414,0,1
494,193,32.16461549591414,0,1
193,501,17.585863413548964,1,1
501,193,17.585863413548964,1,1
193,502,17.3865066358944,1,1
502,193,17.3865066358944,1,1
193,594,8.67042449941178,1,1
193,595,17.64428295511042,1,1
595,193,17.64428295511042,1,1
193,596,23.15939647313807,1,1
596,193,23.15939647313807,1,1
194,224,19.726441645669397,1,1
224,194,19.726441645669397,1,1
194,226,20.969498801831197,1,0
226,194,20.969498801831197,1,0
194,227,21.62282839963357,1,0
227,194,21.62282839963357,1,0
194,231,28.36817154840967,1,1
231,194,28.36817154840967,1,1
194,243,11.810588469674151,1,0
243,194,11.810588469674151,1,0
194,298,13.350842670033979,1,1
298,194,13.350842670033979,1,1
436,194,11.250361105315687,1,0
195,514,5.729295419159323,0,1
514,195,5.729295419159323,0,1
196,249,29.344747553863876,0,1
249,196,29.344747553863876,0,1
196,262,10.149384217774003,1,0
262,196,10.149384217774003,1,0
196,304,11.264182704484156,1,0
304,196,11.264182704484156,1,0
196,433,10.440987357525149,0,1
433,196,10.440987357525149,0,1
196,438,37.62125762119071,1,0
438,196,37.62125762119071,1,0
196,439,12.014990636700471,1,0
439,196,12.014990636700471,1,0
196,463,37.88322998372763,1,0
463,196,37.88322998372763,1,0
196,464,38.59060859846603,1,0
464,196,38.59060859846603,1,0
465,196,6.726812023536855,1,1
196,486,41.55506710378411,1,0
486,196,41.55506710378411,1,0
196,504,13.113733259449804,1,0
504,196,13.113733259449804,1,0
196,587,33.961821623699755,0,1
587,196,33.961821623699755,0,1
197,235,24.973218655191406,1,1
235,197,24.973218655191406,1,1
197,304,20.70679842467203,0,1
304,197,20.70679842467203,0,1
197,405,16.04360598493992,0,1
405,197,16.04360598493992,0,1
197,411,24.065948765839256,1,0
411,197,24.065948765839256,1,0
197,437,13.94565742444579,0,1
437,197,13.94565742444579,0,1
438,197,9.246238262125848,0,1
197,463,10.213849470204659,0,1
463,197,10.213849470204659,0,1
197,464,11.438684583465006,0,1
464,197,11.438684583465006,0,1
198,230,13.645784770397047,0,1
230,198,13.645784770397047,0,1
198,232,16.190028566991472,0,1
232,198,16.190028566991472,0,1
198,269,27.221432732315908,1,1
269,198,27.221432732315908,1,1
198,270,149.88202215075697,1,0
270,198,149.88202215075697,1,0
198,271,24.05876725852761,1,0
271,198,24.05876725852761,1,0
198,272,25.517676716347044,1,0
272,198,25.517676716347044,1,0
198,273,34.41660209840594,1,0
273,198,34.41660209840594,1,0
198,274,34.844041470529795,1,0
274,198,34.844041470529795,1,0
198,275,29.32989089648988,1,0
275,198,29.32989089648988,1,0
198,276,29.95383948678366,1,0
276,198,29.95383948678366,1,0
198,278,189.15026751236698,1,0
278,198,189.15026751236698,1,0
198,279,183.82010951199,1,0
279,198,183.82010951199,1,0
198,280,56.29379397411406,1,0
280,198,56.29379397411406,1,0
198,281,56.27885074341871,1,0
281,198,56.27885074341871,1,0
198,282,45.419138884395416,1,0
282,198,45.419138884395416,1,0
198,283,49.15906030428165,1,0
283,198,49.15906030428165,1,0
198,284,64.10686488200776,1,0
284,198,64.10686488200776,1,0
198,285,71.08537827851801,1,0
285,198,71.08537827851801,1,0
198,286,72.35168593750943,1,0
286,198,72.35168593750943,1,0
198,287,74.28447359980416,1,0
287,198,74.28447359980416,1,0
198,288,76.6826380936389,1,0
288,198,76.6826380936389,1,0
198,289,79.44525788239346,1,0
289,198,79.44525788239346,1,0
198,290,80.710156145308,1,0
290,198,80.710156145308,1,0
198,291,80.54672547658284,1,0
291,198,80.54672547658284,1,0
198,292,81.3781462371809,1,0
292,198,81.3781462371809,1,0
198,293,82.20047597185797,1,0
293,198,82.20047597185797,1,0
198,294,82.20290705930053,1,0
294,198,82.20290705930053,1,0
198,295,82.04852603794903,1,0
295,198,82.04852603794903,1,0
198,296,67.01613620614069,1,0
296,198,67.01613620614069,1,0
198,297,66.98314314064397,1,0
297,198,66.98314314064397,1,0
198,404,83.79396398906069,1,0
404,198,83.79396398906069,1,0
198,412,26.655931647571425,0,1
412,198,26.655931647571425,0,1
198,413,25.081611291940558,0,1
413,198,25.081611291940558,0,1
198,414,23.905127337037968,0,1
414,198,23.905127337037968,0,1
415,198,8.476585397434512,1,1
198,430,21.78028466296986,0,1
430,198,21.78028466296986,0,1
198,431,23.60777806147796,0,1
431,198,23.60777806147796,0,1
198,455,86.99919600203211,1,0
455,198,86.99919600203211,1,0
198,456,93.26894353427619,1,0
456,198,93.26894353427619,1,0
198,457,69.03597133379091,1,0
457,198,69.03597133379091,1,0
198,458,102.22727004571725,1,0
458,198,102.22727004571725,1,0
198,474,19.761683253204925,0,1
474,198,19.761683253204925,0,1
198,475,18.68708711918473,0,1
475,198,18.68708711918473,0,1
198,580,87.2894912632672,1,0
580,198,87.2894912632672,1,0
198,581,90.02829744585866,1,0
581,198,90.02829744585866,1,0
198,582,91.57566218160805,1,0
582,198,91.57566218160805,1,0
198,583,92.98052520823917,1,0
583,198,92.98052520823917,1,0
198,584,95.10899531064345,1,0
584,198,95.10899531064345,1,0
198,585,95.96968411430767,1,0
585,198,95.96968411430767,1,0
199,202,58.089342060312575,1,0
202,199,58.089342060312575,1,0
199,205,38.47782709561444,1,0
205,199,38.47782709561444,1,0
199,248,34.06808913044581,1,0
248,199,34.06808913044581,1,0
199,302,41.66389416509215,1,0
302,199,41.66389416509215,1,0
199,409,47.25299957674645,1,0
409,199,47.25299957674645,1,0
199,432,61.06626123318833,1,0
432,199,61.06626123318833,1,0
434,199,20.454554138381994,1,0
199,459,34.43445960081267,1,0
459,199,34.43445960081267,1,0
199,460,36.05581347022973,1,0
460,199,36.05581347022973,1,0
199,467,24.09639028983387,1,0
467,199,24.09639028983387,1,0
199,507,51.29784436016781,1,0
507,199,51.29784436016781,1,0
199,508,52.41589954393609,1,0
508,199,52.41589954393609,1,0
199,509,48.45766012716669,1,0
509,199,48.45766012716669,1,0
199,590,50.8332540469327,1,0
590,199,50.8332540469327,1,0
199,591,36.412656288713684,1,0
591,199,36.412656288713684,1,0
199,592,38.390019744720114,1,0
592,199,38.390019744720114,1,0
199,593,46.126520928853935,1,0
593,199,46.126520928853935,1,0
200,202,61.80179205330538,1,0
202,200,61.80179205330538,1,0
200,205,33.69878410269427,1,0
205,200,33.69878410269427,1,0
200,248,29.29110146443797,1,0
248,200,29.29110146443797,1,0
200,302,45.57463756301305,1,0
302,200,45.57463756301305,1,0
200,409,51.1396489722016,1,0
409,200,51.1396489722016,1,0
200,432,56.29956430559654,1,0
432,200,56.29956430559654,1,0
200,459,30.014061904380753,1,0
459,200,30.014061904380753,1,0
200,460,31.55346492859382,1,0
460,200,31.55346492859382,1,0
200,467,23.811998173189917,1,0
467,200,23.811998173189917,1,0
200,476,20.85971989265436,1,0
200,507,54.08696660009692,1,0
507,200,54.08696660009692,1,0
200,508,55.368698639213115,1,0
508,200,55.368698639213115,1,0
200,509,43.77710946373686,1,0
509,200,43.77710946373686,1,0
200,590,54.766487243568946,1,0
590,200,54.766487243568946,1,0
200,591,40.563328389075764,1,0
591,200,40.563328389075764,1,0
200,592,42.43898886637145,1,0
592,200,42.43898886637145,1,0
200,593,50.022768066151635,1,0
593,200,50.022768066151635,1,0
201,207,14.95007183929228,0,1
207,201,14.95007183929228,0,1
201,241,11.284489975182751,1,1
241,201,11.284489975182751,1,1
201,242,9.014122364379132,1,1
242,201,9.014122364379132,1,1
201,513,23.159913341806785,0,1
513,201,23.159913341806785,0,1
516,201,5.430156719653679,1,1
202,205,90.44866591055946,1,0
205,202,90.44866591055946,1,0
202,248,86.30247473856123,1,0
248,202,86.30247473856123,1,0
202,260,55.17269696145006,0,1
260,202,55.17269696145006,0,1
202,268,35.290669659273966,0,1
268,202,35.290669659273966,0,1
202,302,16.706749833525368,1,0
302,202,16.706749833525368,1,0
202,303,40.386497706535536,0,1
303,202,40.386497706535536,0,1
202,404,21.20305058240441,0,1
404,202,21.20305058240441,0,1
202,409,11.23665608622067,1,0
409,202,11.23665608622067,1,0
202,417,41.181373119409216,0,1
417,202,41.181373119409216,0,1
202,427,63.01575578377204,0,1
427,202,63.01575578377204,0,1
202,432,110.1997373953314,1,0
432,202,110.1997373953314,1,0
202,434,57.872837998494596,1,0
434,202,57.872837998494596,1,0
202,455,17.988868558083354,0,1
455,202,17.988868558083354,0,1
202,456,11.857765598965093,0,1
202,457,36.0471534659812,0,1
457,202,36.0471534659812,0,1
202,459,80.49250092399912,1,0
459,202,80.49250092399912,1,0
202,460,82.71384291640668,1,0
460,202,82.71384291640668,1,0
202,467,49.961786757480965,1,0
467,202,49.961786757480965,1,0
202,468,61.23578660391323,0,1
468,202,61.23578660391323,0,1
202,469,63.532529628529666,0,1
469,202,63.532529628529666,0,1
202,476,43.730881136789364,1,0
476,202,43.730881136789364,1,0
202,493,42.998861845402374,0,1
493,202,42.998861845402374,0,1
202,494,29.362018408140816,0,1
494,202,29.362018408140816,0,1
202,495,55.75849686819041,0,1
495,202,55.75849686819041,0,1
202,501,38.2970772383481,0,1
501,202,38.2970772383481,0,1
202,502,37.65163284639858,0,1
502,202,37.65163284639858,0,1
202,507,16.584897859197085,1,0
507,202,16.584897859197085,1,0
202,508,14.040159329580273,1,0
508,202,14.040159329580273,1,0
202,509,95.98795537982878,1,0
509,202,95.98795537982878,1,0
202,590,8.357249906518293,1,0
590,202,8.357249906518293,1,0
202,591,22.83451100855895,1,0
591,202,22.83451100855895,1,0
202,592,20.42441277001618,1,0
592,202,20.42441277001618,1,0
202,593,12.354811208594002,1,0
593,202,12.354811208594002,1,0
202,594,45.875476782263526,0,1
594,202,45.875476782263526,0,1
202,595,40.383177339085144,0,1
595,202,40.383177339085144,0,1
202,596,43.56718030811725,0,1
596,202,43.56718030811725,0,1
202,597,52.1981138548128,0,1
597,202,52.1981138548128,0,1
203,224,28.4394405887317,1,1
224,203,28.4394405887317,1,1
203,226,29.599875151763733,1,0
226,203,29.599875151763733,1,0
203,227,30.378005941799405,1,0
227,203,30.378005941799405,1,0
203,231,37.143968904789915,1,1
231,203,37.143968904789915,1,1
203,298,21.771538324151557,1,1
298,203,21.771538324151557,1,1
204,273,25.82928022613096,0,1
273,204,25.82928022613096,0,1
204,274,25.957771572305663,0,1
274,204,25.957771572305663,0,1
204,275,20.09246916135496,0,1
275,204,20.09246916135496,0,1
204,276,22.43088756603269,0,1
276,204,22.43088756603269,0,1
204,477,11.541356072836502,0,1
477,204,11.541356072836502,0,1
204,478,8.42601525040158,0,1
478,204,8.42601525040158,0,1
205,302,75.69856585827765,1,0
302,205,75.69856585827765,1,0
205,409,80.94698626261511,1,0
409,205,80.94698626261511,1,0
205,432,22.7125069730314,1,0
432,205,22.7125069730314,1,0
205,434,32.92809391689717,1,0
434,205,32.92809391689717,1,0
205,459,12.922544099363718,1,0
205,467,41.50530174568063,1,0
467,205,41.50530174568063,1,0
205,476,54.14483583870211,1,0
476,205,54.14483583870211,1,0
205,507,78.81837842787682,1,0
507,205,78.81837842787682,1,0
205,508,80.77668476113637,1,0
508,205,80.77668476113637,1,0
205,509,12.388068816405566,1,0
205,590,84.65202197821384,1,0
590,205,84.65202197821384,1,0
205,591,71.81415551268427,1,0
591,205,71.81415551268427,1,0
205,592,73.23389828487898,1,0
592,205,73.23389828487898,1,0
205,593,79.9123590253723,1,0
593,205,79.9123590253723,1,0
206,240,19.028437271620597,1,0
240,206,19.028437271620597,1,0
206,246,63.63373024583739,1,0
246,206,63.63373024583739,1,0
206,299,39.922988665679824,1,0
299,206,39.922988665679824,1,0
407,206,8.651983472013802,1,1
206,416,16.39661382725104,1,0
416,206,16.39661382725104,1,0
206,441,65.1756296862562,1,0
441,206,65.1756296862562,1,0
206,466,27.519111268353125,1,0
466,206,27.519111268353125,1,0
206,470,61.58595876496525,1,0
470,206,61.58595876496525,1,0
206,473,12.367,1,0
473,206,12.367,1,0
206,500,58.532636366389646,1,0
500,206,58.532636366389646,1,0
206,510,43.768756893473686,1,0
510,206,43.768756893473686,1,0
206,517,49.458468769261344,1,0
517,206,49.458468769261344,1,0
206,588,59.56279665193702,1,0
588,206,59.56279665193702,1,0
206,589,69.51245612118738,1,0
589,206,69.51245612118738,1,0
206,599,17.849228834882478,1,0
599,206,17.849228834882478,1,0
206,608,57.56819594185665,1,0
608,206,57.56819594185665,1,0
206,609,55.06381819307484,1,0
609,206,55.06381819307484,1,0
207,242,6.0248394169471435,0,1
242,207,6.0248394169471435,0,1
207,513,10.046279808964114,0,1
513,207,10.046279808964114,0,1
207,515,17.54244863181876,0,1
515,207,17.54244863181876,0,1
207,516,19.596095988742245,0,1
516,207,19.596095988742245,0,1
208,239,5.418904409564723,1,1
239,208,5.418904409564723,1,1
208,299,21.750265216773794,0,1
299,208,21.750265216773794,0,1
208,406,12.007635987154174,1,1
406,208,12.007635987154174,1,1
208,510,17.614519607414785,0,1
510,208,17.614519607414785,0,1
208,517,11.931378210416431,0,1
517,208,11.931378210416431,0,1
606,208,3.861137785679242,1,1
208,607,5.048690325222968,1,1
607,208,5.048690325222968,1,1
208,608,6.603541246937131,0,1
608,208,6.603541246937131,0,1
208,609,7.210110748109213,0,1
609,208,7.210110748109213,0,1
210,209,5.754434985296124,1,1
211,209,6.594238090939696,1,0
209,212,7.763778461548217,1,0
212,209,7.763778461548217,1,0
209,213,7.701720586985742,1,1
213,209,7.701720586985742,1,1
209,214,12.996743130492346,1,0
214,209,12.996743130492346,1,0
209,215,13.899741472415954,1,1
215,209,13.899741472415954,1,1
209,216,16.086115659163962,1,0
216,209,16.086115659163962,1,0
209,217,23.590732502404414,1,0
217,209,23.590732502404414,1,0
209,218,26.799851678694047,1,1
218,209,26.799851678694047,1,1
209,219,33.720464009262976,1,0
219,209,33.720464009262976,1,0
209,220,35.09525315480713,1,1
220,209,35.09525315480713,1,1
209,223,20.248218934019853,0,1
223,209,20.248218934019853,0,1
209,263,37.07777454217014,0,1
263,209,37.07777454217014,0,1
209,266,38.09523027886824,0,1
266,209,38.09523027886824,0,1
209,405,10.971766129479793,1,0
405,209,10.971766129479793,1,0
209,437,13.058480769216608,1,0
437,209,13.058480769216608,1,0
209,511,10.238232513476142,1,0
511,209,10.238232513476142,1,0
210,214,9.102528989242495,1,0
214,210,9.102528989242495,1,0
210,215,10.476763479243006,1,1
215,210,10.476763479243006,1,1
210,216,12.303913564390802,1,0
216,210,12.303913564390802,1,0
210,217,20.056590388199087,1,0
217,210,20.056590388199087,1,0
210,218,23.651538385483512,1,1
218,210,23.651538385483512,1,1
210,219,30.606981638181836,1,0
219,210,30.606981638181836,1,0
210,220,32.05333679977796,1,1
220,210,32.05333679977796,1,1
210,223,20.963582613666013,0,1
223,210,20.963582613666013,0,1
210,263,34.851207568748606,0,1
263,210,34.851207568748606,0,1
210,266,35.190128274844355,0,1
266,210,35.190128274844355,0,1
210,405,16.08343402386443,1,0
405,210,16.08343402386443,1,0
210,437,18.09125031610585,1,0
437,210,18.09125031610585,1,0
210,511,15.104805890841497,1,0
511,210,15.104805890841497,1,0
211,214,9.078142761600525,1,1
211,215,10.537420225083556,1,0
215,211,10.537420225083556,1,0
211,216,12.246963746169905,1,1
216,211,12.246963746169905,1,1
211,217,19.985946362381743,1,1
217,211,19.985946362381743,1,1
211,218,23.644275459400315,1,0
218,211,23.644275459400315,1,0
211,219,30.582425427032433,1,1
219,211,30.582425427032433,1,1
211,220,32.0392342293008,1,0
220,211,32.0392342293008,1,0
211,252,36.31876289192681,0,1
252,211,36.31876289192681,0,1
211,405,16.711840712500823,1,0
405,211,16.711840712500823,1,0
211,437,18.694134481168152,1,0
437,211,18.694134481168152,1,0
211,511,15.690684911755765,1,0
511,211,15.690684911755765,1,0
212,215,7.9425923349999525,1,0
212,216,9.674527637047714,1,1
212,217,17.422964730492914,1,1
217,212,17.422964730492914,1,1
212,218,21.05876468361808,1,0
218,212,21.05876468361808,1,0
212,219,28.00279366420429,1,1
219,212,28.00279366420429,1,1
212,220,29.456533570669855,1,0
220,212,29.456533570669855,1,0
212,252,33.780274036780696,0,1
252,212,33.780274036780696,0,1
212,405,18.500156647985445,1,0
405,212,18.500156647985445,1,0
212,437,20.541070273965765,1,0
437,212,20.541070273965765,1,0
212,511,17.58683567330974,1,0
511,212,17.58683567330974,1,0
212,512,6.581705705970148,1,0
512,212,6.581705705970148,1,0
213,215,6.730910265335589,1,1
213,216,8.70024580112539,1,0
213,217,16.421629638985287,1,0
217,213,16.421629638985287,1,0
213,218,19.928688115377792,1,1
218,213,19.928688115377792,1,1
213,219,26.893592415294762,1,0
219,213,26.893592415294762,1,0
213,220,28.327699412412578,1,1
220,213,28.327699412412578,1,1
213,223,17.762003546897517,0,1
223,213,17.762003546897517,0,1
213,263,31.030734522405364,0,1
263,213,31.030734522405364,0,1
213,266,31.443634172913285,0,1
266,213,31.443634172913285,0,1
213,405,18.656694026541786,1,0
405,213,18.656694026541786,1,0
213,437,20.73383756085689,1,0
437,213,20.73383756085689,1,0
213,511,17.853391974636082,1,0
511,213,17.853391974636082,1,0
213,512,6.885366075961394,1,0
512,213,6.885366075961394,1,0
214,217,10.958335640050455,1,1
217,214,10.958335640050455,1,1
214,218,14.567299337900625,1,0
218,214,14.567299337900625,1,0
214,219,21.512553939502396,1,1
219,214,21.512553939502396,1,1
214,220,22.965086762300725,1,0
220,214,22.965086762300725,1,0
214,252,27.34683561218738,0,1
252,214,27.34683561218738,0,1
214,405,23.956843364683923,1,0
405,214,23.956843364683923,1,0
214,437,26.04879121955566,1,0
437,214,26.04879121955566,1,0
214,511,23.22788421273018,1,0
511,214,23.22788421273018,1,0
214,512,12.354338913920081,1,0
512,214,12.354338913920081,1,0
215,218,13.197828647167686,1,1
218,215,13.197828647167686,1,1
215,219,20.162712515929,1,0
219,215,20.162712515929,1,0
215,220,21.597496822548674,1,1
220,215,21.597496822548674,1,1
215,223,14.536161288318178,0,1
223,215,14.536161288318178,0,1
215,263,24.462024323428345,0,1
263,215,24.462024323428345,0,1
215,266,24.71981231724869,0,1
266,215,24.71981231724869,0,1
215,405,24.784806091636064,1,0
405,215,24.784806091636064,1,0
215,437,26.88247721100122,1,0
437,215,26.88247721100122,1,0
215,511,24.128787992769137,1,0
511,215,24.128787992769137,1,0
215,512,13.43042490020327,1,0
512,215,13.43042490020327,1,0
216,218,11.41378924809811,1,0
218,216,11.41378924809811,1,0
216,219,18.337138326358343,1,1
219,216,18.337138326358343,1,1
216,220,19.79774191669343,1,0
220,216,19.79774191669343,1,0
216,252,24.137007540289662,0,1
252,216,24.137007540289662,0,1
216,405,27.00861805054083,1,0
405,216,27.00861805054083,1,0
216,437,29.1050701596818,1,0
437,216,29.1050701596818,1,0
216,511,26.324001215620697,1,0
511,216,26.324001215620697,1,0
216,512,15.524579382385857,1,0
512,216,15.524579382385857,1,0
219,217,10.647847153298173,1,1
217,220,12.127489847449883,1,0
220,217,12.127489847449883,1,0
217,252,16.399029544457807,0,1
252,217,16.399029544457807,0,1
217,405,34.37684115796563,1,0
405,217,34.37684115796563,1,0
217,437,36.4733849813806,1,0
437,217,36.4733849813806,1,0
217,511,33.7854396597114,1,0
511,217,33.7854396597114,1,0
217,512,23.171563822927446,1,0
512,217,23.171563822927446,1,0
219,218,6.96618180928405,1,0
220,218,8.402043798981293,1,1
218,223,16.379234658554715,0,1
223,218,16.379234658554715,0,1
218,263,12.079794907199377,0,1
263,218,12.079794907199377,0,1
218,266,11.553203019076571,0,1
266,218,11.553203019076571,0,1
218,405,37.39204270964613,1,0
405,218,37.39204270964613,1,0
218,437,39.478297354369275,1,0
437,218,39.478297354369275,1,0
218,511,36.88956645177604,1,0
511,218,36.88956645177604,1,0
218,512,26.529748208379214,1,0
512,218,26.529748208379214,1,0
219,252,6.5823996384297425,0,1
252,219,6.5823996384297425,0,1
219,405,44.217948448565544,1,0
405,219,44.217948448565544,1,0
219,437,46.295489164712365,1,0
437,219,46.295489164712365,1,0
219,511,43.75704370727072,1,0
511,219,43.75704370727072,1,0
219,512,33.485004300432756,1,0
512,219,33.485004300432756,1,0
220,223,21.883642566995103,0,1
223,220,21.883642566995103,0,1
220,263,6.034913503936904,0,1
263,220,6.034913503936904,0,1
220,405,45.539076955950705,1,0
405,220,45.539076955950705,1,0
220,437,47.61188996458763,1,0
437,220,47.61188996458763,1,0
220,511,45.09831678677155,1,0
511,220,45.09831678677155,1,0
220,512,34.887974432460254,1,0
512,220,34.887974432460254,1,0
221,222,35.983492465295804,1,0
222,221,35.983492465295804,1,0
221,234,56.161427563764796,1,0
234,221,56.161427563764796,1,0
221,244,39.8607703136806,1,0
244,221,39.8607703136806,1,0
221,268,29.07815709428643,1,0
268,221,29.07815709428643,1,0
221,303,24.579354670129156,1,0
303,221,24.579354670129156,1,0
306,221,19.27817750722303,0,1
221,408,36.09219973900178,1,0
408,221,36.09219973900178,1,0
221,454,36.572983608122534,1,0
454,221,36.572983608122534,1,0
493,221,21.139449306923773,1,0
221,494,34.50027536121995,1,0
494,221,34.50027536121995,1,0
221,503,23.896312100405787,1,0
503,221,23.896312100405787,1,0
221,505,40.601927306471545,1,0
505,221,40.601927306471545,1,0
221,506,50.75612516731355,1,0
506,221,50.75612516731355,1,0
221,518,46.84437670628141,1,0
518,221,46.84437670628141,1,0
221,519,45.41960357598908,1,0
519,221,45.41960357598908,1,0
222,234,28.95572247415008,1,1
234,222,28.95572247415008,1,1
244,222,19.435355103522035,1,1
222,268,33.214061028425895,1,0
268,222,33.214061028425895,1,0
222,303,29.592923377050802,1,0
303,222,29.592923377050802,1,0
222,434,44.936778088777125,0,1
434,222,44.936778088777125,0,1
454,222,20.666576010553854,1,1
222,459,54.66747488223688,0,1
459,222,54.66747488223688,0,1
222,460,56.30634341706092,0,1
460,222,56.30634341706092,0,1
222,467,39.57022492986361,0,1
467,222,39.57022492986361,0,1
222,493,31.50588917964386,1,0
493,222,31.50588917964386,1,0
222,494,38.931401336196465,1,0
494,222,38.931401336196465,1,0
222,505,38.303412602534515,1,0
505,222,38.303412602534515,1,0
222,506,43.49162811392556,1,0
506,222,43.49162811392556,1,0
222,509,64.56242022260318,0,1
509,222,64.56242022260318,0,1
222,518,20.941646186486867,1,1
518,222,20.941646186486867,1,1
222,519,21.05022054516294,1,1
519,222,21.05022054516294,1,1
223,263,20.871729707908734,0,1
263,223,20.871729707908734,0,1
223,266,23.894345523575236,0,1
266,223,23.894345523575236,0,1
223,497,6.46220713069459,1,0
224,231,12.318752250126634,1,1
231,224,12.318752250126634,1,1
224,243,31.1289656108262,1,0
243,224,31.1289656108262,1,0
224,298,7.067708256570867,1,1
224,436,30.38796019807845,1,0
436,224,30.38796019807845,1,0
225,440,13.912337869675248,0,1
440,225,13.912337869675248,0,1
225,453,35.48463816921345,0,1
453,225,35.48463816921345,0,1
226,231,12.692944536237444,1,0
231,226,12.692944536237444,1,0
226,243,32.22045126934134,1,0
243,226,32.22045126934134,1,0
226,298,7.948036235448352,1,0
298,226,7.948036235448352,1,0
226,436,31.452548465903366,1,0
436,226,31.452548465903366,1,0
227,231,10.686568438933051,1,0
231,227,10.686568438933051,1,0
227,243,33.099998610271875,1,0
243,227,33.099998610271875,1,0
227,298,9.111130994558248,1,0
298,227,9.111130994558248,1,0
227,436,32.37051641540493,1,0
436,227,32.37051641540493,1,0
228,230,19.310243317990587,1,0
230,228,19.310243317990587,1,0
228,233,6.466094725566585,1,0
233,228,6.466094725566585,1,0
228,250,7.689562341251939,1,1
250,228,7.689562341251939,1,1
228,251,7.3668976509790065,1,1
251,228,7.3668976509790065,1,1
228,252,8.388473818281845,1,0
252,228,8.388473818281845,1,0
228,253,5.157690277633972,1,1
253,228,5.157690277633972,1,1
228,254,4.910764706234661,1,1
254,228,4.910764706234661,1,1
228,255,4.090570742573706,1,1
255,228,4.090570742573706,1,1
228,264,14.103835258538721,0,1
264,228,14.103835258538721,0,1
228,265,12.395776095105946,0,1
265,228,12.395776095105946,0,1
228,267,10.336961303980972,0,1
267,228,10.336961303980972,0,1
228,381,9.662906860774351,0,1
381,228,9.662906860774351,0,1
228,387,12.659477437872386,0,1
387,228,12.659477437872386,0,1
228,389,10.139702609051213,0,1
389,228,10.139702609051213,0,1
228,391,9.236978347923092,0,1
391,228,9.236978347923092,0,1
228,392,8.026902827367477,0,1
392,228,8.026902827367477,0,1
228,393,6.475273662170581,0,1
393,228,6.475273662170581,0,1
228,396,6.2719828603082135,0,1
396,228,6.2719828603082135,0,1
228,397,6.9262665989694625,0,1
397,228,6.9262665989694625,0,1
228,398,7.375794465683002,0,1
398,228,7.375794465683002,0,1
228,399,8.354027112716357,0,1
399,228,8.354027112716357,0,1
228,412,3.769522118253188,1,0
412,228,3.769522118253188,1,0
228,413,3.9014463984527583,1,0
413,228,3.9014463984527583,1,0
228,430,4.872790678861549,1,0
430,228,4.872790678861549,1,0
228,474,8.99580924653252,1,0
474,228,8.99580924653252,1,0
229,230,20.390224177286527,1,0
230,229,20.390224177286527,1,0
229,233,7.783759759910374,1,0
233,229,7.783759759910374,1,0
229,250,6.449806198638839,1,1
250,229,6.449806198638839,1,1
229,251,6.1010641694707655,1,1
251,229,6.1010641694707655,1,1
229,252,7.0321201639334925,1,0
252,229,7.0321201639334925,1,0
229,253,3.8052595180880893,1,1
253,229,3.8052595180880893,1,1
229,254,3.566575528430598,1,1
254,229,3.566575528430598,1,1
229,255,2.8442925306655784,1,1
255,229,2.8442925306655784,1,1
229,264,13.314653581674591,0,1
264,229,13.314653581674591,0,1
229,265,11.472969449972402,0,1
265,229,11.472969449972402,0,1
229,267,9.2655275079188,0,1
267,229,9.2655275079188,0,1
229,381,11.101801655587257,0,1
381,229,11.101801655587257,0,1
229,387,12.397580409095962,0,1
387,229,12.397580409095962,0,1
229,389,10.018482919085105,0,1
389,229,10.018482919085105,0,1
229,391,9.082400563727631,0,1
391,229,9.082400563727631,0,1
229,392,7.970570870395671,0,1
392,229,7.970570870395671,0,1
229,393,7.324616030891995,0,1
393,229,7.324616030891995,0,1
229,396,7.488658090739622,0,1
396,229,7.488658090739622,0,1
229,397,8.273451516749223,0,1
397,229,8.273451516749223,0,1
229,398,8.745008461974178,0,1
398,229,8.745008461974178,0,1
229,399,9.761659694949419,0,1
399,229,9.761659694949419,0,1
412,229,2.3432012290881037,1,0
229,430,6.017416389115847,1,0
430,229,6.017416389115847,1,0
229,431,3.282237803694303,1,0
229,474,10.222481352391894,1,0
474,229,10.222481352391894,1,0
229,487,3.5970001390047237,1,1
230,233,13.240142975058841,1,0
233,230,13.240142975058841,1,0
230,250,26.80996161877148,1,0
250,230,26.80996161877148,1,0
230,251,26.439773259239573,1,0
251,230,26.439773259239573,1,0
230,252,27.150571117381674,1,0
252,230,27.150571117381674,1,0
230,253,24.06327579528606,1,0
253,230,24.06327579528606,1,0
230,254,23.850686803528323,1,0
254,230,23.850686803528323,1,0
230,255,23.230252732159418,1,0
255,230,23.230252732159418,1,0
230,269,39.48502422438158,0,1
269,230,39.48502422438158,0,1
230,410,20.410664320398784,1,0
410,230,20.410664320398784,1,0
230,412,21.961544435672096,1,1
412,230,21.961544435672096,1,1
230,413,20.778051809541722,1,1
413,230,20.778051809541722,1,1
230,414,17.972157160452387,1,1
414,230,17.972157160452387,1,1
230,415,8.379370024053122,0,1
415,230,8.379370024053122,0,1
230,428,19.310401342281832,0,1
428,230,19.310401342281832,0,1
230,429,17.105447319494456,0,1
429,230,17.105447319494456,0,1
230,430,14.437775521180539,1,1
430,230,14.437775521180539,1,1
230,431,17.120613920067235,1,1
431,230,17.120613920067235,1,1
230,461,9.138029656331828,0,1
461,230,9.138029656331828,0,1
230,462,9.15340603272902,0,1
462,230,9.15340603272902,0,1
230,474,10.514450865356688,1,1
474,230,10.514450865356688,1,1
230,475,7.467964716038768,0,1
475,230,7.467964716038768,0,1
230,487,18.306239482755597,1,0
487,230,18.306239482755597,1,0
231,243,40.17193992079546,1,0
243,231,40.17193992079546,1,0
231,298,18.488679157798156,1,1
298,231,18.488679157798156,1,1
231,436,39.614141818295145,1,0
436,231,39.614141818295145,1,0
232,269,40.65377700780088,0,1
269,232,40.65377700780088,0,1
232,412,18.889953864422218,0,1
412,232,18.889953864422218,0,1
232,413,17.838941952929833,0,1
413,232,17.838941952929833,0,1
232,414,14.79564321008046,0,1
414,232,14.79564321008046,0,1
232,415,12.043028066063783,0,1
415,232,12.043028066063783,0,1
232,428,21.196887436602573,0,1
428,232,21.196887436602573,0,1
232,429,19.07348570660329,0,1
429,232,19.07348570660329,0,1
232,430,11.127741235309168,0,1
430,232,11.127741235309168,0,1
232,431,13.862144134296107,0,1
431,232,13.862144134296107,0,1
232,461,12.610507721737456,0,1
461,232,12.610507721737456,0,1
232,462,12.624322754112397,0,1
462,232,12.624322754112397,0,1
232,474,7.005801167603888,0,1
474,232,7.005801167603888,0,1
233,250,14.154508680982184,1,0
250,233,14.154508680982184,1,0
233,251,13.832813307494611,1,0
251,233,13.832813307494611,1,0
233,252,14.815879656638684,1,0
252,233,14.815879656638684,1,0
233,253,11.587463743201099,1,0
253,233,11.587463743201099,1,0
233,254,11.346257400570464,1,0
254,233,11.346257400570464,1,0
233,255,10.555534851441683,1,0
255,233,10.555534851441683,1,0
233,410,7.917202788864259,1,0
410,233,7.917202788864259,1,0
233,412,9.852916116561635,1,0
412,233,9.852916116561635,1,0
233,413,9.207598003822712,1,0
413,233,9.207598003822712,1,0
233,414,5.753650406481089,1,0
414,233,5.753650406481089,1,0
431,233,4.664302413008831,1,0
233,487,5.096329071007876,1,0
487,233,5.096329071007876,1,0
234,244,16.422124710280336,1,1
244,234,16.422124710280336,1,1
234,268,35.75676912138455,1,0
268,234,35.75676912138455,1,0
234,303,36.32392944052172,1,0
303,234,36.32392944052172,1,0
234,408,31.472967766005162,1,1
408,234,31.472967766005162,1,1
234,434,21.6208161964344,0,1
434,234,21.6208161964344,0,1
234,454,20.226477399685788,1,1
454,234,20.226477399685788,1,1
234,459,40.9325819610735,0,1
459,234,40.9325819610735,0,1
234,460,43.11520985684751,0,1
460,234,43.11520985684751,0,1
234,467,13.403030440911488,0,1
234,493,40.34481608583685,1,0
493,234,40.34481608583685,1,0
234,494,37.27264329236659,1,0
494,234,37.27264329236659,1,0
234,503,35.63283129362583,1,0
503,234,35.63283129362583,1,0
234,505,31.232920404598737,1,0
505,234,31.232920404598737,1,0
234,506,28.581058692777635,1,0
506,234,28.581058692777635,1,0
234,509,55.439282940889484,0,1
509,234,55.439282940889484,0,1
519,234,10.743344963278428,1,1
235,304,12.298292605073275,0,1
304,235,12.298292605073275,0,1
235,405,40.97430259321079,0,1
405,235,40.97430259321079,0,1
235,437,38.87885699194358,0,1
437,235,38.87885699194358,0,1
235,438,33.14592149873043,0,1
438,235,33.14592149873043,0,1
235,463,33.77325215314629,0,1
463,235,33.77325215314629,0,1
235,464,34.78698068243348,0,1
464,235,34.78698068243348,0,1
236,245,13.995359981079444,1,0
245,236,13.995359981079444,1,0
236,260,5.382534904670847,1,0
236,417,16.252516605129188,1,0
417,236,16.252516605129188,1,0
236,427,13.406294081512609,1,0
427,236,13.406294081512609,1,0
236,468,6.677925501231652,1,0
468,236,6.677925501231652,1,0
236,469,10.587800007555867,1,0
469,236,10.587800007555867,1,0
236,501,19.850937635285646,1,0
501,236,19.850937635285646,1,0
236,502,19.999562495214736,1,0
502,236,19.999562495214736,1,0
236,594,11.561848381638638,1,0
594,236,11.561848381638638,1,0
236,595,19.226861418338668,1,0
595,236,19.226861418338668,1,0
236,596,23.350471429930487,1,0
596,236,23.350471429930487,1,0
237,245,13.442911626578521,1,0
245,237,13.442911626578521,1,0
237,417,16.459809476418613,1,0
417,237,16.459809476418613,1,0
237,427,12.535109612604112,1,0
427,237,12.535109612604112,1,0
237,468,5.857787039488548,1,0
237,469,9.759213544133566,1,0
469,237,9.759213544133566,1,0
237,501,20.241199198664095,1,0
501,237,20.241199198664095,1,0
237,502,20.31096029241355,1,0
502,237,20.31096029241355,1,0
237,594,11.765468541456391,1,0
594,237,11.765468541456391,1,0
237,595,19.748518526714857,1,0
595,237,19.748518526714857,1,0
237,596,24.084212671374583,1,0
596,237,24.084212671374583,1,0
237,597,5.5079820261144645,1,0
238,245,13.141665990276879,1,0
245,238,13.141665990276879,1,0
260,238,5.698185676160439,1,0
238,417,17.129072887929457,1,0
417,238,17.129072887929457,1,0
238,427,12.98714337335197,1,0
427,238,12.98714337335197,1,0
238,468,6.103114368910352,1,0
468,238,6.103114368910352,1,0
238,469,10.01210891870439,1,0
469,238,10.01210891870439,1,0
238,501,20.744534918864773,1,0
501,238,20.744534918864773,1,0
238,502,20.891220596221753,1,0
502,238,20.891220596221753,1,0
238,594,12.436178512710406,1,0
594,238,12.436178512710406,1,0
238,595,20.10300201462458,1,0
595,238,20.10300201462458,1,0
238,596,24.10919861795493,1,0
596,238,24.10919861795493,1,0
238,597,6.117049288668516,1,0
597,238,6.117049288668516,1,0
239,299,19.89412058875687,0,1
299,239,19.89412058875687,0,1
239,406,6.666529306918256,1,1
239,510,15.58791050782625,0,1
510,239,15.58791050782625,0,1
239,517,10.47366588162903,0,1
517,239,10.47366588162903,0,1
239,606,8.299056452392646,1,1
606,239,8.299056452392646,1,1
239,607,8.798699051564384,1,1
607,239,8.798699051564384,1,1
239,608,9.721873996303387,0,1
608,239,9.721873996303387,0,1
239,609,8.47586361381541,0,1
609,239,8.47586361381541,0,1
240,246,45.236942425411556,1,0
246,240,45.236942425411556,1,0
240,299,21.09269468323097,1,0
299,240,21.09269468323097,1,0
240,407,12.149258948594355,1,0
407,240,12.149258948594355,1,0
240,416,25.672048028936064,1,0
416,240,25.672048028936064,1,0
240,441,46.79141470398176,1,0
441,240,46.79141470398176,1,0
240,466,8.86054456565735,1,0
466,240,8.86054456565735,1,0
240,470,42.86354677345308,1,0
470,240,42.86354677345308,1,0
240,500,39.73760416784082,1,0
500,240,39.73760416784082,1,0
240,510,24.797517315247507,1,0
510,240,24.797517315247507,1,0
240,517,30.469935477450555,1,0
517,240,30.469935477450555,1,0
240,588,40.872440714985444,1,0
588,240,40.872440714985444,1,0
240,589,51.42334801430183,1,0
589,240,51.42334801430183,1,0
240,598,14.14077480196895,1,0
598,240,14.14077480196895,1,0
240,608,38.72141951168629,1,0
608,240,38.72141951168629,1,0
240,609,36.138232787451024,1,0
609,240,36.138232787451024,1,0
241,513,13.238073878023192,0,1
513,241,13.238073878023192,0,1
241,515,13.828710785897577,1,1
515,241,13.828710785897577,1,1
241,516,15.870336858428683,1,1
516,241,15.870336858428683,1,1
242,513,15.273302851708271,0,1
513,242,15.273302851708271,0,1
242,515,11.528452541429834,1,1
515,242,11.528452541429834,1,1
242,516,13.57550455784241,1,1
516,242,13.57550455784241,1,1
262,243,9.732933781753578,0,1
243,298,24.315530016843145,1,0
298,243,24.315530016843145,1,0
243,439,10.4546640309481,0,1
439,243,10.4546640309481,0,1
243,504,11.921828718783038,0,1
504,243,11.921828718783038,0,1
244,268,21.23233105431431,1,0
268,244,21.23233105431431,1,0
244,303,20.613349315431492,1,0
303,244,20.613349315431492,1,0
244,408,22.280562290929733,1,1
244,434,37.704633680756,0,1
434,244,37.704633680756,0,1
244,459,54.73100329794804,0,1
459,244,54.73100329794804,0,1
244,460,56.79053115617074,0,1
460,244,56.79053115617074,0,1
244,467,29.793691832332563,0,1
467,244,29.793691832332563,0,1
244,493,24.43299983628699,1,0
493,244,24.43299983628699,1,0
244,494,24.670773032071775,1,0
494,244,24.670773032071775,1,0
244,503,21.239539025129524,1,0
503,244,21.239539025129524,1,0
244,505,21.197476099762444,1,0
505,244,21.197476099762444,1,0
244,506,24.38018145953799,1,0
506,244,24.38018145953799,1,0
244,509,67.95083252617292,0,1
509,244,67.95083252617292,0,1
245,260,14.958509985957825,1,0
260,245,14.958509985957825,1,0
245,417,29.3347707848553,1,0
417,245,29.3347707848553,1,0
427,245,10.19911721670067,1,0
468,245,8.890639684522144,1,0
245,495,14.372529700786846,1,0
495,245,14.372529700786846,1,0
245,501,33.55893088285144,1,0
501,245,33.55893088285144,1,0
245,502,33.45153869405711,1,0
502,245,33.45153869405711,1,0
245,511,44.30943358924824,0,1
511,245,44.30943358924824,0,1
245,512,40.09948161759701,0,1
512,245,40.09948161759701,0,1
245,594,24.741646125510727,1,0
594,245,24.741646125510727,1,0
245,595,33.19142095481904,1,0
595,245,33.19142095481904,1,0
245,596,37.013859687960135,1,0
596,245,37.013859687960135,1,0
245,597,18.81509906963022,1,0
597,245,18.81509906963022,1,0
246,277,11.570998660444136,0,1
277,246,11.570998660444136,0,1
246,299,24.37531540308761,1,0
299,246,24.37531540308761,1,0
246,407,55.37229867903264,1,0
407,246,55.37229867903264,1,0
246,416,62.93886025342372,1,0
416,246,62.93886025342372,1,0
246,466,36.38651906956751,1,0
466,246,36.38651906956751,1,0
246,470,4.690350306746821,1,1
470,246,4.690350306746821,1,1
246,471,9.065798254980088,0,1
471,246,9.065798254980088,0,1
246,473,51.996018962993695,1,0
473,246,51.996018962993695,1,0
246,484,8.68870070839133,0,1
484,246,8.68870070839133,0,1
246,498,11.696714068489491,0,1
498,246,11.696714068489491,0,1
246,500,7.404024378674074,1,1
500,246,7.404024378674074,1,1
246,510,21.55244823680131,1,0
510,246,21.55244823680131,1,0
246,517,16.957582138972523,1,0
517,246,16.957582138972523,1,0
246,588,5.535023938520952,1,0
588,246,5.535023938520952,1,0
246,589,6.851641044304642,1,0
589,246,6.851641044304642,1,0
246,598,57.25913425821246,1,0
598,246,57.25913425821246,1,0
246,599,46.20660802309557,1,0
599,246,46.20660802309557,1,0
246,600,10.810526027904471,0,1
600,246,10.810526027904471,0,1
246,601,12.13668900483159,0,1
601,246,12.13668900483159,0,1
246,602,8.748262970441617,0,1
602,246,8.748262970441617,0,1
246,608,8.724586007370206,1,0
608,246,8.724586007370206,1,0
246,609,11.621973197353366,1,0
609,246,11.621973197353366,1,0
247,401,5.91823022532919,1,1
247,472,13.623977099217395,0,1
472,247,13.623977099217395,0,1
247,603,22.94782124734285,0,1
603,247,22.94782124734285,0,1
247,605,17.90029756735904,0,1
605,247,17.90029756735904,0,1
248,302,71.4218998907198,1,0
302,248,71.4218998907198,1,0
248,409,76.70047432708614,1,0
409,248,76.70047432708614,1,0
248,432,27.050816549597908,1,0
432,248,27.050816549597908,1,0
248,434,29.043798443041158,1,0
434,248,29.043798443041158,1,0
248,459,11.152065145075149,1,0
248,460,10.096593683020032,1,0
248,467,37.713914700014904,1,0
467,248,37.713914700014904,1,0
248,476,49.7140031480065,1,0
476,248,49.7140031480065,1,0
248,507,74.94188509104904,1,0
507,248,74.94188509104904,1,0
248,508,76.85416595084484,1,0
508,248,76.85416595084484,1,0
248,509,15.758009645891198,1,0
509,248,15.758009645891198,1,0
248,590,80.4067472293215,1,0
590,248,80.4067472293215,1,0
248,591,67.46622669899362,1,0
591,248,67.46622669899362,1,0
248,592,68.91307394827197,1,0
592,248,68.91307394827197,1,0
248,593,75.65852793968438,1,0
593,248,75.65852793968438,1,0
249,300,31.711320659978828,0,1
300,249,31.711320659978828,0,1
249,433,18.974434431624044,1,1
433,249,18.974434431624044,1,1
249,440,20.557778576490215,1,0
440,249,20.557778576490215,1,0
249,465,35.37146602842466,0,1
465,249,35.37146602842466,0,1
253,250,2.785677655436824,1,1
254,250,2.9762494855102455,1,1
250,255,3.6124783736376886,1,1
255,250,3.6124783736376886,1,1
250,264,8.0,0,1
264,250,8.0,0,1
250,265,5.780815513402932,0,1
265,250,5.780815513402932,0,1
250,267,3.189043743820395,0,1
250,381,16.74425274534519,0,1
381,250,16.74425274534519,0,1
250,387,9.513148795220225,0,1
387,250,9.513148795220225,0,1
250,389,8.297590011563598,0,1
389,250,8.297590011563598,0,1
250,391,7.5,0,1
391,250,7.5,0,1
250,392,7.244998274671983,0,1
392,250,7.244998274671983,0,1
250,393,10.340696301506973,0,1
393,250,10.340696301506973,0,1
250,396,11.896217886370442,0,1
396,250,11.896217886370442,0,1
250,397,13.223085872821065,0,1
397,250,13.223085872821065,0,1
250,398,13.789154180006836,0,1
398,250,13.789154180006836,0,1
250,399,15.028306624500313,0,1
399,250,15.028306624500313,0,1
250,410,6.403214817574059,1,1
410,250,6.403214817574059,1,1
250,412,5.032314775528256,1,0
412,250,5.032314775528256,1,0
250,413,6.5302545892177895,1,0
413,250,6.5302545892177895,1,0
250,414,8.83786812528904,1,0
414,250,8.83786812528904,1,0
250,430,12.4669683564209,1,0
430,250,12.4669683564209,1,0
250,431,9.731037200627691,1,0
431,250,9.731037200627691,1,0
250,474,16.661186182262057,1,0
474,250,16.661186182262057,1,0
250,487,9.376012478660638,1,1
487,250,9.376012478660638,1,1
251,255,3.2781372759541356,1,1
255,251,3.2781372759541356,1,1
251,264,8.40974339679874,0,1
264,251,8.40974339679874,0,1
251,265,6.197451411669156,0,1
265,251,6.197451411669156,0,1
251,267,3.6091805164053516,0,1
251,381,16.51248570022091,0,1
381,251,16.51248570022091,0,1
251,387,9.804518550137994,0,1
387,251,9.804518550137994,0,1
251,389,8.499493161359682,0,1
389,251,8.499493161359682,0,1
251,391,7.678683741371303,0,1
391,251,7.678683741371303,0,1
251,392,7.356343113259467,0,1
392,251,7.356343113259467,0,1
251,393,10.258059465610442,0,1
393,251,10.258059465610442,0,1
251,396,11.73823598331538,0,1
396,251,11.73823598331538,0,1
251,397,13.035481732563627,0,1
397,251,13.035481732563627,0,1
251,398,13.59732124353911,0,1
398,251,13.59732124353911,0,1
251,399,14.824108202519302,0,1
399,251,14.824108202519302,0,1
251,410,6.042093676864006,1,1
410,251,6.042093676864006,1,1
251,412,4.625706432535468,1,0
412,251,4.625706432535468,1,0
251,413,6.114791002152076,1,0
413,251,6.114791002152076,1,0
251,414,8.46988718933139,1,0
414,251,8.46988718933139,1,0
251,430,12.117564276701817,1,0
430,251,12.117564276701817,1,0
251,431,9.37839735775788,1,0
431,251,9.37839735775788,1,0
251,474,16.3208507437572,1,0
474,251,16.3208507437572,1,0
251,487,9.101959459369175,1,1
487,251,9.101959459369175,1,1
252,253,3.2320139232373366,1,0
253,252,3.2320139232373366,1,0
252,254,3.4777465405057915,1,0
254,252,3.4777465405057915,1,0
252,255,4.350829116386899,1,0
255,252,4.350829116386899,1,0
252,410,6.912795237818056,1,0
410,252,6.912795237818056,1,0
252,412,5.189027847294713,1,0
412,252,5.189027847294713,1,0
252,413,6.483771202008905,1,0
413,252,6.483771202008905,1,0
252,414,9.265044252457729,1,0
414,252,9.265044252457729,1,0
252,430,12.985108162814816,1,0
430,252,12.985108162814816,1,0
252,431,10.248601124055908,1,0
431,252,10.248601124055908,1,0
252,474,17.215364329574907,1,0
474,252,17.215364329574907,1,0
252,487,10.264506807440872,1,0
487,252,10.264506807440872,1,0
253,264,10.465180361560904,0,1
264,253,10.465180361560904,0,1
253,265,8.36369702942425,0,1
265,253,8.36369702942425,0,1
253,267,5.88302643203309,0,1
267,253,5.88302643203309,0,1
253,381,14.615402833996743,0,1
381,253,14.615402833996743,0,1
253,387,10.94805918873295,0,1
387,253,10.94805918873295,0,1
253,389,9.135097153287425,0,1
389,253,9.135097153287425,0,1
253,391,8.215229759416347,0,1
391,253,8.215229759416347,0,1
253,392,7.523961722390672,0,1
392,253,7.523961722390672,0,1
253,393,9.200543462209176,0,1
393,253,9.200543462209176,0,1
253,396,10.244998779892558,0,1
396,253,10.244998779892558,0,1
253,397,11.374093370462544,0,1
397,253,11.374093370462544,0,1
253,398,11.908869509739368,0,1
398,253,11.908869509739368,0,1
253,399,13.064838307457158,0,1
399,253,13.064838307457158,0,1
253,410,3.70442438173598,1,1
410,253,3.70442438173598,1,1
253,413,3.8265160394280326,1,0
413,253,3.8265160394280326,1,0
253,414,6.105039967109143,1,0
414,253,6.105039967109143,1,0
253,430,9.791286942991714,1,0
430,253,9.791286942991714,1,0
253,431,7.04964431726878,1,0
431,253,7.04964431726878,1,0
253,474,14.013319556764555,1,0
474,253,14.013319556764555,1,0
253,487,7.081469480270321,1,1
487,253,7.081469480270321,1,1
254,264,10.567443446737721,0,1
264,254,10.567443446737721,0,1
254,265,8.489557408958373,0,1
265,254,8.489557408958373,0,1
254,267,6.03665975519575,0,1
267,254,6.03665975519575,0,1
254,381,14.362320877908278,0,1
381,254,14.362320877908278,0,1
254,387,10.927353796779895,0,1
387,254,10.927353796779895,0,1
254,389,9.065277767393562,0,1
389,254,9.065277767393562,0,1
254,391,8.139254327025295,0,1
391,254,8.139254327025295,0,1
254,392,7.414988941326885,0,1
392,254,7.414988941326885,0,1
254,393,8.983855575419721,0,1
393,254,8.983855575419721,0,1
254,396,10.003042587133177,0,1
396,254,10.003042587133177,0,1
254,397,11.12543307022248,0,1
397,254,11.12543307022248,0,1
254,398,11.659295433258393,0,1
398,254,11.659295433258393,0,1
254,399,12.813409421383522,0,1
399,254,12.813409421383522,0,1
254,410,3.474488883274776,1,1
410,254,3.474488883274776,1,1
254,413,3.7109279163034143,1,0
413,254,3.7109279163034143,1,0
254,414,5.885753817481666,1,0
414,254,5.885753817481666,1,0
254,430,9.561648445744071,1,0
430,254,9.561648445744071,1,0
254,431,6.819740757536168,1,0
431,254,6.819740757536168,1,0
254,474,13.780777409130444,1,0
474,254,13.780777409130444,1,0
254,487,6.82858616406061,1,1
487,254,6.82858616406061,1,1
255,264,10.74476616776745,0,1
264,255,10.74476616776745,0,1
255,265,8.776572679582845,0,1
265,255,8.776572679582845,0,1
255,267,6.4621977685614045,0,1
267,255,6.4621977685614045,0,1
255,381,13.426093996393739,0,1
381,255,13.426093996393739,0,1
255,387,10.623088063270492,0,1
387,255,10.623088063270492,0,1
255,389,8.590692637965812,0,1
389,255,8.590692637965812,0,1
255,391,7.648529270389178,0,1
391,255,7.648529270389178,0,1
255,392,6.81175454637056,0,1
392,255,6.81175454637056,0,1
255,393,8.044874144447506,0,1
393,255,8.044874144447506,0,1
255,396,9.027181176868003,0,1
396,255,9.027181176868003,0,1
255,397,10.154801819828883,0,1
397,255,10.154801819828883,0,1
255,398,10.691069778090498,0,1
398,255,10.691069778090498,0,1
255,399,11.853269591129697,0,1
399,255,11.853269591129697,0,1
410,255,2.8277835843642634,1,1
255,413,3.6887972294502713,1,0
255,414,5.270836081685713,1,0
414,255,5.270836081685713,1,0
255,430,8.857612545150076,1,0
430,255,8.857612545150076,1,0
255,431,6.126163971034402,1,0
431,255,6.126163971034402,1,0
255,474,13.048759519586527,1,0
474,255,13.048759519586527,1,0
255,487,5.914440801969363,1,1
487,255,5.914440801969363,1,1
256,258,5.984500647506023,1,1
258,256,5.984500647506023,1,1
256,259,6.954603727028593,1,1
259,256,6.954603727028593,1,1
256,385,6.869262333031109,0,1
385,256,6.869262333031109,0,1
256,488,5.408329594246268,0,1
488,256,5.408329594246268,0,1
256,489,4.9665385330227725,0,1
489,256,4.9665385330227725,0,1
490,256,2.6054822970037623,0,1
259,257,4.660729771183908,1,1
257,385,7.45278739801425,0,1
385,257,7.45278739801425,0,1
257,488,6.290395536053357,0,1
488,257,6.290395536053357,0,1
257,489,6.265441724252169,0,1
489,257,6.265441724252169,0,1
257,490,4.715589570774793,0,1
490,257,4.715589570774793,0,1
491,257,4.543543220879494,0,1
492,257,3.75893628570637,0,1
258,385,7.151147110778801,0,1
385,258,7.151147110778801,0,1
258,488,6.581225493781534,0,1
488,258,6.581225493781534,0,1
258,489,6.993687796863684,0,1
489,258,6.993687796863684,0,1
258,490,6.611181588793338,0,1
490,258,6.611181588793338,0,1
258,491,6.6310332528196545,0,1
491,258,6.6310332528196545,0,1
258,492,6.307714403807452,0,1
492,258,6.307714403807452,0,1
259,385,6.636540815816626,0,1
385,259,6.636540815816626,0,1
259,488,6.373612005762509,0,1
488,259,6.373612005762509,0,1
259,489,6.944542173534551,0,1
489,259,6.944542173534551,0,1
259,490,7.088162032572337,0,1
490,259,7.088162032572337,0,1
259,491,7.186825516178892,0,1
491,259,7.186825516178892,0,1
259,492,7.077879908560189,0,1
492,259,7.077879908560189,0,1
260,268,34.21899509044648,0,1
268,260,34.21899509044648,0,1
260,303,34.41136720620092,0,1
303,260,34.41136720620092,0,1
260,404,42.03470147390129,0,1
404,260,42.03470147390129,0,1
260,417,14.534719329935477,1,1
417,260,14.534719329935477,1,1
260,427,10.4094515225347,1,1
427,260,10.4094515225347,1,1
260,455,43.591735845226445,0,1
455,260,43.591735845226445,0,1
260,456,48.13608028288136,0,1
456,260,48.13608028288136,0,1
260,457,33.270122347235215,0,1
457,260,33.270122347235215,0,1
260,458,55.79087674521704,0,1
458,260,55.79087674521704,0,1
260,468,6.072398619985352,1,1
260,469,9.005801741100012,1,1
469,260,9.005801741100012,1,1
260,493,30.969753405540704,0,1
493,260,30.969753405540704,0,1
260,494,33.91977483710645,0,1
494,260,33.91977483710645,0,1
260,501,19.198583827980645,1,1
501,260,19.198583827980645,1,1
260,502,18.809174410377505,1,1
502,260,18.809174410377505,1,1
260,594,10.138171827306932,1,1
594,260,10.138171827306932,1,1
260,595,19.547375117902657,1,1
595,260,19.547375117902657,1,1
260,596,25.384775161501825,1,1
596,260,25.384775161501825,1,1
262,300,7.35071350278325,1,0
300,262,7.35071350278325,1,0
262,436,8.901720339350142,0,1
262,438,27.80995550158252,1,0
438,262,27.80995550158252,1,0
262,463,27.98849252818022,1,0
463,262,27.98849252818022,1,0
262,464,28.629220597145146,1,0
464,262,28.629220597145146,1,0
262,486,31.406327419805073,1,0
486,262,31.406327419805073,1,0
263,266,4.829950827907051,1,1
266,263,4.829950827907051,1,1
263,267,5.604504349182005,1,0
267,263,5.604504349182005,1,0
264,266,4.246890862737116,1,0
264,267,4.924428900898052,1,1
267,264,4.924428900898052,1,1
264,381,20.977368757782756,0,1
381,264,20.977368757782756,0,1
264,387,5.300943312279429,0,1
387,264,5.300943312279429,0,1
264,389,6.815423684555495,0,1
389,264,6.815423684555495,0,1
264,391,6.946221994724902,0,1
391,264,6.946221994724902,0,1
264,392,8.000624975587844,0,1
392,264,8.000624975587844,0,1
264,393,13.000384609695207,0,1
393,264,13.000384609695207,0,1
264,396,15.43243337908834,0,1
396,264,15.43243337908834,0,1
264,397,17.04963342714441,0,1
397,264,17.04963342714441,0,1
264,398,17.620078688814075,0,1
398,264,17.620078688814075,0,1
264,399,18.938056922503954,0,1
399,264,18.938056922503954,0,1
264,410,13.416987739429443,0,1
410,264,13.416987739429443,0,1
264,487,14.9523780717316,0,1
487,264,14.9523780717316,0,1
265,381,19.99059348793827,0,1
381,265,19.99059348793827,0,1
265,387,6.224775337311379,0,1
387,265,6.224775337311379,0,1
265,389,6.852811685724335,0,1
389,265,6.852811685724335,0,1
265,391,6.662899368893395,0,1
391,265,6.662899368893395,0,1
265,392,7.428124123895615,0,1
392,265,7.428124123895615,0,1
265,393,12.255946638265035,0,1
393,265,12.255946638265035,0,1
265,396,14.53138080156184,0,1
396,265,14.53138080156184,0,1
265,397,16.10898593953077,0,1
397,265,16.10898593953077,0,1
265,398,16.690553645700316,0,1
398,265,16.690553645700316,0,1
265,399,18.01161369783396,0,1
399,265,18.01161369783396,0,1
265,410,11.538017334013674,0,1
410,265,11.538017334013674,0,1
265,487,13.48472417218832,0,1
487,265,13.48472417218832,0,1
267,381,18.66815470259447,0,1
381,267,18.66815470259447,0,1
267,387,7.640026177965623,0,1
387,267,7.640026177965623,0,1
267,389,7.323933369440222,0,1
389,267,7.323933369440222,0,1
267,391,6.80147042925278,0,1
391,267,6.80147042925278,0,1
267,392,7.121797525905942,0,1
392,267,7.121797525905942,0,1
267,393,11.401754250991381,0,1
393,267,11.401754250991381,0,1
267,396,13.412307780542466,0,1
396,267,13.412307780542466,0,1
267,397,14.905032707109367,0,1
397,267,14.905032707109367,0,1
267,398,15.487949283233078,0,1
398,267,15.487949283233078,0,1
267,399,16.78868666691948,0,1
399,267,16.78868666691948,0,1
267,410,9.283510112021208,0,1
410,267,9.283510112021208,0,1
267,487,11.700487596677329,0,1
487,267,11.700487596677329,0,1
268,404,37.621066877482356,0,1
404,268,37.621066877482356,0,1
268,408,35.42701040166951,1,0
408,268,35.42701040166951,1,0
268,417,21.86149722685983,0,1
417,268,21.86149722685983,0,1
268,427,44.578656058701455,0,1
427,268,44.578656058701455,0,1
268,454,17.07174466772509,1,0
454,268,17.07174466772509,1,0
268,455,36.46203325378331,0,1
455,268,36.46203325378331,0,1
268,456,36.28876410130276,0,1
456,268,36.28876410130276,0,1
268,457,42.1041055717848,0,1
457,268,42.1041055717848,0,1
268,458,38.735559025267726,0,1
458,268,38.735559025267726,0,1
268,468,39.35806867721027,0,1
468,268,39.35806867721027,0,1
268,469,42.99286754800149,0,1
469,268,42.99286754800149,0,1
268,495,34.69057396469537,0,1
495,268,34.69057396469537,0,1
268,501,16.418545185247076,0,1
501,268,16.418545185247076,0,1
268,502,17.906942703878848,0,1
502,268,17.906942703878848,0,1
268,503,25.842613025775854,1,0
503,268,25.842613025775854,1,0
268,506,21.777553076505175,1,0
506,268,21.777553076505175,1,0
268,518,28.47867856836058,1,0
518,268,28.47867856836058,1,0
268,519,26.507021956455237,1,0
519,268,26.507021956455237,1,0
268,594,24.690945567150724,0,1
594,268,24.690945567150724,0,1
268,595,14.810601236951861,0,1
595,268,14.810601236951861,0,1
268,597,28.924418835993922,0,1
597,268,28.924418835993922,0,1
269,270,123.55917366185322,1,0
270,269,123.55917366185322,1,0
269,271,51.233074727172095,1,0
271,269,51.233074727172095,1,0
269,272,52.49653033296581,1,0
272,269,52.49653033296581,1,0
269,273,61.59207173005305,1,0
273,269,61.59207173005305,1,0
269,274,62.01534140839668,1,0
274,269,62.01534140839668,1,0
269,275,56.41102108630901,1,0
275,269,56.41102108630901,1,0
269,276,57.15932557334805,1,0
276,269,57.15932557334805,1,0
269,278,161.94097745783802,1,0
278,269,161.94097745783802,1,0
269,279,156.67678604375314,1,0
279,269,156.67678604375314,1,0
269,280,83.4704698441311,1,0
280,269,83.4704698441311,1,0
269,281,83.46539537437056,1,0
281,269,83.46539537437056,1,0
269,282,72.6249204681148,1,0
282,269,72.6249204681148,1,0
269,283,76.24852445785426,1,0
283,269,76.24852445785426,1,0
269,284,91.3269189505482,1,0
284,269,91.3269189505482,1,0
269,285,98.19685256157653,1,0
285,269,98.19685256157653,1,0
269,286,99.45015270978723,1,0
286,269,99.45015270978723,1,0
269,287,101.36317434847825,1,0
287,269,101.36317434847825,1,0
269,288,103.74328057758729,1,0
288,269,103.74328057758729,1,0
269,289,106.4854290501757,1,0
289,269,106.4854290501757,1,0
269,290,107.82167400388477,1,0
290,269,107.82167400388477,1,0
269,291,107.73169870098587,1,0
291,269,107.73169870098587,1,0
269,292,108.59228715244927,1,0
292,269,108.59228715244927,1,0
269,293,109.42028884078125,1,0
293,269,109.42028884078125,1,0
269,294,109.41046805950516,1,0
294,269,109.41046805950516,1,0
269,295,109.24678954092884,1,0
295,269,109.24678954092884,1,0
269,296,94.21848387657275,1,0
296,269,94.21848387657275,1,0
269,297,94.17914695408957,1,0
297,269,94.17914695408957,1,0
269,404,57.93826384178249,1,0
404,269,57.93826384178249,1,0
269,412,39.08157136042511,0,1
412,269,39.08157136042511,0,1
269,413,37.762421863540474,0,1
413,269,37.762421863540474,0,1
269,414,39.23588817651513,0,1
414,269,39.23588817651513,0,1
269,415,35.682462078729934,1,1
415,269,35.682462078729934,1,1
428,269,20.715220925686502,1,1
429,269,22.89747029695639,1,1
269,430,39.71933937013555,0,1
430,269,39.71933937013555,0,1
269,431,39.73865061876158,0,1
431,269,39.73865061876158,0,1
269,455,61.092410207815504,1,0
455,269,61.092410207815504,1,0
269,456,67.41783660130308,1,0
456,269,67.41783660130308,1,0
269,457,42.82835819874491,1,0
457,269,42.82835819874491,1,0
269,458,76.52733716130464,1,0
458,269,76.52733716130464,1,0
269,461,33.91889856702308,1,1
461,269,33.91889856702308,1,1
269,462,33.902166597431496,1,1
462,269,33.902166597431496,1,1
269,474,40.47108751936375,0,1
474,269,40.47108751936375,0,1
269,475,41.49865859277864,0,1
475,269,41.49865859277864,0,1
269,580,114.4969808728597,1,0
580,269,114.4969808728597,1,0
269,581,117.2482315986045,1,0
581,269,117.2482315986045,1,0
269,582,118.79706912209576,1,0
582,269,118.79706912209576,1,0
269,583,120.19814795578175,1,0
583,269,120.19814795578175,1,0
269,584,122.31986401643847,1,0
584,269,122.31986401643847,1,0
269,585,123.17704258911236,1,0
585,269,123.17704258911236,1,0
270,271,173.71558307187067,1,0
271,270,173.71558307187067,1,0
270,272,175.38101506434498,1,0
272,270,175.38101506434498,1,0
270,273,182.94950413707056,1,0
273,270,182.94950413707056,1,0
270,274,183.33498758829424,1,0
274,270,183.33498758829424,1,0
270,275,179.10726915454882,1,0
275,270,179.10726915454882,1,0
270,276,179.40425709553273,1,0
276,270,179.40425709553273,1,0
270,278,52.326280433449504,1,0
278,270,52.326280433449504,1,0
270,279,43.43096394279086,1,0
279,270,43.43096394279086,1,0
270,280,204.30000228095938,1,0
280,270,204.30000228095938,1,0
270,281,204.38491986690212,1,0
281,270,204.38491986690212,1,0
270,282,193.9747547105035,1,0
282,270,193.9747547105035,1,0
270,283,196.70420933472673,1,0
283,270,196.70420933472673,1,0
270,284,212.63927141758174,1,0
284,270,212.63927141758174,1,0
270,285,218.20408578438673,1,0
285,270,218.20408578438673,1,0
270,286,219.3407692928973,1,0
286,270,219.3407692928973,1,0
270,287,221.08041983405045,1,0
287,270,221.08041983405045,1,0
270,288,223.2899638250676,1,0
288,270,223.2899638250676,1,0
270,289,225.84012027095628,1,0
289,270,225.84012027095628,1,0
270,290,227.61625011628675,1,0
290,270,227.61625011628675,1,0
270,291,228.18088257564435,1,0
291,270,228.18088257564435,1,0
270,292,229.47879418586808,1,0
292,270,229.47879418586808,1,0
270,293,230.7899737726923,1,0
293,270,230.7899737726923,1,0
270,294,231.06039194331856,1,0
294,270,231.06039194331856,1,0
270,295,231.01633299184712,1,0
295,270,231.01633299184712,1,0
270,296,215.11531405271919,1,0
296,270,215.11531405271919,1,0
270,297,214.99409395841553,1,0
297,270,214.99409395841553,1,0
270,404,66.16902508727176,1,0
404,270,66.16902508727176,1,0
270,415,157.9932317031334,1,0
415,270,157.9932317031334,1,0
270,428,143.6750579954642,1,0
428,270,143.6750579954642,1,0
270,429,145.89903166916494,1,0
429,270,145.89903166916494,1,0
270,455,62.95483743923099,1,0
455,270,62.95483743923099,1,0
270,456,56.77114760157663,1,0
456,270,56.77114760157663,1,0
270,457,80.86988360323019,1,0
457,270,80.86988360323019,1,0
270,458,48.14629461339678,1,0
458,270,48.14629461339678,1,0
270,461,156.28536608396834,1,0
461,270,156.28536608396834,1,0
270,462,156.26728660855414,1,0
462,270,156.26728660855414,1,0
270,580,236.10498910654132,1,0
580,270,236.10498910654132,1,0
270,581,238.53321019304627,1,0
581,270,238.53321019304627,1,0
270,582,239.89064432778534,1,0
582,270,239.89064432778534,1,0
270,583,241.03726533463657,1,0
583,270,241.03726533463657,1,0
270,584,242.9514747290084,1,0
584,270,242.9514747290084,1,0
270,585,243.7254675346834,1,0
585,270,243.7254675346834,1,0
271,273,11.3763211100953,1,0
273,271,11.3763211100953,1,0
271,274,11.81628029457663,1,0
274,271,11.81628029457663,1,0
271,278,213.1727995828736,1,0
278,271,213.1727995828736,1,0
271,279,207.87616430221144,1,0
279,271,207.87616430221144,1,0
271,280,32.73973906432365,1,0
280,271,32.73973906432365,1,0
271,281,32.67372713664604,1,0
281,271,32.67372713664604,1,0
271,282,21.779986065192972,1,0
282,271,21.779986065192972,1,0
271,283,26.10249099224057,1,0
283,271,26.10249099224057,1,0
271,284,40.23218086308521,1,0
284,271,40.23218086308521,1,0
271,285,47.687681564529846,1,0
285,271,47.687681564529846,1,0
271,286,48.98820368211107,1,0
286,271,48.98820368211107,1,0
271,287,50.96997488718235,1,0
287,271,50.96997488718235,1,0
271,288,53.40638528303521,1,0
288,271,53.40638528303521,1,0
271,289,56.20968957395157,1,0
289,271,56.20968957395157,1,0
271,290,57.26394950577544,1,0
290,271,57.26394950577544,1,0
271,291,56.8506946747355,1,0
291,271,56.8506946747355,1,0
271,292,57.535475882276316,1,0
292,271,57.535475882276316,1,0
271,293,58.233038320183844,1,0
293,271,58.233038320183844,1,0
271,294,58.185082254818546,1,0
294,271,58.185082254818546,1,0
271,295,58.01471362507963,1,0
295,271,58.01471362507963,1,0
271,296,43.274461221371666,1,0
296,271,43.274461221371666,1,0
271,297,43.27561217360189,1,0
297,271,43.27561217360189,1,0
271,382,21.190621156539986,0,1
382,271,21.190621156539986,0,1
271,383,20.54604492353699,0,1
383,271,20.54604492353699,0,1
271,384,20.273849782416757,0,1
384,271,20.273849782416757,0,1
271,400,23.15065312253631,0,1
400,271,23.15065312253631,0,1
271,404,107.56133376357882,1,0
404,271,107.56133376357882,1,0
271,415,15.738897102402062,1,0
415,271,15.738897102402062,1,0
271,428,30.522490199850996,1,0
428,271,30.522490199850996,1,0
271,429,28.335850084301335,1,0
429,271,28.335850084301335,1,0
271,443,22.705034243532864,0,1
443,271,22.705034243532864,0,1
271,444,22.046718690090824,0,1
444,271,22.046718690090824,0,1
271,445,19.71247909320388,0,1
445,271,19.71247909320388,0,1
271,446,19.40876351033213,0,1
446,271,19.40876351033213,0,1
271,448,18.712447301195,0,1
448,271,18.712447301195,0,1
271,449,18.076562864659863,0,1
449,271,18.076562864659863,0,1
271,452,24.581180708013196,0,1
452,271,24.581180708013196,0,1
271,455,110.77351214527776,1,0
455,271,110.77351214527776,1,0
271,456,117.00690001021307,1,0
456,271,117.00690001021307,1,0
271,457,92.948246417025,1,0
457,271,92.948246417025,1,0
271,458,125.88577443460402,1,0
458,271,125.88577443460402,1,0
271,461,17.470101831414723,1,0
461,271,17.470101831414723,1,0
271,462,17.487878144589185,1,0
462,271,17.487878144589185,1,0
271,580,63.270987703686124,1,0
580,271,63.270987703686124,1,0
271,581,66.05917457098597,1,0
581,271,66.05917457098597,1,0
271,582,67.6415639233748,1,0
582,271,67.6415639233748,1,0
271,583,69.10006519533827,1,0
583,271,69.10006519533827,1,0
271,584,71.27198022364749,1,0
584,271,71.27198022364749,1,0
271,585,72.15052610341799,1,0
585,271,72.15052610341799,1,0
272,273,11.94653192353329,1,0
273,272,11.94653192353329,1,0
272,274,12.362815739142922,1,0
274,272,12.362815739142922,1,0
272,276,5.971383842963036,1,0
272,278,214.36470778791923,1,0
278,272,214.36470778791923,1,0
272,279,209.17102231905832,1,0
279,272,209.17102231905832,1,0
272,280,32.32802630845255,1,0
280,272,32.32802630845255,1,0
272,281,32.22061278126162,1,0
281,272,32.22061278126162,1,0
272,282,21.44101998506601,1,0
282,272,21.44101998506601,1,0
272,283,26.11848244060133,1,0
283,272,26.11848244060133,1,0
272,284,39.45852772215405,1,0
284,272,39.45852772215405,1,0
272,285,47.286490776965046,1,0
285,272,47.286490776965046,1,0
272,286,48.602639815137614,1,0
286,272,48.602639815137614,1,0
272,287,50.60555421097569,1,0
287,272,50.60555421097569,1,0
272,288,53.05417595251103,1,0
288,272,53.05417595251103,1,0
272,289,55.8696812681082,1,0
289,272,55.8696812681082,1,0
272,290,56.79147249367637,1,0
290,272,56.79147249367637,1,0
272,291,56.195173315864054,1,0
291,272,56.195173315864054,1,0
272,292,56.739345519665626,1,0
292,272,56.739345519665626,1,0
272,293,57.2737018621985,1,0
293,272,57.2737018621985,1,0
272,294,57.12807575964729,1,0
294,272,57.12807575964729,1,0
272,295,56.914914741217,1,0
295,272,56.914914741217,1,0
272,296,42.629224072225384,1,0
296,272,42.629224072225384,1,0
272,297,42.66185485887832,1,0
297,272,42.66185485887832,1,0
272,382,19.344571589983584,0,1
382,272,19.344571589983584,0,1
272,383,18.767109127406915,0,1
383,272,18.767109127406915,0,1
272,384,18.559851076988735,0,1
384,272,18.559851076988735,0,1
272,400,21.200868213353903,0,1
400,272,21.200868213353903,0,1
272,404,109.26290145332953,1,0
404,272,109.26290145332953,1,0
272,415,17.46690942897455,1,0
415,272,17.46690942897455,1,0
272,428,31.862423526781512,1,0
428,272,31.862423526781512,1,0
272,429,29.64803840054178,1,0
429,272,29.64803840054178,1,0
272,443,20.517129160776854,0,1
443,272,20.517129160776854,0,1
272,444,19.83451683303629,0,1
444,272,19.83451683303629,0,1
272,445,17.330499848532934,0,1
445,272,17.330499848532934,0,1
272,446,16.983328413476553,0,1
446,272,16.983328413476553,0,1
272,448,16.2566092713087,0,1
448,272,16.2566092713087,0,1
272,449,15.567961266652741,0,1
449,272,15.567961266652741,0,1
272,452,22.531973593096545,0,1
452,272,22.531973593096545,0,1
272,455,112.471583913449,1,0
455,272,112.471583913449,1,0
272,456,118.72691905797944,1,0
456,272,118.72691905797944,1,0
272,457,94.54909889047066,1,0
457,272,94.54909889047066,1,0
272,458,127.64922722053589,1,0
458,272,127.64922722053589,1,0
272,461,19.13252082188858,1,0
461,272,19.13252082188858,1,0
272,462,19.15079959166196,1,0
462,272,19.15079959166196,1,0
272,580,62.20448038525842,1,0
580,272,62.20448038525842,1,0
272,581,65.08358049462245,1,0
581,272,65.08358049462245,1,0
272,582,66.71536579379597,1,0
582,272,66.71536579379597,1,0
272,583,68.23854826269385,1,0
583,272,68.23854826269385,1,0
272,584,70.45411934017768,1,0
584,272,70.45411934017768,1,0
272,585,71.34927897323139,1,0
585,272,71.34927897323139,1,0
275,273,8.602325267042627,1,1
273,278,223.40518615287337,1,0
278,273,223.40518615287337,1,0
273,279,217.92077955302932,1,0
279,273,217.92077955302932,1,0
273,280,21.87997120656241,1,0
280,273,21.87997120656241,1,0
273,281,21.873729471674462,1,0
281,273,21.873729471674462,1,0
273,282,11.088655328758307,1,0
282,273,11.088655328758307,1,0
273,283,14.858129424661772,1,0
283,273,14.858129424661772,1,0
273,284,29.850454351651,1,0
284,273,29.850454351651,1,0
273,285,36.69481850343452,1,0
285,273,36.69481850343452,1,0
273,286,37.97245920400732,1,0
286,273,37.97245920400732,1,0
273,287,39.92428105802283,1,0
287,273,39.92428105802283,1,0
273,288,42.34024899548892,1,0
288,273,42.34024899548892,1,0
273,289,45.12370219740397,1,0
289,273,45.12370219740397,1,0
273,290,46.31408970281074,1,0
290,273,46.31408970281074,1,0
273,291,46.139752762666596,1,0
291,273,46.139752762666596,1,0
273,292,47.03913035973348,1,0
292,273,47.03913035973348,1,0
273,293,48.02480869300783,1,0
293,273,48.02480869300783,1,0
273,294,48.17313493016621,1,0
294,273,48.17313493016621,1,0
273,295,48.095110198439095,1,0
295,273,48.095110198439095,1,0
273,296,32.6388941601887,1,0
296,273,32.6388941601887,1,0
273,297,32.59140784010412,1,0
297,273,32.59140784010412,1,0
273,404,116.80257232184572,1,0
404,273,116.80257232184572,1,0
273,415,25.940412487082778,1,0
415,273,25.940412487082778,1,0
273,428,40.947668089892495,1,0
428,273,40.947668089892495,1,0
273,429,38.832768662561264,1,0
429,273,38.832768662561264,1,0
273,455,120.01622267427015,1,0
455,273,120.01622267427015,1,0
273,456,126.17841783760011,1,0
456,273,126.17841783760011,1,0
273,457,102.4766321558237,1,0
457,273,102.4766321558237,1,0
273,458,134.92194721764136,1,0
458,273,134.92194721764136,1,0
273,461,27.70245368193944,1,0
461,273,27.70245368193944,1,0
273,462,27.718676014557403,1,0
462,273,27.718676014557403,1,0
273,477,35.33019169209247,0,1
477,273,35.33019169209247,0,1
273,478,33.77830265125825,0,1
478,273,33.77830265125825,0,1
273,580,53.24321445029404,1,0
580,273,53.24321445029404,1,0
273,581,55.835485499814546,1,0
581,273,55.835485499814546,1,0
273,582,57.31886603902767,1,0
582,273,57.31886603902767,1,0
273,583,58.65812277937302,1,0
583,273,58.65812277937302,1,0
273,584,60.74985752246667,1,0
584,273,60.74985752246667,1,0
273,585,61.59891045302668,1,0
585,273,61.59891045302668,1,0
275,274,8.976236739302278,1,1
274,278,223.8207652252132,1,0
278,274,223.8207652252132,1,0
274,279,218.33081533535295,1,0
279,274,218.33081533535295,1,0
274,280,21.455440382336597,1,0
280,274,21.455440382336597,1,0
274,281,21.45189793468168,1,0
281,274,21.45189793468168,1,0
274,282,10.683259848941239,1,0
282,274,10.683259848941239,1,0
274,283,14.418953776193334,1,0
283,274,14.418953776193334,1,0
274,284,29.443863893857408,1,0
284,274,29.443863893857408,1,0
274,285,36.262202759898635,1,0
285,274,36.262202759898635,1,0
274,286,37.53894175386408,1,0
286,274,37.53894175386408,1,0
274,287,39.489617724156304,1,0
287,274,39.489617724156304,1,0
274,288,41.90478365294349,1,0
288,274,41.90478365294349,1,0
274,289,44.68748533985773,1,0
289,274,44.68748533985773,1,0
274,290,45.88223727108346,1,0
290,274,45.88223727108346,1,0
274,291,45.71639606311941,1,0
291,274,45.71639606311941,1,0
274,292,46.62371740863227,1,0
292,274,46.62371740863227,1,0
274,293,47.62039831836773,1,0
293,274,47.62039831836773,1,0
274,294,47.77645559268707,1,0
294,274,47.77645559268707,1,0
274,295,47.70213560208809,1,0
295,274,47.70213560208809,1,0
274,296,32.22066395963932,1,0
296,274,32.22066395963932,1,0
274,297,32.17120540172532,1,0
297,274,32.17120540172532,1,0
274,404,117.19062133549767,1,0
404,274,117.19062133549767,1,0
274,415,26.36821241570994,1,0
415,274,26.36821241570994,1,0
274,428,41.37504919634537,1,0
428,274,41.37504919634537,1,0
274,429,39.262021343787175,1,0
429,274,39.262021343787175,1,0
274,455,120.40414435143003,1,0
455,274,120.40414435143003,1,0
274,456,126.56384005710319,1,0
456,274,126.56384005710319,1,0
274,457,102.87414120176169,1,0
457,274,102.87414120176169,1,0
274,458,135.30275103263793,1,0
458,274,135.30275103263793,1,0
274,461,28.129910806826246,1,0
461,274,28.129910806826246,1,0
274,462,28.146097882299777,1,0
462,274,28.146097882299777,1,0
274,477,35.54576808847995,0,1
477,274,35.54576808847995,0,1
274,478,33.945304299711324,0,1
478,274,33.945304299711324,0,1
274,580,52.84493093003339,1,0
580,274,52.84493093003339,1,0
274,581,55.42925488404116,1,0
581,274,55.42925488404116,1,0
274,582,56.9087113366662,1,0
582,274,56.9087113366662,1,0
274,583,58.2433973081928,1,0
583,274,58.2433973081928,1,0
274,584,60.33202404196298,1,0
584,274,60.33202404196298,1,0
274,585,61.179949076474394,1,0
585,274,61.179949076474394,1,0
275,278,218.31708407726592,1,0
278,275,218.31708407726592,1,0
275,279,213.0861463375787,1,0
279,275,213.0861463375787,1,0
275,280,28.287657025635756,1,0
280,275,28.287657025635756,1,0
275,281,28.174876060064577,1,0
281,275,28.174876060064577,1,0
275,282,17.42947724402542,1,0
282,275,17.42947724402542,1,0
275,283,22.20209021691426,1,0
283,275,22.20209021691426,1,0
275,284,35.40310191212064,1,0
284,275,35.40310191212064,1,0
275,285,43.24117141105222,1,0
285,275,43.24117141105222,1,0
275,286,44.55888304255393,1,0
286,275,44.55888304255393,1,0
275,287,46.56400560518822,1,0
287,275,46.56400560518822,1,0
275,288,49.013658147500074,1,0
288,275,49.013658147500074,1,0
275,289,51.830189079338695,1,0
289,275,51.830189079338695,1,0
275,290,52.73762323996029,1,0
290,275,52.73762323996029,1,0
275,291,52.136117855091584,1,0
291,275,52.136117855091584,1,0
275,292,52.68801936873316,1,0
292,275,52.68801936873316,1,0
275,293,53.244776739131886,1,0
293,275,53.244776739131886,1,0
275,294,53.119654827568304,1,0
294,275,53.119654827568304,1,0
275,295,52.91719592911174,1,0
295,275,52.91719592911174,1,0
275,296,38.56986144647139,1,0
296,275,38.56986144647139,1,0
275,297,38.602749448711556,1,0
297,275,38.602749448711556,1,0
275,404,112.96334494427828,1,0
404,275,112.96334494427828,1,0
275,415,21.11456843035159,1,0
415,275,21.11456843035159,1,0
275,428,35.735331564153704,1,0
428,275,35.735331564153704,1,0
275,429,33.53018821897664,1,0
429,275,33.53018821897664,1,0
275,455,116.17450540028135,1,0
455,275,116.17450540028135,1,0
275,456,122.41559838517311,1,0
456,275,122.41559838517311,1,0
275,457,98.31089124812164,1,0
457,275,98.31089124812164,1,0
275,458,131.3083342404434,1,0
458,275,131.3083342404434,1,0
275,461,22.82415255820027,1,0
461,275,22.82415255820027,1,0
275,462,22.84217590335912,1,0
462,275,22.84217590335912,1,0
275,477,28.039765423412515,0,1
477,275,28.039765423412515,0,1
275,478,27.201414117652046,0,1
478,275,27.201414117652046,0,1
275,580,58.19937701556607,1,0
580,275,58.19937701556607,1,0
275,581,61.058989845885925,1,0
581,275,61.058989845885925,1,0
275,582,62.682083596511056,1,0
582,275,62.682083596511056,1,0
275,583,64.19577063950553,1,0
583,275,64.19577063950553,1,0
275,584,66.40627070540853,1,0
584,275,66.40627070540853,1,0
275,585,67.29975162658478,1,0
585,275,67.29975162658478,1,0
276,278,219.09911273211492,1,0
278,276,219.09911273211492,1,0
276,279,213.76734072584614,1,0
279,276,213.76734072584614,1,0
276,280,26.775091783222706,1,0
280,276,26.775091783222706,1,0
276,281,26.702094318611042,1,0
281,276,26.702094318611042,1,0
276,282,15.818700231055647,1,0
282,276,15.818700231055647,1,0
276,283,20.281045584486023,1,0
283,276,20.281045584486023,1,0
276,284,34.251724409144714,1,0
284,276,34.251724409144714,1,0
276,285,41.73197700804504,1,0
285,276,41.73197700804504,1,0
276,286,43.03636204420629,1,0
286,276,43.03636204420629,1,0
276,287,45.023738383212915,1,0
287,276,45.023738383212915,1,0
276,288,47.46393667828239,1,0
288,276,47.46393667828239,1,0
276,289,50.27120945431888,1,0
289,276,50.27120945431888,1,0
276,290,51.2970828117935,1,0
290,276,51.2970828117935,1,0
276,291,50.865707357708104,1,0
291,276,50.865707357708104,1,0
276,292,51.55397545291731,1,0
292,276,51.55397545291731,1,0
276,293,52.275005978000614,1,0
293,276,52.275005978000614,1,0
276,294,52.25164427077869,1,0
294,276,52.25164427077869,1,0
276,295,52.09468902872921,1,0
295,276,52.09468902872921,1,0
276,296,37.28915407997344,1,0
296,276,37.28915407997344,1,0
276,297,37.29130280641855,1,0
297,276,37.29130280641855,1,0
276,404,113.23717190481224,1,0
404,276,113.23717190481224,1,0
276,415,21.557481300003484,1,0
415,276,21.557481300003484,1,0
276,428,36.444115053050744,1,0
428,276,36.444115053050744,1,0
276,429,34.268730965706915,1,0
429,276,34.268730965706915,1,0
276,455,116.45090598617084,1,0
455,276,116.45090598617084,1,0
276,456,122.66554662169814,1,0
456,276,122.66554662169814,1,0
276,457,98.69943332157484,1,0
457,276,98.69943332157484,1,0
276,458,131.5068364800857,1,0
458,276,131.5068364800857,1,0
276,461,23.30821185762649,1,0
461,276,23.30821185762649,1,0
276,462,23.32562968067529,1,0
462,276,23.32562968067529,1,0
276,477,30.776741949075767,0,1
477,276,30.776741949075767,0,1
276,478,29.78759691549488,0,1
478,276,29.78759691549488,0,1
276,580,57.33822882684815,1,0
580,276,57.33822882684815,1,0
276,581,60.10244288712398,1,0
581,276,60.10244288712398,1,0
276,582,61.67492200238278,1,0
582,276,61.67492200238278,1,0
276,583,63.1237401300018,1,0
583,276,63.1237401300018,1,0
276,584,65.29099929546184,1,0
584,276,65.29099929546184,1,0
276,585,66.16820361019332,1,0
585,276,66.16820361019332,1,0
277,441,10.868714735422952,0,1
441,277,10.868714735422952,0,1
277,470,10.566986514612385,0,1
470,277,10.566986514612385,0,1
277,472,4.53925203089672,1,0
472,277,4.53925203089672,1,0
277,484,12.479305830053208,1,1
484,277,12.479305830053208,1,1
277,500,13.088077360712688,0,1
500,277,13.088077360712688,0,1
277,601,3.172833749190146,1,1
601,277,3.172833749190146,1,1
277,602,11.193788679441827,1,1
602,277,11.193788679441827,1,1
277,603,4.969897081429353,1,0
278,280,245.23798502678986,1,0
280,278,245.23798502678986,1,0
278,281,245.25619168738638,1,0
281,278,245.25619168738638,1,0
278,282,234.47834969779194,1,0
282,278,234.47834969779194,1,0
278,283,237.86844458649827,1,0
283,278,237.86844458649827,1,0
278,284,253.2194981137906,1,0
284,278,253.2194981137906,1,0
278,285,259.77648697486075,1,0
285,278,259.77648697486075,1,0
278,286,260.9954968538729,1,0
286,278,260.9954968538729,1,0
278,287,262.85593989484045,1,0
287,278,262.85593989484045,1,0
278,288,265.1847792106477,1,0
288,278,265.1847792106477,1,0
278,289,267.8674188847909,1,0
289,278,267.8674188847909,1,0
278,290,269.37098734830374,1,0
290,278,269.37098734830374,1,0
278,291,269.4807498597998,1,0
291,278,269.4807498597998,1,0
278,292,270.44430299971197,1,0
292,278,270.44430299971197,1,0
278,293,271.34425376263266,1,0
293,278,271.34425376263266,1,0
278,294,271.3507514067356,1,0
294,278,271.3507514067356,1,0
278,295,271.18737364597195,1,0
295,278,271.18737364597195,1,0
278,296,256.03800977979813,1,0
296,278,256.03800977979813,1,0
278,297,255.97947891383794,1,0
297,278,255.97947891383794,1,0
278,404,109.411800008043,1,0
404,278,109.411800008043,1,0
278,415,197.5886945146407,1,0
415,278,197.5886945146407,1,0
278,428,182.6555647167641,1,0
428,278,182.6555647167641,1,0
278,429,184.8371286349147,1,0
429,278,184.8371286349147,1,0
278,455,106.3838767154121,1,0
455,278,106.3838767154121,1,0
278,456,101.08277008471819,1,0
456,278,101.08277008471819,1,0
278,457,121.98413805901158,1,0
457,278,121.98413805901158,1,0
278,458,94.16691415247713,1,0
458,278,94.16691415247713,1,0
278,461,195.8277719323794,1,0
461,278,195.8277719323794,1,0
278,462,195.81074587468382,1,0
462,278,195.81074587468382,1,0
278,580,276.4373276621665,1,0
580,278,276.4373276621665,1,0
278,581,279.1710832464566,1,0
581,278,279.1710832464566,1,0
278,582,280.6996156819599,1,0
582,278,280.6996156819599,1,0
278,583,282.0629359699711,1,0
583,278,282.0629359699711,1,0
278,584,284.14824748535756,1,0
584,278,284.14824748535756,1,0
278,585,284.9892856389517,1,0
585,278,284.9892856389517,1,0
279,280,239.69311608179322,1,0
280,279,239.69311608179322,1,0
279,281,239.72600995720094,1,0
281,279,239.72600995720094,1,0
279,282,229.0075519628119,1,0
282,279,229.0075519628119,1,0
279,283,232.26009599799963,1,0
283,279,232.26009599799963,1,0
279,284,247.7673827524519,1,0
284,279,247.7673827524519,1,0
279,285,254.11538147857166,1,0
285,279,254.11538147857166,1,0
279,286,255.31783179597934,1,0
286,279,255.31783179597934,1,0
279,287,257.15396670671834,1,0
287,279,257.15396670671834,1,0
279,288,259.4593711315897,1,0
288,279,259.4593711315897,1,0
279,289,262.1159145893282,1,0
289,279,262.1159145893282,1,0
279,290,263.68316101336467,1,0
290,279,263.68316101336467,1,0
279,291,263.89517410138444,1,0
291,279,263.89517410138444,1,0
279,292,264.93469689717875,1,0
292,279,264.93469689717875,1,0
279,293,265.92716187144174,1,0
293,279,265.92716187144174,1,0
279,294,265.99188242124984,1,0
294,279,265.99188242124984,1,0
279,295,265.8544944626666,1,0
295,279,265.8544944626666,1,0
279,296,250.51530097181688,1,0
296,279,250.51530097181688,1,0
279,297,250.4428199849219,1,0
297,279,250.4428199849219,1,0
279,404,102.83559512153367,1,0
404,279,102.83559512153367,1,0
279,415,192.21815746957935,1,0
415,279,192.21815746957935,1,0
279,428,177.36112077059053,1,0
428,279,177.36112077059053,1,0
279,429,179.55957709072496,1,0
429,279,179.55957709072496,1,0
279,455,99.74348741647246,1,0
455,279,99.74348741647246,1,0
279,456,94.22313221815543,1,0
456,279,94.22313221815543,1,0
279,457,115.92518299748333,1,0
457,279,115.92518299748333,1,0
279,458,86.91504422135446,1,0
458,279,86.91504422135446,1,0
279,461,190.46279173896406,1,0
461,279,190.46279173896406,1,0
279,462,190.445491574361,1,0
462,279,190.445491574361,1,0
279,580,271.0768185773177,1,0
580,279,271.0768185773177,1,0
279,581,273.7468786525246,1,0
581,279,273.7468786525246,1,0
279,582,275.2394996017105,1,0
582,279,275.2394996017105,1,0
279,583,276.5563175286365,1,0
583,279,276.5563175286365,1,0
279,584,278.60607044714584,1,0
584,279,278.60607044714584,1,0
279,585,279.43314821974866,1,0
585,279,279.43314821974866,1,0
280,282,10.95979584663875,1,1
282,280,10.95979584663875,1,1
283,280,7.6583607906653235,1,1
280,284,8.550622491959285,1,0
284,280,8.550622491959285,1,0
280,285,14.964587030720226,1,0
285,280,14.964587030720226,1,0
280,286,16.276670728376857,1,0
286,280,16.276670728376857,1,0
280,287,18.27754496643354,1,0
287,280,18.27754496643354,1,0
280,288,20.72633814739111,1,0
288,280,20.72633814739111,1,0
280,289,23.542547015987882,1,0
289,280,23.542547015987882,1,0
280,290,24.524234320361565,1,0
290,280,24.524234320361565,1,0
280,291,24.2622405601791,1,0
291,280,24.2622405601791,1,0
280,292,25.253475503383687,1,0
292,280,25.253475503383687,1,0
280,293,26.50633678953016,1,0
293,280,26.50633678953016,1,0
280,294,26.905409065836558,1,0
294,280,26.905409065836558,1,0
280,295,26.962290796592193,1,0
295,280,26.962290796592193,1,0
280,296,10.835636391093972,1,0
296,280,10.835636391093972,1,0
280,297,10.750122092329928,1,0
297,280,10.750122092329928,1,0
280,318,11.270108606397722,0,1
318,280,11.270108606397722,0,1
280,332,12.933774584397241,0,1
332,280,12.933774584397241,0,1
280,340,13.52748860653743,0,1
340,280,13.52748860653743,0,1
280,349,16.52475092096701,0,1
349,280,16.52475092096701,0,1
280,350,17.449252877988787,0,1
350,280,17.449252877988787,0,1
280,351,18.719701626895656,0,1
351,280,18.719701626895656,0,1
280,352,22.71370198800715,0,1
352,280,22.71370198800715,0,1
280,353,22.997030786603737,0,1
353,280,22.997030786603737,0,1
280,354,26.580720720100874,0,1
354,280,26.580720720100874,0,1
280,355,27.015644004909454,0,1
355,280,27.015644004909454,0,1
361,280,7.471638374546776,0,1
280,374,8.637319317936555,0,1
374,280,8.637319317936555,0,1
280,404,138.2317584529691,1,0
404,280,138.2317584529691,1,0
280,415,47.8172096634674,1,0
415,280,47.8172096634674,1,0
280,428,62.82475284471878,1,0
428,280,62.82475284471878,1,0
280,429,60.70295144389604,1,0
429,280,60.70295144389604,1,0
280,455,141.44114531846807,1,0
455,280,141.44114531846807,1,0
280,456,147.55061001568242,1,0
456,280,147.55061001568242,1,0
280,457,124.08186749884126,1,0
457,280,124.08186749884126,1,0
280,458,156.19352609183264,1,0
458,280,156.19352609183264,1,0
280,461,49.579942154060646,1,0
461,280,49.579942154060646,1,0
280,462,49.596241188219096,1,0
462,280,49.596241188219096,1,0
280,580,31.88144013372043,1,0
580,280,31.88144013372043,1,0
280,581,34.23347065373302,1,0
581,280,34.23347065373302,1,0
280,582,35.62073968911931,1,0
582,280,35.62073968911931,1,0
280,583,36.870526386261425,1,0
583,280,36.870526386261425,1,0
280,584,38.91598634237606,1,0
584,280,38.91598634237606,1,0
280,585,39.75183790719619,1,0
585,280,39.75183790719619,1,0
281,282,10.90116993721316,1,1
282,281,10.90116993721316,1,1
283,281,7.811110868500076,1,1
281,284,8.376955652264133,1,0
284,281,8.376955652264133,1,0
281,285,15.066311891103275,1,0
285,281,15.066311891103275,1,0
281,286,16.384607807329417,1,0
286,281,16.384607807329417,1,0
281,287,18.392735875883176,1,0
287,281,18.392735875883176,1,0
281,288,20.844077768037614,1,0
288,281,20.844077768037614,1,0
281,289,23.662372260616646,1,0
289,281,23.662372260616646,1,0
281,290,24.596795970207175,1,0
290,281,24.596795970207175,1,0
281,291,24.268178011544254,1,0
291,281,24.268178011544254,1,0
281,292,25.210379013414297,1,0
292,281,25.210379013414297,1,0
281,293,26.40889435398612,1,0
293,281,26.40889435398612,1,0
281,294,26.775210624755132,1,0
294,281,26.775210624755132,1,0
281,295,26.817409569158617,1,0
295,281,26.817409569158617,1,0
281,296,10.789519034692882,1,0
296,281,10.789519034692882,1,0
281,297,10.723360107727428,1,0
297,281,10.723360107727428,1,0
281,318,10.918638422440775,0,1
318,281,10.918638422440775,0,1
281,332,12.530987590768735,0,1
332,281,12.530987590768735,0,1
281,340,13.104030868400761,0,1
340,281,13.104030868400761,0,1
281,349,16.099993105588588,0,1
349,281,16.099993105588588,0,1
281,350,17.021720271464925,0,1
350,281,17.021720271464925,0,1
281,351,18.28564491616306,0,1
351,281,18.28564491616306,0,1
281,352,22.291017585565715,0,1
352,281,22.291017585565715,0,1
281,353,22.576938897910853,0,1
353,281,22.576938897910853,0,1
281,354,26.18414667313029,0,1
354,281,26.18414667313029,0,1
281,355,26.62155265945245,0,1
355,281,26.62155265945245,0,1
361,281,7.253876274103384,0,1
281,374,8.381302285444667,0,1
374,281,8.381302285444667,0,1
281,404,138.30706646444352,1,0
404,281,138.30706646444352,1,0
281,415,47.80256207568795,1,0
415,281,47.80256207568795,1,0
281,428,62.80931428538286,1,0
428,281,62.80931428538286,1,0
281,429,60.682596228243234,1,0
429,281,60.682596228243234,1,0
281,455,141.5170182416235,1,0
455,281,141.5170182416235,1,0
281,456,147.63162115549636,1,0
456,281,147.63162115549636,1,0
281,457,124.13782861400469,1,0
457,281,124.13782861400469,1,0
281,458,156.28355205203138,1,0
458,281,156.28355205203138,1,0
281,461,49.56580733731672,1,0
461,281,49.56580733731672,1,0
281,462,49.582185722293445,1,0
462,281,49.582185722293445,1,0
281,580,31.766691045810862,1,0
580,281,31.766691045810862,1,0
281,581,34.15397783567823,1,0
581,281,34.15397783567823,1,0
281,582,35.55949607348226,1,0
582,281,35.55949607348226,1,0
281,583,36.83109942697883,1,0
583,281,36.83109942697883,1,0
281,584,38.89243653976953,1,0
584,281,38.89243653976953,1,0
281,585,39.734147958651384,1,0
585,281,39.734147958651384,1,0
282,284,18.761826456931107,1,0
284,282,18.761826456931107,1,0
282,285,25.913291878879456,1,0
285,282,25.913291878879456,1,0
282,286,27.218380646173646,1,0
286,282,27.218380646173646,1,0
282,287,29.20828521156283,1,0
287,282,29.20828521156283,1,0
282,288,31.65081389158895,1,0
288,282,31.65081389158895,1,0
282,289,34.46092797647794,1,0
289,282,34.46092797647794,1,0
282,290,35.484029449880694,1,0
290,282,35.484029449880694,1,0
282,291,35.14260539573013,1,0
291,282,35.14260539573013,1,0
282,292,35.97240392300743,1,0
292,282,35.97240392300743,1,0
282,293,36.93714197119209,1,0
293,282,36.93714197119209,1,0
282,294,37.1047281353738,1,0
294,282,37.1047281353738,1,0
282,295,37.04340105875809,1,0
295,282,37.04340105875809,1,0
282,296,21.59716020684201,1,0
296,282,21.59716020684201,1,0
282,297,21.56895291848911,1,0
297,282,21.56895291848911,1,0
282,318,7.970834147063907,0,1
318,282,7.970834147063907,0,1
282,326,9.257415244008449,0,1
326,282,9.257415244008449,0,1
282,332,10.803372806674775,0,1
332,282,10.803372806674775,0,1
282,340,12.213101039457587,0,1
340,282,12.213101039457587,0,1
282,349,14.386035590113073,0,1
349,282,14.386035590113073,0,1
282,350,15.265141237473042,0,1
350,282,15.265141237473042,0,1
282,351,16.707599707917353,0,1
351,282,16.707599707917353,0,1
282,352,19.354160508789835,0,1
352,282,19.354160508789835,0,1
282,353,19.451180529726212,0,1
353,282,19.451180529726212,0,1
282,354,21.480628505702526,0,1
354,282,21.480628505702526,0,1
282,355,21.76985695864812,0,1
355,282,21.76985695864812,0,1
282,404,127.84214672790817,1,0
404,282,127.84214672790817,1,0
282,415,36.946211943851566,1,0
415,282,36.946211943851566,1,0
282,428,51.94706079269548,1,0
428,282,51.94706079269548,1,0
282,429,49.81060602923839,1,0
429,282,49.81060602923839,1,0
282,455,131.05510316656884,1,0
455,282,131.05510316656884,1,0
282,456,137.20463674745108,1,0
456,282,137.20463674745108,1,0
282,457,113.55190757094307,1,0
457,282,113.55190757094307,1,0
282,458,145.92185736208268,1,0
458,282,145.92185736208268,1,0
282,461,38.71004677083199,1,0
461,282,38.71004677083199,1,0
282,462,38.726613291120614,1,0
462,282,38.726613291120614,1,0
282,580,42.16870159253187,1,0
580,282,42.16870159253187,1,0
282,581,44.74684922986198,1,0
581,282,44.74684922986198,1,0
282,582,46.23336692260255,1,0
582,282,46.23336692260255,1,0
282,583,47.586658476930275,1,0
583,282,47.586658476930275,1,0
282,584,49.69539578270808,1,0
584,282,49.69539578270808,1,0
282,585,50.55233980737192,1,0
585,282,50.55233980737192,1,0
283,284,16.18802165182639,1,0
284,283,16.18802165182639,1,0
283,285,21.949453410051014,1,0
285,283,21.949453410051014,1,0
283,286,23.20230057558948,1,0
286,283,23.20230057558948,1,0
283,287,25.12607951909728,1,0
287,283,25.12607951909728,1,0
283,288,27.524562140023228,1,0
288,283,27.524562140023228,1,0
283,289,30.293995609691372,1,0
289,283,30.293995609691372,1,0
283,290,31.573365880121177,1,0
290,283,31.573365880121177,1,0
283,291,31.63609629837411,1,0
291,283,31.63609629837411,1,0
283,292,32.786101399831,1,0
292,283,32.786101399831,1,0
283,293,34.1416206410885,1,0
293,283,34.1416206410885,1,0
283,294,34.5630983130853,1,0
294,283,34.5630983130853,1,0
283,295,34.619653450027485,1,0
295,283,34.619653450027485,1,0
283,296,18.414460893547766,1,0
296,283,18.414460893547766,1,0
283,297,18.290031847976646,1,0
297,283,18.290031847976646,1,0
283,318,11.032513856778065,0,1
318,283,11.032513856778065,0,1
283,332,13.746230210497714,0,1
332,283,13.746230210497714,0,1
283,340,14.950676305772927,0,1
340,283,14.950676305772927,0,1
283,349,17.6372849667969,0,1
349,283,17.6372849667969,0,1
283,350,18.585835682045612,0,1
350,283,18.585835682045612,0,1
283,351,20.033825920178103,0,1
351,283,20.033825920178103,0,1
283,352,23.27506012881599,0,1
352,283,23.27506012881599,0,1
283,353,23.439478343171377,0,1
353,283,23.439478343171377,0,1
283,354,26.012757024198724,0,1
354,283,26.012757024198724,0,1
283,355,26.349358493139828,0,1
355,283,26.349358493139828,0,1
361,283,6.100449983402864,0,1
374,283,7.298864637736475,0,1
283,404,130.66107526344638,1,0
404,283,130.66107526344638,1,0
283,415,40.69706144182894,1,0
415,283,40.69706144182894,1,0
283,428,55.68386110894251,1,0
428,283,55.68386110894251,1,0
283,429,53.59684875064951,1,0
429,283,53.59684875064951,1,0
283,455,133.86883234345476,1,0
455,283,133.86883234345476,1,0
283,456,139.9652395203895,1,0
456,283,139.9652395203895,1,0
283,457,116.57009305992682,1,0
457,283,116.57009305992682,1,0
283,458,148.58792610774267,1,0
458,283,148.58792610774267,1,0
283,461,42.45244560681987,1,0
461,283,42.45244560681987,1,0
283,462,42.46818821188396,1,0
462,283,42.46818821188396,1,0
283,580,39.531762482844094,1,0
580,283,39.531762482844094,1,0
283,581,41.83920559714297,1,0
581,283,41.83920559714297,1,0
283,582,43.18808838094134,1,0
582,283,43.18808838094134,1,0
283,583,44.378691215492154,1,0
583,283,44.378691215492154,1,0
283,584,46.37056606296714,1,0
584,283,46.37056606296714,1,0
283,585,47.18446020672484,1,0
585,283,47.18446020672484,1,0
284,285,9.417325522673622,1,0
285,284,9.417325522673622,1,0
284,286,10.671195481294493,1,0
286,284,10.671195481294493,1,0
284,287,12.60124489881853,1,0
287,284,12.60124489881853,1,0
284,288,14.91896645213736,1,0
288,284,14.91896645213736,1,0
284,289,17.62570920558943,1,0
289,284,17.62570920558943,1,0
284,290,17.87072270502791,1,0
290,284,17.87072270502791,1,0
284,291,16.795636635745606,1,0
291,284,16.795636635745606,1,0
284,292,17.304001849283303,1,0
292,284,17.304001849283303,1,0
284,293,18.18151327585248,1,0
293,284,18.18151327585248,1,0
284,294,18.440116973598624,1,0
294,284,18.440116973598624,1,0
284,295,18.455331208081855,1,0
295,284,18.455331208081855,1,0
284,336,14.578159074451067,0,1
336,284,14.578159074451067,0,1
284,337,14.796487049296532,0,1
337,284,14.796487049296532,0,1
284,338,15.604051845594464,0,1
338,284,15.604051845594464,0,1
284,339,13.599249979318712,0,1
339,284,13.599249979318712,0,1
284,341,12.44933170897137,0,1
341,284,12.44933170897137,0,1
284,342,10.246817505938125,0,1
342,284,10.246817505938125,0,1
284,343,7.184167105517521,0,1
343,284,7.184167105517521,0,1
284,344,5.516639556831676,0,1
344,284,5.516639556831676,0,1
284,345,4.572251086718664,0,1
345,284,4.572251086718664,0,1
284,404,146.53361920050975,1,0
404,284,146.53361920050975,1,0
284,415,55.64634871220213,1,0
415,284,55.64634871220213,1,0
284,428,70.62576496576868,1,0
428,284,70.62576496576868,1,0
284,429,68.47103341559846,1,0
429,284,68.47103341559846,1,0
284,455,149.74522539967677,1,0
455,284,149.74522539967677,1,0
284,456,155.87622260306412,1,0
456,284,155.87622260306412,1,0
284,457,132.29402916609652,1,0
457,284,132.29402916609652,1,0
284,458,164.5549266233011,1,0
458,284,164.5549266233011,1,0
284,461,57.40939439673615,1,0
461,284,57.40939439673615,1,0
284,462,57.426214614930004,1,0
462,284,57.426214614930004,1,0
284,580,23.46674945534639,1,0
580,284,23.46674945534639,1,0
284,581,25.985406981611813,1,0
581,284,25.985406981611813,1,0
284,582,27.480452488996608,1,0
582,284,27.480452488996608,1,0
284,583,28.878732884252383,1,0
583,284,28.878732884252383,1,0
284,584,31.03982013478815,1,0
584,284,31.03982013478815,1,0
284,585,31.92034310592541,1,0
585,284,31.92034310592541,1,0
285,289,8.62137721016776,1,1
289,285,8.62137721016776,1,1
285,290,9.625721895006109,1,1
290,285,9.625721895006109,1,1
285,291,10.077260838144461,1,1
291,285,10.077260838144461,1,1
285,292,11.916701724890157,1,1
292,285,11.916701724890157,1,1
285,293,14.326018462922628,1,1
293,285,14.326018462922628,1,1
285,294,15.561045530426288,1,1
294,285,15.561045530426288,1,1
285,295,16.032872793108538,1,1
295,285,16.032872793108538,1,1
285,404,152.27820122394405,1,0
404,285,152.27820122394405,1,0
285,415,62.61514517271361,1,0
415,285,62.61514517271361,1,0
285,428,77.61383021730083,1,0
428,285,77.61383021730083,1,0
285,429,75.51457536793808,1,0
429,285,75.51457536793808,1,0
285,455,155.47927733945767,1,0
455,285,155.47927733945767,1,0
285,456,161.52779202663547,1,0
456,285,161.52779202663547,1,0
285,457,138.33403993594635,1,0
457,285,138.33403993594635,1,0
285,458,170.0604935662601,1,0
458,285,170.0604935662601,1,0
285,461,64.37392668619803,1,0
461,285,64.37392668619803,1,0
285,462,64.38986880713456,1,0
462,285,64.38986880713456,1,0
285,543,16.204839554898406,0,1
543,285,16.204839554898406,0,1
285,544,16.483135533022836,0,1
544,285,16.483135533022836,0,1
285,545,16.69003981421255,0,1
545,285,16.69003981421255,0,1
285,546,16.546561364827436,0,1
546,285,16.546561364827436,0,1
285,547,15.70351935076975,0,1
547,285,15.70351935076975,0,1
285,580,19.701495628504958,1,0
580,285,19.701495628504958,1,0
285,581,21.15137187040122,1,0
581,285,21.15137187040122,1,0
285,582,22.14503477080133,1,0
582,285,22.14503477080133,1,0
285,583,23.00099382635455,1,0
583,285,23.00099382635455,1,0
285,584,24.784331058150432,1,0
584,285,24.784331058150432,1,0
285,585,25.53360428924988,1,0
585,285,25.53360428924988,1,0
286,289,7.291072486267024,1,1
286,290,8.37856652417345,1,1
290,286,8.37856652417345,1,1
286,291,9.094347970030617,1,1
291,286,9.094347970030617,1,1
286,292,11.125735076838744,1,1
292,286,11.125735076838744,1,1
286,293,13.729494819548169,1,1
293,286,13.729494819548169,1,1
286,294,15.090452246370882,1,1
294,286,15.090452246370882,1,1
286,295,15.622493174906495,1,1
295,286,15.622493174906495,1,1
296,286,7.092679183496177,1,1
297,286,6.8131274023021176,1,1
286,404,153.43636246014177,1,0
404,286,153.43636246014177,1,0
286,415,63.88362589897351,1,0
415,286,63.88362589897351,1,0
286,428,78.87900265596669,1,0
428,286,78.87900265596669,1,0
286,429,76.78372236353223,1,0
429,286,76.78372236353223,1,0
286,455,156.63615833197647,1,0
455,286,156.63615833197647,1,0
286,456,162.67680572841354,1,0
456,286,162.67680572841354,1,0
286,457,139.51885677570613,1,0
457,286,139.51885677570613,1,0
286,458,171.1956488494962,1,0
458,286,171.1956488494962,1,0
286,461,65.6415146229884,1,0
461,286,65.6415146229884,1,0
286,462,65.65739758778138,1,0
462,286,65.65739758778138,1,0
286,543,16.247598345601727,0,1
543,286,16.247598345601727,0,1
286,544,16.446781204843703,0,1
544,286,16.446781204843703,0,1
286,545,16.619917268145468,0,1
545,286,16.619917268145468,0,1
286,546,16.31456404566178,0,1
546,286,16.31456404566178,0,1
286,547,15.39457037399875,0,1
547,286,15.39457037399875,0,1
286,580,19.015114540806742,1,0
580,286,19.015114540806742,1,0
286,581,20.290188885271622,1,0
581,286,20.290188885271622,1,0
286,582,21.203655581054885,1,0
582,286,21.203655581054885,1,0
286,583,21.97899456299127,1,0
583,286,21.97899456299127,1,0
286,584,23.703126987804794,1,0
584,286,23.703126987804794,1,0
286,585,24.432530548430712,1,0
585,286,24.432530548430712,1,0
287,291,7.787983371836384,1,1
291,287,7.787983371836384,1,1
287,292,10.127352121852978,1,1
292,287,10.127352121852978,1,1
287,293,13.016235554107032,1,1
293,287,13.016235554107032,1,1
287,294,14.563265739524223,1,1
294,287,14.563265739524223,1,1
287,295,15.184849455954446,1,1
295,287,15.184849455954446,1,1
287,296,9.003595837219706,1,1
296,287,9.003595837219706,1,1
287,297,8.753864575146224,1,1
297,287,8.753864575146224,1,1
287,404,155.20925966256007,1,0
404,287,155.20925966256007,1,0
287,415,65.82001381039053,1,0
415,287,65.82001381039053,1,0
287,428,80.80983566373588,1,0
428,287,80.80983566373588,1,0
287,429,78.72028874438914,1,0
429,287,78.72028874438914,1,0
287,455,158.40707237052266,1,0
455,287,158.40707237052266,1,0
287,456,164.43598098348184,1,0
456,287,164.43598098348184,1,0
287,457,141.33122696700826,1,0
457,287,141.33122696700826,1,0
287,458,172.93419171754323,1,0
458,287,172.93419171754323,1,0
287,461,67.57652641265308,1,0
461,287,67.57652641265308,1,0
287,462,67.59232514124662,1,0
462,287,67.59232514124662,1,0
287,543,16.501252437315177,0,1
543,287,16.501252437315177,0,1
287,544,16.579200583864107,0,1
544,287,16.579200583864107,0,1
287,545,16.699091292642244,0,1
545,287,16.699091292642244,0,1
287,546,16.149007399837306,0,1
546,287,16.149007399837306,0,1
287,547,15.120994577077262,0,1
547,287,15.120994577077262,0,1
287,580,18.09447045370491,1,0
580,287,18.09447045370491,1,0
287,581,19.07134617692207,1,0
581,287,19.07134617692207,1,0
287,582,19.846016476865074,1,0
582,287,19.846016476865074,1,0
287,583,20.482698113285757,1,0
583,287,20.482698113285757,1,0
287,584,22.102276556952226,1,0
584,287,22.102276556952226,1,0
287,585,22.796699519886648,1,0
585,287,22.796699519886648,1,0
288,291,6.510506124718722,1,1
288,292,9.174403086849846,1,1
292,288,9.174403086849846,1,1
288,293,12.340387554692114,1,1
293,288,12.340387554692114,1,1
288,294,14.084675715116767,1,1
294,288,14.084675715116767,1,1
288,295,14.804438861368574,1,1
295,288,14.804438861368574,1,1
288,296,11.318204495413573,1,1
296,288,11.318204495413573,1,1
288,297,11.09887823160521,1,1
297,288,11.09887823160521,1,1
288,404,157.4543441255274,1,0
404,288,157.4543441255274,1,0
288,415,68.22162109624777,1,0
415,288,68.22162109624777,1,0
288,428,83.2060559394567,1,0
428,288,83.2060559394567,1,0
288,429,81.12137639981216,1,0
429,288,81.12137639981216,1,0
288,455,160.6500502645424,1,0
455,288,160.6500502645424,1,0
288,456,166.66695972807568,1,0
456,288,166.66695972807568,1,0
288,457,143.61583797408974,1,0
457,288,143.61583797408974,1,0
288,458,175.14400809619494,1,0
458,288,175.14400809619494,1,0
288,461,69.9768995097668,1,0
461,288,69.9768995097668,1,0
288,462,69.99262807610528,1,0
462,288,69.99262807610528,1,0
288,543,16.93235367572979,0,1
543,288,16.93235367572979,0,1
288,544,16.865316036173173,0,1
544,288,16.865316036173173,0,1
288,545,16.919352263015274,0,1
545,288,16.919352263015274,0,1
288,546,16.0844841073626,0,1
546,288,16.0844841073626,0,1
288,547,14.946725260069512,0,1
547,288,14.946725260069512,0,1
288,580,17.04174644806101,1,0
580,288,17.04174644806101,1,0
288,581,17.617556924840628,1,0
581,288,17.617556924840628,1,0
288,582,18.203281929366472,1,0
582,288,18.203281929366472,1,0
288,583,18.654388893769745,1,0
583,288,18.654388893769745,1,0
288,584,20.130691642365395,1,0
584,288,20.130691642365395,1,0
288,585,20.777862257701106,1,0
585,288,20.777862257701106,1,0
289,292,8.815673825635791,1,1
292,289,8.815673825635791,1,1
289,293,12.133014876773208,1,1
293,289,12.133014876773208,1,1
289,294,14.042955137719412,1,1
294,289,14.042955137719412,1,1
289,295,14.853589633485907,1,1
295,289,14.853589633485907,1,1
289,296,14.034417408642227,1,1
296,289,14.034417408642227,1,1
289,297,13.838462522982818,1,1
297,289,13.838462522982818,1,1
289,404,160.04634510353557,1,0
404,289,160.04634510353557,1,0
289,415,70.98832650513745,1,0
415,289,70.98832650513745,1,0
289,428,85.96630503866035,1,0
428,289,85.96630503866035,1,0
289,429,83.88688361120586,1,0
429,289,83.88688361120586,1,0
289,455,163.23957487386446,1,0
455,289,163.23957487386446,1,0
289,456,169.242928797631,1,0
456,289,169.242928797631,1,0
289,457,146.25208435437767,1,0
457,289,146.25208435437767,1,0
289,458,177.69612882952742,1,0
458,289,177.69612882952742,1,0
289,461,72.74220810506098,1,0
461,289,72.74220810506098,1,0
289,462,72.7578621181244,1,0
462,289,72.7578621181244,1,0
289,543,17.827216327851076,0,1
543,289,17.827216327851076,0,1
289,544,17.606043564639958,0,1
544,289,17.606043564639958,0,1
289,545,17.58715917935583,0,1
545,289,17.58715917935583,0,1
289,546,16.457974419715203,0,1
546,289,16.457974419715203,0,1
289,547,15.229865298156776,0,1
547,289,15.229865298156776,0,1
289,580,16.20045385166724,1,0
580,289,16.20045385166724,1,0
289,581,16.23703177923847,1,0
581,289,16.23703177923847,1,0
289,582,16.55591567990125,1,0
582,289,16.55591567990125,1,0
289,583,16.74348792814687,1,0
583,289,16.74348792814687,1,0
289,584,18.004199760055986,1,0
584,289,18.004199760055986,1,0
289,585,18.580170316765127,1,0
585,289,18.580170316765127,1,0
290,293,9.602319771805146,1,1
293,290,9.602319771805146,1,1
290,294,11.553855287305618,1,1
294,290,11.553855287305618,1,1
290,295,12.393747617246367,1,1
295,290,12.393747617246367,1,1
290,296,14.376758501136479,1,1
296,290,14.376758501136479,1,1
290,297,14.26287432462335,1,1
297,290,14.26287432462335,1,1
290,404,161.75016454396578,1,0
404,290,161.75016454396578,1,0
290,415,72.23922483664951,1,0
415,290,72.23922483664951,1,0
290,428,87.23889030128707,1,0
428,290,87.23889030128707,1,0
290,429,85.13822404184856,1,0
429,290,85.13822404184856,1,0
290,455,164.94787661561455,1,0
455,290,164.94787661561455,1,0
290,456,170.97568595855964,1,0
456,290,170.97568595855964,1,0
290,457,147.86835342628254,1,0
457,290,147.86835342628254,1,0
290,458,179.46995836072398,1,0
458,290,179.46995836072398,1,0
290,461,73.99833123118385,1,0
461,290,73.99833123118385,1,0
290,462,74.01429459908404,1,0
462,290,74.01429459908404,1,0
290,543,15.80589602015653,0,1
543,290,15.80589602015653,0,1
290,544,15.484573775212542,0,1
544,290,15.484573775212542,0,1
290,545,15.419929215142332,0,1
545,290,15.419929215142332,0,1
290,546,14.135844262017038,0,1
546,290,14.135844262017038,0,1
290,547,12.876213496210756,0,1
547,290,12.876213496210756,0,1
290,580,13.502946937613286,1,0
580,290,13.502946937613286,1,0
290,581,13.577513542618913,1,0
581,290,13.577513542618913,1,0
290,582,13.98036483787172,1,0
582,290,13.98036483787172,1,0
290,583,14.305355255987179,1,0
583,290,14.305355255987179,1,0
290,584,15.731605131072925,1,0
584,290,15.731605131072925,1,0
290,585,16.374907694396327,1,0
585,290,16.374907694396327,1,0
293,291,6.122124222849451,1,1
291,294,8.038321217766805,1,1
294,291,8.038321217766805,1,1
291,295,8.861972692352419,1,1
295,291,8.861972692352419,1,1
291,296,13.578209049797401,1,1
296,291,13.578209049797401,1,1
291,297,13.578314033781956,1,1
297,291,13.578314033781956,1,1
291,404,162.20999752789592,1,0
404,291,162.20999752789592,1,0
291,415,72.07056878504568,1,0
415,291,72.07056878504568,1,0
291,428,87.07700229681772,1,0
428,291,87.07700229681772,1,0
291,429,84.94795374227681,1,0
429,291,84.94795374227681,1,0
291,455,165.4140144606859,1,0
455,291,165.4140144606859,1,0
291,456,171.4807933880643,1,0
456,291,171.4807933880643,1,0
291,457,148.18979083931524,1,0
457,291,148.18979083931524,1,0
291,458,180.0421224325019,1,0
458,291,180.0421224325019,1,0
291,461,73.83387559244063,1,0
461,291,73.83387559244063,1,0
291,462,73.85026394671857,1,0
462,291,73.85026394671857,1,0
291,543,12.350358415851744,0,1
543,291,12.350358415851744,0,1
291,544,11.979821576300708,0,1
544,291,11.979821576300708,0,1
291,545,11.896857778421998,0,1
545,291,11.896857778421998,0,1
291,546,10.579592856060199,0,1
546,291,10.579592856060199,0,1
291,547,9.319625421657245,0,1
547,291,9.319625421657245,0,1
291,580,10.532288830069179,1,0
580,291,10.532288830069179,1,0
291,581,11.283377597155916,1,0
581,291,11.283377597155916,1,0
291,582,12.112117279815283,1,0
582,291,12.112117279815283,1,0
291,583,12.926469781034573,1,0
583,291,12.926469781034573,1,0
291,584,14.771035576424559,1,0
584,291,14.771035576424559,1,0
291,585,15.559994151669853,1,0
585,291,15.559994151669853,1,0
294,292,5.263734985730189,1,1
295,292,6.1111741915936255,1,1
292,296,14.4211488099943,1,1
296,292,14.4211488099943,1,1
292,297,14.50841307655665,1,1
297,292,14.50841307655665,1,1
292,404,163.44704406014813,1,0
404,292,163.44704406014813,1,0
292,415,72.91016311187352,1,0
415,292,72.91016311187352,1,0
292,428,87.90185202258255,1,0
428,292,87.90185202258255,1,0
292,429,85.75380612544261,1,0
429,292,85.75380612544261,1,0
292,455,166.65463781725367,1,0
455,292,166.65463781725367,1,0
292,456,172.7474519783143,1,0
456,292,172.7474519783143,1,0
292,457,149.33224946072434,1,0
457,292,149.33224946072434,1,0
292,458,181.3540484356498,1,0
458,292,181.3540484356498,1,0
292,461,74.67388098257649,1,0
461,292,74.67388098257649,1,0
292,462,74.69056356059981,1,0
462,292,74.69056356059981,1,0
292,543,10.117216069650782,0,1
543,292,10.117216069650782,0,1
292,544,9.6147075358536,0,1
544,292,9.6147075358536,0,1
292,545,9.470481561145663,0,1
545,292,9.470481561145663,0,1
292,546,7.970740555306013,0,1
546,292,7.970740555306013,0,1
292,547,6.686466630440924,0,1
547,292,6.686466630440924,0,1
292,580,7.967825926813411,1,0
580,292,7.967825926813411,1,0
292,581,9.263048310356586,1,0
581,292,9.263048310356586,1,0
292,582,10.42644124330061,1,0
582,292,10.42644124330061,1,0
292,583,11.621774606315508,1,0
583,292,11.621774606315508,1,0
292,584,13.737497952684105,1,0
584,292,13.737497952684105,1,0
292,585,14.616670482705697,1,0
585,292,14.616670482705697,1,0
293,296,15.762385669688456,1,1
296,293,15.762385669688456,1,1
293,297,15.937561450861924,1,1
297,293,15.937561450861924,1,1
293,404,164.69929156192507,1,0
404,293,164.69929156192507,1,0
293,415,73.75561843005589,1,0
415,293,73.75561843005589,1,0
293,428,88.7077615093516,1,0
428,293,88.7077615093516,1,0
293,429,86.5398439564112,1,0
429,293,86.5398439564112,1,0
293,455,167.91020679220188,1,0
455,293,167.91020679220188,1,0
293,456,174.03275800262432,1,0
456,293,174.03275800262432,1,0
293,457,150.47527148339023,1,0
457,293,150.47527148339023,1,0
293,458,182.691970981212,1,0
458,293,182.691970981212,1,0
293,461,75.5167791288797,1,0
461,293,75.5167791288797,1,0
293,462,75.53378217724834,1,0
462,293,75.53378217724834,1,0
293,543,7.726571814200655,0,1
543,293,7.726571814200655,0,1
293,544,7.020666635014085,0,1
544,293,7.020666635014085,0,1
293,545,6.773526260375759,0,1
545,293,6.773526260375759,0,1
546,293,4.989866932093481,0,1
547,293,3.7160754836251644,0,1
293,580,5.482343021008444,1,0
580,293,5.482343021008444,1,0
293,581,7.8279985309145275,1,0
581,293,7.8279985309145275,1,0
293,582,9.455277573926638,1,0
582,293,9.455277573926638,1,0
293,583,11.128598204625774,1,0
583,293,11.128598204625774,1,0
293,584,13.486638906710597,1,0
584,293,13.486638906710597,1,0
293,585,14.441061214467585,1,0
585,293,14.441061214467585,1,0
294,296,16.33941935932853,1,1
296,294,16.33941935932853,1,1
294,297,16.563414261558513,1,1
297,294,16.563414261558513,1,1
294,404,164.9404887406364,1,0
404,294,164.9404887406364,1,0
294,415,73.7795678287695,1,0
415,294,73.7795678287695,1,0
294,428,88.69542166876485,1,0
428,294,88.69542166876485,1,0
294,429,86.51674079043894,1,0
429,294,86.51674079043894,1,0
294,455,168.15295124380066,1,0
455,294,168.15295124380066,1,0
294,456,174.29354206338226,1,0
456,294,174.29354206338226,1,0
294,457,150.64973862904642,1,0
457,294,150.64973862904642,1,0
294,458,182.98530774354535,1,0
458,294,182.98530774354535,1,0
294,461,75.5375049693859,1,0
461,294,75.5375049693859,1,0
294,462,75.5546903176765,1,0
462,294,75.5546903176765,1,0
294,543,6.221036649948302,0,1
543,294,6.221036649948302,0,1
294,544,5.395038183368121,0,1
544,294,5.395038183368121,0,1
294,545,5.080937807137576,0,1
545,294,5.080937807137576,0,1
294,580,5.08660554790717,1,0
294,581,8.112331970524876,1,0
581,294,8.112331970524876,1,0
294,582,9.947283096403762,1,0
582,294,9.947283096403762,1,0
294,583,11.83207864240261,1,0
583,294,11.83207864240261,1,0
294,584,14.253546506045433,1,0
584,294,14.253546506045433,1,0
294,585,15.226780684044806,1,0
585,294,15.226780684044806,1,0
295,296,16.507624208225728,1,1
296,295,16.507624208225728,1,1
295,297,16.752722166859925,1,1
297,295,16.752722166859925,1,1
295,404,164.88540865097798,1,0
404,295,164.88540865097798,1,0
295,415,73.63654069142575,1,0
415,295,73.63654069142575,1,0
295,428,88.53334206388008,1,0
428,295,88.53334206388008,1,0
295,429,86.35024514730691,1,0
429,295,86.35024514730691,1,0
295,455,168.09842289563576,1,0
455,295,168.09842289563576,1,0
295,456,174.24692620818308,1,0
456,295,174.24692620818308,1,0
295,457,150.56524795914893,1,0
457,295,150.56524795914893,1,0
295,458,182.95313986373668,1,0
458,295,182.95313986373668,1,0
295,461,75.39263800265913,1,0
461,295,75.39263800265913,1,0
295,462,75.4099007093896,1,0
462,295,75.4099007093896,1,0
295,543,5.515891315100398,0,1
543,295,5.515891315100398,0,1
295,544,4.639552241326743,0,1
295,580,5.322339711066928,1,0
580,295,5.322339711066928,1,0
295,581,8.547443243450056,1,0
581,295,8.547443243450056,1,0
295,582,10.437346837199577,1,0
582,295,10.437346837199577,1,0
295,583,12.384422998266816,1,0
583,295,12.384422998266816,1,0
295,584,14.816004994599592,1,0
584,295,14.816004994599592,1,0
295,585,15.792134561230158,1,0
585,295,15.792134561230158,1,0
296,404,149.0588938138211,1,0
404,296,149.0588938138211,1,0
296,415,58.542577770371544,1,0
415,296,58.542577770371544,1,0
296,428,73.54421876667125,1,0
428,296,73.54421876667125,1,0
296,429,71.40674753831041,1,0
429,296,71.40674753831041,1,0
296,455,152.2677281140032,1,0
455,296,152.2677281140032,1,0
296,456,158.37163525076073,1,0
456,296,158.37163525076073,1,0
296,457,134.91749260196025,1,0
457,296,134.91749260196025,1,0
296,458,167.00156383998325,1,0
458,296,167.00156383998325,1,0
296,461,60.306378435452416,1,0
461,296,60.306378435452416,1,0
296,462,60.32291282754837,1,0
462,296,60.32291282754837,1,0
296,543,14.668877871193828,0,1
543,296,14.668877871193828,0,1
296,544,15.272887415285952,0,1
544,296,15.272887415285952,0,1
296,545,15.612148090509518,0,1
545,296,15.612148090509518,0,1
296,546,16.19338982424619,0,1
546,296,16.19338982424619,0,1
296,547,15.758169722401139,0,1
547,296,15.758169722401139,0,1
296,580,21.19979087161003,1,0
580,296,21.19979087161003,1,0
296,581,23.425056776878897,1,0
581,296,23.425056776878897,1,0
296,582,24.787713730798167,1,0
582,296,24.787713730798167,1,0
296,583,26.04158159559438,1,0
583,296,26.04158159559438,1,0
296,584,28.111466788483305,1,0
584,296,28.111466788483305,1,0
296,585,28.96060574297437,1,0
585,296,28.96060574297437,1,0
297,404,148.9474833959943,1,0
404,297,148.9474833959943,1,0
297,415,58.50815126971625,1,0
415,297,58.50815126971625,1,0
297,428,73.51237939966303,1,0
428,297,73.51237939966303,1,0
297,429,71.37885547555382,1,0
429,297,71.37885547555382,1,0
297,455,152.15574357874237,1,0
455,297,152.15574357874237,1,0
297,456,158.254837591146,1,0
456,297,158.254837591146,1,0
297,457,134.82390684518828,1,0
457,297,134.82390684518828,1,0
297,458,166.87633067035,1,0
458,297,166.87633067035,1,0
297,461,60.27180542343161,1,0
461,297,60.27180542343161,1,0
297,462,60.28827717724234,1,0
462,297,60.28827717724234,1,0
297,543,15.028175305072802,0,1
543,297,15.028175305072802,0,1
297,544,15.616436501327696,0,1
544,297,15.616436501327696,0,1
297,545,15.949433375515257,0,1
545,297,15.949433375515257,0,1
297,546,16.49006455414896,0,1
546,297,16.49006455414896,0,1
297,547,16.027574301808745,0,1
547,297,16.027574301808745,0,1
297,580,21.38964702841073,1,0
580,297,21.38964702841073,1,0
297,581,23.562382264957847,1,0
581,297,23.562382264957847,1,0
297,582,24.898530900436675,1,0
582,297,24.898530900436675,1,0
297,583,26.121570033212016,1,0
583,297,26.121570033212016,1,0
297,584,28.16961497784448,1,0
584,297,28.16961497784448,1,0
297,585,29.01091039591829,1,0
585,297,29.01091039591829,1,0
298,436,23.53025977332167,1,0
436,298,23.53025977332167,1,0
299,406,21.007221353620285,0,1
406,299,21.007221353620285,0,1
299,407,32.10174253837321,1,0
407,299,32.10174253837321,1,0
299,416,42.24566374197475,1,0
416,299,42.24566374197475,1,0
299,441,25.929711008802236,1,0
441,299,25.929711008802236,1,0
299,466,12.405506720807498,1,0
466,299,12.405506720807498,1,0
299,470,21.776535009041268,1,0
470,299,21.776535009041268,1,0
299,473,27.905177888700152,1,0
473,299,27.905177888700152,1,0
299,500,18.646550351204375,1,0
500,299,18.646550351204375,1,0
517,299,9.831344007815005,1,1
299,588,19.798398344310584,1,0
588,299,19.798398344310584,1,0
299,589,30.8390013456986,1,0
589,299,30.8390013456986,1,0
299,598,34.08071062932814,1,0
598,299,34.08071062932814,1,0
299,599,22.15944462300443,1,0
599,299,22.15944462300443,1,0
299,606,20.285421957652247,0,1
606,299,20.285421957652247,0,1
299,607,19.003107561659487,0,1
607,299,19.003107561659487,0,1
299,608,17.64997450423088,1,1
608,299,17.64997450423088,1,1
299,609,15.171310095044527,1,1
609,299,15.171310095044527,1,1
300,304,8.627854715976621,1,0
304,300,8.627854715976621,1,0
300,433,12.97575739600583,0,1
433,300,12.97575739600583,0,1
300,438,34.945044512777486,1,0
438,300,34.945044512777486,1,0
300,439,9.233655235062658,1,0
439,300,9.233655235062658,1,0
300,463,35.18215065910554,1,0
463,300,35.18215065910554,1,0
300,464,35.86896492791505,1,0
464,300,35.86896492791505,1,0
300,486,38.7562508119658,1,0
486,300,38.7562508119658,1,0
300,504,10.390331515404116,1,0
504,300,10.390331515404116,1,0
300,587,36.176002391087934,0,1
587,300,36.176002391087934,0,1
302,432,96.41251016336003,1,0
432,302,96.41251016336003,1,0
302,434,44.052827423446956,1,0
434,302,44.052827423446956,1,0
302,459,66.71927626256148,1,0
459,302,66.71927626256148,1,0
302,460,68.89683211875564,1,0
460,302,68.89683211875564,1,0
302,467,37.12815161033471,1,0
467,302,37.12815161033471,1,0
302,476,27.024444952672017,1,0
476,302,27.024444952672017,1,0
302,507,18.37681694418269,1,0
507,302,18.37681694418269,1,0
302,508,17.45601695691202,1,0
508,302,17.45601695691202,1,0
302,509,82.33884334868932,1,0
509,302,82.33884334868932,1,0
302,590,9.192805012617203,1,1
590,302,9.192805012617203,1,1
303,404,42.53110646338748,0,1
404,303,42.53110646338748,0,1
303,408,31.59063801191739,1,0
408,303,31.59063801191739,1,0
303,417,23.65485685858192,0,1
417,303,23.65485685858192,0,1
303,427,44.814386618584884,0,1
427,303,44.814386618584884,0,1
303,454,16.425422308117376,1,0
303,455,41.49080752407695,0,1
455,303,41.49080752407695,0,1
303,456,41.47145678656587,0,1
456,303,41.47145678656587,0,1
303,457,46.116050763264624,0,1
457,303,46.116050763264624,0,1
303,458,43.90709196701599,0,1
458,303,43.90709196701599,0,1
303,468,39.04035125354279,0,1
468,303,39.04035125354279,0,1
303,469,42.82935577381476,0,1
469,303,42.82935577381476,0,1
303,495,34.825296122215526,0,1
495,303,34.825296122215526,0,1
303,501,18.482183042054313,0,1
501,303,18.482183042054313,0,1
303,502,20.255311525622112,0,1
502,303,20.255311525622112,0,1
303,503,21.1717693167104,1,0
303,505,16.257588904877622,1,0
505,303,16.257588904877622,1,0
303,506,26.223094134750767,1,0
506,303,26.223094134750767,1,0
303,518,28.17202337426263,1,0
518,303,28.17202337426263,1,0
303,519,26.28679480271416,1,0
519,303,26.28679480271416,1,0
303,594,25.639299541914166,0,1
594,303,25.639299541914166,0,1
595,303,16.012688375160494,0,1
303,597,28.8920741553804,0,1
597,303,28.8920741553804,0,1
304,405,35.95799504977996,0,1
405,304,35.95799504977996,0,1
304,437,33.926535514254915,0,1
437,304,33.926535514254915,0,1
304,438,26.35774392849282,1,1
438,304,26.35774392849282,1,1
304,463,26.63087159670145,1,1
463,304,26.63087159670145,1,1
304,464,27.36012141785924,1,1
464,304,27.36012141785924,1,1
304,486,30.664483592586393,1,0
486,304,30.664483592586393,1,0
307,311,11.33472831610886,1,0
311,307,11.33472831610886,1,0
307,312,10.152604050193231,1,0
312,307,10.152604050193231,1,0
307,313,10.527364817465005,1,0
313,307,10.527364817465005,1,0
307,314,9.916321999612558,1,0
314,307,9.916321999612558,1,0
307,315,9.2370374579732,1,0
315,307,9.2370374579732,1,0
307,316,8.046760466175192,1,0
316,307,8.046760466175192,1,0
307,317,7.235451609954972,1,0
317,307,7.235451609954972,1,0
307,318,24.473897360248937,1,0
318,307,24.473897360248937,1,0
307,319,5.982743350671162,1,0
319,307,5.982743350671162,1,0
307,320,5.492749129534317,1,0
320,307,5.492749129534317,1,0
307,321,6.469533522596509,1,0
321,307,6.469533522596509,1,0
307,322,7.155095666725917,1,0
322,307,7.155095666725917,1,0
307,323,8.88184057501597,1,0
323,307,8.88184057501597,1,0
307,324,10.352445121805765,1,0
324,307,10.352445121805765,1,0
307,325,10.649521773300433,1,0
325,307,10.649521773300433,1,0
307,326,31.28979466215782,1,0
326,307,31.28979466215782,1,0
307,327,8.911725366055666,1,0
327,307,8.911725366055666,1,0
307,328,7.618940215016784,1,0
328,307,7.618940215016784,1,0
307,329,8.203395394591192,1,0
329,307,8.203395394591192,1,0
307,330,12.252525658002108,1,0
330,307,12.252525658002108,1,0
307,331,13.330086458834392,1,0
331,307,13.330086458834392,1,0
307,332,21.725892685917422,1,0
332,307,21.725892685917422,1,0
307,333,13.408060933632425,1,0
333,307,13.408060933632425,1,0
307,334,14.261751435220008,1,0
334,307,14.261751435220008,1,0
307,335,15.94046188163944,1,0
335,307,15.94046188163944,1,0
307,336,17.62795305757308,1,0
336,307,17.62795305757308,1,0
307,337,17.34808277591504,1,0
337,307,17.34808277591504,1,0
307,338,16.52908772437245,1,0
338,307,16.52908772437245,1,0
307,339,19.170145565435853,1,0
339,307,19.170145565435853,1,0
307,340,20.569269602978128,1,0
340,307,20.569269602978128,1,0
307,341,20.52007049208165,1,0
341,307,20.52007049208165,1,0
307,342,22.58206669018582,1,0
342,307,22.58206669018582,1,0
307,343,25.27512017775583,1,0
343,307,25.27512017775583,1,0
307,344,26.804027477228118,1,0
344,307,26.804027477228118,1,0
307,345,27.64148123744457,1,0
345,307,27.64148123744457,1,0
307,346,28.779258590172194,1,0
346,307,28.779258590172194,1,0
307,347,30.567699357328156,1,0
347,307,30.567699357328156,1,0
307,348,31.100713978942668,1,0
348,307,31.100713978942668,1,0
307,349,17.842346958850452,1,0
349,307,17.842346958850452,1,0
307,350,16.90297873157273,1,0
350,307,16.90297873157273,1,0
307,351,15.448952229843938,1,0
351,307,15.448952229843938,1,0
307,352,12.912860953328662,1,0
352,307,12.912860953328662,1,0
307,353,12.931556480176699,1,0
353,307,12.931556480176699,1,0
307,354,13.418645609747655,1,0
354,307,13.418645609747655,1,0
307,355,13.560202247754273,1,0
355,307,13.560202247754273,1,0
307,356,13.130162679875678,1,1
356,307,13.130162679875678,1,1
307,357,14.337158330715331,1,1
357,307,14.337158330715331,1,1
307,358,12.971658721998509,1,1
358,307,12.971658721998509,1,1
307,359,11.567814400309162,1,1
359,307,11.567814400309162,1,1
307,360,10.07778929130789,1,1
360,307,10.07778929130789,1,1
307,361,29.382966834545485,1,0
361,307,29.382966834545485,1,0
307,362,10.61767432162053,1,1
362,307,10.61767432162053,1,1
307,363,11.065827217158235,1,1
363,307,11.065827217158235,1,1
307,364,10.330613244139963,1,1
364,307,10.330613244139963,1,1
307,365,9.314251446036875,1,1
365,307,9.314251446036875,1,1
307,366,8.537690612806253,1,1
366,307,8.537690612806253,1,1
307,367,8.154689754981487,1,1
367,307,8.154689754981487,1,1
307,368,9.05588427487896,1,1
368,307,9.05588427487896,1,1
307,369,9.967817213412372,1,1
369,307,9.967817213412372,1,1
307,370,10.36668558411993,1,1
370,307,10.36668558411993,1,1
307,371,10.410946594810675,1,1
371,307,10.410946594810675,1,1
307,372,10.42369018150482,1,1
372,307,10.42369018150482,1,1
307,373,10.493702873628546,1,1
373,307,10.493702873628546,1,1
307,374,28.182981194330736,1,0
374,307,28.182981194330736,1,0
307,375,11.387000702555524,1,1
375,307,11.387000702555524,1,1
307,376,8.34955453901584,1,1
376,307,8.34955453901584,1,1
307,377,7.446850878055771,1,1
377,307,7.446850878055771,1,1
307,378,4.655190758712257,1,1
378,307,4.655190758712257,1,1
307,380,5.877976522579858,1,0
380,307,5.877976522579858,1,0
307,419,7.353924122534853,0,1
419,307,7.353924122534853,0,1
307,420,6.478102345594734,0,1
420,307,6.478102345594734,0,1
307,421,4.441189255143266,0,1
421,307,4.441189255143266,0,1
308,311,10.97289897884784,1,0
311,308,10.97289897884784,1,0
308,312,10.089686863327326,1,0
312,308,10.089686863327326,1,0
308,313,10.64801521411385,1,0
313,308,10.64801521411385,1,0
308,314,10.115398163196543,1,0
314,308,10.115398163196543,1,0
308,315,9.591939167863817,1,0
315,308,9.591939167863817,1,0
308,316,8.634218899240393,1,0
316,308,8.634218899240393,1,0
308,317,8.022156941870435,1,0
317,308,8.022156941870435,1,0
308,318,25.16752244461103,1,0
318,308,25.16752244461103,1,0
308,319,6.975569367442345,1,0
319,308,6.975569367442345,1,0
308,320,6.595870905346768,1,0
320,308,6.595870905346768,1,0
308,321,7.6028937911824075,1,0
321,308,7.6028937911824075,1,0
308,322,8.293054925659181,1,0
322,308,8.293054925659181,1,0
308,323,9.98023496717387,1,0
323,308,9.98023496717387,1,0
308,324,11.333265813524362,1,0
324,308,11.333265813524362,1,0
308,325,11.646996179273007,1,0
325,308,11.646996179273007,1,0
308,326,32.14578423370629,1,0
326,308,32.14578423370629,1,0
308,327,10.027951984328606,1,0
327,308,10.027951984328606,1,0
308,328,8.757348685532625,1,0
328,308,8.757348685532625,1,0
308,329,9.334230016450205,1,0
329,308,9.334230016450205,1,0
308,330,13.371890105740475,1,0
330,308,13.371890105740475,1,0
308,331,14.431307390531185,1,0
331,308,14.431307390531185,1,0
308,332,22.450008752782256,1,0
332,308,22.450008752782256,1,0
308,333,14.497706991107249,1,0
333,308,14.497706991107249,1,0
308,334,15.343066968504049,1,0
334,308,15.343066968504049,1,0
308,335,17.033533426743848,1,0
335,308,17.033533426743848,1,0
308,336,18.6992685685831,1,0
336,308,18.6992685685831,1,0
308,337,18.409623841893133,1,0
337,308,18.409623841893133,1,0
308,338,17.54991524196057,1,0
338,308,17.54991524196057,1,0
308,339,20.119855789741635,1,0
339,308,20.119855789741635,1,0
308,340,21.329539751246394,1,0
340,308,21.329539751246394,1,0
308,341,21.46401297521039,1,0
341,308,21.46401297521039,1,0
308,342,23.547807753589293,1,0
342,308,23.547807753589293,1,0
308,343,26.2752225870686,1,0
343,308,26.2752225870686,1,0
308,344,27.817478767853856,1,0
344,308,27.817478767853856,1,0
308,345,28.66415351968378,1,0
345,308,28.66415351968378,1,0
308,346,29.81509706507762,1,0
346,308,29.81509706507762,1,0
308,347,31.597226365616333,1,0
347,308,31.597226365616333,1,0
308,348,32.13300272305718,1,0
348,308,32.13300272305718,1,0
308,349,18.549698568979498,1,0
349,308,18.549698568979498,1,0
308,350,17.601326881800702,1,0
350,308,17.601326881800702,1,0
308,351,16.153118491486403,1,0
351,308,16.153118491486403,1,0
308,352,13.395038633762875,1,0
352,308,13.395038633762875,1,0
308,353,13.380123803612582,1,0
353,308,13.380123803612582,1,0
308,354,13.492498211969494,1,0
354,308,13.492498211969494,1,0
308,355,13.591634669898982,1,0
355,308,13.591634669898982,1,0
308,356,12.597654781744101,1,1
356,308,12.597654781744101,1,1
308,357,14.166946918796583,1,1
357,308,14.166946918796583,1,1
308,358,12.952170011237499,1,1
358,308,12.952170011237499,1,1
308,359,11.483309975786598,1,1
359,308,11.483309975786598,1,1
308,360,9.781833212644754,1,1
360,308,9.781833212644754,1,1
308,361,30.110160975989487,1,0
361,308,30.110160975989487,1,0
308,362,10.141071442406863,1,1
362,308,10.141071442406863,1,1
308,363,10.562000284037111,1,1
363,308,10.562000284037111,1,1
308,364,9.784770206806085,1,1
364,308,9.784770206806085,1,1
308,365,8.859783857408713,1,1
365,308,8.859783857408713,1,1
308,366,8.14496341305472,1,1
366,308,8.14496341305472,1,1
308,367,8.031460452495548,1,1
367,308,8.031460452495548,1,1
308,368,9.069800108050893,1,1
368,308,9.069800108050893,1,1
308,369,10.075243024364227,1,1
369,308,10.075243024364227,1,1
308,370,10.571581906223873,1,1
370,308,10.571581906223873,1,1
308,371,10.666079364040003,1,1
371,308,10.666079364040003,1,1
308,372,10.824100193549578,1,1
372,308,10.824100193549578,1,1
308,373,11.0344200572572,1,1
373,308,11.0344200572572,1,1
308,374,28.89004778466107,1,0
374,308,28.89004778466107,1,0
308,375,12.111802219323101,1,1
375,308,12.111802219323101,1,1
308,376,9.183208861830378,1,1
376,308,9.183208861830378,1,1
308,377,8.31991165818484,1,1
377,308,8.31991165818484,1,1
308,378,5.624937777433631,1,1
378,308,5.624937777433631,1,1
379,308,4.669096379386486,1,1
308,380,6.914761745714743,1,0
380,308,6.914761745714743,1,0
308,419,6.214986564748149,0,1
419,308,6.214986564748149,0,1
308,420,5.433755975382038,0,1
420,308,5.433755975382038,0,1
309,311,10.343203807331653,1,0
311,309,10.343203807331653,1,0
309,312,9.732224822721678,1,0
312,309,9.732224822721678,1,0
309,313,10.454591766300586,1,0
313,309,10.454591766300586,1,0
309,314,10.002022245526152,1,0
314,309,10.002022245526152,1,0
309,315,9.63502288528678,1,0
315,309,9.63502288528678,1,0
309,316,8.920845531674676,1,0
316,309,8.920845531674676,1,0
309,317,8.523444667503862,1,0
317,309,8.523444667503862,1,0
309,318,26.114529078656577,1,0
318,309,26.114529078656577,1,0
309,319,7.721579954905602,1,0
319,309,7.721579954905602,1,0
309,320,7.499591455539428,1,0
320,309,7.499591455539428,1,0
309,321,8.572147747210147,1,0
321,309,8.572147747210147,1,0
309,322,9.313796486932704,1,0
322,309,9.313796486932704,1,0
309,323,10.86233055103738,1,0
323,309,10.86233055103738,1,0
309,324,12.035080597985209,1,0
324,309,12.035080597985209,1,0
309,325,12.369650156734426,1,0
325,309,12.369650156734426,1,0
309,326,33.17108760652867,1,0
326,309,33.17108760652867,1,0
309,327,10.945958614940949,1,0
327,309,10.945958614940949,1,0
309,328,9.774815445828121,1,0
328,309,9.774815445828121,1,0
309,329,10.375344090679596,1,0
329,309,10.375344090679596,1,0
309,330,14.427591621611697,1,0
330,309,14.427591621611697,1,0
309,331,15.49920210849578,1,0
331,309,15.49920210849578,1,0
309,332,23.41508342927695,1,0
332,309,23.41508342927695,1,0
309,333,15.5700204559917,1,0
333,309,15.5700204559917,1,0
309,334,16.417614838946612,1,0
334,309,16.417614838946612,1,0
309,335,18.10485603367229,1,0
335,309,18.10485603367229,1,0
309,336,19.77572152918826,1,0
336,309,19.77572152918826,1,0
309,337,19.487080463732887,1,0
337,309,19.487080463732887,1,0
309,338,18.62628170086558,1,0
338,309,18.62628170086558,1,0
309,339,21.18137238235521,1,0
339,309,21.18137238235521,1,0
309,340,22.313822375379793,1,0
340,309,22.313822375379793,1,0
309,341,22.52361365323069,1,0
341,309,22.52361365323069,1,0
309,342,24.6131855922796,1,0
342,309,24.6131855922796,1,0
309,343,27.34808536259897,1,0
343,309,27.34808536259897,1,0
309,344,28.89249161979631,1,0
344,309,28.89249161979631,1,0
309,345,29.74036018611745,1,0
345,309,29.74036018611745,1,0
309,346,30.8925071174225,1,0
346,309,30.8925071174225,1,0
309,347,32.67410743998985,1,0
347,309,32.67410743998985,1,0
309,348,33.210122146719065,1,0
348,309,33.210122146719065,1,0
309,349,19.509011866314502,1,0
349,309,19.509011866314502,1,0
309,350,18.55686689611153,1,0
350,309,18.55686689611153,1,0
309,351,17.11342128272427,1,0
351,309,17.11342128272427,1,0
309,352,14.233205015034386,1,0
352,309,14.233205015034386,1,0
309,353,14.19704377678677,1,0
353,309,14.19704377678677,1,0
309,354,14.03846362676486,1,0
354,309,14.03846362676486,1,0
309,355,14.102788518587378,1,0
355,309,14.102788518587378,1,0
309,356,12.582451788105526,1,1
356,309,12.582451788105526,1,1
309,357,14.501484130943286,1,1
357,309,14.501484130943286,1,1
309,358,13.424780407887498,1,1
358,309,13.424780407887498,1,1
309,359,11.91079094770788,1,1
359,309,11.91079094770788,1,1
309,360,10.034089295994928,1,1
360,309,10.034089295994928,1,1
309,361,31.073212466689053,1,0
361,309,31.073212466689053,1,0
309,362,10.207544905607813,1,1
362,309,10.207544905607813,1,1
309,363,10.594985842369022,1,1
363,309,10.594985842369022,1,1
309,364,9.780213136736847,1,1
364,309,9.780213136736847,1,1
309,365,8.96547405327794,1,1
365,309,8.96547405327794,1,1
309,366,8.32500006006006,1,1
366,309,8.32500006006006,1,1
309,367,8.463648622195986,1,1
367,309,8.463648622195986,1,1
309,368,9.601640120312778,1,1
368,309,9.601640120312778,1,1
309,369,10.67030969559928,1,1
369,309,10.67030969559928,1,1
309,370,11.235563759776365,1,1
370,309,11.235563759776365,1,1
309,371,11.365472801428016,1,1
371,309,11.365472801428016,1,1
309,372,11.620843342890396,1,1
372,309,11.620843342890396,1,1
309,373,11.916263550291259,1,1
373,309,11.916263550291259,1,1
309,374,29.84264147155878,1,0
374,309,29.84264147155878,1,0
309,375,13.088908052240264,1,1
375,309,13.088908052240264,1,1
309,376,10.213074953215608,1,1
376,309,10.213074953215608,1,1
309,377,9.365105071487452,1,1
377,309,9.365105071487452,1,1
309,378,6.697704084236627,1,1
378,309,6.697704084236627,1,1
309,379,5.7450147084232945,1,1
379,309,5.7450147084232945,1,1
309,380,7.7172977783677625,1,0
380,309,7.7172977783677625,1,0
309,419,5.2240491000755345,0,1
419,309,5.2240491000755345,0,1
420,309,4.3583360356906855,0,1
310,311,9.337622181262208,1,0
311,310,9.337622181262208,1,0
310,312,9.09123803450333,1,0
312,310,9.09123803450333,1,0
310,313,10.020493001843771,1,0
313,310,10.020493001843771,1,0
310,314,9.682267709581263,1,0
314,310,9.682267709581263,1,0
310,315,9.531097785669813,1,0
315,310,9.531097785669813,1,0
310,316,9.155671684808276,1,0
316,310,9.155671684808276,1,0
310,317,9.050219113369575,1,0
317,310,9.050219113369575,1,0
310,318,27.512114458907007,1,0
318,310,27.512114458907007,1,0
310,319,8.586927040565792,1,0
319,310,8.586927040565792,1,0
310,320,8.582809621563324,1,0
320,310,8.582809621563324,1,0
310,321,9.742515588902076,1,0
321,310,9.742515588902076,1,0
310,322,10.566109028398298,1,0
322,310,10.566109028398298,1,0
310,323,11.884248819340666,1,0
323,310,11.884248819340666,1,0
310,324,12.787726381182857,1,0
324,310,12.787726381182857,1,0
310,325,13.149120883161734,1,0
325,310,13.149120883161734,1,0
310,326,34.60644957229793,1,0
326,310,34.60644957229793,1,0
310,327,12.021879595138191,1,0
327,310,12.021879595138191,1,0
310,328,11.019437735202281,1,0
328,310,11.019437735202281,1,0
310,329,11.663339573209726,1,0
329,310,11.663339573209726,1,0
310,330,15.741590294503284,1,0
330,310,15.741590294503284,1,0
310,331,16.845989700816038,1,0
331,310,16.845989700816038,1,0
310,332,24.824108463346676,1,0
332,310,24.824108463346676,1,0
310,333,16.93218402923852,1,0
333,310,16.93218402923852,1,0
310,334,17.788918460659715,1,0
334,310,17.788918460659715,1,0
310,335,19.46208603927133,1,0
335,310,19.46208603927133,1,0
310,336,21.156569405269845,1,0
336,310,21.156569405269845,1,0
310,337,20.876325586654374,1,0
337,310,20.876325586654374,1,0
310,338,20.040337447258718,1,0
338,310,20.040337447258718,1,0
310,339,22.6161372696577,1,0
339,310,22.6161372696577,1,0
310,340,23.733365585184078,1,0
340,310,23.733365585184078,1,0
310,341,23.959279642760546,1,0
341,310,23.959279642760546,1,0
310,342,26.045559506372676,1,0
342,310,26.045559506372676,1,0
310,343,28.771467706740303,1,0
343,310,28.771467706740303,1,0
310,344,30.31084573217976,1,0
344,310,30.31084573217976,1,0
310,345,31.15459036803405,1,0
345,310,31.15459036803405,1,0
310,346,32.29980571148997,1,0
346,310,32.29980571148997,1,0
310,347,34.08500036673023,1,0
347,310,34.08500036673023,1,0
310,348,34.61953281025034,1,0
348,310,34.61953281025034,1,0
310,349,20.915686003571576,1,0
349,310,20.915686003571576,1,0
310,350,19.96166926887629,1,0
350,310,19.96166926887629,1,0
310,351,18.521467787408213,1,0
351,310,18.521467787408213,1,0
310,352,15.56141381751671,1,0
352,310,15.56141381751671,1,0
310,353,15.509009671800454,1,0
353,310,15.509009671800454,1,0
310,354,15.110552074626527,1,0
354,310,15.110552074626527,1,0
310,355,15.140303332496346,1,0
355,310,15.140303332496346,1,0
310,356,13.042297727011142,1,1
356,310,13.042297727011142,1,1
310,357,15.35295570891807,1,1
357,310,15.35295570891807,1,1
310,358,14.427109204549607,1,1
358,310,14.427109204549607,1,1
310,359,12.87701223110392,1,1
359,310,12.87701223110392,1,1
310,360,10.834592055079877,1,1
360,310,10.834592055079877,1,1
310,361,32.47987934090889,1,0
361,310,32.47987934090889,1,0
310,362,10.795303886412832,1,1
362,310,10.795303886412832,1,1
310,363,11.137343040420369,1,1
363,310,11.137343040420369,1,1
310,364,10.28938968063704,1,1
364,310,10.28938968063704,1,1
310,365,9.618809177855645,1,1
365,310,9.618809177855645,1,1
310,366,9.073454303626598,1,1
366,310,9.073454303626598,1,1
310,367,9.468831448494582,1,1
367,310,9.468831448494582,1,1
310,368,10.688199193503085,1,1
368,310,10.688199193503085,1,1
310,369,11.806622971874727,1,1
369,310,11.806622971874727,1,1
310,370,12.429920836433352,1,1
370,310,12.429920836433352,1,1
310,371,12.589653092917215,1,1
371,310,12.589653092917215,1,1
310,372,12.92303234539015,1,1
372,310,12.92303234539015,1,1
310,373,13.279547356743754,1,1
373,310,13.279547356743754,1,1
310,374,31.24307969775067,1,0
374,310,31.24307969775067,1,0
310,375,14.507387945457307,1,1
375,310,14.507387945457307,1,1
310,376,11.650364157398686,1,1
376,310,11.650364157398686,1,1
310,377,10.803371047964612,1,1
377,310,10.803371047964612,1,1
310,378,8.122121951805452,1,1
378,310,8.122121951805452,1,1
310,379,7.132502856641559,1,1
379,310,7.132502856641559,1,1
310,380,8.658386108276762,1,0
380,310,8.658386108276762,1,0
310,419,4.211205290650172,0,1
419,310,4.211205290650172,0,1
420,310,2.949707104103728,0,1
313,311,4.664424080205401,1,1
311,314,5.341439506350325,1,1
314,311,5.341439506350325,1,1
311,315,6.678557404110561,1,1
315,311,6.678557404110561,1,1
311,316,8.562403868073497,1,1
316,311,8.562403868073497,1,1
311,317,10.161042170958646,1,1
317,311,10.161042170958646,1,1
311,318,35.537065860872644,1,0
318,311,35.537065860872644,1,0
311,319,11.797444129980018,1,1
319,311,11.797444129980018,1,1
311,320,13.053160268685893,1,1
320,311,13.053160268685893,1,1
311,321,14.432721503583446,1,1
321,311,14.432721503583446,1,1
311,322,15.68093288041244,1,1
322,311,15.68093288041244,1,1
311,323,14.991743394282068,1,1
323,311,14.991743394282068,1,1
311,324,13.83532182495225,1,1
324,311,13.83532182495225,1,1
311,325,14.279181209018954,1,0
325,311,14.279181209018954,1,0
311,326,41.724030150502,1,0
326,311,41.724030150502,1,0
311,327,15.481294681001327,1,0
327,311,15.481294681001327,1,0
311,328,15.980369082095695,1,0
328,311,15.980369082095695,1,0
311,329,16.88128081633618,1,0
329,311,16.88128081633618,1,0
311,330,20.67945330515292,1,0
330,311,20.67945330515292,1,0
311,331,22.064008362036127,1,0
331,311,22.064008362036127,1,0
311,332,32.73176153218766,1,0
332,311,32.73176153218766,1,0
311,333,22.34313648528335,1,0
333,311,22.34313648528335,1,0
311,334,23.260511602284247,1,0
334,311,23.260511602284247,1,0
311,335,24.61714892102658,1,0
335,311,24.61714892102658,1,0
311,336,26.559352947690574,1,0
336,311,26.559352947690574,1,0
311,337,26.43350983127288,1,0
337,311,26.43350983127288,1,0
311,338,26.119862116787676,1,0
338,311,26.119862116787676,1,0
311,339,29.24146831128697,1,0
339,311,29.24146831128697,1,0
311,340,31.485363742539167,1,0
340,311,31.485363742539167,1,0
311,341,30.595425360664624,1,0
341,311,30.595425360664624,1,0
311,342,32.44844406131055,1,0
342,311,32.44844406131055,1,0
311,343,34.775983580626445,1,0
343,311,34.775983580626445,1,0
311,344,36.13136682994431,1,0
344,311,36.13136682994431,1,0
311,345,36.84619916626408,1,0
345,311,36.84619916626408,1,0
311,346,37.79729838229183,1,0
346,311,37.79729838229183,1,0
311,347,39.6259825114785,1,0
347,311,39.6259825114785,1,0
311,348,40.113344313332945,1,0
348,311,40.113344313332945,1,0
311,349,28.91757135376344,1,0
349,311,28.91757135376344,1,0
311,350,28.004733385626082,1,0
350,311,28.004733385626082,1,0
311,351,26.55197975669611,1,0
351,311,26.55197975669611,1,0
311,352,24.24552222576367,1,0
352,311,24.24552222576367,1,0
311,353,24.266149117649466,1,0
353,311,24.266149117649466,1,0
311,354,24.380741990349676,1,0
354,311,24.380741990349676,1,0
311,355,24.43724037202237,1,0
355,311,24.43724037202237,1,0
311,356,22.061902592478283,1,0
356,311,22.061902592478283,1,0
311,357,24.683700067048296,1,0
357,311,24.683700067048296,1,0
311,358,23.743316785992644,1,0
358,311,23.743316785992644,1,0
311,359,22.205441675409205,1,0
359,311,22.205441675409205,1,0
311,360,20.15847169306245,1,0
360,311,20.15847169306245,1,0
311,361,40.33529573462925,1,0
361,311,40.33529573462925,1,0
311,362,19.99148343670374,1,0
362,311,19.99148343670374,1,0
311,363,20.28561879756198,1,0
363,311,20.28561879756198,1,0
311,364,19.418124317245475,1,0
364,311,19.418124317245475,1,0
311,365,18.878741324569283,1,0
365,311,18.878741324569283,1,0
311,366,18.386184949575593,1,0
366,311,18.386184949575593,1,0
311,367,18.77844160200734,1,0
367,311,18.77844160200734,1,0
311,368,19.94415307803267,1,0
368,311,19.94415307803267,1,0
311,369,21.008108387001435,1,0
369,311,21.008108387001435,1,0
311,370,21.540118662625794,1,0
370,311,21.540118662625794,1,0
311,371,21.63893770497988,1,0
371,311,21.63893770497988,1,0
311,372,21.747709419614747,1,0
372,311,21.747709419614747,1,0
311,373,21.812650137019116,1,0
373,311,21.812650137019116,1,0
311,374,39.19575289492473,1,0
374,311,39.19575289492473,1,0
311,375,22.498848348304406,1,0
375,311,22.498848348304406,1,0
311,376,19.292751929157227,1,0
376,311,19.292751929157227,1,0
311,377,18.320320139124206,1,0
377,311,18.320320139124206,1,0
311,378,15.429625951396229,1,0
378,311,15.429625951396229,1,0
311,379,14.134646971183964,1,0
379,311,14.134646971183964,1,0
311,380,12.266362867614832,1,1
380,311,12.266362867614832,1,1
311,521,6.448003256822999,0,1
521,311,6.448003256822999,0,1
311,522,7.978575374087782,0,1
522,311,7.978575374087782,0,1
311,523,9.572236154629701,0,1
523,311,9.572236154629701,0,1
311,524,10.599901556146643,0,1
524,311,10.599901556146643,0,1
311,525,10.969360646819851,0,1
525,311,10.969360646819851,0,1
311,526,11.887395761898398,0,1
526,311,11.887395761898398,0,1
311,527,13.25432325696035,0,1
527,311,13.25432325696035,0,1
312,316,5.690854505256658,1,1
316,312,5.690854505256658,1,1
312,317,7.416656996248377,1,1
317,312,7.416656996248377,1,1
312,318,33.646423539508625,1,0
318,312,33.646423539508625,1,0
312,319,9.299009893531677,1,1
319,312,9.299009893531677,1,1
312,320,10.717919574245741,1,1
320,312,10.717919574245741,1,1
312,321,12.049640700037491,1,1
321,312,12.049640700037491,1,1
312,322,13.323329651404713,1,1
322,312,13.323329651404713,1,1
312,323,12.281830686017456,1,1
323,312,12.281830686017456,1,1
312,324,10.90453598279175,1,1
324,312,10.90453598279175,1,1
312,325,11.345638501203888,1,0
325,312,11.345638501203888,1,0
312,326,39.45733119459551,1,0
326,312,39.45733119459551,1,0
312,327,12.80929545291231,1,0
327,312,12.80929545291231,1,0
312,328,13.574245798570173,1,0
328,312,13.574245798570173,1,0
312,329,14.492467043260785,1,0
329,312,14.492467043260785,1,0
312,330,18.11802064244326,1,0
330,312,18.11802064244326,1,0
312,331,19.52914073890605,1,0
331,312,19.52914073890605,1,0
312,332,30.813359764881206,1,0
332,312,30.813359764881206,1,0
312,333,19.84248686531,1,0
333,312,19.84248686531,1,0
312,334,20.755739471288415,1,0
334,312,20.755739471288415,1,0
312,335,22.027457501945158,1,0
335,312,22.027457501945158,1,0
312,336,23.992184102327993,1,0
336,312,23.992184102327993,1,0
312,337,23.899268210554062,1,0
337,312,23.899268210554062,1,0
312,338,23.706064751451265,1,0
338,312,23.706064751451265,1,0
312,339,26.9271684363581,1,0
339,312,26.9271684363581,1,0
312,340,29.515171979847924,1,0
340,312,29.515171979847924,1,0
312,341,28.26955570927849,1,0
341,312,28.26955570927849,1,0
312,342,30.04411857585441,1,0
342,312,30.04411857585441,1,0
312,343,32.25930564968812,1,0
343,312,32.25930564968812,1,0
312,344,33.56621587251086,1,0
344,312,33.56621587251086,1,0
312,345,34.2504396468133,1,0
345,312,34.2504396468133,1,0
312,346,35.15868353621904,1,0
346,312,35.15868353621904,1,0
312,347,36.98653404956998,1,0
347,312,36.98653404956998,1,0
312,348,37.46283311496876,1,0
348,312,37.46283311496876,1,0
312,349,27.07987621832862,1,0
349,312,27.07987621832862,1,0
312,350,26.196735540902804,1,0
350,312,26.196735540902804,1,0
312,351,24.75848856453075,1,0
351,312,24.75848856453075,1,0
312,352,22.833323214109683,1,0
352,312,22.833323214109683,1,0
312,353,22.902120862487823,1,0
353,312,22.902120862487823,1,0
312,354,23.548452029804423,1,0
354,312,23.548452029804423,1,0
312,355,23.666903219475085,1,0
355,312,23.666903219475085,1,0
312,356,22.133005602493302,1,0
356,312,22.133005602493302,1,0
312,357,24.221451195169955,1,0
357,312,24.221451195169955,1,0
312,358,23.039648716940107,1,0
358,312,23.039648716940107,1,0
312,359,21.571474520764685,1,0
359,312,21.571474520764685,1,0
312,360,19.766297883012893,1,0
360,312,19.766297883012893,1,0
312,361,38.34020272507698,1,0
361,312,38.34020272507698,1,0
312,362,19.866368792509615,1,0
362,312,19.866368792509615,1,0
312,363,20.221012462287835,1,0
363,312,20.221012462287835,1,0
312,364,19.37752339696691,1,0
364,312,19.37752339696691,1,0
312,365,18.659495625552154,1,0
365,312,18.659495625552154,1,0
312,366,18.05063638767343,1,0
366,312,18.05063638767343,1,0
312,367,18.118078154153107,1,0
367,312,18.118078154153107,1,0
312,368,19.14564976698362,1,0
368,312,19.14564976698362,1,0
312,369,20.10675809274086,1,0
369,312,20.10675809274086,1,0
312,370,20.518661384213154,1,0
370,312,20.518661384213154,1,0
312,371,20.553840419736648,1,0
371,312,20.553840419736648,1,0
312,372,20.47648895685,1,0
372,312,20.47648895685,1,0
312,373,20.35570654632258,1,0
373,312,20.35570654632258,1,0
312,374,37.2485603748655,1,0
374,312,37.2485603748655,1,0
312,375,20.761134313904915,1,0
375,312,20.761134313904915,1,0
312,376,17.50107528125058,1,0
376,312,17.50107528125058,1,0
312,377,16.51670757142597,1,0
377,312,16.51670757142597,1,0
312,378,13.690335861475424,1,0
378,312,13.690335861475424,1,0
312,379,12.383825014913608,1,0
379,312,12.383825014913608,1,0
312,380,9.809016719325133,1,1
380,312,9.809016719325133,1,1
312,426,4.9435243500968005,0,1
312,521,4.659888088784966,0,1
521,312,4.659888088784966,0,1
312,522,5.333615096723797,0,1
522,312,5.333615096723797,0,1
312,523,6.73245646105491,0,1
523,312,6.73245646105491,0,1
312,524,7.65291486951214,0,1
524,312,7.65291486951214,0,1
312,525,7.971734566579597,0,1
525,312,7.971734566579597,0,1
312,526,8.866508952231424,0,1
526,312,8.866508952231424,0,1
312,527,10.257588800493027,0,1
527,312,10.257588800493027,0,1
312,537,4.746725713584049,0,1
313,316,4.643333716200032,1,1
316,313,4.643333716200032,1,1
313,317,6.50445216755416,1,1
317,313,6.50445216755416,1,1
313,318,33.28085182203124,1,0
318,313,33.28085182203124,1,0
313,319,8.63015017250569,1,1
319,313,8.63015017250569,1,1
313,320,10.178224648729266,1,1
320,313,10.178224648729266,1,1
313,321,11.433876420532103,1,1
321,313,11.433876420532103,1,1
313,322,12.709918803831911,1,1
322,313,12.709918803831911,1,1
313,323,11.306366082875611,1,1
323,313,11.306366082875611,1,1
313,324,9.619595105824361,1,1
324,313,9.619595105824361,1,1
313,325,10.051338020383156,1,0
325,313,10.051338020383156,1,0
313,326,38.78346792126769,1,0
326,313,38.78346792126769,1,0
313,327,11.872653999843505,1,0
327,313,11.872653999843505,1,0
313,328,12.910216109732634,1,0
328,313,12.910216109732634,1,0
313,329,13.832372826091698,1,0
329,313,13.832372826091698,1,0
313,330,17.251860102609225,1,0
330,313,17.251860102609225,1,0
313,331,18.68045344738719,1,0
331,313,18.68045344738719,1,0
313,332,30.43630261710512,1,0
332,313,30.43630261710512,1,0
313,333,19.02564248586628,1,0
333,313,19.02564248586628,1,0
313,334,19.92942598270206,1,0
334,313,19.92942598270206,1,0
313,335,21.11000532922718,1,0
335,313,21.11000532922718,1,0
313,336,23.08905405164967,1,0
336,313,23.08905405164967,1,0
313,337,23.02898039427712,1,0
337,313,23.02898039427712,1,0
313,338,22.950413351397398,1,0
338,313,22.950413351397398,1,0
313,339,26.246381941136192,1,0
339,313,26.246381941136192,1,0
313,340,29.10362482578416,1,0
340,313,29.10362482578416,1,0
313,341,27.573814335343595,1,0
341,313,27.573814335343595,1,0
313,342,29.27368610202685,1,0
342,313,29.27368610202685,1,0
313,343,31.380241076193155,1,0
343,313,31.380241076193155,1,0
313,344,32.63819720817925,1,0
344,313,32.63819720817925,1,0
313,345,33.29131167436933,1,0
345,313,33.29131167436933,1,0
313,346,34.15528452523855,1,0
346,313,34.15528452523855,1,0
313,347,35.97942592649304,1,0
347,313,35.97942592649304,1,0
313,348,36.443849467365546,1,0
348,313,36.443849467365546,1,0
313,349,26.77831759091672,1,0
349,313,26.77831759091672,1,0
313,350,25.921408140762722,1,0
350,313,25.921408140762722,1,0
313,351,24.501579642953637,1,0
351,313,24.501579642953637,1,0
313,352,22.855869268089545,1,0
352,313,22.855869268089545,1,0
313,353,22.956207374041558,1,0
353,313,22.956207374041558,1,0
313,354,23.929419048526857,1,0
354,313,23.929419048526857,1,0
313,355,24.083274798083423,1,0
355,313,24.083274798083423,1,0
313,356,23.00781628055996,1,0
356,313,23.00781628055996,1,0
313,357,24.807622155297352,1,0
357,313,24.807622155297352,1,0
313,358,23.498808480431514,1,0
358,313,23.498808480431514,1,0
313,359,22.08127976363689,1,0
359,313,22.08127976363689,1,0
313,360,20.424096675251025,1,0
360,313,20.424096675251025,1,0
313,361,37.88396117092298,1,0
361,313,37.88396117092298,1,0
313,362,20.66152448392906,1,0
362,313,20.66152448392906,1,0
313,363,21.043414029097086,1,0
363,313,21.043414029097086,1,0
313,364,20.219033112391898,1,0
364,313,20.219033112391898,1,0
313,365,19.418128694598767,1,0
365,313,19.418128694598767,1,0
313,366,18.755432519672798,1,0
366,313,18.755432519672798,1,0
313,367,18.645759973784923,1,0
367,313,18.645759973784923,1,0
313,368,19.583241662196787,1,0
368,313,19.583241662196787,1,0
313,369,20.47439518032218,1,0
369,313,20.47439518032218,1,0
313,370,20.809976549722492,1,0
370,313,20.809976549722492,1,0
313,371,20.805600808436175,1,0
371,313,20.805600808436175,1,0
313,372,20.6108526994882,1,0
372,313,20.6108526994882,1,0
313,373,20.368007511781805,1,0
373,313,20.368007511781805,1,0
313,374,36.83105202135828,1,0
374,313,36.83105202135828,1,0
313,375,20.572508962204875,1,0
375,313,20.572508962204875,1,0
313,376,17.304257655270856,1,0
376,313,17.304257655270856,1,0
313,377,16.322850057511403,1,0
377,313,16.322850057511403,1,0
313,378,13.588697251760376,1,0
378,313,13.588697251760376,1,0
313,379,12.300663112206594,1,0
379,313,12.300663112206594,1,0
313,380,9.169624310733782,1,1
380,313,9.169624310733782,1,1
313,426,6.357809056585452,0,1
313,523,4.9998388974045955,0,1
523,313,4.9998388974045955,0,1
313,524,5.94260994849906,0,1
524,313,5.94260994849906,0,1
313,525,6.311584983187662,0,1
525,313,6.311584983187662,0,1
313,526,7.296649779179483,0,1
526,313,7.296649779179483,0,1
313,527,8.824906855032523,0,1
527,313,8.824906855032523,0,1
313,537,5.450437964053898,0,1
537,313,5.450437964053898,0,1
313,542,4.188529216801526,0,1
542,313,4.188529216801526,0,1
314,317,5.589795881783163,1,1
317,314,5.589795881783163,1,1
314,318,32.41241333193195,1,0
318,314,32.41241333193195,1,0
314,319,7.734507094831577,1,1
319,314,7.734507094831577,1,1
314,320,9.2984399229118,1,1
320,314,9.2984399229118,1,1
314,321,10.540115843765665,1,1
321,314,10.540115843765665,1,1
314,322,11.814820861951315,1,1
322,314,11.814820861951315,1,1
314,323,10.389835128624515,1,1
323,314,10.389835128624515,1,1
314,324,8.738682852695824,1,1
324,314,8.738682852695824,1,1
314,325,9.173260707076846,1,0
325,314,9.173260707076846,1,0
314,326,37.874548974212225,1,0
326,314,37.874548974212225,1,0
314,327,10.955771310136042,1,0
327,314,10.955771310136042,1,0
314,328,12.008785617205431,1,0
328,314,12.008785617205431,1,0
314,329,12.930602847508696,1,0
329,314,12.930602847508696,1,0
314,330,16.335378201927252,1,0
330,314,16.335378201927252,1,0
314,331,17.76424524149563,1,0
331,314,17.76424524149563,1,0
314,332,29.566664421270115,1,0
332,314,29.566664421270115,1,0
314,333,18.110386522655997,1,0
333,314,18.110386522655997,1,0
314,334,19.013744291958908,1,0
334,314,19.013744291958908,1,0
314,335,20.193218589417587,1,0
335,314,20.193218589417587,1,0
314,336,22.17219531304918,1,0
336,314,22.17219531304918,1,0
314,337,22.11220861876986,1,0
337,314,22.11220861876986,1,0
314,338,22.03754444124844,1,0
338,314,22.03754444124844,1,0
314,339,25.33822734525839,1,0
339,314,25.33822734525839,1,0
314,340,28.228516397430454,1,0
340,314,28.228516397430454,1,0
314,341,26.664294571580175,1,0
341,314,26.664294571580175,1,0
314,342,28.359453626612765,1,0
342,314,28.359453626612765,1,0
314,343,30.46335756281635,1,0
343,314,30.46335756281635,1,0
314,344,31.72184680941512,1,0
344,314,31.72184680941512,1,0
314,345,32.37589401082231,1,0
345,314,32.37589401082231,1,0
314,346,33.242026848554225,1,0
346,314,33.242026848554225,1,0
314,347,35.06647461607739,1,0
347,314,35.06647461607739,1,0
314,348,35.53169008082784,1,0
348,314,35.53169008082784,1,0
314,349,25.92427999000165,1,0
349,314,25.92427999000165,1,0
314,350,25.073159274411353,1,0
350,314,25.073159274411353,1,0
314,351,23.65805378724125,1,0
351,314,23.65805378724125,1,0
314,352,22.084502892299838,1,0
352,314,22.084502892299838,1,0
314,353,22.19403850136338,1,0
353,314,22.19403850136338,1,0
314,354,23.277565250687196,1,0
354,314,23.277565250687196,1,0
314,355,23.44497091062388,1,0
355,314,23.44497091062388,1,0
314,356,22.582975756086707,1,0
356,314,22.582975756086707,1,0
314,357,24.2391069348687,1,0
357,314,24.2391069348687,1,0
314,358,22.878425557717033,1,0
358,314,22.878425557717033,1,0
314,359,21.484091416673873,1,0
359,314,21.484091416673873,1,0
314,360,19.895748013080585,1,0
360,314,19.895748013080585,1,0
314,361,36.999820134697956,1,0
361,314,36.999820134697956,1,0
314,362,20.199668561637342,1,0
362,314,20.199668561637342,1,0
314,363,20.594754526335098,1,0
363,314,20.594754526335098,1,0
314,364,19.782232836563217,1,0
364,314,19.782232836563217,1,0
314,365,18.940775749688818,1,0
365,314,18.940775749688818,1,0
314,366,18.2533739620926,1,0
366,314,18.2533739620926,1,0
314,367,18.063279574872332,1,0
367,314,18.063279574872332,1,0
314,368,18.96104875791421,1,0
368,314,18.96104875791421,1,0
314,369,19.822877137287616,1,0
369,314,19.822877137287616,1,0
314,370,20.129346735550065,1,0
370,314,20.129346735550065,1,0
314,371,20.110809456608155,1,0
371,314,20.110809456608155,1,0
314,372,19.87669210407003,1,0
372,314,19.87669210407003,1,0
314,373,19.596676299821866,1,0
373,314,19.596676299821866,1,0
314,374,35.953060022757455,1,0
374,314,35.953060022757455,1,0
314,375,19.747622667045267,1,0
375,314,19.747622667045267,1,0
314,376,16.481418779947315,1,0
376,314,16.481418779947315,1,0
314,377,15.50227757460174,1,0
377,314,15.50227757460174,1,0
314,378,12.798300082432823,1,0
378,314,12.798300082432823,1,0
314,379,11.519663753773372,1,0
379,314,11.519663753773372,1,0
314,380,8.276770988737093,1,1
380,314,8.276770988737093,1,1
314,426,7.164211331332989,0,1
426,314,7.164211331332989,0,1
314,521,4.222320925746882,0,1
314,523,4.639229354106131,0,1
523,314,4.639229354106131,0,1
314,524,5.403327955991566,0,1
524,314,5.403327955991566,0,1
314,525,5.66404669825382,0,1
525,314,5.66404669825382,0,1
314,526,6.547055674117946,0,1
526,314,6.547055674117946,0,1
314,527,7.992746023739275,0,1
527,314,7.992746023739275,0,1
314,537,6.3659181584434466,0,1
537,314,6.3659181584434466,0,1
314,542,5.097938897240727,0,1
542,314,5.097938897240727,0,1
315,317,4.147571458094483,1,1
317,315,4.147571458094483,1,1
315,318,31.097941427046262,1,0
318,315,31.097941427046262,1,0
315,319,6.371866680965633,1,1
319,315,6.371866680965633,1,1
315,320,7.981461645588483,1,1
320,315,7.981461645588483,1,1
315,321,9.174192335023285,1,1
321,315,9.174192335023285,1,1
315,322,10.441711976491211,1,1
322,315,10.441711976491211,1,1
315,323,8.907750613931668,1,1
323,315,8.907750613931668,1,1
315,324,7.260109985392783,1,1
324,315,7.260109985392783,1,1
315,325,7.69730011107791,1,0
325,315,7.69730011107791,1,0
315,326,36.44307650295183,1,0
326,315,36.44307650295183,1,0
315,327,9.480170884535784,1,0
327,315,9.480170884535784,1,0
315,328,10.613726065807427,1,0
328,315,10.613726065807427,1,0
315,329,11.533103528539055,1,0
329,315,11.533103528539055,1,0
315,330,14.867702512493313,1,0
330,315,14.867702512493313,1,0
315,331,16.299105251516107,1,0
331,315,16.299105251516107,1,0
315,332,28.25026106074066,1,0
332,315,28.25026106074066,1,0
315,333,16.652419794132022,1,0
333,315,16.652419794132022,1,0
315,334,17.55266033967501,1,0
334,315,17.55266033967501,1,0
315,335,18.7131105378021,1,0
335,315,18.7131105378021,1,0
315,336,20.693666084094428,1,0
336,315,20.693666084094428,1,0
315,337,20.639683548930687,1,0
337,315,20.639683548930687,1,0
315,338,20.591780204732178,1,0
338,315,20.591780204732178,1,0
315,339,23.911303812214005,1,0
339,315,23.911303812214005,1,0
315,340,26.898614852813516,1,0
340,315,26.898614852813516,1,0
315,341,25.231915702142,1,0
341,315,25.231915702142,1,0
315,342,26.905998903590255,1,0
342,315,26.905998903590255,1,0
315,343,28.98650225536017,1,0
343,315,28.98650225536017,1,0
315,344,30.237247659137232,1,0
344,315,30.237247659137232,1,0
315,345,30.887376612460955,1,0
345,315,30.887376612460955,1,0
315,346,31.74929167713825,1,0
346,315,31.74929167713825,1,0
315,347,33.573366304259686,1,0
347,315,33.573366304259686,1,0
315,348,34.037773796181206,1,0
348,315,34.037773796181206,1,0
315,349,24.648629049097234,1,0
349,315,24.648629049097234,1,0
315,350,23.812171362561624,1,0
350,315,23.812171362561624,1,0
315,351,22.409609947520284,1,0
351,315,22.409609947520284,1,0
315,352,21.00176052144201,1,0
352,315,21.00176052144201,1,0
315,353,21.130997373526885,1,0
353,315,21.130997373526885,1,0
315,354,22.439595740565384,1,0
354,315,22.439595740565384,1,0
315,355,22.633412690091614,1,0
355,315,22.633412690091614,1,0
315,356,22.17507034938108,1,0
356,315,22.17507034938108,1,0
315,357,23.56068454014017,1,0
357,315,23.56068454014017,1,0
315,358,22.10334556124932,1,0
358,315,22.10334556124932,1,0
315,359,20.757869760647406,1,0
359,315,20.757869760647406,1,0
315,360,19.306415773001472,1,0
360,315,19.306415773001472,1,0
315,361,35.643451923179384,1,0
361,315,35.643451923179384,1,0
315,362,19.732875436691938,1,0
362,315,19.732875436691938,1,0
315,363,20.15058909808842,1,0
363,315,20.15058909808842,1,0
315,364,19.362915715356507,1,0
364,315,19.362915715356507,1,0
315,365,18.450640449588736,1,0
365,315,18.450640449588736,1,0
315,366,17.720331599606144,1,0
366,315,17.720331599606144,1,0
315,367,17.37765973887163,1,0
367,315,17.37765973887163,1,0
315,368,18.194037622254164,1,0
368,315,18.194037622254164,1,0
315,369,18.994605786906977,1,0
369,315,18.994605786906977,1,0
315,370,19.241352473254057,1,0
370,315,19.241352473254057,1,0
315,371,19.193878451214594,1,0
371,315,19.193878451214594,1,0
315,372,18.878215646612368,1,0
372,315,18.878215646612368,1,0
315,373,18.518745124872797,1,0
373,315,18.518745124872797,1,0
315,374,34.61314692425408,1,0
374,315,34.61314692425408,1,0
315,375,18.548085076363005,1,0
375,315,18.548085076363005,1,0
315,376,15.292943536154183,1,0
376,315,15.292943536154183,1,0
315,377,14.321676333446446,1,0
377,315,14.321676333446446,1,0
315,378,11.699193220047269,1,0
378,315,11.699193220047269,1,0
315,379,10.449902200499295,1,0
379,315,10.449902200499295,1,0
315,380,6.921549320780716,1,1
380,315,6.921549320780716,1,1
315,426,8.601526434302228,0,1
426,315,8.601526434302228,0,1
315,521,5.245692042047455,0,1
521,315,5.245692042047455,0,1
522,315,3.794163939526072,0,1
315,523,4.179229115518794,0,1
523,315,4.179229115518794,0,1
315,524,4.56117572562163,0,1
524,315,4.56117572562163,0,1
315,525,4.6057783272754245,0,1
525,315,4.6057783272754245,0,1
315,526,5.280538703579399,0,1
526,315,5.280538703579399,0,1
315,527,6.578911916115005,0,1
527,315,6.578911916115005,0,1
315,537,7.855403299640319,0,1
537,315,7.855403299640319,0,1
315,542,6.55154394017166,0,1
542,315,6.55154394017166,0,1
316,318,28.910894866814484,1,0
318,316,28.910894866814484,1,0
319,316,4.18687472943722,1,1
316,320,5.837849347148314,1,1
320,316,5.837849347148314,1,1
316,321,6.967078727845696,1,1
321,316,6.967078727845696,1,1
316,322,8.224001945525062,1,1
322,316,8.224001945525062,1,1
316,323,6.666172064986021,1,1
323,316,6.666172064986021,1,1
316,324,5.28954156803782,1,1
324,316,5.28954156803782,1,1
316,325,5.734684646953134,1,0
325,316,5.734684646953134,1,0
316,326,34.18373443613205,1,0
326,316,34.18373443613205,1,0
316,327,7.2293585469251695,1,0
327,316,7.2293585469251695,1,0
316,328,8.37766578469206,1,0
328,316,8.37766578469206,1,0
316,329,9.294089842475163,1,0
329,316,9.294089842475163,1,0
316,330,12.610872174437421,1,0
330,316,12.610872174437421,1,0
316,331,14.04107876909748,1,0
331,316,14.04107876909748,1,0
316,332,26.06281306766405,1,0
332,316,26.06281306766405,1,0
316,333,14.39210964382915,1,0
333,316,14.39210964382915,1,0
316,334,15.293175471431693,1,0
334,316,15.293175471431693,1,0
316,335,16.467421443565478,1,0
335,316,16.467421443565478,1,0
316,336,18.44595004330219,1,0
336,316,18.44595004330219,1,0
316,337,18.386191177076345,1,0
337,316,18.386191177076345,1,0
316,338,18.330672682692253,1,0
338,316,18.330672682692253,1,0
316,339,21.65358873258657,1,0
339,316,21.65358873258657,1,0
316,340,24.70043323506695,1,0
340,316,24.70043323506695,1,0
316,341,22.9726721345167,1,0
341,316,22.9726721345167,1,0
316,342,24.645138790438978,1,0
342,316,24.645138790438978,1,0
316,343,26.73690905845326,1,0
343,316,26.73690905845326,1,0
316,344,27.998229819043917,1,0
344,316,27.998229819043917,1,0
316,345,28.65686760621265,1,0
345,316,28.65686760621265,1,0
316,346,29.533405374253743,1,0
346,316,29.533405374253743,1,0
316,347,31.359173235275193,1,0
347,316,31.359173235275193,1,0
316,348,31.828114615854957,1,0
348,316,31.828114615854957,1,0
316,349,22.500974223353087,1,0
349,316,22.500974223353087,1,0
316,350,21.679848431204498,1,0
350,316,21.679848431204498,1,0
316,351,20.291810195248722,1,0
351,316,20.291810195248722,1,0
316,352,19.077593244432066,1,0
352,316,19.077593244432066,1,0
316,353,19.230921064785225,1,0
353,316,19.230921064785225,1,0
316,354,20.828599280796585,1,0
354,316,20.828599280796585,1,0
316,355,21.057336797420515,1,0
355,316,21.057336797420515,1,0
316,356,21.172319712303608,1,0
356,316,21.172319712303608,1,0
316,357,22.163442264233236,1,0
357,316,22.163442264233236,1,0
316,358,20.57986365358138,1,0
358,316,20.57986365358138,1,0
316,359,19.310089797823313,1,0
359,316,19.310089797823313,1,0
316,360,18.06413620962818,1,0
360,316,18.06413620962818,1,0
316,361,33.422357935968556,1,0
361,316,33.422357935968556,1,0
316,362,18.664431253054566,1,0
362,316,18.664431253054566,1,0
316,363,19.111392675574432,1,0
363,316,19.111392675574432,1,0
316,364,18.367353864942004,1,0
364,316,18.367353864942004,1,0
316,365,17.360524243236437,1,0
365,316,17.360524243236437,1,0
316,366,16.575201024421997,1,0
366,316,16.575201024421997,1,0
316,367,16.014579638566854,1,0
367,316,16.014579638566854,1,0
316,368,16.707500411491843,1,0
368,316,16.707500411491843,1,0
316,369,17.416362019664152,1,0
369,316,17.416362019664152,1,0
316,370,17.579444814896743,1,0
370,316,17.579444814896743,1,0
316,371,17.492995769735952,1,0
371,316,17.492995769735952,1,0
316,372,17.070280753402976,1,0
372,316,17.070280753402976,1,0
316,373,16.609758396797947,1,0
373,316,16.609758396797947,1,0
316,374,32.40439823542477,1,0
374,316,32.40439823542477,1,0
316,375,16.491299918441843,1,0
375,316,16.491299918441843,1,0
316,376,13.26047665055823,1,0
376,316,13.26047665055823,1,0
316,377,12.303605731654441,1,0
377,316,12.303605731654441,1,0
316,378,9.80985224149681,1,0
378,316,9.80985224149681,1,0
316,379,8.61980840854366,1,0
379,316,8.61980840854366,1,0
316,380,4.7401343862806256,1,1
380,316,4.7401343862806256,1,1
316,426,10.625327665535778,0,1
426,316,10.625327665535778,0,1
316,521,7.35085314776455,0,1
521,316,7.35085314776455,0,1
316,522,5.3795469140067915,0,1
522,316,5.3795469140067915,0,1
316,523,4.976505299906753,0,1
523,316,4.976505299906753,0,1
316,524,4.658422587099629,0,1
524,316,4.658422587099629,0,1
525,316,4.234609427090059,0,1
316,526,4.248791122189934,0,1
526,316,4.248791122189934,0,1
316,527,4.935750500177252,0,1
527,316,4.935750500177252,0,1
316,537,10.089038110741775,0,1
537,316,10.089038110741775,0,1
316,542,8.810476547837807,0,1
542,316,8.810476547837807,0,1
317,318,27.04153612500592,1,0
318,317,27.04153612500592,1,0
320,317,4.043057877399234,1,1
317,321,5.098881445964399,1,1
321,317,5.098881445964399,1,1
317,322,6.345327257123938,1,1
322,317,6.345327257123938,1,1
317,323,4.865174611460517,1,1
323,317,4.865174611460517,1,1
324,317,4.067307709038007,1,1
317,325,4.4949680755262325,1,0
325,317,4.4949680755262325,1,0
317,326,32.295881006716634,1,0
326,317,32.295881006716634,1,0
317,327,5.3995778538696895,1,0
327,317,5.3995778538696895,1,0
317,328,6.48828251542733,1,0
328,317,6.48828251542733,1,0
317,329,7.403233887970851,1,0
329,317,7.403233887970851,1,0
317,330,10.75409991584605,1,0
330,317,10.75409991584605,1,0
317,331,12.179688214400235,1,0
331,317,12.179688214400235,1,0
317,332,24.19373383750429,1,0
332,317,24.19373383750429,1,0
317,333,12.521397765425393,1,0
333,317,12.521397765425393,1,0
317,334,13.426003202740569,1,0
334,317,13.426003202740569,1,0
317,335,14.634741029481868,1,0
335,317,14.634741029481868,1,0
317,336,16.60796751562334,1,0
336,317,16.60796751562334,1,0
317,337,16.53553966461331,1,0
337,317,16.53553966461331,1,0
317,338,16.44929533445126,1,0
338,317,16.44929533445126,1,0
317,339,19.763734692613134,1,0
339,317,19.763734692613134,1,0
317,340,22.825677558399004,1,0
340,317,22.825677558399004,1,0
317,341,21.084715720160897,1,0
341,317,21.084715720160897,1,0
317,342,22.769672637084618,1,0
342,317,22.769672637084618,1,0
317,343,24.892464803630837,1,0
343,317,24.892464803630837,1,0
317,344,26.172896381562357,1,0
344,317,26.172896381562357,1,0
317,345,26.845318493174933,1,0
345,317,26.845318493174933,1,0
317,346,27.743787863231653,1,0
346,317,27.743787863231653,1,0
317,347,29.57134241119263,1,0
347,317,29.57134241119263,1,0
317,348,30.046609958529434,1,0
348,317,30.046609958529434,1,0
317,349,20.657754597245074,1,0
349,317,20.657754597245074,1,0
317,350,19.847514151651335,1,0
350,317,19.847514151651335,1,0
317,351,18.470754965620653,1,0
351,317,18.470754965620653,1,0
317,352,17.410858278671963,1,0
352,317,17.410858278671963,1,0
317,353,17.5838169064626,1,0
353,317,17.5838169064626,1,0
317,354,19.421310202970343,1,0
354,317,19.421310202970343,1,0
317,355,19.67902164742953,1,0
355,317,19.67902164742953,1,0
317,356,20.288704739337106,1,0
356,317,20.288704739337106,1,0
317,357,20.933619968844376,1,0
357,317,20.933619968844376,1,0
317,358,19.24906278237982,1,0
358,317,19.24906278237982,1,0
317,359,18.05206165511297,1,0
359,317,18.05206165511297,1,0
317,360,16.99566312327942,1,0
360,317,16.99566312327942,1,0
317,361,31.535965816825716,1,0
361,317,31.535965816825716,1,0
317,362,17.743491877305324,1,0
362,317,17.743491877305324,1,0
317,363,18.212130133512662,1,0
363,317,18.212130133512662,1,0
317,364,17.512940872394907,1,0
364,317,17.512940872394907,1,0
317,365,16.432908446163754,1,0
365,317,16.432908446163754,1,0
317,366,15.607100467415465,1,0
366,317,15.607100467415465,1,0
317,367,14.857489323570116,1,0
367,317,14.857489323570116,1,0
317,368,15.433594526227518,1,0
368,317,15.433594526227518,1,0
317,369,16.055780890383375,1,0
369,317,16.055780890383375,1,0
317,370,16.144082816933267,1,0
370,317,16.144082816933267,1,0
317,371,16.023893939988493,1,0
371,317,16.023893939988493,1,0
317,372,15.509719178631185,1,0
372,317,15.509719178631185,1,0
317,373,14.963717452558372,1,0
373,317,14.963717452558372,1,0
317,374,30.523441172318694,1,0
374,317,30.523441172318694,1,0
317,375,14.722053966753416,1,0
375,317,14.722053966753416,1,0
317,376,11.520860948731219,1,0
376,317,11.520860948731219,1,0
317,377,10.580930204854392,1,0
377,317,10.580930204854392,1,0
317,378,8.230920786886482,1,0
378,317,8.230920786886482,1,0
317,379,7.122112116500273,1,0
379,317,7.122112116500273,1,0
317,426,12.29939713969754,0,1
426,317,12.29939713969754,0,1
317,521,9.214042543856632,0,1
521,317,9.214042543856632,0,1
317,522,7.08748340386064,0,1
522,317,7.08748340386064,0,1
317,523,6.360308876147448,0,1
523,317,6.360308876147448,0,1
317,524,5.674259863629794,0,1
524,317,5.674259863629794,0,1
317,525,4.984582329543771,0,1
525,317,4.984582329543771,0,1
317,526,4.413184791055095,0,1
526,317,4.413184791055095,0,1
317,527,4.25706295466722,0,1
527,317,4.25706295466722,0,1
317,537,11.931937981736244,0,1
537,317,11.931937981736244,0,1
317,542,10.685544674933515,0,1
542,317,10.685544674933515,0,1
318,319,24.73171344650427,1,0
319,318,24.73171344650427,1,0
318,320,23.120656673200266,1,0
320,318,23.120656673200266,1,0
318,321,21.94478753599588,1,0
321,318,21.94478753599588,1,0
318,322,20.698470716456328,1,0
322,318,20.698470716456328,1,0
318,323,22.98178983456249,1,0
323,318,22.98178983456249,1,0
318,324,25.84480210796747,1,0
324,318,25.84480210796747,1,0
318,325,25.626236750642885,1,0
325,318,25.626236750642885,1,0
318,326,8.808193571896567,1,1
326,318,8.808193571896567,1,1
318,327,22.34568855506583,1,0
327,318,22.34568855506583,1,0
318,328,20.590273480456737,1,0
328,318,20.590273480456737,1,0
318,329,19.699889238267303,1,0
329,318,19.699889238267303,1,0
318,330,17.49156233730995,1,0
330,318,17.49156233730995,1,0
318,331,16.22349854377902,1,0
331,318,16.22349854377902,1,0
318,333,15.718244494853742,1,0
333,318,15.718244494853742,1,0
318,334,15.068153503332782,1,0
334,318,15.068153503332782,1,0
318,335,15.061424799798989,1,0
335,318,15.061424799798989,1,0
318,336,13.65517326876521,1,0
336,318,13.65517326876521,1,0
318,337,13.29121950762984,1,0
337,318,13.29121950762984,1,0
318,338,12.12707718289943,1,0
338,318,12.12707718289943,1,0
318,339,8.93009747987109,1,0
339,318,8.93009747987109,1,0
318,341,8.258501377368656,1,0
341,318,8.258501377368656,1,0
318,342,8.677176729789476,1,0
342,318,8.677176729789476,1,0
318,343,10.509705990178793,1,0
343,318,10.509705990178793,1,0
318,344,11.679377423475962,1,0
344,318,11.679377423475962,1,0
318,345,12.502550979700104,1,0
345,318,12.502550979700104,1,0
318,346,13.749247433950703,1,0
346,318,13.749247433950703,1,0
318,347,14.462349739928158,1,0
347,318,14.462349739928158,1,0
318,348,14.938653018261052,1,0
348,318,14.938653018261052,1,0
349,318,6.634117951920963,1,1
318,350,7.571130562868401,1,1
350,318,7.571130562868401,1,1
318,351,9.024985595556373,1,1
351,318,9.024985595556373,1,1
318,352,12.312837284720366,1,1
352,318,12.312837284720366,1,1
318,353,12.508190316748461,1,1
353,318,12.508190316748461,1,1
318,354,15.55951830873951,1,1
354,318,15.55951830873951,1,1
318,355,15.960689615427023,1,1
355,318,15.960689615427023,1,1
318,356,22.706994164794246,1,0
356,318,22.706994164794246,1,0
318,357,18.13028562929994,1,0
357,318,18.13028562929994,1,0
318,358,16.74933604654226,1,0
358,318,16.74933604654226,1,0
318,359,17.952468632475032,1,0
359,318,17.952468632475032,1,0
318,360,20.378220457144927,1,0
360,318,20.378220457144927,1,0
318,362,22.000385905706292,1,0
362,318,22.000385905706292,1,0
318,363,22.267103628447053,1,0
363,318,22.267103628447053,1,0
318,364,22.703877598331083,1,0
364,318,22.703877598331083,1,0
318,365,21.9170433224922,1,0
365,318,21.9170433224922,1,0
318,366,21.55343510904932,1,0
366,318,21.55343510904932,1,0
318,367,19.78769529278233,1,0
367,318,19.78769529278233,1,0
318,368,18.39229849692528,1,0
368,318,18.39229849692528,1,0
318,369,17.183590311689812,1,0
369,318,17.183590311689812,1,0
318,370,16.22993758459964,1,0
370,318,16.22993758459964,1,0
318,371,15.859572030795787,1,0
371,318,15.859572030795787,1,0
318,372,14.986178598962447,1,0
372,318,14.986178598962447,1,0
318,373,14.303383236143818,1,0
373,318,14.303383236143818,1,0
318,375,13.089391620698038,1,0
375,318,13.089391620698038,1,0
318,376,16.246560897617687,1,0
376,318,16.246560897617687,1,0
318,377,17.216830137978363,1,0
377,318,17.216830137978363,1,0
318,378,20.110027374421946,1,0
378,318,20.110027374421946,1,0
318,379,21.402446705925936,1,0
379,318,21.402446705925936,1,0
318,380,24.17989354815277,1,0
380,318,24.17989354815277,1,0
321,319,2.8062348440570686,1,1
319,322,4.080333319717888,1,1
322,319,4.080333319717888,1,1
323,319,3.511017231515676,1,1
319,324,4.36979107052042,1,1
324,319,4.36979107052042,1,1
319,325,4.672138696571411,1,0
325,319,4.672138696571411,1,0
319,326,30.18339179085081,1,0
326,319,30.18339179085081,1,0
319,327,3.850509706519385,1,0
327,319,3.850509706519385,1,0
319,328,4.289362190349516,1,0
328,319,4.289362190349516,1,0
319,329,5.211377744896257,1,0
329,319,5.211377744896257,1,0
319,330,8.88205657491552,1,0
330,319,8.88205657491552,1,0
319,331,10.26986762329486,1,0
331,319,10.26986762329486,1,0
319,332,21.88368856020392,1,0
332,319,21.88368856020392,1,0
319,333,10.561841695462018,1,0
333,319,10.561841695462018,1,0
319,334,11.477925945047739,1,0
334,319,11.477925945047739,1,0
319,335,12.821395906842595,1,0
335,319,12.821395906842595,1,0
319,336,14.762063846224214,1,0
336,319,14.762063846224214,1,0
319,337,14.64170953133547,1,0
337,319,14.64170953133547,1,0
319,338,14.407056361380697,1,0
338,319,14.407056361380697,1,0
319,339,17.646198032437468,1,0
339,319,17.646198032437468,1,0
319,340,20.527910999417355,1,0
340,319,20.527910999417355,1,0
319,341,18.983082600041545,1,0
341,319,18.983082600041545,1,0
319,342,20.74516083331243,1,0
342,319,20.74516083331243,1,0
319,343,22.993558445790857,1,0
343,319,22.993558445790857,1,0
319,344,24.335482099190063,1,0
344,319,24.335482099190063,1,0
319,345,25.048972773349412,1,0
345,319,25.048972773349412,1,0
319,346,26.008566300355735,1,0
346,319,26.008566300355735,1,0
319,347,27.836868250577325,1,0
347,319,27.836868250577325,1,0
319,348,28.32833916769566,1,0
348,319,28.32833916769566,1,0
319,349,18.31441009150991,1,0
349,319,18.31441009150991,1,0
319,350,17.495898147851683,1,0
350,319,17.495898147851683,1,0
319,351,16.112758454094692,1,0
351,319,16.112758454094692,1,0
319,352,15.070995852962072,1,0
352,319,15.070995852962072,1,0
319,353,15.253233263803448,1,0
353,319,15.253233263803448,1,0
319,354,17.253506194394227,1,0
354,319,17.253506194394227,1,0
319,355,17.534696376042557,1,0
355,319,17.534696376042557,1,0
319,356,18.62642257654432,1,0
356,319,18.62642257654432,1,0
319,357,18.917529146270663,1,0
357,319,18.917529146270663,1,0
319,358,17.147514455453887,1,0
358,319,17.147514455453887,1,0
319,359,16.02275432002875,1,0
359,319,16.02275432002875,1,0
319,360,15.163228976705458,1,0
360,319,15.163228976705458,1,0
319,361,29.274480524853043,1,0
361,319,29.274480524853043,1,0
319,362,16.061892852338417,1,0
362,319,16.061892852338417,1,0
319,363,16.549779515147627,1,0
363,319,16.549779515147627,1,0
319,364,15.906564431076875,1,0
364,319,15.906564431076875,1,0
319,365,14.75732475755684,1,0
365,319,14.75732475755684,1,0
319,366,13.896434974481764,1,0
366,319,13.896434974481764,1,0
319,367,12.952230116856324,1,0
367,319,12.952230116856324,1,0
319,368,13.405324688346791,1,0
368,319,13.405324688346791,1,0
319,369,13.941985583122657,1,0
369,319,13.941985583122657,1,0
319,370,13.964426232394942,1,0
370,319,13.964426232394942,1,0
319,371,13.816861763801503,1,0
371,319,13.816861763801503,1,0
319,372,13.235079032631425,1,0
372,319,13.235079032631425,1,0
319,373,12.636812018859821,1,0
373,319,12.636812018859821,1,0
319,374,28.241285824126354,1,0
374,319,28.241285824126354,1,0
319,375,12.354267157545202,1,0
375,319,12.354267157545202,1,0
319,376,9.158433981855195,1,0
376,319,9.158433981855195,1,0
319,377,8.22461926170446,1,0
377,319,8.22461926170446,1,0
319,378,5.981500898603962,1,0
378,319,5.981500898603962,1,0
319,379,4.976041097097169,1,0
379,319,4.976041097097169,1,0
319,426,14.015549792997776,0,1
426,319,14.015549792997776,0,1
319,521,11.537598450284184,0,1
521,319,11.537598450284184,0,1
319,522,9.45534795763752,0,1
522,319,9.45534795763752,0,1
319,523,8.666807774492291,0,1
523,319,8.666807774492291,0,1
319,524,7.850928416435855,0,1
524,319,7.850928416435855,0,1
319,525,7.061760474555902,0,1
525,319,7.061760474555902,0,1
319,526,6.182950913601045,0,1
526,319,6.182950913601045,0,1
319,527,5.285739399554238,0,1
527,319,5.285739399554238,0,1
319,537,13.964543744784503,0,1
537,319,13.964543744784503,0,1
319,542,12.813092093636103,0,1
542,319,12.813092093636103,0,1
320,323,3.3895452497348373,1,1
323,320,3.3895452497348373,1,1
320,324,5.307834680922156,1,1
324,320,5.307834680922156,1,1
320,325,5.504576732138449,1,0
325,320,5.504576732138449,1,0
320,326,28.74405408080078,1,0
326,320,28.74405408080078,1,0
320,327,3.44773693892095,1,0
327,320,3.44773693892095,1,0
328,320,2.941828173092371,1,0
320,329,3.8300721925311016,1,0
329,320,3.8300721925311016,1,0
320,330,7.7723576860564,1,0
330,320,7.7723576860564,1,0
320,331,9.09629737860411,1,0
331,320,9.09629737860411,1,0
320,332,20.273650386647198,1,0
332,320,20.273650386647198,1,0
320,333,9.334775037460732,1,0
333,320,9.334775037460732,1,0
320,334,10.250954540919592,1,0
334,320,10.250954540919592,1,0
320,335,11.706616419785863,1,0
335,320,11.706616419785863,1,0
320,336,13.599926249800033,1,0
336,320,13.599926249800033,1,0
320,337,13.437118478304788,1,0
337,320,13.437118478304788,1,0
320,338,13.066706471027809,1,0
338,320,13.066706471027809,1,0
320,339,16.22273096614747,1,0
339,320,16.22273096614747,1,0
320,340,18.930616603798196,1,0
340,320,18.930616603798196,1,0
320,341,17.570523612004283,1,0
341,320,17.570523612004283,1,0
320,342,19.396726347505137,1,0
342,320,19.396726347505137,1,0
320,343,21.747310753286257,1,0
343,320,21.747310753286257,1,0
320,344,23.13729681704412,1,0
344,320,23.13729681704412,1,0
320,345,23.882995457019206,1,0
345,320,23.882995457019206,1,0
320,346,24.89029762779063,1,0
346,320,24.89029762779063,1,0
320,347,26.714650830583583,1,0
347,320,26.714650830583583,1,0
320,348,27.218130079048414,1,0
348,320,27.218130079048414,1,0
320,349,16.671885076379333,1,0
349,320,16.671885076379333,1,0
320,350,15.844409645045157,1,0
350,320,15.844409645045157,1,0
320,351,14.454016050911248,1,0
351,320,14.454016050911248,1,0
320,352,13.410757659431477,1,0
352,320,13.410757659431477,1,0
320,353,13.599680143297489,1,0
353,320,13.599680143297489,1,0
320,354,15.726246246323374,1,0
354,320,15.726246246323374,1,0
320,355,16.025750902843836,1,0
355,320,16.025750902843836,1,0
320,356,17.499962657103012,1,0
356,320,17.499962657103012,1,0
320,357,17.50796030381609,1,0
357,320,17.50796030381609,1,0
320,358,15.67404277779029,1,0
358,320,15.67404277779029,1,0
320,359,14.611984841218526,1,0
359,320,14.611984841218526,1,0
320,360,13.919712209668704,1,0
360,320,13.919712209668704,1,0
320,361,27.706143091379573,1,0
361,320,27.706143091379573,1,0
320,362,14.935811896244543,1,0
362,320,14.935811896244543,1,0
320,363,15.43585038149826,1,0
363,320,15.43585038149826,1,0
320,364,14.842609507765136,1,0
364,320,14.842609507765136,1,0
320,365,13.646440891309352,1,0
365,320,13.646440891309352,1,0
320,366,12.764263002617897,1,0
366,320,12.764263002617897,1,0
320,367,11.663578353147031,1,0
367,320,11.663578353147031,1,0
320,368,12.007776022228263,1,0
368,320,12.007776022228263,1,0
320,369,12.468776884682795,1,0
369,320,12.468776884682795,1,0
320,370,12.43532890598395,1,0
370,320,12.43532890598395,1,0
320,371,12.265072523226268,1,0
371,320,12.265072523226268,1,0
320,372,11.627768143543282,1,0
372,320,11.627768143543282,1,0
320,373,10.98751077360109,1,0
373,320,10.98751077360109,1,0
320,374,26.65467857618996,1,0
374,320,26.65467857618996,1,0
320,375,10.679076832760405,1,0
375,320,10.679076832760405,1,0
320,376,7.484217260341926,1,0
376,320,7.484217260341926,1,0
320,377,6.554779706443231,1,0
377,320,6.554779706443231,1,0
320,378,4.435115331082158,1,0
378,320,4.435115331082158,1,0
320,379,3.586230611658988,1,0
320,426,15.297881585369916,0,1
426,320,15.297881585369916,0,1
320,521,13.18118177554653,0,1
521,320,13.18118177554653,0,1
320,522,11.130479324808972,0,1
522,320,11.130479324808972,0,1
320,523,10.32513835258395,0,1
523,320,10.32513835258395,0,1
320,524,9.463475154508517,0,1
524,320,9.463475154508517,0,1
320,525,8.642407997774695,0,1
525,320,8.642407997774695,0,1
320,526,7.6610454247445885,0,1
526,320,7.6610454247445885,0,1
320,527,6.494069294363897,0,1
527,320,6.494069294363897,0,1
320,537,15.433277584492544,0,1
537,320,15.433277584492544,0,1
320,542,14.341136426378489,0,1
542,320,14.341136426378489,0,1
321,323,2.7537269290908277,1,1
321,324,5.338573592262263,1,1
324,321,5.338573592262263,1,1
321,325,5.426256352219272,1,0
325,321,5.426256352219272,1,0
321,326,27.408878452063664,1,0
326,321,27.408878452063664,1,0
321,327,2.5664763782275495,1,0
321,330,6.382416548612288,1,0
330,321,6.382416548612288,1,0
321,331,7.700628870423506,1,0
331,321,7.700628870423506,1,0
321,332,19.096784781737476,1,0
332,321,19.096784781737476,1,0
321,333,7.939742691044843,1,0
333,321,7.939742691044843,1,0
321,334,8.856198394345059,1,0
334,321,8.856198394345059,1,0
321,335,10.312999030349998,1,0
335,321,10.312999030349998,1,0
321,336,12.204041666595538,1,0
336,321,12.204041666595538,1,0
321,337,12.041911144000357,1,0
337,321,12.041911144000357,1,0
321,338,11.690734322530814,1,0
338,321,11.690734322530814,1,0
321,339,14.877575911417827,1,0
339,321,14.877575911417827,1,0
321,340,17.733469485692865,1,0
340,321,17.733469485692865,1,0
321,341,16.220958942060115,1,0
341,321,16.220958942060115,1,0
321,342,18.025207460664635,1,0
342,321,18.025207460664635,1,0
321,343,20.356613962051743,1,0
343,321,20.356613962051743,1,0
321,344,21.74269884351986,1,0
344,321,21.74269884351986,1,0
321,345,22.487246985791746,1,0
345,321,22.487246985791746,1,0
321,346,23.49479272094138,1,0
346,321,23.49479272094138,1,0
321,347,25.318990896163296,1,0
347,321,25.318990896163296,1,0
321,348,25.822793381042263,1,0
348,321,25.822793381042263,1,0
321,349,15.567447350159885,1,0
349,321,15.567447350159885,1,0
321,350,14.768344863253972,1,0
350,321,14.768344863253972,1,0
321,351,13.407381437103966,1,0
351,321,13.407381437103966,1,0
321,352,12.693669682168352,1,0
352,321,12.693669682168352,1,0
321,353,12.916739875061355,1,0
353,321,12.916739875061355,1,0
321,354,15.393835454492816,1,0
354,321,15.393835454492816,1,0
321,355,15.728758533336316,1,0
355,321,15.728758533336316,1,0
321,356,17.747433053824995,1,0
356,321,17.747433053824995,1,0
321,357,17.378541164321014,1,0
357,321,17.378541164321014,1,0
321,358,15.446207625174537,1,0
358,321,15.446207625174537,1,0
321,359,14.49851751042154,1,0
359,321,14.49851751042154,1,0
321,360,14.0515253620381,1,0
360,321,14.0515253620381,1,0
321,361,26.46965031880852,1,0
361,321,26.46965031880852,1,0
321,362,15.200813136145053,1,0
362,321,15.200813136145053,1,0
321,363,15.710792850776183,1,0
363,321,15.710792850776183,1,0
321,364,15.176837944710355,1,0
364,321,15.176837944710355,1,0
321,365,13.939518499575227,1,0
365,321,13.939518499575227,1,0
321,366,13.041990683940853,1,0
366,321,13.041990683940853,1,0
321,367,11.759088272480993,1,0
367,321,11.759088272480993,1,0
321,368,11.939050548515153,1,0
368,321,11.939050548515153,1,0
321,369,12.265912603634513,1,0
369,321,12.265912603634513,1,0
321,370,12.122482336551371,1,0
370,321,12.122482336551371,1,0
321,371,11.903681153323959,1,0
371,321,11.903681153323959,1,0
321,372,11.128040123939165,1,0
372,321,11.128040123939165,1,0
321,373,10.341525226000273,1,0
373,321,10.341525226000273,1,0
321,374,25.441015329581482,1,0
374,321,25.441015329581482,1,0
321,375,9.771494512099979,1,0
375,321,9.771494512099979,1,0
321,376,6.6935214200000885,1,0
376,321,6.6935214200000885,1,0
321,377,5.836151128954767,1,0
377,321,5.836151128954767,1,0
321,378,4.284699406026052,1,0
378,321,4.284699406026052,1,0
321,379,3.826902794689199,1,0
321,426,16.67358539726834,0,1
426,321,16.67358539726834,0,1
321,521,14.31132768124607,0,1
521,321,14.31132768124607,0,1
321,522,12.130310012526474,0,1
522,321,12.130310012526474,0,1
321,523,11.169797536213448,0,1
523,321,11.169797536213448,0,1
321,524,10.182509366555967,0,1
524,321,10.182509366555967,0,1
321,525,9.30488801652121,0,1
525,321,9.30488801652121,0,1
321,526,8.174334957658635,0,1
526,321,8.174334957658635,0,1
321,527,6.7211803278888445,0,1
527,321,6.7211803278888445,0,1
321,537,16.744300283977232,0,1
537,321,16.744300283977232,0,1
321,542,15.613809304586757,0,1
542,321,15.613809304586757,0,1
322,323,3.1636071184646175,1,1
323,322,3.1636071184646175,1,1
322,324,6.079039562299295,1,1
324,322,6.079039562299295,1,1
322,325,6.083978961173354,1,0
325,322,6.083978961173354,1,0
322,326,26.13413775122493,1,0
326,322,26.13413775122493,1,0
322,330,5.276834752008063,1,0
330,322,5.276834752008063,1,0
322,331,6.537436577130213,1,0
331,322,6.537436577130213,1,0
322,332,17.851084700936244,1,0
332,322,17.851084700936244,1,0
322,333,6.744498498776614,1,0
333,322,6.744498498776614,1,0
322,334,7.656900678472981,1,0
334,322,7.656900678472981,1,0
322,335,9.167983911416949,1,0
335,322,9.167983911416949,1,0
322,336,11.026446435728966,1,0
336,322,11.026446435728966,1,0
322,337,10.844095628497566,1,0
337,322,10.844095628497566,1,0
322,338,10.43913334525429,1,0
338,322,10.43913334525429,1,0
322,339,13.605190516857895,1,0
339,322,13.605190516857895,1,0
322,340,16.480432336562046,1,0
340,322,16.480432336562046,1,0
322,341,14.950305180831593,1,0
341,322,14.950305180831593,1,0
322,342,16.768703289163415,1,0
342,322,16.768703289163415,1,0
322,343,19.13223379535176,1,0
343,322,19.13223379535176,1,0
322,344,20.536100920087048,1,0
344,322,20.536100920087048,1,0
322,345,21.293457516335856,1,0
345,322,21.293457516335856,1,0
322,346,22.321067559594905,1,0
346,322,22.321067559594905,1,0
322,347,24.142146093502127,1,0
347,322,24.142146093502127,1,0
322,348,24.650932964088803,1,0
348,322,24.650932964088803,1,0
322,349,14.357888180369702,1,0
349,322,14.357888180369702,1,0
322,350,13.5750667033352,1,0
350,322,13.5750667033352,1,0
322,351,12.233396298657214,1,0
351,322,12.233396298657214,1,0
322,352,11.751984513264132,1,0
352,322,11.751984513264132,1,0
322,353,12.000218539676684,1,0
353,322,12.000218539676684,1,0
322,354,14.74703400687745,1,0
354,322,14.74703400687745,1,0
322,355,15.10983259338104,1,0
355,322,15.10983259338104,1,0
322,356,17.597729455813326,1,0
356,322,17.597729455813326,1,0
322,357,16.893945098762455,1,0
357,322,16.893945098762455,1,0
322,358,14.887786806641207,1,0
358,322,14.887786806641207,1,0
322,359,14.045695141216756,1,0
359,322,14.045695141216756,1,0
322,360,13.821184355908143,1,0
360,322,13.821184355908143,1,0
322,361,25.202276603513422,1,0
361,322,25.202276603513422,1,0
322,362,15.083297848945369,1,0
362,322,15.083297848945369,1,0
322,363,15.598842585268947,1,0
363,322,15.598842585268947,1,0
322,364,15.123781802181622,1,0
364,322,15.123781802181622,1,0
322,365,13.858109899982754,1,0
365,322,13.858109899982754,1,0
322,366,12.954763795608162,1,0
366,322,12.954763795608162,1,0
322,367,11.519245852051254,1,0
367,322,11.519245852051254,1,0
322,368,11.549453060643174,1,0
368,322,11.549453060643174,1,0
322,369,11.754451837495441,1,0
369,322,11.754451837495441,1,0
322,370,11.517125335777154,1,0
370,322,11.517125335777154,1,0
322,371,11.258870858127827,1,0
371,322,11.258870858127827,1,0
322,372,10.373896326838821,1,0
372,322,10.373896326838821,1,0
322,373,9.47420044119819,1,0
373,322,9.47420044119819,1,0
322,374,24.180408453952964,1,0
374,322,24.180408453952964,1,0
322,375,8.704657431513317,1,0
375,322,8.704657431513317,1,0
322,376,5.758119918862406,1,0
376,322,5.758119918862406,1,0
322,377,4.987648143163268,1,0
377,322,4.987648143163268,1,0
322,378,4.0715433191849995,1,0
322,379,4.018256462696227,1,0
379,322,4.018256462696227,1,0
322,380,3.541176358217704,1,1
380,322,3.541176358217704,1,1
322,426,17.925922347260126,0,1
426,322,17.925922347260126,0,1
322,521,15.558745514982883,0,1
521,322,15.558745514982883,0,1
322,522,13.333327154165236,0,1
522,322,13.333327154165236,0,1
322,523,12.30647167144182,0,1
523,322,12.30647167144182,0,1
322,524,11.260554737667235,0,1
524,322,11.260554737667235,0,1
322,525,10.35881330075989,0,1
525,322,10.35881330075989,0,1
322,526,9.156104957895579,0,1
526,322,9.156104957895579,0,1
322,527,7.5516128740819335,0,1
527,322,7.5516128740819335,0,1
322,537,18.02133763070877,0,1
537,322,18.02133763070877,0,1
322,542,16.890855070125962,0,1
542,322,16.890855070125962,0,1
323,326,27.67253400034048,1,0
326,323,27.67253400034048,1,0
323,329,3.5722401934920334,1,0
323,330,5.995635495925349,1,0
330,323,5.995635495925349,1,0
323,331,7.432559518766062,1,0
331,323,7.432559518766062,1,0
323,332,20.157514157256596,1,0
332,323,20.157514157256596,1,0
323,333,7.818636837710267,1,0
333,323,7.818636837710267,1,0
323,334,8.699386300193824,1,0
334,323,8.699386300193824,1,0
323,335,9.805499324358754,1,0
335,323,9.805499324358754,1,0
323,336,11.786832356490017,1,0
336,323,11.786832356490017,1,0
323,337,11.742109691192635,1,0
337,323,11.742109691192635,1,0
323,338,11.798847613220538,1,0
338,323,11.798847613220538,1,0
323,339,15.198715110166386,1,0
339,323,15.198715110166386,1,0
323,340,18.73954385784243,1,0
340,323,18.73954385784243,1,0
323,341,16.484939096035507,1,0
341,323,16.484939096035507,1,0
323,342,18.061814416054663,1,0
342,323,18.061814416054663,1,0
323,343,20.080530072684834,1,0
343,323,20.080530072684834,1,0
323,344,21.33225906930628,1,0
344,323,21.33225906930628,1,0
323,345,21.99223246966983,1,0
345,323,21.99223246966983,1,0
323,346,22.88050526102953,1,0
346,323,22.88050526102953,1,0
323,347,24.70771118497219,1,0
347,323,24.70771118497219,1,0
323,348,25.18191609071875,1,0
348,323,25.18191609071875,1,0
323,349,16.896121122908657,1,0
349,323,16.896121122908657,1,0
323,350,16.186266833337452,1,0
350,323,16.186266833337452,1,0
323,351,14.923295648079884,1,0
351,323,14.923295648079884,1,0
323,352,14.827194272686928,1,0
352,323,14.827194272686928,1,0
323,353,15.09329642589716,1,0
353,323,15.09329642589716,1,0
323,354,17.909304453272327,1,0
354,323,17.909304453272327,1,0
323,355,18.269219167769595,1,0
355,323,18.269219167769595,1,0
323,356,20.499217741172465,1,0
356,323,20.499217741172465,1,0
323,357,20.01837648262216,1,0
357,323,20.01837648262216,1,0
323,358,18.035097837272744,1,0
358,323,18.035097837272744,1,0
323,359,17.154733049511435,1,0
359,323,17.154733049511435,1,0
323,360,16.790486383663815,1,0
360,323,16.790486383663815,1,0
323,361,27.24865075558788,1,0
361,323,27.24865075558788,1,0
323,362,17.95401871448284,1,0
362,323,17.95401871448284,1,0
323,363,18.464241116276618,1,0
363,323,18.464241116276618,1,0
323,364,17.929567590993376,1,0
364,323,17.929567590993376,1,0
323,365,16.693232760612908,1,0
365,323,16.693232760612908,1,0
323,366,15.795695647865593,1,0
366,323,15.795695647865593,1,0
323,367,14.494092348263827,1,0
367,323,14.494092348263827,1,0
323,368,14.623960749400279,1,0
368,323,14.623960749400279,1,0
323,369,14.884852165876557,1,0
369,323,14.884852165876557,1,0
323,370,14.672688165431719,1,0
370,323,14.672688165431719,1,0
323,371,14.41995551310752,1,0
371,323,14.41995551310752,1,0
323,372,13.53361832622747,1,0
372,323,13.53361832622747,1,0
323,373,12.602836664814792,1,0
373,323,12.602836664814792,1,0
323,374,26.316617658810184,1,0
374,323,26.316617658810184,1,0
323,375,11.662019079044589,1,0
375,323,11.662019079044589,1,0
323,376,8.871154659907582,1,0
376,323,8.871154659907582,1,0
323,377,8.13991449586542,1,0
377,323,8.13991449586542,1,0
323,378,7.003522328086061,1,0
378,323,7.003522328086061,1,0
323,379,6.572710932332259,1,0
379,323,6.572710932332259,1,0
323,380,3.2751946507039853,1,1
323,426,17.15337710190037,0,1
426,323,17.15337710190037,0,1
323,521,13.640512013850506,0,1
521,323,13.640512013850506,0,1
323,522,11.1462480234382,0,1
522,323,11.1462480234382,0,1
323,523,9.847285158864853,0,1
523,323,9.847285158864853,0,1
323,524,8.637780328301941,0,1
524,323,8.637780328301941,0,1
323,525,7.692450909820614,0,1
525,323,7.692450909820614,0,1
323,526,6.356231902629104,0,1
526,323,6.356231902629104,0,1
323,527,4.55134057174367,0,1
527,323,4.55134057174367,0,1
323,537,16.754775438662254,0,1
537,323,16.754775438662254,0,1
323,542,15.45199485503409,0,1
542,323,15.45199485503409,0,1
324,326,30.146450305135428,1,0
326,324,30.146450305135428,1,0
324,327,3.6205282763707287,1,0
327,324,3.6205282763707287,1,0
324,328,5.915357132075798,1,0
328,324,5.915357132075798,1,0
324,329,6.592637105134788,1,0
329,324,6.592637105134788,1,0
324,330,8.527416548990674,1,0
330,324,8.527416548990674,1,0
324,331,9.933792276869898,1,0
331,324,9.933792276869898,1,0
324,332,23.03792935573855,1,0
332,324,23.03792935573855,1,0
324,333,10.378417702135522,1,0
333,324,10.378417702135522,1,0
324,334,11.200886482774477,1,0
334,324,11.200886482774477,1,0
324,335,12.04101345402454,1,0
335,324,12.04101345402454,1,0
324,336,14.01374614441121,1,0
336,324,14.01374614441121,1,0
324,337,14.050410100776418,1,0
337,324,14.050410100776418,1,0
324,338,14.34909296784992,1,0
338,324,14.34909296784992,1,0
324,339,17.802759814141176,1,0
339,324,17.802759814141176,1,0
324,340,21.607529150738173,1,0
340,324,21.607529150738173,1,0
324,341,19.04301522868687,1,0
341,324,19.04301522868687,1,0
324,342,20.468780716007487,1,0
342,324,20.468780716007487,1,0
324,343,22.25160174009952,1,0
343,324,22.25160174009952,1,0
324,344,23.386979304732794,1,0
344,324,23.386979304732794,1,0
324,345,23.97192017757443,1,0
345,324,23.97192017757443,1,0
324,346,24.75047371263831,1,0
346,324,24.75047371263831,1,0
324,347,26.561981627883114,1,0
347,324,26.561981627883114,1,0
324,348,27.005956861403746,1,0
348,324,27.005956861403746,1,0
324,349,19.860201836839423,1,0
349,324,19.860201836839423,1,0
324,350,19.169746216369166,1,0
350,324,19.169746216369166,1,0
324,351,17.92462565857374,1,0
351,324,17.92462565857374,1,0
324,352,17.816249493089167,1,0
352,324,17.816249493089167,1,0
324,353,18.072745474885657,1,0
353,324,18.072745474885657,1,0
324,354,20.728688188112628,1,0
354,324,20.728688188112628,1,0
324,355,21.066691363382148,1,0
355,324,21.066691363382148,1,0
324,356,22.806029115126552,1,0
356,324,22.806029115126552,1,0
324,357,22.696549098926912,1,0
357,324,22.696549098926912,1,0
324,358,20.782517893652827,1,0
358,324,20.782517893652827,1,0
324,359,19.809092710167217,1,0
359,324,19.809092710167217,1,0
324,360,19.21945964380893,1,0
360,324,19.21945964380893,1,0
324,361,29.99548159306665,1,0
361,324,29.99548159306665,1,0
324,362,20.241154907761565,1,0
362,324,20.241154907761565,1,0
324,363,20.739778687343797,1,0
363,324,20.739778687343797,1,0
324,364,20.135742598672643,1,0
364,324,20.135742598672643,1,0
324,365,18.949082510770804,1,0
365,324,18.949082510770804,1,0
324,366,18.069484580363657,1,0
366,324,18.069484580363657,1,0
324,367,16.952897245013904,1,0
367,324,16.952897245013904,1,0
324,368,17.22902713446119,1,0
368,324,17.22902713446119,1,0
324,369,17.59697621752101,1,0
369,324,17.59697621752101,1,0
324,370,17.460523073493533,1,0
370,324,17.460523073493533,1,0
324,371,17.237207227390407,1,0
371,324,17.237207227390407,1,0
324,372,16.42337861099232,1,0
372,324,16.42337861099232,1,0
324,373,15.553089725196083,1,0
373,324,15.553089725196083,1,0
324,374,29.107940583284144,1,0
374,324,29.107940583284144,1,0
324,375,14.67892996781441,1,0
375,324,14.67892996781441,1,0
324,376,11.834565855999957,1,0
376,324,11.834565855999957,1,0
324,377,11.059474309387404,1,0
377,324,11.059474309387404,1,0
324,378,9.572605131310912,1,0
378,324,9.572605131310912,1,0
324,379,8.877067139545582,1,0
379,324,8.877067139545582,1,0
324,380,4.535620795436937,1,1
380,324,4.535620795436937,1,1
324,426,15.84646313850507,0,1
426,324,15.84646313850507,0,1
324,521,11.35790139066192,0,1
521,324,11.35790139066192,0,1
324,522,8.685537692048777,0,1
522,324,8.685537692048777,0,1
324,523,7.171160645251228,0,1
523,324,7.171160645251228,0,1
324,524,5.846207060992623,0,1
524,324,5.846207060992623,0,1
324,525,4.88937674964816,0,1
525,324,4.88937674964816,0,1
324,526,3.4704800820635753,0,1
324,537,14.995077859084294,0,1
537,324,14.995077859084294,0,1
324,542,13.565855409814745,0,1
542,324,13.565855409814745,0,1
325,326,29.82965966953026,1,0
326,325,29.82965966953026,1,0
325,327,3.523735659779263,1,1
327,325,3.523735659779263,1,1
325,328,5.888015285306246,1,1
328,325,5.888015285306246,1,1
325,329,6.519083524545455,1,1
329,325,6.519083524545455,1,1
325,330,8.252336941739593,1,1
330,325,8.252336941739593,1,1
325,331,9.646464481871066,1,1
331,325,9.646464481871066,1,1
325,332,22.827478726307028,1,0
332,325,22.827478726307028,1,0
325,333,10.100159404682682,1,1
333,325,10.100159404682682,1,1
325,334,10.909132321133518,1,1
334,325,10.909132321133518,1,1
325,335,11.706060353509203,1,1
335,325,11.706060353509203,1,1
325,336,13.673293714390839,1,0
336,325,13.673293714390839,1,0
325,337,13.72100470082275,1,0
337,325,13.72100470082275,1,0
325,338,14.058985205198846,1,0
338,325,14.058985205198846,1,0
325,339,17.518598374299238,1,0
339,325,17.518598374299238,1,0
325,340,21.39296075815594,1,0
340,325,21.39296075815594,1,0
325,341,18.74831685778753,1,0
341,325,18.74831685778753,1,0
325,342,20.14620981723361,1,0
342,325,20.14620981723361,1,0
325,343,21.894858072159316,1,0
343,325,21.894858072159316,1,0
325,344,23.016230816534666,1,0
344,325,23.016230816534666,1,0
325,345,23.593106895871088,1,0
345,325,23.593106895871088,1,0
325,346,24.361002791346667,1,0
346,325,24.361002791346667,1,0
325,347,26.17034310054035,1,0
347,325,26.17034310054035,1,0
325,348,26.61157522582983,1,0
348,325,26.61157522582983,1,0
325,349,19.693489101731057,1,0
349,325,19.693489101731057,1,0
325,350,19.017481326400716,1,0
350,325,19.017481326400716,1,0
325,351,17.78989109016691,1,0
351,325,17.78989109016691,1,0
325,352,17.78525962700573,1,0
352,325,17.78525962700573,1,0
325,353,18.05008047073475,1,0
353,325,18.05008047073475,1,0
325,354,20.78904067050714,1,0
354,325,20.78904067050714,1,0
325,355,21.135231273870648,1,0
355,325,21.135231273870648,1,0
325,356,23.000406126849153,1,0
356,325,23.000406126849153,1,0
325,357,22.804030805978137,1,0
357,325,22.804030805978137,1,0
325,358,20.867964826499012,1,0
358,325,20.867964826499012,1,0
325,359,19.921815981481206,1,0
359,325,19.921815981481206,1,0
325,360,19.38632345237229,1,0
360,325,19.38632345237229,1,0
325,361,29.737955309671175,1,0
361,325,29.737955309671175,1,0
325,362,20.43744979198726,1,0
362,325,20.43744979198726,1,0
325,363,20.938670683689548,1,0
363,325,20.938670683689548,1,0
325,364,20.346855678458034,1,0
364,325,20.346855678458034,1,0
325,365,19.150088511544798,1,0
365,325,19.150088511544798,1,0
325,366,18.26626904980872,1,0
366,325,18.26626904980872,1,0
325,367,17.111156156145615,1,0
367,325,17.111156156145615,1,0
325,368,17.352991269518924,1,0
368,325,17.352991269518924,1,0
325,369,17.69158834022542,1,0
369,325,17.69158834022542,1,0
325,370,17.530716357296985,1,0
370,325,17.530716357296985,1,0
325,371,17.296763078680357,1,0
371,325,17.296763078680357,1,0
325,372,16.45288925994459,1,0
372,325,16.45288925994459,1,0
325,373,15.550543205946214,1,0
373,325,15.550543205946214,1,0
325,374,28.863685714059457,1,0
374,325,28.863685714059457,1,0
325,375,14.611003422078856,1,0
375,325,14.611003422078856,1,0
325,376,11.822508405579587,1,0
376,325,11.822508405579587,1,0
325,377,11.07162652910583,1,0
377,325,11.07162652910583,1,0
325,378,9.692121800720418,1,0
378,325,9.692121800720418,1,0
325,379,9.047436377228633,1,0
379,325,9.047436377228633,1,0
325,380,4.798004793661632,1,0
380,325,4.798004793661632,1,0
325,530,5.7865668578182,0,1
325,531,6.803002645891004,0,1
531,325,6.803002645891004,0,1
325,532,8.95160600115979,0,1
532,325,8.95160600115979,0,1
325,533,11.421650712572154,0,1
533,325,11.421650712572154,0,1
325,534,13.130329356112892,0,1
534,325,13.130329356112892,0,1
325,535,15.544229668915728,0,1
535,325,15.544229668915728,0,1
325,536,16.418655273803637,0,1
536,325,16.418655273803637,0,1
325,538,19.161484963332043,0,1
538,325,19.161484963332043,0,1
325,539,20.580488453873002,0,1
539,325,20.580488453873002,0,1
325,540,19.856672883441476,0,1
540,325,19.856672883441476,0,1
325,541,20.054696432506773,0,1
541,325,20.054696432506773,0,1
326,327,27.058969769745485,1,0
327,326,27.058969769745485,1,0
326,328,25.894528379563123,1,0
328,326,25.894528379563123,1,0
326,329,24.973225542568585,1,0
329,326,24.973225542568585,1,0
326,330,21.691036512808697,1,0
330,326,21.691036512808697,1,0
326,331,20.257832682693376,1,0
331,326,20.257832682693376,1,0
326,332,10.5333862076732,1,1
332,326,10.5333862076732,1,1
326,333,19.854874464473454,1,0
333,326,19.854874464473454,1,0
326,334,18.98574591634471,1,0
334,326,18.98574591634471,1,0
326,335,18.15033622278111,1,0
335,326,18.15033622278111,1,0
326,336,16.224711923482648,1,0
336,326,16.224711923482648,1,0
326,337,16.124727408548647,1,0
337,326,16.124727408548647,1,0
326,338,15.874898078412976,1,0
338,326,15.874898078412976,1,0
326,339,12.538240107766322,1,0
339,326,12.538240107766322,1,0
326,340,11.201013971958075,1,1
340,326,11.201013971958075,1,1
326,341,11.211168761552026,1,0
341,326,11.211168761552026,1,0
326,342,9.691690977326918,1,0
342,326,9.691690977326918,1,0
326,343,8.671055414423321,1,0
343,326,8.671055414423321,1,0
326,344,8.468908843528782,1,0
344,326,8.468908843528782,1,0
326,345,8.646398383141966,1,0
345,326,8.646398383141966,1,0
326,346,9.175283374370515,1,0
346,326,9.175283374370515,1,0
326,347,8.731142995049387,1,0
347,326,8.731142995049387,1,0
326,348,8.961768798624522,1,0
348,326,8.961768798624522,1,0
326,349,14.198302187233514,1,1
349,326,14.198302187233514,1,1
326,350,15.13519025318149,1,1
350,326,15.13519025318149,1,1
326,351,16.441193904336753,1,1
351,326,16.441193904336753,1,1
326,352,20.37079360260665,1,1
352,326,20.37079360260665,1,1
326,353,20.6431326353342,1,1
353,326,20.6431326353342,1,1
326,354,24.15801316333775,1,1
354,326,24.15801316333775,1,1
326,355,24.588195724778178,1,1
355,326,24.588195724778178,1,1
326,356,31.341800618343548,1,0
356,326,31.341800618343548,1,0
326,357,26.84998504655077,1,0
357,326,26.84998504655077,1,0
326,358,25.343514042058178,1,0
358,326,25.343514042058178,1,0
326,359,26.43351395482636,1,0
359,326,26.43351395482636,1,0
326,360,28.7493436620734,1,0
360,326,28.7493436620734,1,0
326,362,30.43699567960018,1,0
362,326,30.43699567960018,1,0
326,363,30.74443588683975,1,0
363,326,30.74443588683975,1,0
326,364,31.10726223890492,1,0
364,326,31.10726223890492,1,0
326,365,30.215270477028664,1,0
365,326,30.215270477028664,1,0
326,366,29.754577009260274,1,0
366,326,29.754577009260274,1,0
326,367,27.87329863866134,1,0
367,326,27.87329863866134,1,0
326,368,26.5314351289183,1,0
368,326,26.5314351289183,1,0
326,369,25.37893398076444,1,0
369,326,25.37893398076444,1,0
326,370,24.393976715574688,1,0
370,326,24.393976715574688,1,0
326,371,23.977613163115297,1,0
371,326,23.977613163115297,1,0
326,372,22.909084071607925,1,0
372,326,22.909084071607925,1,0
326,373,21.954805624281896,1,0
373,326,21.954805624281896,1,0
326,375,20.21132872920531,1,0
375,326,20.21132872920531,1,0
326,376,22.96260893278462,1,0
376,326,22.96260893278462,1,0
326,377,23.843749411533413,1,0
377,326,23.843749411533413,1,0
326,378,26.673216697653846,1,0
378,326,26.673216697653846,1,0
326,379,27.876580654735974,1,0
379,326,27.876580654735974,1,0
326,380,29.659695918872803,1,0
380,326,29.659695918872803,1,0
327,330,5.396706588281412,1,1
330,327,5.396706588281412,1,1
327,331,6.832487687511775,1,1
331,327,6.832487687511775,1,1
327,332,19.521857749712243,1,0
332,327,19.521857749712243,1,0
327,333,7.208982244394835,1,1
333,327,7.208982244394835,1,1
327,334,8.095695214124603,1,1
334,327,8.095695214124603,1,1
327,335,9.239540789454853,1,1
335,327,9.239540789454853,1,1
327,336,11.216800256757717,1,0
336,327,11.216800256757717,1,0
327,337,11.159805598665239,1,0
337,327,11.159805598665239,1,0
327,338,11.184140378232025,1,0
338,327,11.184140378232025,1,0
327,339,14.576040957681203,1,0
339,327,14.576040957681203,1,0
327,340,18.103468093158284,1,0
340,327,18.103468093158284,1,0
327,341,15.866202129054072,1,0
341,327,15.866202129054072,1,0
327,342,17.459195313644898,1,0
342,327,17.459195313644898,1,0
327,343,19.50764109265905,1,0
343,327,19.50764109265905,1,0
327,344,20.775154824934518,1,0
344,327,20.775154824934518,1,0
327,345,21.445785273568323,1,0
345,327,21.445785273568323,1,0
327,346,22.350153869716422,1,0
346,327,22.350153869716422,1,0
327,347,24.178278702173984,1,0
347,327,24.178278702173984,1,0
327,348,24.656829175707085,1,0
348,327,24.656829175707085,1,0
327,349,16.268699579253408,1,0
349,327,16.268699579253408,1,0
327,350,15.563620819076775,1,0
350,327,15.563620819076775,1,0
327,351,14.30767157856232,1,0
351,327,14.30767157856232,1,0
327,352,14.283768025279603,1,0
352,327,14.283768025279603,1,0
327,353,14.557414949090377,1,0
353,327,14.557414949090377,1,0
327,354,17.459378368086305,1,0
354,327,17.459378368086305,1,0
327,355,17.82865945605558,1,0
355,327,17.82865945605558,1,0
327,356,20.23271205251535,1,0
356,327,20.23271205251535,1,0
327,357,19.62463778009673,1,0
357,327,19.62463778009673,1,0
327,358,17.616104932702914,1,0
358,327,17.616104932702914,1,0
327,359,16.77406668044455,1,0
359,327,16.77406668044455,1,0
327,360,16.491412371291915,1,0
360,327,16.491412371291915,1,0
327,361,26.614097861847583,1,0
361,327,26.614097861847583,1,0
327,362,17.698653310351045,1,0
362,327,17.698653310351045,1,0
327,363,18.21141963164871,1,0
363,327,18.21141963164871,1,0
327,364,17.69948171557574,1,0
364,327,17.69948171557574,1,0
327,365,16.450796242127613,1,0
365,327,16.450796242127613,1,0
327,366,15.550065723333777,1,0
366,327,15.550065723333777,1,0
327,367,14.1907035061691,1,0
367,327,14.1907035061691,1,0
327,368,14.267139341858268,1,0
368,327,14.267139341858268,1,0
327,369,14.485311905513116,1,0
369,327,14.485311905513116,1,0
327,370,14.241222735425493,1,0
370,327,14.241222735425493,1,0
327,371,13.975545284531835,1,0
371,327,13.975545284531835,1,0
327,372,13.054654725422653,1,0
372,327,13.054654725422653,1,0
327,373,12.089634775294082,1,0
373,327,12.089634775294082,1,0
327,374,25.680663932227297,1,0
374,327,25.680663932227297,1,0
327,375,11.08817333919343,1,0
375,327,11.08817333919343,1,0
327,376,8.354664924459867,1,0
376,327,8.354664924459867,1,0
327,377,7.655654707469505,1,0
377,327,7.655654707469505,1,0
327,378,6.7010884190555196,1,0
378,327,6.7010884190555196,1,0
327,379,6.380435094881853,1,0
379,327,6.380435094881853,1,0
327,380,3.538656383431429,1,0
380,327,3.538656383431429,1,0
327,528,4.556361925922918,0,1
528,327,4.556361925922918,0,1
327,529,4.9896205266533045,0,1
529,327,4.9896205266533045,0,1
327,530,7.374991050842028,0,1
530,327,7.374991050842028,0,1
327,531,9.067861931017696,0,1
531,327,9.067861931017696,0,1
327,532,11.507015295027639,0,1
532,327,11.507015295027639,0,1
327,533,13.807082602780358,0,1
533,327,13.807082602780358,0,1
327,534,15.3702286905563,0,1
534,327,15.3702286905563,0,1
327,535,17.598333813176744,0,1
535,327,17.598333813176744,0,1
327,536,18.088338784974148,0,1
536,327,18.088338784974148,0,1
327,538,20.337112503991317,0,1
538,327,20.337112503991317,0,1
327,539,21.274811491526783,0,1
539,327,21.274811491526783,0,1
327,540,20.4053185468887,0,1
540,327,20.4053185468887,0,1
327,541,19.903026503524533,0,1
541,327,19.903026503524533,0,1
328,330,4.873200693589379,1,1
330,328,4.873200693589379,1,1
328,331,6.164576627798539,1,1
331,328,6.164576627798539,1,1
328,332,17.745218313675377,1,0
332,328,17.745218313675377,1,0
328,333,6.393638087974639,1,1
333,328,6.393638087974639,1,1
328,334,7.309468106504057,1,1
334,328,7.309468106504057,1,1
328,335,8.786280498595522,1,1
335,328,8.786280498595522,1,1
328,336,10.664284739259356,1,0
336,328,10.664284739259356,1,0
328,337,10.496088128440995,1,0
337,328,10.496088128440995,1,0
328,338,10.147466728203646,1,0
338,328,10.147466728203646,1,0
328,339,13.358102447578398,1,0
339,328,13.358102447578398,1,0
328,340,16.362296965890824,1,0
340,328,16.362296965890824,1,0
328,341,14.697062733757383,1,0
341,328,14.697062733757383,1,0
328,342,16.483962691052174,1,0
342,328,16.483962691052174,1,0
328,343,18.807323307690545,1,0
343,328,18.807323307690545,1,0
328,344,20.19559429677671,1,0
344,328,20.19559429677671,1,0
328,345,20.943299286406617,1,0
345,328,20.943299286406617,1,0
328,346,21.95771219867862,1,0
346,328,21.95771219867862,1,0
328,347,23.780813989432744,1,0
347,328,23.780813989432744,1,0
328,348,24.286569539562397,1,0
348,328,24.286569539562397,1,0
328,349,14.304553296066256,1,0
349,328,14.304553296066256,1,0
328,350,13.540884756913043,1,0
350,328,13.540884756913043,1,0
328,351,12.22069903892572,1,0
351,328,12.22069903892572,1,0
328,352,11.902161484369131,1,0
352,328,11.902161484369131,1,0
328,353,12.163030584521277,1,0
353,328,12.163030584521277,1,0
328,354,15.019460709359707,1,0
354,328,15.019460709359707,1,0
328,355,15.39147182695664,1,0
355,328,15.39147182695664,1,0
328,356,17.999506715463067,1,0
356,328,17.999506715463067,1,0
328,357,17.216084020473414,1,0
357,328,17.216084020473414,1,0
328,358,15.189575372603409,1,0
358,328,15.189575372603409,1,0
328,359,14.3798949926625,1,0
359,328,14.3798949926625,1,0
328,360,14.209734585839385,1,0
360,328,14.209734585839385,1,0
328,361,25.04869038492831,1,0
361,328,25.04869038492831,1,0
328,362,15.492730488845405,1,0
362,328,15.492730488845405,1,0
328,363,16.00890258574897,1,0
363,328,16.00890258574897,1,0
328,364,15.544257460554363,1,0
364,328,15.544257460554363,1,0
328,365,14.274821540040351,1,0
365,328,14.274821540040351,1,0
328,366,13.37129466431729,1,0
366,328,13.37129466431729,1,0
328,367,11.908640770465789,1,0
367,328,11.908640770465789,1,0
328,368,11.904145916444405,1,0
368,328,11.904145916444405,1,0
328,369,12.075269355173821,1,0
369,328,12.075269355173821,1,0
328,370,11.80891273572635,1,0
370,328,11.80891273572635,1,0
328,371,11.537752337435572,1,0
371,328,11.537752337435572,1,0
328,372,10.613919963896468,1,0
372,328,10.613919963896468,1,0
328,373,9.667484160835228,1,0
373,328,9.667484160835228,1,0
328,374,24.0438393148848,1,0
374,328,24.0438393148848,1,0
328,375,8.787195513928207,1,0
375,328,8.787195513928207,1,0
328,376,5.935899342138477,1,0
376,328,5.935899342138477,1,0
328,377,5.2153406408402505,1,0
377,328,5.2153406408402505,1,0
328,378,4.4926986322254026,1,0
378,328,4.4926986322254026,1,0
328,379,4.483063349987372,1,0
379,328,4.483063349987372,1,0
328,380,3.766507400762675,1,0
380,328,3.766507400762675,1,0
328,528,6.991096122926647,0,1
528,328,6.991096122926647,0,1
328,529,7.355662036825781,0,1
529,328,7.355662036825781,0,1
328,530,9.54589461496407,0,1
530,328,9.54589461496407,0,1
328,531,11.36864798469897,0,1
531,328,11.36864798469897,0,1
328,532,13.846939373016696,0,1
532,328,13.846939373016696,0,1
328,533,16.084042930805676,0,1
533,328,16.084042930805676,0,1
328,534,17.59025050987052,0,1
534,328,17.59025050987052,0,1
328,535,19.73697200687076,0,1
535,328,19.73697200687076,0,1
328,536,20.072118597696655,0,1
536,328,20.072118597696655,0,1
328,538,22.076387974485318,0,1
538,328,22.076387974485318,0,1
328,539,22.759245176411277,0,1
539,328,22.759245176411277,0,1
328,540,21.821300465370985,0,1
540,328,21.821300465370985,0,1
328,541,20.918251002414138,0,1
541,328,20.918251002414138,0,1
329,330,4.1029483301645415,1,1
329,331,5.332681595595221,1,1
331,329,5.332681595595221,1,1
329,332,16.85680079374494,1,0
332,329,16.85680079374494,1,0
329,333,5.532115147030112,1,1
333,329,5.532115147030112,1,1
329,334,6.443942426806745,1,1
334,329,6.443942426806745,1,1
329,335,7.966764776243867,1,1
335,329,7.966764776243867,1,1
329,336,9.815784482149148,1,0
336,329,9.815784482149148,1,0
329,337,9.631002024711655,1,0
337,329,9.631002024711655,1,0
329,338,9.239974296501046,1,0
338,329,9.239974296501046,1,0
329,339,12.43744254258085,1,0
339,329,12.43744254258085,1,0
329,340,15.467737908304498,1,0
340,329,15.467737908304498,1,0
329,341,13.777514035558085,1,0
341,329,13.777514035558085,1,0
329,342,15.574010401948497,1,0
342,329,15.574010401948497,1,0
329,343,17.92117998347207,1,0
343,329,17.92117998347207,1,0
329,344,19.322911400718063,1,0
344,329,19.322911400718063,1,0
329,345,20.08034155586005,1,0
345,329,20.08034155586005,1,0
329,346,21.110015940306628,1,0
346,329,21.110015940306628,1,0
329,347,22.93057356456659,1,0
347,329,22.93057356456659,1,0
329,348,23.44007922341561,1,0
348,329,23.44007922341561,1,0
329,349,13.453034490404013,1,0
349,329,13.453034490404013,1,0
329,350,12.705786791851972,1,0
350,329,12.705786791851972,1,0
329,351,11.406662833624916,1,0
351,329,11.406662833624916,1,0
329,352,11.295225982688438,1,0
352,329,11.295225982688438,1,0
329,353,11.575739846765735,1,0
353,329,11.575739846765735,1,0
329,354,14.632560199773653,1,0
354,329,14.632560199773653,1,0
329,355,15.024190261042357,1,0
355,329,15.024190261042357,1,0
329,356,17.967280150317688,1,0
356,329,17.967280150317688,1,0
329,357,16.94233646814984,1,0
357,329,16.94233646814984,1,0
329,358,14.869580289974563,1,0
358,329,14.869580289974563,1,0
329,359,14.144116020451754,1,0
359,329,14.144116020451754,1,0
329,360,14.138311815772065,1,0
360,329,14.138311815772065,1,0
329,361,24.137859142848605,1,0
361,329,24.137859142848605,1,0
329,362,15.494631328302072,1,0
362,329,15.494631328302072,1,0
329,363,16.01216599963915,1,0
363,329,16.01216599963915,1,0
329,364,15.591412315758955,1,0
364,329,15.591412315758955,1,0
329,365,14.30905168066703,1,0
365,329,14.30905168066703,1,0
329,366,13.407262546843782,1,0
366,329,13.407262546843782,1,0
329,367,11.847585281398063,1,0
367,329,11.847585281398063,1,0
329,368,11.73368757041025,1,0
368,329,11.73368757041025,1,0
329,369,11.811769215490116,1,0
369,329,11.811769215490116,1,0
329,370,11.475477942116399,1,0
370,329,11.475477942116399,1,0
329,371,11.175835047100508,1,0
371,329,11.175835047100508,1,0
329,372,10.17317084295747,1,0
372,329,10.17317084295747,1,0
329,373,9.142147231367474,1,0
373,329,9.142147231367474,1,0
329,374,23.139446428123556,1,0
374,329,23.139446428123556,1,0
329,375,8.092114247834122,1,0
375,329,8.092114247834122,1,0
329,376,5.414067325033925,1,0
376,329,5.414067325033925,1,0
329,377,4.80130190677487,1,0
377,329,4.80130190677487,1,0
329,378,4.624026924662096,1,0
378,329,4.624026924662096,1,0
329,379,4.864294501775155,1,0
379,329,4.864294501775155,1,0
329,380,4.686747272896204,1,0
380,329,4.686747272896204,1,0
329,528,7.525456863207708,0,1
528,329,7.525456863207708,0,1
329,529,7.677953503375753,0,1
529,329,7.677953503375753,0,1
329,530,9.672890467693717,0,1
530,329,9.672890467693717,0,1
329,531,11.587250105180264,0,1
531,329,11.587250105180264,0,1
329,532,14.094721423284676,0,1
532,329,14.094721423284676,0,1
329,533,16.2587418024889,0,1
533,329,16.2587418024889,0,1
329,534,17.70971973239554,0,1
534,329,17.70971973239554,0,1
329,535,19.786732170825985,0,1
535,329,19.786732170825985,0,1
329,536,20.017186840313002,0,1
536,329,20.017186840313002,0,1
329,538,21.88014744008824,0,1
538,329,21.88014744008824,0,1
329,539,22.44177865054372,0,1
539,329,22.44177865054372,0,1
329,540,21.476957792015142,0,1
540,329,21.476957792015142,0,1
329,541,20.423653958094764,0,1
541,329,20.423653958094764,0,1
330,332,14.741785644893906,1,0
332,330,14.741785644893906,1,0
335,330,3.944629260146003,1,1
330,336,5.881406124388962,1,0
336,330,5.881406124388962,1,0
330,337,5.783376608867868,1,0
337,330,5.783376608867868,1,0
330,338,5.834409138893157,1,0
338,330,5.834409138893157,1,0
330,339,9.277230621257617,1,0
339,330,9.277230621257617,1,0
330,340,13.29303851645665,1,0
340,330,13.29303851645665,1,0
330,341,10.531548983886463,1,0
341,330,10.531548983886463,1,0
330,342,12.066285468196085,1,0
342,330,12.066285468196085,1,0
330,343,14.14335607272899,1,0
343,330,14.14335607272899,1,0
330,344,15.45749940967167,1,0
344,330,15.45749940967167,1,0
330,345,16.166979928236444,1,0
345,330,16.166979928236444,1,0
330,346,17.138406577042105,1,0
346,330,17.138406577042105,1,0
330,347,18.965513465234732,1,0
347,330,18.965513465234732,1,0
330,348,19.462660275512185,1,0
348,330,19.462660275512185,1,0
330,349,11.950671947635414,1,0
349,330,11.950671947635414,1,0
330,350,11.426137448849458,1,0
350,330,11.426137448849458,1,0
330,351,10.426448868142979,1,0
351,330,10.426448868142979,1,0
330,352,11.838379323201298,1,0
352,330,11.838379323201298,1,0
330,353,12.211050896626384,1,0
353,330,12.211050896626384,1,0
330,354,16.098947325834693,1,0
354,330,16.098947325834693,1,0
330,355,16.561368663247613,1,0
355,330,16.561368663247613,1,0
330,356,20.659400015489318,1,0
356,330,20.659400015489318,1,0
330,357,18.806220726132082,1,0
357,330,18.806220726132082,1,0
330,358,16.610364144111955,1,0
358,330,16.610364144111955,1,0
330,359,16.237309660162303,1,0
359,330,16.237309660162303,1,0
330,360,16.790490284681983,1,0
360,330,16.790490284681983,1,0
330,361,21.492323862253706,1,0
361,330,21.492323862253706,1,0
330,362,18.336596658049714,1,0
362,330,18.336596658049714,1,0
330,363,18.84777612876384,1,0
363,330,18.84777612876384,1,0
330,364,18.561400728393316,1,0
364,330,18.561400728393316,1,0
330,365,17.26900764375301,1,0
365,330,17.26900764375301,1,0
330,366,16.393046147681034,1,0
366,330,16.393046147681034,1,0
330,367,14.602620175845155,1,0
367,330,14.602620175845155,1,0
330,368,14.149183191972602,1,0
368,330,14.149183191972602,1,0
330,369,13.897334456650311,1,0
369,330,13.897334456650311,1,0
330,370,13.310357808864493,1,0
370,330,13.310357808864493,1,0
330,371,12.912884882937663,1,0
371,330,12.912884882937663,1,0
330,372,11.641163172123308,1,0
372,330,11.641163172123308,1,0
330,373,10.303446268118256,1,0
373,330,10.303446268118256,1,0
330,374,20.640200628869867,1,0
374,330,20.640200628869867,1,0
330,375,8.411492257619928,1,0
375,330,8.411492257619928,1,0
330,376,7.140259098940318,1,0
376,330,7.140259098940318,1,0
330,377,7.073214050203768,1,0
377,330,7.073214050203768,1,0
330,378,8.219644761180376,1,0
378,330,8.219644761180376,1,0
330,379,8.776521976272834,1,0
379,330,8.776521976272834,1,0
330,380,8.423485323783735,1,0
380,330,8.423485323783735,1,0
330,528,8.668150898548086,0,1
528,330,8.668150898548086,0,1
330,529,7.845446131355438,0,1
529,330,7.845446131355438,0,1
330,530,8.684995854921292,0,1
530,330,8.684995854921292,0,1
330,531,10.829665276452454,0,1
531,330,10.829665276452454,0,1
330,532,13.309026297967858,0,1
532,330,13.309026297967858,0,1
330,533,15.045954273491596,0,1
533,330,15.045954273491596,0,1
330,534,16.20461094873925,0,1
534,330,16.20461094873925,0,1
330,535,17.930010959282765,0,1
535,330,17.930010959282765,0,1
330,536,17.732666184192382,0,1
536,330,17.732666184192382,0,1
330,538,19.03698476650123,0,1
538,330,19.03698476650123,0,1
330,539,19.18742405848164,0,1
539,330,19.18742405848164,0,1
330,540,18.14852272224932,0,1
540,330,18.14852272224932,0,1
330,541,16.686768710568263,0,1
541,330,16.686768710568263,0,1
331,332,13.510721150256932,1,0
332,331,13.510721150256932,1,0
331,336,4.505229849852281,1,0
336,331,4.505229849852281,1,0
337,331,4.372655143045241,1,0
331,338,4.415426140249658,1,0
338,331,4.415426140249658,1,0
331,339,7.8721586620189505,1,0
339,331,7.8721586620189505,1,0
331,340,12.059289572773348,1,0
340,331,12.059289572773348,1,0
331,341,9.111095762859701,1,0
341,331,9.111095762859701,1,0
331,342,10.629327024793245,1,0
342,331,10.629327024793245,1,0
331,343,12.730646212977565,1,0
343,331,12.730646212977565,1,0
331,344,14.067580673306978,1,0
344,331,14.067580673306978,1,0
331,345,14.794489852644464,1,0
345,331,14.794489852644464,1,0
331,346,15.794279027546652,1,0
346,331,15.794279027546652,1,0
331,347,17.618365559835567,1,0
347,331,17.618365559835567,1,0
331,348,18.12261584319438,1,0
348,331,18.12261584319438,1,0
331,349,10.91474094974315,1,0
349,331,10.91474094974315,1,0
331,350,10.466814271782987,1,0
350,331,10.466814271782987,1,0
331,351,9.585942728808678,1,0
351,331,9.585942728808678,1,0
331,352,11.46633197670467,1,0
352,331,11.46633197670467,1,0
331,353,11.860432791428819,1,0
353,331,11.860432791428819,1,0
331,354,15.960790237328476,1,0
354,331,15.960790237328476,1,0
331,355,16.441949580265717,1,0
355,331,16.441949580265717,1,0
331,356,20.943237404947688,1,0
356,331,20.943237404947688,1,0
331,357,18.779199556956627,1,0
357,331,18.779199556956627,1,0
331,358,16.56462076233561,1,0
358,331,16.56462076233561,1,0
331,359,16.328751483196747,1,0
359,331,16.328751483196747,1,0
331,360,17.09485238310059,1,0
360,331,17.09485238310059,1,0
331,361,20.129795453506226,1,0
361,331,20.129795453506226,1,0
331,362,18.704060655376416,1,0
362,331,18.704060655376416,1,0
331,363,19.207824473375425,1,0
363,331,19.207824473375425,1,0
331,364,18.982467726826247,1,0
364,331,18.982467726826247,1,0
331,365,17.697906232094237,1,0
365,331,17.697906232094237,1,0
331,366,16.842534963597373,1,0
366,331,16.842534963597373,1,0
331,367,14.978566620341214,1,0
367,331,14.978566620341214,1,0
331,368,14.397713881029864,1,0
368,331,14.397713881029864,1,0
331,369,14.024834580129635,1,0
369,331,14.024834580129635,1,0
331,370,13.357167551543254,1,0
370,331,13.357167551543254,1,0
331,371,12.933058802928253,1,0
371,331,12.933058802928253,1,0
331,372,11.598333759639788,1,0
372,331,11.598333759639788,1,0
331,373,10.197620555796338,1,0
373,331,10.197620555796338,1,0
331,374,19.304169186991704,1,0
374,331,19.304169186991704,1,0
331,375,8.100426902330518,1,0
375,331,8.100426902330518,1,0
331,376,7.40700060753339,1,0
376,331,7.40700060753339,1,0
331,377,7.527852615454158,1,0
377,331,7.527852615454158,1,0
331,378,9.084462449699487,1,0
378,331,9.084462449699487,1,0
331,379,9.781028575768502,1,0
379,331,9.781028575768502,1,0
331,380,9.798589133135444,1,0
380,331,9.798589133135444,1,0
331,528,9.996187773346398,0,1
528,331,9.996187773346398,0,1
331,529,9.042072605326723,0,1
529,331,9.042072605326723,0,1
331,530,9.581081410780309,0,1
530,331,9.581081410780309,0,1
331,531,11.730402209643113,0,1
531,331,11.730402209643113,0,1
331,532,14.15382255788167,0,1
532,331,14.15382255788167,0,1
331,533,15.732308985015518,0,1
533,331,15.732308985015518,0,1
331,534,16.77557993036306,0,1
534,331,16.77557993036306,0,1
331,535,18.350068691969522,0,1
535,331,18.350068691969522,0,1
331,536,17.97728010573346,0,1
536,331,17.97728010573346,0,1
331,538,19.002085280305423,0,1
538,331,19.002085280305423,0,1
331,539,18.918860536512234,0,1
539,331,18.918860536512234,0,1
331,540,17.841146067447575,0,1
540,331,17.841146067447575,0,1
331,541,16.089108116983986,0,1
541,331,16.089108116983986,0,1
332,333,12.998835524769133,1,0
333,332,12.998835524769133,1,0
332,334,12.392318951673252,1,0
334,332,12.392318951673252,1,0
332,335,12.533470708466988,1,0
335,332,12.533470708466988,1,0
332,336,11.29150627684367,1,0
336,332,11.29150627684367,1,0
332,337,10.882639064124106,1,0
337,332,10.882639064124106,1,0
332,338,9.56701092295812,1,0
338,332,9.56701092295812,1,0
332,339,6.627640605826481,1,0
339,332,6.627640605826481,1,0
341,332,6.271204031125124,1,0
332,342,7.320892910021291,1,0
342,332,7.320892910021291,1,0
332,343,9.79421079005348,1,0
343,332,9.79421079005348,1,0
332,344,11.23163051386574,1,0
344,332,11.23163051386574,1,0
332,345,12.156718800729085,1,0
345,332,12.156718800729085,1,0
332,346,13.503206137802978,1,0
346,332,13.503206137802978,1,0
332,347,14.540975517481623,1,0
347,332,14.540975517481623,1,0
332,348,15.066233271790265,1,0
348,332,15.066233271790265,1,0
332,351,6.302691488562644,1,1
351,332,6.302691488562644,1,1
332,352,9.90949852414339,1,1
352,332,9.90949852414339,1,1
332,353,10.15583576078306,1,1
353,332,10.15583576078306,1,1
332,354,13.659388017037953,1,1
354,332,13.659388017037953,1,1
332,355,14.103671578706022,1,1
355,332,14.103671578706022,1,1
332,356,20.8440296727864,1,0
356,332,20.8440296727864,1,0
332,357,16.439555772587042,1,0
357,332,16.439555772587042,1,0
332,358,14.839308508148214,1,0
358,332,14.839308508148214,1,0
332,359,15.901338339900827,1,0
359,332,15.901338339900827,1,0
332,360,18.222830954601978,1,0
360,332,18.222830954601978,1,0
332,361,7.660264029392199,1,1
361,332,7.660264029392199,1,1
332,362,19.904535086256097,1,0
362,332,19.904535086256097,1,0
332,363,20.21111666880383,1,0
363,332,20.21111666880383,1,0
332,364,20.57800080182718,1,0
364,332,20.57800080182718,1,0
332,365,19.704850900222514,1,0
365,332,19.704850900222514,1,0
332,366,19.272290211596545,1,0
366,332,19.272290211596545,1,0
332,367,17.43112159328825,1,0
367,332,17.43112159328825,1,0
332,368,16.064201349584735,1,0
368,332,16.064201349584735,1,0
332,369,14.889050909980797,1,0
369,332,14.889050909980797,1,0
332,370,13.911598937577233,1,0
370,332,13.911598937577233,1,0
332,371,13.510266614689733,1,0
371,332,13.510266614689733,1,0
332,372,12.52295699904779,1,0
372,332,12.52295699904779,1,0
332,373,11.717154646073423,1,0
373,332,11.717154646073423,1,0
332,374,6.467621664878056,1,1
374,332,6.467621664878056,1,1
332,375,10.342409873912366,1,0
375,332,10.342409873912366,1,0
332,376,13.453382028322842,1,0
376,332,13.453382028322842,1,0
332,377,14.417127903989755,1,0
377,332,14.417127903989755,1,0
332,378,17.313735241131532,1,0
378,332,17.313735241131532,1,0
332,379,18.60028306236225,1,0
379,332,18.60028306236225,1,0
332,380,21.33190804874238,1,0
380,332,21.33190804874238,1,0
333,336,4.288292084268514,1,0
333,337,4.102450243452076,1,0
338,333,3.9870180586498476,1,0
333,339,7.425564288321797,1,0
339,333,7.425564288321797,1,0
333,340,11.547514451170866,1,0
340,333,11.547514451170866,1,0
333,341,8.68300207301599,1,0
341,333,8.68300207301599,1,0
333,342,10.255639326731416,1,0
342,333,10.255639326731416,1,0
333,343,12.433648298066018,1,0
343,333,12.433648298066018,1,0
333,344,13.80319923061317,1,0
344,333,13.80319923061317,1,0
333,345,14.550623938512054,1,0
345,333,14.550623938512054,1,0
333,346,15.579357528473373,1,0
346,333,15.579357528473373,1,0
333,347,17.398971061531196,1,0
347,333,17.398971061531196,1,0
333,348,17.909754325506537,1,0
348,333,17.909754325506537,1,0
333,349,10.394529186067063,1,0
349,333,10.394529186067063,1,0
333,350,9.95081062024597,1,0
350,333,9.95081062024597,1,0
333,351,9.082255501801301,1,0
351,333,9.082255501801301,1,0
333,352,11.044983295596241,1,0
352,333,11.044983295596241,1,0
333,353,11.443252378585383,1,0
353,333,11.443252378585383,1,0
333,354,15.589359704619044,1,0
354,333,15.589359704619044,1,0
333,355,16.074798816781502,1,0
355,333,16.074798816781502,1,0
333,356,20.68887957333601,1,0
356,333,20.68887957333601,1,0
333,357,18.4342189690803,1,0
357,333,18.4342189690803,1,0
333,358,16.217066072505222,1,0
358,333,16.217066072505222,1,0
333,359,16.020565408249485,1,0
359,333,16.020565408249485,1,0
333,360,16.851828773162868,1,0
360,333,16.851828773162868,1,0
333,361,19.654918214024704,1,0
361,333,19.654918214024704,1,0
333,362,18.47980957694099,1,0
362,333,18.47980957694099,1,0
333,363,18.980454209528286,1,0
363,333,18.980454209528286,1,0
333,364,18.77619695252476,1,0
364,333,18.77619695252476,1,0
333,365,17.49608167562097,1,0
365,333,17.49608167562097,1,0
333,366,16.649222954840866,1,0
366,333,16.649222954840866,1,0
333,367,14.763138047176826,1,0
367,333,14.763138047176826,1,0
333,368,14.141341166947356,1,0
368,333,14.141341166947356,1,0
333,369,13.731477779175844,1,0
369,333,13.731477779175844,1,0
333,370,13.041230770138224,1,0
370,333,13.041230770138224,1,0
333,371,12.610342144446358,1,0
371,333,12.610342144446358,1,0
333,372,11.261014918736233,1,0
372,333,11.261014918736233,1,0
333,373,9.84705529587399,1,0
373,333,9.84705529587399,1,0
333,374,18.817922972528077,1,0
374,333,18.817922972528077,1,0
333,375,7.703959825959634,1,0
375,333,7.703959825959634,1,0
333,376,7.185864805296577,1,0
376,333,7.185864805296577,1,0
333,377,7.3707612903959925,1,0
377,333,7.3707612903959925,1,0
333,378,9.077097168147976,1,0
378,333,9.077097168147976,1,0
333,379,9.833623187818416,1,0
379,333,9.833623187818416,1,0
333,380,10.07858849244278,1,0
380,333,10.07858849244278,1,0
333,528,10.480030200338165,0,1
528,333,10.480030200338165,0,1
333,529,9.552106573944828,0,1
529,333,9.552106573944828,0,1
333,530,10.100436822236947,0,1
530,333,10.100436822236947,0,1
333,531,12.249424353821693,0,1
531,333,12.249424353821693,0,1
333,532,14.669481585932068,0,1
532,333,14.669481585932068,0,1
333,533,16.233912559823647,0,1
533,333,16.233912559823647,0,1
333,534,17.262603540601862,0,1
534,333,17.262603540601862,0,1
333,535,18.813097140024553,0,1
535,333,18.813097140024553,0,1
333,536,18.40774904761579,0,1
536,333,18.40774904761579,0,1
333,538,19.367317263885568,0,1
538,333,19.367317263885568,0,1
333,539,19.219003746292366,0,1
539,333,19.219003746292366,0,1
333,540,18.130679248169386,0,1
540,333,18.130679248169386,0,1
333,541,16.282250243747022,0,1
541,333,16.282250243747022,0,1
334,336,3.3900373154288435,1,0
334,337,3.1874494505795696,1,0
334,339,6.613542545413917,1,0
339,334,6.613542545413917,1,0
334,340,10.94227078809513,1,0
340,334,10.94227078809513,1,0
334,341,7.842211996624422,1,0
341,334,7.842211996624422,1,0
334,342,9.363509705233398,1,0
342,334,9.363509705233398,1,0
334,343,11.51664543172186,1,0
343,334,11.51664543172186,1,0
334,344,12.886507401154123,1,0
344,334,12.886507401154123,1,0
334,345,13.636700370690852,1,0
345,334,13.636700370690852,1,0
334,346,14.672354446372946,1,0
346,334,14.672354446372946,1,0
334,347,16.490386593406473,1,0
347,334,16.490386593406473,1,0
334,348,17.003008204432533,1,0
348,334,17.003008204432533,1,0
334,349,9.989431265092122,1,0
349,334,9.989431265092122,1,0
334,350,9.61892405625494,1,0
350,334,9.61892405625494,1,0
334,351,8.863126818454084,1,0
351,334,8.863126818454084,1,0
334,352,11.16112270338428,1,0
352,334,11.16112270338428,1,0
334,353,11.570071261664728,1,0
353,334,11.570071261664728,1,0
334,354,15.825524319908014,1,0
354,334,15.825524319908014,1,0
334,355,16.32025076400482,1,0
355,334,16.32025076400482,1,0
334,356,21.155728538625183,1,0
356,334,21.155728538625183,1,0
334,357,18.72660174724715,1,0
357,334,18.72660174724715,1,0
334,358,16.50768366549347,1,0
358,334,16.50768366549347,1,0
334,359,16.39472354143247,1,0
359,334,16.39472354143247,1,0
334,360,17.343142304669016,1,0
360,334,17.343142304669016,1,0
334,361,18.896248781173476,1,0
361,334,18.896248781173476,1,0
334,362,18.999346567711218,1,0
362,334,18.999346567711218,1,0
334,363,19.494345898234183,1,0
363,334,19.494345898234183,1,0
334,364,19.32340032188952,1,0
364,334,19.32340032188952,1,0
334,365,18.05170867258831,1,0
365,334,18.05170867258831,1,0
334,366,17.218746789473386,1,0
366,334,17.218746789473386,1,0
334,367,15.30259772064861,1,0
367,334,15.30259772064861,1,0
334,368,14.615391134006645,1,0
368,334,14.615391134006645,1,0
334,369,14.139748300447218,1,0
369,334,14.139748300447218,1,0
334,370,13.407170022044175,1,0
370,334,13.407170022044175,1,0
334,371,12.963761992569903,1,0
371,334,12.963761992569903,1,0
334,372,11.58854766569133,1,0
372,334,11.58854766569133,1,0
334,373,10.15209505471654,1,0
373,334,10.15209505471654,1,0
334,374,18.09088834192506,1,0
374,334,18.09088834192506,1,0
334,375,7.911816795148887,1,0
375,334,7.911816795148887,1,0
334,376,7.746759903340235,1,0
376,334,7.746759903340235,1,0
334,377,8.018803526711451,1,0
377,334,8.018803526711451,1,0
334,378,9.874280176296397,1,0
378,334,9.874280176296397,1,0
334,379,10.674651516560154,1,0
379,334,10.674651516560154,1,0
334,380,10.995672330512582,1,0
380,334,10.995672330512582,1,0
334,528,11.227950347236133,0,1
528,334,11.227950347236133,0,1
334,529,10.204491560092546,0,1
529,334,10.204491560092546,0,1
334,530,10.553501219974345,0,1
530,334,10.553501219974345,0,1
334,531,12.691083365891187,0,1
531,334,12.691083365891187,0,1
334,532,15.062832469359805,0,1
532,334,15.062832469359805,0,1
334,533,16.517097111780874,0,1
533,334,16.517097111780874,0,1
334,534,17.466960496892412,0,1
534,334,17.466960496892412,0,1
334,535,18.914738909115293,0,1
535,334,18.914738909115293,0,1
334,536,18.399740025337316,0,1
536,334,18.399740025337316,0,1
334,538,19.181204602422653,0,1
538,334,19.181204602422653,0,1
334,539,18.890222894396985,0,1
539,334,18.890222894396985,0,1
334,540,17.782556227944283,0,1
540,334,17.782556227944283,0,1
334,541,15.767456643352473,0,1
541,334,15.767456643352473,0,1
335,338,2.970216490426245,1,0
335,339,6.229789402540025,1,0
339,335,6.229789402540025,1,0
335,340,11.10939768844378,1,0
340,335,11.10939768844378,1,0
335,341,7.280080219338246,1,0
341,335,7.280080219338246,1,0
335,342,8.458645340715025,1,0
342,335,8.458645340715025,1,0
335,343,10.277569994896654,1,0
343,335,10.277569994896654,1,0
335,344,11.539428235402307,1,0
344,335,11.539428235402307,1,0
335,345,12.230977884045085,1,0
345,335,12.230977884045085,1,0
335,346,13.193783384609587,1,0
346,335,13.193783384609587,1,0
335,347,15.02090306872393,1,0
347,335,15.02090306872393,1,0
335,348,15.518333190133534,1,0
348,335,15.518333190133534,1,0
335,349,10.626823608209557,1,0
349,335,10.626823608209557,1,0
335,350,10.402052922380273,1,0
350,335,10.402052922380273,1,0
335,351,9.852000812017831,1,0
351,335,9.852000812017831,1,0
335,352,12.566751091670433,1,0
352,335,12.566751091670433,1,0
335,353,12.98440325929536,1,0
353,335,12.98440325929536,1,0
335,354,17.333693922531342,1,0
354,335,17.333693922531342,1,0
335,355,17.836075801588194,1,0
355,335,17.836075801588194,1,0
335,356,22.844710481859906,1,0
356,335,22.844710481859906,1,0
335,357,20.281421892954153,1,0
357,335,20.281421892954153,1,0
335,358,18.065753374824975,1,0
358,335,18.065753374824975,1,0
335,359,18.023701756298564,1,0
359,335,18.023701756298564,1,0
335,360,19.04994782145085,1,0
360,335,19.04994782145085,1,0
335,361,18.526787228227132,1,0
361,335,18.526787228227132,1,0
335,362,20.72013351790958,1,0
362,335,20.72013351790958,1,0
335,363,21.211877733948967,1,0
363,335,21.211877733948967,1,0
335,364,21.05736177682285,1,0
364,335,21.05736177682285,1,0
335,365,19.78999355735115,1,0
365,335,19.78999355735115,1,0
335,366,18.96307638543915,1,0
366,335,18.96307638543915,1,0
335,367,17.035579238757926,1,0
367,335,17.035579238757926,1,0
335,368,16.315343851724364,1,0
368,335,16.315343851724364,1,0
335,369,15.798321588067513,1,0
369,335,15.798321588067513,1,0
335,370,15.03651638512059,1,0
370,335,15.03651638512059,1,0
335,371,14.58472982266041,1,0
371,335,14.58472982266041,1,0
335,372,13.193888433665036,1,0
372,335,13.193888433665036,1,0
335,373,11.74608126142502,1,0
373,335,11.74608126142502,1,0
335,374,17.831331806682304,1,0
374,335,17.831331806682304,1,0
335,375,9.440203917289075,1,0
375,335,9.440203917289075,1,0
335,376,9.497213064894353,1,0
376,335,9.497213064894353,1,0
335,377,9.786813219838212,1,0
377,335,9.786813219838212,1,0
335,378,11.610796527370548,1,0
378,335,11.610796527370548,1,0
335,379,12.37140097159574,1,0
379,335,12.37140097159574,1,0
335,380,12.367174818850101,1,0
380,335,12.367174818850101,1,0
335,528,11.82908703155066,0,1
528,335,11.82908703155066,0,1
335,529,10.562513384606904,0,1
529,335,10.562513384606904,0,1
335,530,10.438655516875723,0,1
530,335,10.438655516875723,0,1
335,531,12.514863243359873,0,1
531,335,12.514863243359873,0,1
335,532,14.755367328535065,0,1
532,335,14.755367328535065,0,1
335,533,15.974205207145674,0,1
533,335,15.974205207145674,0,1
335,534,16.76773771264329,0,1
534,335,16.76773771264329,0,1
335,535,18.02406693840211,0,1
535,335,18.02406693840211,0,1
335,536,17.331123737369136,0,1
536,335,17.331123737369136,0,1
335,538,17.84775843068255,0,1
538,335,17.84775843068255,0,1
335,539,17.38022399165212,0,1
539,335,17.38022399165212,0,1
335,540,16.25369154992182,0,1
540,335,16.25369154992182,0,1
335,541,14.084255393878655,0,1
541,335,14.084255393878655,0,1
336,339,4.725160949639705,1,1
336,340,9.920786107965437,1,0
340,336,9.920786107965437,1,0
336,341,5.584180691918914,1,1
341,336,5.584180691918914,1,1
336,342,6.542574798961033,1,1
342,336,6.542574798961033,1,1
336,343,8.294054075058831,1,1
343,336,8.294054075058831,1,1
336,344,9.576557314609463,1,1
344,336,9.576557314609463,1,1
336,345,10.290555378598377,1,1
345,336,10.290555378598377,1,1
336,346,11.294720270993878,1,1
346,336,11.294720270993878,1,1
336,347,13.116760003903403,1,1
347,336,13.116760003903403,1,1
336,348,13.624487403201634,1,1
348,336,13.624487403201634,1,1
336,349,9.94021780445479,1,0
349,336,9.94021780445479,1,0
336,350,9.89169737709358,1,0
350,336,9.89169737709358,1,0
336,351,9.61535324364113,1,0
351,336,9.61535324364113,1,0
336,352,12.863383264133896,1,0
352,336,12.863383264133896,1,0
336,353,13.28828333532966,1,0
353,336,13.28828333532966,1,0
336,354,17.754613513112584,1,0
354,336,17.754613513112584,1,0
336,355,18.26776291722662,1,0
355,336,18.26776291722662,1,0
336,356,23.67117582630825,1,0
356,336,23.67117582630825,1,0
336,357,20.775990951095448,1,0
357,336,20.775990951095448,1,0
336,358,18.583204702095923,1,0
358,336,18.583204702095923,1,0
336,359,18.705991580239736,1,0
359,336,18.705991580239736,1,0
336,360,19.953879071498854,1,0
360,336,19.953879071498854,1,0
336,361,16.829822250992436,1,0
361,336,16.829822250992436,1,0
336,362,21.668406148122664,1,0
362,336,21.668406148122664,1,0
336,363,22.1453497827422,1,0
363,336,22.1453497827422,1,0
336,364,22.060108725933333,1,0
364,336,22.060108725933333,1,0
336,365,20.81804873180962,1,0
365,336,20.81804873180962,1,0
336,366,20.02498039949103,1,0
366,336,20.02498039949103,1,0
336,367,18.05294042531576,1,0
367,336,18.05294042531576,1,0
336,368,17.212713237604348,1,0
368,336,17.212713237604348,1,0
336,369,16.57587297851911,1,0
369,336,16.57587297851911,1,0
336,370,15.745288088822003,1,0
370,336,15.745288088822003,1,0
336,371,15.27779493251562,1,0
371,336,15.27779493251562,1,0
336,372,13.86726368105835,1,0
372,336,13.86726368105835,1,0
336,373,12.41632590583865,1,0
373,336,12.41632590583865,1,0
336,374,16.21057148900063,1,0
374,336,16.21057148900063,1,0
336,375,10.029351524400766,1,0
375,336,10.029351524400766,1,0
336,376,10.66861987325446,1,0
376,336,10.66861987325446,1,0
336,377,11.09678444415318,1,0
377,336,11.09678444415318,1,0
336,378,13.177132085548813,1,0
378,336,13.177132085548813,1,0
336,379,14.030778738188411,1,0
379,336,14.030778738188411,1,0
336,380,14.29781972889573,1,0
380,336,14.29781972889573,1,0
337,339,4.369901257465665,1,1
337,340,9.497904821590916,1,0
340,337,9.497904821590916,1,0
337,341,5.314658314510916,1,1
341,337,5.314658314510916,1,1
337,342,6.433195162592225,1,1
342,337,6.433195162592225,1,1
337,343,8.360318893439413,1,1
343,337,8.360318893439413,1,1
337,344,9.702465923671157,1,1
344,337,9.702465923671157,1,1
337,345,10.449364430433077,1,1
345,337,10.449364430433077,1,1
337,346,11.495477067090343,1,1
346,337,11.495477067090343,1,1
337,347,13.309900225020472,1,1
347,337,13.309900225020472,1,1
337,348,13.826104078879197,1,1
348,337,13.826104078879197,1,1
337,349,9.443031134122137,1,0
349,337,9.443031134122137,1,0
337,350,9.380555314052575,1,0
350,337,9.380555314052575,1,0
337,351,9.092694705091555,1,0
351,337,9.092694705091555,1,0
337,352,12.347728940983439,1,0
352,337,12.347728940983439,1,0
337,353,12.772730835651394,1,0
353,337,12.772730835651394,1,0
337,354,17.243257754844354,1,0
354,337,17.243257754844354,1,0
337,355,17.756857633038567,1,0
355,337,17.756857633038567,1,0
337,356,23.192849673983577,1,0
356,337,23.192849673983577,1,0
337,357,20.268243757168506,1,0
357,337,20.268243757168506,1,0
337,358,18.077859884400034,1,0
358,337,18.077859884400034,1,0
337,359,18.214530957452624,1,0
359,337,18.214530957452624,1,0
337,360,19.487120900738518,1,0
360,337,19.487120900738518,1,0
337,361,16.574090744291226,1,0
361,337,16.574090744291226,1,0
337,362,21.206724405244675,1,0
362,337,21.206724405244675,1,0
337,363,21.681358352280423,1,0
363,337,21.681358352280423,1,0
337,364,21.606150466938804,1,0
364,337,21.606150466938804,1,0
337,365,20.36871424513585,1,0
365,337,20.36871424513585,1,0
337,366,19.581602309310647,1,0
366,337,19.581602309310647,1,0
337,367,17.603965945206777,1,0
367,337,17.603965945206777,1,0
337,368,16.747067325355804,1,0
368,337,16.747067325355804,1,0
337,369,16.09589674420161,1,0
369,337,16.09589674420161,1,0
337,370,15.258493831305893,1,0
370,337,15.258493831305893,1,0
337,371,14.789781235704604,1,0
371,337,14.789781235704604,1,0
337,372,13.378607737728167,1,0
372,337,13.378607737728167,1,0
337,373,11.92908781089317,1,0
373,337,11.92908781089317,1,0
337,374,15.921394442698793,1,0
374,337,15.921394442698793,1,0
337,375,9.537987890535403,1,0
375,337,9.537987890535403,1,0
337,376,10.258607361625652,1,0
376,337,10.258607361625652,1,0
337,377,10.715010965929993,1,0
377,337,10.715010965929993,1,0
337,378,12.860152604071228,1,0
378,337,12.860152604071228,1,0
337,379,13.744924190405706,1,0
379,337,13.744924190405706,1,0
337,380,14.167169089129981,1,0
380,337,14.167169089129981,1,0
338,340,8.140004975428454,1,0
340,338,8.140004975428454,1,0
338,341,4.697218112883411,1,1
338,342,6.338361381303531,1,1
342,338,6.338361381303531,1,1
338,343,8.77533230140033,1,1
343,338,8.77533230140033,1,1
338,344,10.276659476697668,1,1
344,338,10.276659476697668,1,1
338,345,11.114340376288645,1,1
345,338,11.114340376288645,1,1
338,346,12.277508623495242,1,1
346,338,12.277508623495242,1,1
338,347,14.049561879290044,1,1
347,338,14.049561879290044,1,1
338,348,14.588132471293234,1,1
348,338,14.588132471293234,1,1
338,349,7.78680178250352,1,0
349,338,7.78680178250352,1,0
338,350,7.6687452037474815,1,0
350,338,7.6687452037474815,1,0
338,351,7.337746384279031,1,0
351,338,7.337746384279031,1,0
338,352,10.63179970654075,1,0
352,338,10.63179970654075,1,0
338,353,11.056980510066932,1,0
353,338,11.056980510066932,1,0
338,354,15.543198287353862,1,0
354,338,15.543198287353862,1,0
338,355,16.058442577037162,1,0
355,338,16.058442577037162,1,0
338,356,21.620065702952893,1,0
356,338,21.620065702952893,1,0
338,357,18.581709824448343,1,0
357,338,18.581709824448343,1,0
338,358,16.40217525208166,1,0
358,338,16.40217525208166,1,0
338,359,16.59471340517817,1,0
359,338,16.59471340517817,1,0
338,360,17.96281564788772,1,0
360,338,17.96281564788772,1,0
338,361,15.77962258737515,1,0
361,338,15.77962258737515,1,0
338,362,19.699729059050533,1,0
362,338,19.699729059050533,1,0
338,363,20.164956359982533,1,0
363,338,20.164956359982533,1,0
338,364,20.128133867798077,1,0
364,338,20.128133867798077,1,0
338,365,18.910108540143288,1,0
365,338,18.910108540143288,1,0
338,366,18.147088030865998,1,0
366,338,18.147088030865998,1,0
338,367,16.15186187409984,1,0
367,338,16.15186187409984,1,0
338,368,15.231600999238394,1,0
368,338,15.231600999238394,1,0
338,369,14.524694041528035,1,0
369,338,14.524694041528035,1,0
338,370,13.661159870230637,1,0
370,338,13.661159870230637,1,0
338,371,13.188247571227954,1,0
371,338,13.188247571227954,1,0
338,372,11.777054385541403,1,0
372,338,11.777054385541403,1,0
338,373,10.336962851824515,1,0
373,338,10.336962851824515,1,0
338,374,15.01196642682097,1,0
374,338,15.01196642682097,1,0
338,375,7.936135583519223,1,0
375,338,7.936135583519223,1,0
338,376,8.99690224466177,1,0
376,338,8.99690224466177,1,0
338,377,9.562202936562265,1,0
377,338,9.562202936562265,1,0
338,378,11.93593942679,1,0
378,338,11.93593942679,1,0
338,379,12.928661028892359,1,0
379,338,12.928661028892359,1,0
338,380,13.901434638194722,1,0
380,338,13.901434638194722,1,0
339,340,5.321575048798993,1,0
340,339,5.321575048798993,1,0
339,343,6.426936517501943,1,1
343,339,6.426936517501943,1,1
339,344,8.084019792157859,1,1
344,339,8.084019792157859,1,1
339,345,9.03105442348788,1,1
345,339,9.03105442348788,1,1
339,346,10.349897197557086,1,1
346,339,10.349897197557086,1,1
339,347,11.968403611175551,1,1
347,339,11.968403611175551,1,1
339,348,12.529700116124088,1,1
348,339,12.529700116124088,1,1
339,349,6.119037832862287,1,0
339,350,6.432898646799901,1,0
350,339,6.432898646799901,1,0
339,351,6.794208415996672,1,0
351,339,6.794208415996672,1,0
339,352,10.862347122054238,1,0
352,339,10.862347122054238,1,0
339,353,11.265825313753094,1,0
353,339,11.265825313753094,1,0
339,354,15.717469802738607,1,0
354,339,15.717469802738607,1,0
339,355,16.23210707209634,1,0
355,339,16.23210707209634,1,0
339,356,22.397362902806215,1,0
356,339,22.397362902806215,1,0
339,357,18.788517397602188,1,0
357,339,18.788517397602188,1,0
339,358,16.732560025292006,1,0
358,339,16.732560025292006,1,0
339,359,17.244751578378853,1,0
359,339,17.244751578378853,1,0
339,360,19.000375259452113,1,0
360,339,19.000375259452113,1,0
339,361,12.328661930639512,1,0
361,339,12.328661930639512,1,0
339,362,20.769930019140652,1,0
362,339,20.769930019140652,1,0
339,363,21.192526064629483,1,0
363,339,21.192526064629483,1,0
339,364,21.29432518301531,1,0
364,339,21.29432518301531,1,0
339,365,20.162383614047222,1,0
365,339,20.162383614047222,1,0
339,366,19.49102465238808,1,0
366,339,19.49102465238808,1,0
339,367,17.48214826615997,1,0
367,339,17.48214826615997,1,0
339,368,16.36654957527701,1,0
368,339,16.36654957527701,1,0
339,369,15.458208466701437,1,0
369,339,15.458208466701437,1,0
339,370,14.505812111012606,1,0
370,339,14.505812111012606,1,0
339,371,14.030074126675169,1,0
371,339,14.030074126675169,1,0
339,372,12.676604277171391,1,0
372,339,12.676604277171391,1,0
339,373,11.35322601730451,1,0
373,339,11.35322601730451,1,0
339,374,11.602869041749976,1,0
374,339,11.602869041749976,1,0
339,375,9.080500536864694,1,0
375,339,9.080500536864694,1,0
339,376,11.09453793539866,1,0
376,339,11.09453793539866,1,0
339,377,11.848853657632876,1,0
377,339,11.848853657632876,1,0
339,378,14.51542186779289,1,0
378,339,14.51542186779289,1,0
339,379,15.633943392503378,1,0
379,339,15.633943392503378,1,0
339,380,17.12418129429842,1,0
380,339,17.12418129429842,1,0
340,342,6.510044239481019,1,0
342,340,6.510044239481019,1,0
340,343,9.240593054560946,1,0
343,340,9.240593054560946,1,0
340,344,10.779011874935476,1,0
344,340,10.779011874935476,1,0
340,345,11.736151882111955,1,0
345,340,11.736151882111955,1,0
340,346,13.108766723075057,1,0
346,340,13.108766723075057,1,0
340,347,14.294817242623285,1,0
347,340,14.294817242623285,1,0
340,348,14.837445669656216,1,0
348,340,14.837445669656216,1,0
340,351,5.281060972948523,1,1
351,340,5.281060972948523,1,1
340,352,9.187021388894227,1,1
352,340,9.187021388894227,1,1
340,353,9.476661068118876,1,1
353,340,9.476661068118876,1,1
340,354,13.289325415535583,1,1
354,340,13.289325415535583,1,1
340,355,13.758586155561188,1,1
355,340,13.758586155561188,1,1
340,356,20.438477046981752,1,0
356,340,20.438477046981752,1,0
340,357,16.182196915128674,1,0
357,340,16.182196915128674,1,0
340,358,14.4480773115318,1,0
358,340,14.4480773115318,1,0
340,359,15.396840260261195,1,0
359,340,15.396840260261195,1,0
340,360,17.62237864194275,1,0
360,340,17.62237864194275,1,0
340,361,8.850359540719236,1,1
361,340,8.850359540719236,1,1
340,362,19.338968431640815,1,0
362,340,19.338968431640815,1,0
340,363,19.673132541616244,1,0
363,340,19.673132541616244,1,0
340,364,19.986613970355258,1,0
364,340,19.986613970355258,1,0
340,365,19.05227304024378,1,0
365,340,19.05227304024378,1,0
340,366,18.567554631668653,1,0
366,340,18.567554631668653,1,0
340,367,16.674319326437285,1,0
367,340,16.674319326437285,1,0
340,368,15.340080964584248,1,0
368,340,15.340080964584248,1,0
340,369,14.20210744924851,1,0
369,340,14.20210744924851,1,0
340,370,13.21340660087322,1,0
370,340,13.21340660087322,1,0
340,371,12.78927929947579,1,0
371,340,12.78927929947579,1,0
340,372,11.708304275171534,1,0
372,340,11.708304275171534,1,0
340,373,10.786471712288499,1,0
373,340,10.786471712288499,1,0
340,374,7.733809992493997,1,1
374,340,7.733809992493997,1,1
340,375,9.22599875352257,1,0
375,340,9.22599875352257,1,0
340,376,12.249645749979875,1,0
376,340,12.249645749979875,1,0
340,377,13.19952877946785,1,0
377,340,13.19952877946785,1,0
340,378,16.095598187082082,1,0
378,340,16.095598187082082,1,0
340,379,17.370340382387443,1,0
379,340,17.370340382387443,1,0
340,380,19.977308427313226,1,0
380,340,19.977308427313226,1,0
341,344,6.939977233392052,1,1
344,341,6.939977233392052,1,1
341,345,7.906345046859515,1,1
345,341,7.906345046859515,1,1
341,346,9.255930855402928,1,1
346,341,9.255930855402928,1,1
341,347,10.808972615378392,1,1
347,341,10.808972615378392,1,1
341,348,11.37224098408049,1,1
348,341,11.37224098408049,1,1
341,349,6.592266074727263,1,0
349,341,6.592266074727263,1,0
341,350,7.071810022900785,1,0
350,341,7.071810022900785,1,0
341,351,7.656364672610624,1,0
351,341,7.656364672610624,1,0
341,352,11.828071736339783,1,0
352,341,11.828071736339783,1,0
341,353,12.218944307917932,1,0
353,341,12.218944307917932,1,0
341,354,16.606461423193082,1,0
354,341,16.606461423193082,1,0
341,355,17.116362697722902,1,0
355,341,17.116362697722902,1,0
341,356,23.41131976202965,1,0
356,341,23.41131976202965,1,0
341,357,19.66332510029776,1,0
357,341,19.66332510029776,1,0
341,358,17.657400629764282,1,0
358,341,17.657400629764282,1,0
341,359,18.251713371626234,1,0
359,341,18.251713371626234,1,0
341,360,20.09250327858627,1,0
360,341,20.09250327858627,1,0
341,361,11.259454915758576,1,0
361,341,11.259454915758576,1,0
341,362,21.862247757264118,1,0
362,341,21.862247757264118,1,0
341,363,22.27318291129492,1,0
363,341,22.27318291129492,1,0
341,364,22.40687477092689,1,0
364,341,22.40687477092689,1,0
341,365,21.298169616190027,1,0
365,341,21.298169616190027,1,0
341,366,20.648902392136975,1,0
366,341,20.648902392136975,1,0
341,367,18.645342581996182,1,0
367,341,18.645342581996182,1,0
341,368,17.494063135818394,1,0
368,341,17.494063135818394,1,0
341,369,16.546380782515552,1,0
369,341,16.546380782515552,1,0
341,370,15.580611830091911,1,0
370,341,15.580611830091911,1,0
341,371,15.108236958692434,1,0
371,341,15.108236958692434,1,0
341,372,13.780547594344718,1,0
372,341,13.780547594344718,1,0
341,373,12.496279166215839,1,0
373,341,12.496279166215839,1,0
341,374,10.627641789221164,1,0
374,341,10.627641789221164,1,0
341,375,10.27814000683003,1,0
375,341,10.27814000683003,1,0
341,376,12.41022352739869,1,0
376,341,12.41022352739869,1,0
341,377,13.180475598399324,1,0
377,341,13.180475598399324,1,0
341,378,15.864929498740295,1,0
378,341,15.864929498740295,1,0
341,379,16.9893652029733,1,0
379,341,16.9893652029733,1,0
341,380,18.46357010439747,1,0
380,341,18.46357010439747,1,0
344,342,4.749354166620973,1,1
345,342,5.72287838416998,1,1
342,346,7.086428790300514,1,1
346,342,7.086428790300514,1,1
342,347,8.604622246211626,1,1
347,342,8.604622246211626,1,1
342,348,9.168074716100431,1,1
348,342,9.168074716100431,1,1
342,349,8.500291583234072,1,0
349,342,8.500291583234072,1,0
342,350,9.085041441842739,1,0
350,342,9.085041441842739,1,0
342,351,9.788128370633478,1,0
351,342,9.788128370633478,1,0
342,352,13.98976089860009,1,0
352,342,13.98976089860009,1,0
342,353,14.37415364464983,1,0
353,342,14.37415364464983,1,0
342,354,18.719097681245213,1,0
354,342,18.719097681245213,1,0
342,355,19.225263405217625,1,0
355,342,19.225263405217625,1,0
342,356,25.58191931814343,1,0
356,342,25.58191931814343,1,0
342,357,21.762279866778663,1,0
357,342,21.762279866778663,1,0
342,358,19.788617384749244,1,0
358,342,19.788617384749244,1,0
342,359,20.422551701489216,1,0
359,342,20.422551701489216,1,0
342,360,22.292402315587257,1,0
360,342,22.292402315587257,1,0
342,361,10.678685499629625,1,0
361,342,10.678685499629625,1,0
342,362,24.06172146792494,1,0
362,342,24.06172146792494,1,0
342,363,24.46919900609744,1,0
363,342,24.46919900609744,1,0
342,364,24.611243324952113,1,0
364,342,24.611243324952113,1,0
342,365,23.507048304710654,1,0
365,342,23.507048304710654,1,0
342,366,22.860364585894075,1,0
366,342,22.860364585894075,1,0
342,367,20.857238000272233,1,0
367,342,20.857238000272233,1,0
342,368,19.702205561814647,1,0
368,342,19.702205561814647,1,0
342,369,18.746482656754573,1,0
369,342,18.746482656754573,1,0
342,370,17.777572218950482,1,0
370,342,17.777572218950482,1,0
342,371,17.30638925368316,1,0
371,342,17.30638925368316,1,0
342,372,15.985472936388213,1,0
372,342,15.985472936388213,1,0
342,373,14.707321170083965,1,0
373,342,14.707321170083965,1,0
342,374,10.30645627749907,1,0
374,342,10.30645627749907,1,0
342,375,12.488513642543696,1,0
375,342,12.488513642543696,1,0
342,376,14.556690042726059,1,0
376,342,14.556690042726059,1,0
342,377,15.300324833153052,1,0
377,342,15.300324833153052,1,0
342,378,17.931874553431385,1,0
378,342,17.931874553431385,1,0
342,379,19.023254742551284,1,0
379,342,19.023254742551284,1,0
342,380,20.239740116908614,1,0
380,342,20.239740116908614,1,0
346,343,4.013922395861684,1,1
343,347,5.5467965529664065,1,1
347,343,5.5467965529664065,1,1
343,348,6.109412574053254,1,1
348,343,6.109412574053254,1,1
343,349,11.49148245440944,1,0
349,343,11.49148245440944,1,0
343,350,12.12097232073401,1,0
350,343,12.12097232073401,1,0
343,351,12.86176990153377,1,0
351,343,12.86176990153377,1,0
343,352,17.066631595016045,1,0
352,343,17.066631595016045,1,0
343,353,17.45041847635752,1,0
353,343,17.45041847635752,1,0
343,354,21.783291257291676,1,0
354,343,21.783291257291676,1,0
343,355,22.287844332729893,1,0
355,343,22.287844332729893,1,0
343,356,28.658975836550756,1,0
356,343,28.658975836550756,1,0
343,357,24.819787932212474,1,0
357,343,24.819787932212474,1,0
343,358,22.858851458461338,1,0
358,343,22.858851458461338,1,0
343,359,23.4996080392844,1,0
359,343,23.4996080392844,1,0
343,360,25.35989473558595,1,0
360,343,25.35989473558595,1,0
343,361,11.165129287204872,1,0
361,343,11.165129287204872,1,0
343,362,27.129609580677712,1,0
362,343,27.129609580677712,1,0
343,363,27.53978010079238,1,0
363,343,27.53978010079238,1,0
343,364,27.673539889215473,1,0
364,343,27.673539889215473,1,0
343,365,26.56044645709104,1,0
365,343,26.56044645709104,1,0
343,366,25.90312037187798,1,0
366,343,25.90312037187798,1,0
343,367,23.8966802087654,1,0
367,343,23.8966802087654,1,0
343,368,22.757797169321993,1,0
368,343,22.757797169321993,1,0
343,369,21.813769596289404,1,0
369,343,21.813769596289404,1,0
343,370,20.84737590201702,1,0
370,343,20.84737590201702,1,0
343,371,20.375303114309737,1,0
371,343,20.375303114309737,1,0
343,372,19.047233211151692,1,0
372,343,19.047233211151692,1,0
343,373,17.754218090358133,1,0
373,343,17.754218090358133,1,0
343,374,11.172029403828116,1,0
374,343,11.172029403828116,1,0
343,375,15.504980006436641,1,0
375,343,15.504980006436641,1,0
343,376,17.42214673913637,1,0
376,343,17.42214673913637,1,0
343,377,18.11708519602422,1,0
377,343,18.11708519602422,1,0
343,378,20.650508395678784,1,0
378,343,20.650508395678784,1,0
343,379,21.684421251211663,1,0
379,343,21.684421251211663,1,0
343,380,22.51223676137047,1,0
380,343,22.51223676137047,1,0
344,349,13.120746929957914,1,0
349,344,13.120746929957914,1,0
344,350,13.76930561066897,1,0
350,344,13.76930561066897,1,0
344,351,14.529836475335845,1,0
351,344,14.529836475335845,1,0
344,352,18.737789864335657,1,0
352,344,18.737789864335657,1,0
344,353,19.120629801342844,1,0
353,344,19.120629801342844,1,0
344,354,23.44392631365318,1,0
354,344,23.44392631365318,1,0
344,355,23.94738006546854,1,0
355,344,23.94738006546854,1,0
344,356,30.330730703364203,1,0
356,344,30.330730703364203,1,0
344,357,26.47582010061256,1,0
357,344,26.47582010061256,1,0
344,358,24.523572272407623,1,0
358,344,24.523572272407623,1,0
344,359,25.17154347671195,1,0
359,344,25.17154347671195,1,0
344,360,27.032434222614878,1,0
360,344,27.032434222614878,1,0
344,361,11.69801081380933,1,0
361,344,11.69801081380933,1,0
344,362,28.802204516321314,1,0
362,344,28.802204516321314,1,0
344,363,29.212811863975023,1,0
363,344,29.212811863975023,1,0
344,364,29.344904106164666,1,0
364,344,29.344904106164666,1,0
344,365,28.22945895691237,1,0
365,344,28.22945895691237,1,0
344,366,27.568963165124654,1,0
366,344,27.568963165124654,1,0
344,367,25.56165072916849,1,0
367,344,25.56165072916849,1,0
344,368,24.427593761973363,1,0
368,344,24.427593761973363,1,0
344,369,23.486319102830908,1,0
369,344,23.486319102830908,1,0
344,370,22.520344957393526,1,0
370,344,22.520344957393526,1,0
344,371,22.048147042325347,1,0
371,344,22.048147042325347,1,0
344,372,20.718723705865667,1,0
372,344,20.718723705865667,1,0
344,373,19.422052131533373,1,0
373,344,19.422052131533373,1,0
344,374,11.89091157144817,1,0
374,344,11.89091157144817,1,0
344,375,17.164487816419108,1,0
375,344,17.164487816419108,1,0
344,376,19.028730383291474,1,0
376,344,19.028730383291474,1,0
344,377,19.704681804078948,1,0
377,344,19.704681804078948,1,0
344,378,22.196131194422147,1,0
378,344,22.196131194422147,1,0
344,379,23.205102930174647,1,0
379,344,23.205102930174647,1,0
344,380,23.866141057992596,1,0
380,344,23.866141057992596,1,0
345,349,14.098262304269984,1,0
349,345,14.098262304269984,1,0
345,350,14.748716995047399,1,0
350,345,14.748716995047399,1,0
345,351,15.506767683821153,1,0
351,345,15.506767683821153,1,0
345,352,19.712549835066998,1,0
352,345,19.712549835066998,1,0
345,353,20.096257661564753,1,0
353,345,20.096257661564753,1,0
345,354,24.422980264496797,1,0
354,345,24.422980264496797,1,0
345,355,24.926568716933343,1,0
355,345,24.926568716933343,1,0
345,356,31.304755629137247,1,0
356,345,31.304755629137247,1,0
345,357,27.45526342980522,1,0
357,345,27.45526342980522,1,0
345,358,25.50182254271251,1,0
358,345,25.50182254271251,1,0
345,359,26.145320900688905,1,0
359,345,26.145320900688905,1,0
345,360,27.99695876340857,1,0
360,345,27.99695876340857,1,0
345,361,12.231948536516985,1,0
361,345,12.231948536516985,1,0
345,362,29.766869989973753,1,0
362,345,29.766869989973753,1,0
345,363,30.179230424250385,1,0
363,345,30.179230424250385,1,0
345,364,30.3062936203027,1,0
364,345,30.3062936203027,1,0
345,365,29.186438717322126,1,0
365,345,29.186438717322126,1,0
345,366,28.521200711050017,1,0
366,345,28.521200711050017,1,0
345,367,26.51283168580829,1,0
367,345,26.51283168580829,1,0
345,368,25.386093929551272,1,0
368,345,25.386093929551272,1,0
345,369,24.45097799680005,1,0
369,345,24.45097799680005,1,0
345,370,23.486610760175676,1,0
370,345,23.486610760175676,1,0
345,371,23.013896063031133,1,0
371,345,23.013896063031133,1,0
345,372,21.680735780872382,1,0
372,345,21.680735780872382,1,0
345,373,20.37774926236948,1,0
373,345,20.37774926236948,1,0
345,374,12.513713517577425,1,0
374,345,12.513713517577425,1,0
345,375,18.110098232754012,1,0
375,345,18.110098232754012,1,0
345,376,19.9271606607665,1,0
376,345,19.9271606607665,1,0
345,377,20.588276494160457,1,0
377,345,20.588276494160457,1,0
345,378,23.04773637475056,1,0
378,345,23.04773637475056,1,0
345,379,24.03850631798906,1,0
379,345,24.03850631798906,1,0
345,380,24.58779170645465,1,0
380,345,24.58779170645465,1,0
346,349,15.480005813952397,1,0
349,346,15.480005813952397,1,0
346,350,16.127675622978035,1,0
350,346,16.127675622978035,1,0
346,351,16.874204218273523,1,0
351,346,16.874204218273523,1,0
346,352,21.074250852640052,1,0
352,346,21.074250852640052,1,0
346,353,21.459982665417044,1,0
353,346,21.459982665417044,1,0
346,354,25.79694991660836,1,0
354,346,25.79694991660836,1,0
346,355,26.301227651955717,1,0
355,346,26.301227651955717,1,0
346,356,32.663999341783,1,0
356,346,32.663999341783,1,0
346,357,28.831797481253226,1,0
357,346,28.831797481253226,1,0
346,358,26.872591631623475,1,0
358,346,26.872591631623475,1,0
346,359,27.504265578269855,1,0
359,346,27.504265578269855,1,0
346,360,29.33680091625534,1,0
360,346,29.33680091625534,1,0
346,361,13.157028729922269,1,0
361,346,13.157028729922269,1,0
346,362,31.106804480692002,1,0
362,346,31.106804480692002,1,0
346,363,31.52252688158105,1,0
363,346,31.52252688158105,1,0
346,364,31.63998895385395,1,0
364,346,31.63998895385395,1,0
346,365,30.512206819566494,1,0
365,346,30.512206819566494,1,0
346,366,29.838662738132218,1,0
366,346,29.838662738132218,1,0
346,367,27.828807520265755,1,0
367,346,27.828807520265755,1,0
346,368,26.71515684026579,1,0
368,346,26.71515684026579,1,0
346,369,25.791503348971343,1,0
369,346,25.791503348971343,1,0
346,370,24.830325511358083,1,0
370,346,24.830325511358083,1,0
346,371,24.35669025134573,1,0
371,346,24.35669025134573,1,0
346,372,23.01680855375045,1,0
372,346,23.01680855375045,1,0
346,373,21.702939547443798,1,0
373,346,21.702939547443798,1,0
346,374,13.54060331004494,1,0
374,346,13.54060331004494,1,0
346,375,19.419186028255663,1,0
375,346,19.419186028255663,1,0
346,376,21.161736412685986,1,0
376,346,21.161736412685986,1,0
346,377,21.80005194947939,1,0
377,346,21.80005194947939,1,0
346,378,24.209915076265755,1,0
378,346,24.209915076265755,1,0
346,379,25.172976979292695,1,0
379,346,25.172976979292695,1,0
346,380,25.559679751514885,1,0
380,346,25.559679751514885,1,0
347,349,16.81962891980676,1,0
349,347,16.81962891980676,1,0
347,350,17.517927103398964,1,0
350,347,17.517927103398964,1,0
347,351,18.345454396116764,1,0
351,347,18.345454396116764,1,0
347,352,22.566707557816226,1,0
352,347,22.566707557816226,1,0
347,353,22.943346508301705,1,0
353,347,22.943346508301705,1,0
347,354,27.219186064245196,1,0
354,347,27.219186064245196,1,0
347,355,27.717884208575516,1,0
355,347,27.717884208575516,1,0
347,356,34.15985304418039,1,0
356,347,34.15985304418039,1,0
347,357,30.230862591067428,1,0
357,347,30.230862591067428,1,0
347,358,28.31526249216136,1,0
358,347,28.31526249216136,1,0
347,359,29.00357098703537,1,0
359,347,29.00357098703537,1,0
347,360,30.896927759892247,1,0
360,347,30.896927759892247,1,0
347,361,13.222478133844653,1,0
361,347,13.222478133844653,1,0
347,362,32.666155268105854,1,0
362,347,32.666155268105854,1,0
347,363,33.07243553172339,1,0
363,347,33.07243553172339,1,0
347,364,33.2152219622269,1,0
364,347,33.2152219622269,1,0
347,365,32.106056064238096,1,0
365,347,32.106056064238096,1,0
347,366,31.449915119122338,1,0
366,347,31.449915119122338,1,0
347,367,29.44337577452694,1,0
367,347,29.44337577452694,1,0
347,368,28.302651253901992,1,0
368,347,28.302651253901992,1,0
347,369,27.351064184049584,1,0
369,347,27.351064184049584,1,0
347,370,26.381512807267136,1,0
370,347,26.381512807267136,1,0
347,371,25.910679747934058,1,0
371,347,25.910679747934058,1,0
347,372,24.589063768269014,1,0
372,347,24.589063768269014,1,0
347,373,23.300710804608517,1,0
373,347,23.300710804608517,1,0
347,374,13.782018030752972,1,0
374,347,13.782018030752972,1,0
347,375,21.048721220064653,1,0
375,347,21.048721220064653,1,0
347,376,22.884978675978704,1,0
376,347,22.884978675978704,1,0
347,377,23.542664250250013,1,0
377,347,23.542664250250013,1,0
347,378,25.985501130438106,1,0
378,347,25.985501130438106,1,0
347,379,26.962528534987218,1,0
379,347,26.962528534987218,1,0
347,380,27.38736095354936,1,0
380,347,27.38736095354936,1,0
348,349,17.3748906471379,1,0
349,348,17.3748906471379,1,0
348,350,18.076409046046727,1,0
350,348,18.076409046046727,1,0
348,351,18.90764334865665,1,0
351,348,18.90764334865665,1,0
348,352,23.12934352721668,1,0
352,348,23.12934352721668,1,0
348,353,23.50569898981947,1,0
353,348,23.50569898981947,1,0
348,354,27.778610836397128,1,0
354,348,27.778610836397128,1,0
348,355,28.27695968452054,1,0
355,348,28.27695968452054,1,0
348,356,34.72232172536854,1,0
356,348,34.72232172536854,1,0
348,357,30.788706971875257,1,0
357,348,30.788706971875257,1,0
348,358,28.875721358954827,1,0
358,348,28.875721358954827,1,0
348,359,29.5662320900043,1,0
359,348,29.5662320900043,1,0
348,360,31.460392893287267,1,0
360,348,31.460392893287267,1,0
348,361,13.567521881316425,1,0
361,348,13.567521881316425,1,0
348,362,33.229623320164194,1,0
362,348,33.229623320164194,1,0
348,363,33.635890028361075,1,0
363,348,33.635890028361075,1,0
348,364,33.77859594476952,1,0
364,348,33.77859594476952,1,0
348,365,32.66910543617624,1,0
365,348,32.66910543617624,1,0
348,366,32.01243747358205,1,0
366,348,32.01243747358205,1,0
348,367,30.005741067335762,1,0
367,348,30.005741067335762,1,0
348,368,28.865800699097193,1,0
368,348,28.865800699097193,1,0
348,369,27.91452543032032,1,0
369,348,27.91452543032032,1,0
348,370,26.9449809797669,1,0
370,348,26.9449809797669,1,0
348,371,26.474149145912133,1,0
371,348,26.474149145912133,1,0
348,372,25.152417239700842,1,0
372,348,25.152417239700842,1,0
348,373,23.86352970538935,1,0
373,348,23.86352970538935,1,0
348,374,14.166348329756683,1,0
374,348,14.166348329756683,1,0
348,375,21.610150138303066,1,0
375,348,21.610150138303066,1,0
348,376,23.436414593533716,1,0
376,348,23.436414593533716,1,0
348,377,24.09020850885272,1,0
377,348,24.09020850885272,1,0
348,378,26.52364999392052,1,0
378,348,26.52364999392052,1,0
348,379,27.494943698796696,1,0
379,348,27.494943698796696,1,0
348,380,27.88201144107075,1,0
380,348,27.88201144107075,1,0
349,352,6.193968114222093,1,1
352,349,6.193968114222093,1,1
349,353,6.49323124491959,1,1
353,349,6.49323124491959,1,1
349,354,10.460253582012244,1,1
354,349,10.460253582012244,1,1
349,355,10.946377848402639,1,1
355,349,10.946377848402639,1,1
349,356,17.55255038448829,1,0
356,349,17.55255038448829,1,0
349,357,13.429426272183038,1,0
357,349,13.429426272183038,1,0
349,358,11.594576878868846,1,0
358,349,11.594576878868846,1,0
349,359,12.466793693648741,1,0
359,349,12.466793693648741,1,0
349,360,14.647337642042666,1,0
360,349,14.647337642042666,1,0
349,361,11.564399897962712,1,1
361,349,11.564399897962712,1,1
349,362,16.373908788068903,1,0
362,349,16.373908788068903,1,0
349,363,16.718497809312893,1,0
363,349,16.718497809312893,1,0
349,364,17.01206903936144,1,0
364,349,17.01206903936144,1,0
349,365,16.062659337731098,1,0
365,349,16.062659337731098,1,0
349,366,15.570641926394684,1,0
366,349,15.570641926394684,1,0
349,367,13.675876717783032,1,0
367,349,13.675876717783032,1,0
349,368,12.342396242221362,1,0
368,349,12.342396242221362,1,0
349,369,11.209291904487097,1,0
369,349,11.209291904487097,1,0
349,370,10.219543287251149,1,0
370,349,10.219543287251149,1,0
349,371,9.792755077096537,1,0
371,349,9.792755077096537,1,0
349,372,8.713278602225456,1,0
372,349,8.713278602225456,1,0
349,373,7.829567357140495,1,0
373,349,7.829567357140495,1,0
349,374,10.342480650211533,1,1
374,349,10.342480650211533,1,1
349,375,6.456006350678413,1,0
375,349,6.456006350678413,1,0
349,376,9.625157245468772,1,0
376,349,9.625157245468772,1,0
349,377,10.600625877748916,1,0
377,349,10.600625877748916,1,0
349,378,13.487945432867084,1,0
378,349,13.487945432867084,1,0
349,379,14.784979742968876,1,0
379,349,14.784979742968876,1,0
349,380,17.76115764808139,1,0
380,349,17.76115764808139,1,0
352,350,5.294442369126327,1,1
350,353,5.611623383656463,1,1
353,350,5.611623383656463,1,1
350,354,9.706176178083727,1,1
354,350,9.706176178083727,1,1
350,355,10.201903008752828,1,1
355,350,10.201903008752828,1,1
350,356,16.743155317920216,1,0
356,350,16.743155317920216,1,0
350,357,12.714093636590853,1,0
357,350,12.714093636590853,1,0
350,358,10.819140446449525,1,0
358,350,10.819140446449525,1,0
350,359,11.630403088457424,1,0
359,350,11.630403088457424,1,0
350,360,13.7652557186563,1,0
360,350,13.7652557186563,1,0
350,361,12.518430971970888,1,1
361,350,12.518430971970888,1,1
350,362,15.501386841182953,1,0
362,350,15.501386841182953,1,0
350,363,15.855755863408088,1,0
363,350,15.855755863408088,1,0
350,364,16.129181628340604,1,0
364,350,16.129181628340604,1,0
350,365,15.160605594764347,1,0
365,350,15.160605594764347,1,0
350,366,14.653457919549227,1,0
366,350,14.653457919549227,1,0
350,367,12.746360460931582,1,0
367,350,12.746360460931582,1,0
350,368,11.423228702954344,1,0
368,350,11.423228702954344,1,0
350,369,10.303891400825226,1,0
369,350,10.303891400825226,1,0
350,370,9.312611019472467,1,0
370,350,9.312611019472467,1,0
350,371,8.879110597351517,1,0
371,350,8.879110597351517,1,0
350,372,7.774089593000585,1,0
372,350,7.774089593000585,1,0
350,373,6.8707939861416305,1,0
373,350,6.8707939861416305,1,0
350,374,11.288727696246374,1,1
374,350,11.288727696246374,1,1
350,375,5.521686789378768,1,0
375,350,5.521686789378768,1,0
350,376,8.718010839635381,1,0
376,350,8.718010839635381,1,0
350,377,9.697403466908035,1,0
377,350,9.697403466908035,1,0
350,378,12.576997773713725,1,0
378,350,12.576997773713725,1,0
350,379,13.877454125306992,1,0
379,350,13.877454125306992,1,0
350,380,16.942991766509245,1,0
380,350,16.942991766509245,1,0
352,351,4.230027068471311,1,1
353,351,4.598908566170891,1,1
351,354,8.951406202379601,1,1
354,351,8.951406202379601,1,1
351,355,9.462498612945737,1,1
355,351,9.462498612945737,1,1
351,356,15.815782655309853,1,0
356,351,15.815782655309853,1,0
351,357,12.013344996294745,1,0
357,351,12.013344996294745,1,0
351,358,10.003477645299158,1,0
358,351,10.003477645299158,1,0
351,359,10.663267463587323,1,0
359,351,10.663267463587323,1,0
351,360,12.6694947018419,1,0
360,351,12.6694947018419,1,0
351,361,13.9598107795199,1,1
361,351,13.9598107795199,1,1
351,362,14.425250812377579,1,0
362,351,14.425250812377579,1,0
351,363,14.803595948282297,1,0
363,351,14.803595948282297,1,0
351,364,15.024096811455921,1,0
364,351,15.024096811455921,1,0
351,365,14.005155515023743,1,0
365,351,14.005155515023743,1,0
351,366,13.45421606783539,1,0
366,351,13.45421606783539,1,0
351,367,11.511542033976161,1,0
367,351,11.511542033976161,1,0
351,368,10.22725950585004,1,0
368,351,10.22725950585004,1,0
351,369,9.156682204816327,1,0
369,351,9.156682204816327,1,0
351,370,8.166831515343022,1,0
370,351,8.166831515343022,1,0
351,371,7.714717882074496,1,0
371,351,7.714717882074496,1,0
351,372,6.523274331192886,1,0
372,351,6.523274331192886,1,0
351,373,5.5144886435643325,1,0
373,351,5.5144886435643325,1,0
351,374,12.738490726926797,1,1
374,351,12.738490726926797,1,1
375,351,4.066144365366286,1,0
351,376,7.269753228273983,1,0
376,351,7.269753228273983,1,0
351,377,8.250825473854116,1,0
377,351,8.250825473854116,1,0
351,378,11.125871291723628,1,0
378,351,11.125871291723628,1,0
351,379,12.427589066267037,1,0
379,351,12.427589066267037,1,0
351,380,15.560612745004613,1,0
380,351,15.560612745004613,1,0
352,354,4.931935117172569,1,1
354,352,4.931935117172569,1,1
352,355,5.449758251519053,1,1
355,352,5.449758251519053,1,1
352,356,11.593985078479271,1,0
356,352,11.593985078479271,1,0
352,357,7.998565433876252,1,0
357,352,7.998565433876252,1,0
352,358,5.882411070301021,1,0
358,352,5.882411070301021,1,0
352,359,6.436912613978848,1,0
359,352,6.436912613978848,1,0
352,360,8.475089675041792,1,0
360,352,8.475089675041792,1,0
352,361,17.344608441818455,1,1
361,352,17.344608441818455,1,1
352,362,10.219151921759456,1,0
362,352,10.219151921759456,1,0
352,363,10.586195256087052,1,0
363,352,10.586195256087052,1,0
352,364,10.837694404254071,1,0
364,352,10.837694404254071,1,0
352,365,9.869227426703674,1,0
365,352,9.869227426703674,1,0
352,366,9.38394442651916,1,0
366,352,9.38394442651916,1,0
352,367,7.521644035714533,1,0
367,352,7.521644035714533,1,0
352,368,6.1620517686887375,1,0
368,352,6.1620517686887375,1,0
352,369,5.015442752140633,1,0
369,352,5.015442752140633,1,0
352,370,4.026389449618604,1,0
370,352,4.026389449618604,1,0
371,352,3.6072434073680144,1,0
352,374,16.030460660879335,1,1
374,352,16.030460660879335,1,1
352,376,6.0047835098361375,1,0
376,352,6.0047835098361375,1,0
352,377,6.872037980104592,1,0
377,352,6.872037980104592,1,0
352,378,9.302628929501596,1,0
378,352,9.302628929501596,1,0
352,379,10.566130654123107,1,0
379,352,10.566130654123107,1,0
352,380,14.548032513023884,1,0
380,352,14.548032513023884,1,0
353,354,4.509773941119444,1,1
354,353,4.509773941119444,1,1
353,355,5.027722347146867,1,1
355,353,5.027722347146867,1,1
353,356,11.216970758631762,1,0
356,353,11.216970758631762,1,0
353,357,7.578400490868769,1,0
357,353,7.578400490868769,1,0
353,358,5.471125752530278,1,0
358,353,5.471125752530278,1,0
353,359,6.065339314498407,1,0
359,353,6.065339314498407,1,0
353,360,8.155607150911573,1,0
360,353,8.155607150911573,1,0
353,361,17.537444084016347,1,1
361,353,17.537444084016347,1,1
353,362,9.889807733217062,1,0
362,353,9.889807733217062,1,0
353,363,10.247353658384197,1,0
363,353,10.247353658384197,1,0
353,364,10.520154799241311,1,0
364,353,10.520154799241311,1,0
353,365,9.577012530011643,1,0
365,353,9.577012530011643,1,0
353,366,9.117759044853072,1,0
366,353,9.117759044853072,1,0
353,367,7.288678892638913,1,0
367,353,7.288678892638913,1,0
353,368,5.9099462772515965,1,0
368,353,5.9099462772515965,1,0
353,369,4.736696844848739,1,0
369,353,4.736696844848739,1,0
370,353,3.755939962246468,1,0
371,353,3.3595809262466054,1,0
353,374,16.214084309636483,1,1
374,353,16.214084309636483,1,1
353,375,3.7995897146928908,1,0
353,376,6.2433330841786745,1,0
376,353,6.2433330841786745,1,0
353,377,7.083555392597703,1,0
377,353,7.083555392597703,1,0
353,378,9.435621230210547,1,0
378,353,9.435621230210547,1,0
353,379,10.684381591837687,1,0
379,353,10.684381591837687,1,0
353,380,14.735084696057909,1,0
380,353,14.735084696057909,1,0
354,356,7.185675890269474,1,0
356,354,7.185675890269474,1,0
354,360,5.16523697423458,1,0
360,354,5.16523697423458,1,0
354,361,20.446083488042397,1,1
361,354,20.446083488042397,1,1
354,362,6.573623810349965,1,0
362,354,6.573623810349965,1,0
354,363,6.7744568785991985,1,0
363,354,6.7744568785991985,1,0
354,364,7.319073438625957,1,0
364,354,7.319073438625957,1,0
354,365,6.799212454394994,1,0
365,354,6.799212454394994,1,0
354,366,6.741494567230623,1,0
366,354,6.741494567230623,1,0
354,367,5.665918548655637,1,0
367,354,5.665918548655637,1,0
354,368,4.436837837920156,1,0
368,354,4.436837837920156,1,0
354,369,3.4552525233331353,1,0
369,354,3.4552525233331353,1,0
370,354,3.2911305048569557,1,0
354,371,3.492283636819896,1,0
371,354,3.492283636819896,1,0
354,372,4.508429992802372,1,0
372,354,4.508429992802372,1,0
354,373,5.795602643384034,1,0
373,354,5.795602643384034,1,0
354,374,19.072814501273793,1,1
374,354,19.072814501273793,1,1
354,375,7.913780449317507,1,0
375,354,7.913780449317507,1,0
354,376,9.288790717849123,1,0
376,354,9.288790717849123,1,0
354,377,9.83315869901427,1,0
377,354,9.83315869901427,1,0
354,378,11.292060617974029,1,0
378,354,11.292060617974029,1,0
354,379,12.303963792209403,1,0
379,354,12.303963792209403,1,0
354,380,16.80029505693278,1,0
380,354,16.80029505693278,1,0
355,356,6.75556104257818,1,0
356,355,6.75556104257818,1,0
355,360,4.961322404359548,1,0
360,355,4.961322404359548,1,0
355,361,20.823648791698346,1,1
361,355,20.823648791698346,1,1
355,362,6.28002460186264,1,0
362,355,6.28002460186264,1,0
355,363,6.4500410076215795,1,0
363,355,6.4500410076215795,1,0
355,364,7.035092394560287,1,0
364,355,7.035092394560287,1,0
355,365,6.594276078539631,1,0
365,355,6.594276078539631,1,0
355,366,6.602574800787948,1,0
366,355,6.602574800787948,1,0
355,367,5.67262196871958,1,0
367,355,5.67262196871958,1,0
355,368,4.522254857922096,1,0
368,355,4.522254857922096,1,0
355,369,3.643000548998037,1,0
369,355,3.643000548998037,1,0
370,355,3.6063012907964302,1,0
355,371,3.853938245483443,1,0
371,355,3.853938245483443,1,0
355,372,4.944047329870538,1,0
372,355,4.944047329870538,1,0
355,373,6.261845175345682,1,0
373,355,6.261845175345682,1,0
355,374,19.448228145514953,1,1
374,355,19.448228145514953,1,1
355,375,8.409652192570155,1,0
375,355,8.409652192570155,1,0
355,376,9.706095404435297,1,0
376,355,9.706095404435297,1,0
355,377,10.22288848613737,1,0
377,355,10.22288848613737,1,0
355,378,11.590899361136737,1,0
378,355,11.590899361136737,1,0
355,379,12.572047486388206,1,0
379,355,12.572047486388206,1,0
355,380,17.089621558127025,1,0
380,355,17.089621558127025,1,0
356,357,4.741618394599042,1,1
357,356,4.741618394599042,1,1
356,358,6.005048709211275,1,1
358,356,6.005048709211275,1,1
356,359,5.159749800135661,1,1
359,356,5.159749800135661,1,1
356,360,3.8710625156408933,1,1
360,356,3.8710625156408933,1,1
356,361,27.53386307803538,1,0
361,356,27.53386307803538,1,0
362,356,2.566112234490144,1,1
364,356,2.813014397403611,1,1
356,365,3.869408740363313,1,1
365,356,3.869408740363313,1,1
356,366,4.737160014185714,1,1
366,356,4.737160014185714,1,1
356,367,6.125414353331537,1,1
367,356,6.125414353331537,1,1
356,368,6.5475457997634505,1,1
368,356,6.5475457997634505,1,1
356,369,7.09786446757051,1,1
369,356,7.09786446757051,1,1
356,370,7.96960889881053,1,1
370,356,7.96960889881053,1,1
356,371,8.446233776068478,1,1
371,356,8.446233776068478,1,1
356,372,9.85184515712666,1,1
372,356,9.85184515712666,1,1
356,373,11.28379244757719,1,1
373,356,11.28379244757719,1,1
356,374,26.155547346595522,1,0
374,356,26.155547346595522,1,0
356,375,13.684958348493428,1,1
375,356,13.684958348493428,1,1
356,376,13.550819200328814,1,1
376,356,13.550819200328814,1,1
356,377,13.606883258116092,1,1
377,356,13.606883258116092,1,1
356,378,13.538125461082121,1,1
378,356,13.538125461082121,1,1
356,379,13.96806747549567,1,1
379,356,13.96806747549567,1,1
356,380,18.332286818615948,1,0
380,356,18.332286818615948,1,0
356,419,11.51747975904451,0,1
419,356,11.51747975904451,0,1
356,420,13.739772414417933,0,1
420,356,13.739772414417933,0,1
356,421,13.520725498285955,0,1
421,356,13.520725498285955,0,1
359,357,2.896525677428046,1,1
360,357,4.530184322960822,1,1
357,361,22.883389980507694,1,0
361,357,22.883389980507694,1,0
357,362,5.16577244949872,1,1
362,357,5.16577244949872,1,1
357,363,5.13424746189741,1,1
363,357,5.13424746189741,1,1
357,364,5.914143809546737,1,1
364,357,5.914143809546737,1,1
357,365,5.955539690070078,1,1
365,357,5.955539690070078,1,1
357,366,6.31337944368941,1,1
366,357,6.31337944368941,1,1
357,367,6.18366380069292,1,1
367,357,6.18366380069292,1,1
357,368,5.512305960303728,1,1
368,357,5.512305960303728,1,1
357,369,5.140819487202405,1,1
369,357,5.140819487202405,1,1
357,370,5.52477302701206,1,1
370,357,5.52477302701206,1,1
357,371,5.89823515977449,1,1
371,357,5.89823515977449,1,1
357,372,7.183291863762742,1,1
372,357,7.183291863762742,1,1
357,373,8.587486768548759,1,1
373,357,8.587486768548759,1,1
357,374,21.503744511131078,1,0
374,357,21.503744511131078,1,0
357,375,10.841268007018368,1,1
375,357,10.841268007018368,1,1
357,376,11.78714935851752,1,1
376,357,11.78714935851752,1,1
357,377,12.178530494275572,1,1
377,357,12.178530494275572,1,1
357,378,13.12583902080168,1,1
378,357,13.12583902080168,1,1
357,379,13.952109231223787,1,1
379,357,13.952109231223787,1,1
357,380,18.51456910111602,1,0
380,357,18.51456910111602,1,0
357,419,14.95431900823304,0,1
419,357,14.95431900823304,0,1
357,420,16.782542030336167,0,1
420,357,16.782542030336167,0,1
357,421,16.046886208856844,0,1
421,357,16.046886208856844,0,1
358,360,4.116712887729724,1,1
360,358,4.116712887729724,1,1
358,361,21.632545712421365,1,0
361,358,21.632545712421365,1,0
358,362,5.428929360380369,1,1
362,358,5.428929360380369,1,1
358,363,5.6076121477862575,1,1
363,358,5.6076121477862575,1,1
358,364,6.182693587749598,1,1
364,358,6.182693587749598,1,1
358,365,5.747472661961951,1,1
365,358,5.747472661961951,1,1
358,366,5.781021449536405,1,1
366,358,5.781021449536405,1,1
358,367,4.965090633613851,1,1
367,358,4.965090633613851,1,1
358,368,3.9173810128707163,1,1
368,358,3.9173810128707163,1,1
369,358,3.2065835401560956,1,1
358,370,3.3954445953365227,1,1
370,358,3.3954445953365227,1,1
358,371,3.7299095163287808,1,1
371,358,3.7299095163287808,1,1
358,372,4.974483792314535,1,1
372,358,4.974483792314535,1,1
358,373,6.370011773929464,1,1
373,358,6.370011773929464,1,1
358,374,20.258677967725337,1,0
374,358,20.258677967725337,1,0
358,375,8.626304249213565,1,1
375,358,8.626304249213565,1,1
358,376,9.636089092572774,1,1
376,358,9.636089092572774,1,1
358,377,10.079390556973173,1,1
377,358,10.079390556973173,1,1
358,378,11.249461009310624,1,1
378,358,11.249461009310624,1,1
358,379,12.17263623871181,1,1
379,358,12.17263623871181,1,1
358,380,16.717565911340085,1,0
380,358,16.717565911340085,1,0
358,419,14.632137574530935,0,1
419,358,14.632137574530935,0,1
358,420,16.18652538378759,0,1
420,358,16.18652538378759,0,1
358,421,15.204310046825539,0,1
421,358,15.204310046825539,0,1
360,359,2.571099570222826,1,1
359,361,22.89205735620982,1,0
361,359,22.89205735620982,1,0
359,362,4.053937592020874,1,1
362,359,4.053937592020874,1,1
359,363,4.318326759289991,1,1
363,359,4.318326759289991,1,1
359,364,4.777411014346578,1,1
364,359,4.777411014346578,1,1
359,365,4.205117120842177,1,1
365,359,4.205117120842177,1,1
359,366,4.187864491599507,1,1
366,359,4.187864491599507,1,1
359,367,3.454190643262181,1,1
367,359,3.454190643262181,1,1
359,368,2.619979007549488,1,1
359,370,2.9881097704067034,1,1
359,371,3.4403611729003107,1,1
371,359,3.4403611729003107,1,1
359,372,4.843348118812027,1,1
372,359,4.843348118812027,1,1
359,373,6.296752337514952,1,1
373,359,6.296752337514952,1,1
359,374,21.525354189885004,1,0
374,359,21.525354189885004,1,0
359,375,8.676793244050478,1,1
375,359,8.676793244050478,1,1
359,376,9.127345342431171,1,1
376,359,9.127345342431171,1,1
359,377,9.428737455248184,1,1
377,359,9.428737455248184,1,1
359,378,10.236661223270017,1,1
378,359,10.236661223270017,1,1
359,379,11.055846643292407,1,1
379,359,11.055846643292407,1,1
359,380,15.618280122984093,1,0
380,359,15.618280122984093,1,0
359,419,13.036612520129605,0,1
419,359,13.036612520129605,0,1
359,420,14.59337109786495,0,1
420,359,14.59337109786495,0,1
359,421,13.639308486869853,0,1
421,359,13.639308486869853,0,1
360,361,25.350235916062005,1,0
361,360,25.350235916062005,1,0
363,360,2.20585878967807,1,1
360,364,2.3647336002180035,1,1
364,360,2.3647336002180035,1,1
360,368,2.7419885120109457,1,1
368,360,2.7419885120109457,1,1
360,369,3.5461253502943184,1,1
369,360,3.5461253502943184,1,1
360,370,4.519,1,1
370,360,4.519,1,1
360,371,4.9870432121649,1,1
371,360,4.9870432121649,1,1
360,372,6.324263435373323,1,1
372,360,6.324263435373323,1,1
360,373,7.6899633939310785,1,1
373,360,7.6899633939310785,1,1
360,374,23.990210545136947,1,0
374,360,23.990210545136947,1,0
360,375,10.068934898985095,1,1
375,360,10.068934898985095,1,1
360,376,9.693103527766532,1,1
376,360,9.693103527766532,1,1
360,377,9.735833657165676,1,1
377,360,9.735833657165676,1,1
360,378,9.792231410664272,1,1
378,360,9.792231410664272,1,1
360,379,10.342513911037297,1,1
379,360,10.342513911037297,1,1
360,380,14.823293999647987,1,0
380,360,14.823293999647987,1,0
360,419,10.575296922545485,0,1
419,360,10.575296922545485,0,1
360,420,12.283462093400216,0,1
420,360,12.283462093400216,0,1
360,421,11.517711274380861,0,1
421,360,11.517711274380861,0,1
361,362,26.94570310828797,1,0
362,361,26.94570310828797,1,0
361,363,27.19455033641851,1,0
363,361,27.19455033641851,1,0
361,364,27.65975766343588,1,0
364,361,27.65975766343588,1,0
361,365,26.9052102760785,1,0
365,361,26.9052102760785,1,0
361,366,26.561459541975474,1,0
366,361,26.561459541975474,1,0
361,367,24.81198978316733,1,0
367,361,24.81198978316733,1,0
361,368,23.413169371103947,1,0
368,361,23.413169371103947,1,0
361,369,22.19968468244538,1,0
369,361,22.19968468244538,1,0
361,370,21.25137289682716,1,0
370,361,21.25137289682716,1,0
361,371,20.885692542982625,1,0
371,361,20.885692542982625,1,0
361,372,20.017512657670533,1,0
372,361,20.017512657670533,1,0
361,373,19.314869401577635,1,0
373,361,19.314869401577635,1,0
361,375,18.002199560053768,1,0
375,361,18.002199560053768,1,0
361,376,21.089360089865224,1,0
376,361,21.089360089865224,1,0
361,377,22.044761191720813,1,0
377,361,22.044761191720813,1,0
361,378,24.941810058614433,1,0
378,361,24.941810058614433,1,0
361,379,26.219442194676834,1,0
379,361,26.219442194676834,1,0
361,380,28.72771435391267,1,0
380,361,28.72771435391267,1,0
362,366,2.171670555125708,1,1
362,367,3.734388972777207,1,1
367,362,3.734388972777207,1,1
362,368,4.468522798420078,1,1
368,362,4.468522798420078,1,1
362,369,5.315916101670529,1,1
369,362,5.315916101670529,1,1
362,370,6.286126470251772,1,1
370,362,6.286126470251772,1,1
362,371,6.7556158120485215,1,1
371,362,6.7556158120485215,1,1
362,372,8.093479659577826,1,1
372,362,8.093479659577826,1,1
362,373,9.45202666098652,1,1
373,362,9.45202666098652,1,1
362,374,25.579257006410486,1,0
374,362,25.579257006410486,1,0
362,375,11.82375443757185,1,1
375,362,11.82375443757185,1,1
362,376,11.298076163666096,1,1
376,362,11.298076163666096,1,1
362,377,11.263591789478168,1,1
377,362,11.263591789478168,1,1
362,378,11.015310481325526,1,1
378,362,11.015310481325526,1,1
362,379,11.411002804311286,1,1
379,362,11.411002804311286,1,1
362,380,15.76625307420885,1,0
380,362,15.76625307420885,1,0
362,419,9.851185918456721,0,1
419,362,9.851185918456721,0,1
362,420,11.83387958363613,0,1
420,362,11.83387958363613,0,1
362,421,11.361676724850078,0,1
421,362,11.361676724850078,0,1
363,366,2.6734661022724784,1,1
366,363,2.6734661022724784,1,1
363,367,4.245187039460099,1,1
367,363,4.245187039460099,1,1
363,368,4.935324508074419,1,1
368,363,4.935324508074419,1,1
363,369,5.734490735889282,1,1
369,363,5.734490735889282,1,1
363,370,6.692621160651482,1,1
370,363,6.692621160651482,1,1
363,371,7.165836796913532,1,1
371,363,7.165836796913532,1,1
363,372,8.520652850574303,1,1
372,363,8.520652850574303,1,1
363,373,9.894692112440893,1,1
373,363,9.894692112440893,1,1
363,374,25.825021684405222,1,0
374,363,25.825021684405222,1,0
363,375,12.274793236547815,1,1
375,363,12.274793236547815,1,1
363,376,11.8010866025125,1,1
376,363,11.8010866025125,1,1
363,377,11.775174223764164,1,1
377,363,11.775174223764164,1,1
363,378,11.53024652815368,1,1
378,363,11.53024652815368,1,1
363,379,11.917192160907703,1,1
379,363,11.917192160907703,1,1
363,380,16.258952610792615,1,0
380,363,16.258952610792615,1,0
363,419,10.018019964044791,0,1
419,363,10.018019964044791,0,1
363,420,12.072206840507663,0,1
420,363,12.072206840507663,0,1
363,421,11.6754978480577,0,1
421,363,11.6754978480577,0,1
364,366,2.1867027690109144,1,1
364,367,4.021796240487576,1,1
367,364,4.021796240487576,1,1
364,368,4.935406163630305,1,1
368,364,4.935406163630305,1,1
364,369,5.877385303006771,1,1
369,364,5.877385303006771,1,1
364,370,6.861552593983376,1,1
370,364,6.861552593983376,1,1
364,371,7.322984705705728,1,1
371,364,7.322984705705728,1,1
364,372,8.62633925834128,1,1
372,364,8.62633925834128,1,1
364,373,9.94971808645853,1,1
373,364,9.94971808645853,1,1
364,374,26.2953481247159,1,0
374,364,26.2953481247159,1,0
364,375,12.297374719833499,1,1
375,364,12.297374719833499,1,1
364,376,11.591088516614821,1,1
376,364,11.591088516614821,1,1
364,377,11.494657628655148,1,1
377,364,11.494657628655148,1,1
364,378,11.052859041894997,1,1
378,364,11.052859041894997,1,1
364,379,11.362533740323943,1,1
379,364,11.362533740323943,1,1
364,380,15.633456751467348,1,0
380,364,15.633456751467348,1,0
364,419,9.157764465195642,0,1
419,364,9.157764465195642,0,1
364,420,11.199976071403011,0,1
420,364,11.199976071403011,0,1
364,421,10.814794681361269,0,1
421,364,10.814794681361269,0,1
365,367,2.765115006649814,1,1
365,368,3.806289531814415,1,1
368,365,3.806289531814415,1,1
365,369,4.857244074575623,1,1
369,365,4.857244074575623,1,1
365,370,5.849011027515678,1,1
370,365,5.849011027515678,1,1
365,371,6.292001350921661,1,1
371,365,6.292001350921661,1,1
365,372,7.534799599193066,1,1
372,365,7.534799599193066,1,1
365,373,8.809324605212366,1,1
373,365,8.809324605212366,1,1
365,374,25.549983111540406,1,0
374,365,25.549983111540406,1,0
365,375,11.125488618483235,1,1
375,365,11.125488618483235,1,1
365,376,10.313075438490692,1,1
376,365,10.313075438490692,1,1
365,377,10.20385672184787,1,1
377,365,10.20385672184787,1,1
365,378,9.786602321541425,1,1
378,365,9.786602321541425,1,1
365,379,10.136945940469447,1,1
379,365,10.136945940469447,1,1
365,380,14.466170191173612,1,0
380,365,14.466170191173612,1,0
365,419,9.01812796538173,0,1
419,365,9.01812796538173,0,1
365,420,10.840491225032194,0,1
420,365,10.840491225032194,0,1
365,421,10.230449159250048,0,1
421,365,10.230449159250048,0,1
366,368,3.2307821034542084,1,1
368,366,3.2307821034542084,1,1
366,369,4.383697640120724,1,1
369,366,4.383697640120724,1,1
366,370,5.3622749836240216,1,1
370,366,5.3622749836240216,1,1
366,371,5.7783480338242,1,1
371,366,5.7783480338242,1,1
366,372,6.941638567370099,1,1
372,366,6.941638567370099,1,1
366,373,8.153582096232306,1,1
373,366,8.153582096232306,1,1
366,374,25.215244674601117,1,0
374,366,25.215244674601117,1,0
366,375,10.425676189101598,1,1
375,366,10.425676189101598,1,1
366,376,9.473520676073916,1,1
376,366,9.473520676073916,1,1
366,377,9.335283230839867,1,1
377,366,9.335283230839867,1,1
366,378,8.88329184480618,1,1
378,366,8.88329184480618,1,1
366,379,9.244224142674172,1,1
379,366,9.244224142674172,1,1
366,380,13.596696400228991,1,0
380,366,13.596696400228991,1,0
366,419,8.851799195643787,0,1
419,366,8.851799195643787,0,1
366,420,10.502557450449867,0,1
420,366,10.502557450449867,0,1
366,421,9.74054829052246,0,1
421,366,9.74054829052246,0,1
367,370,3.5645275984343283,1,1
370,367,3.5645275984343283,1,1
367,371,3.9298539413062157,1,1
371,367,3.9298539413062157,1,1
367,372,4.98827304785935,1,1
372,367,4.98827304785935,1,1
367,373,6.154512572088874,1,1
373,367,6.154512572088874,1,1
367,374,23.478997976915455,1,0
374,367,23.478997976915455,1,0
367,375,8.414243281484081,1,1
375,367,8.414243281484081,1,1
367,376,7.577415918372173,1,1
376,367,7.577415918372173,1,1
367,377,7.530014674620496,1,1
377,367,7.530014674620496,1,1
367,378,7.493098958374966,1,1
378,367,7.493098958374966,1,1
367,379,8.079003032552965,1,1
379,367,8.079003032552965,1,1
367,380,12.593493121449665,1,0
380,367,12.593493121449665,1,0
367,419,10.071324888017465,0,1
419,367,10.071324888017465,0,1
367,420,11.359835254087095,0,1
420,367,11.359835254087095,0,1
367,421,10.263449371434538,0,1
421,367,10.263449371434538,0,1
368,372,3.7306531599707844,1,1
372,368,3.7306531599707844,1,1
368,373,5.015962519796176,1,1
373,368,5.015962519796176,1,1
368,374,22.076883045393885,1,0
374,368,22.076883045393885,1,0
368,375,7.365020638124513,1,1
375,368,7.365020638124513,1,1
368,376,7.017961883624048,1,1
376,368,7.017961883624048,1,1
368,377,7.150403904675596,1,1
377,368,7.150403904675596,1,1
368,378,7.660872600428752,1,1
378,368,7.660872600428752,1,1
368,379,8.442675464566904,1,1
379,368,8.442675464566904,1,1
368,380,13.004788041333084,1,0
380,368,13.004788041333084,1,0
368,419,11.476540593750366,0,1
419,368,11.476540593750366,0,1
368,420,12.699332659632159,0,1
420,368,12.699332659632159,0,1
368,421,11.517408475868171,0,1
421,368,11.517408475868171,0,1
369,372,2.7893707175633717,1,1
372,369,2.7893707175633717,1,1
369,373,4.1941697628970624,1,1
373,369,4.1941697628970624,1,1
369,374,20.859709513797167,1,0
374,369,20.859709513797167,1,0
369,375,6.593355215669788,1,1
375,369,6.593355215669788,1,1
369,376,6.776249478878416,1,1
376,369,6.776249478878416,1,1
369,377,7.077227140625063,1,1
377,369,7.077227140625063,1,1
369,378,8.048166064390074,1,1
378,369,8.048166064390074,1,1
369,379,8.968086808232847,1,1
379,369,8.968086808232847,1,1
369,380,13.510995374138798,1,0
380,369,13.510995374138798,1,0
369,419,12.710980607333173,0,1
419,369,12.710980607333173,0,1
369,420,13.893298024587251,0,1
420,369,13.893298024587251,0,1
369,421,12.656752901119624,0,1
421,369,12.656752901119624,0,1
370,373,3.3294158646825722,1,1
373,370,3.3294158646825722,1,1
370,374,19.91619002219049,1,0
374,370,19.91619002219049,1,0
370,375,5.72621594074132,1,1
375,370,5.72621594074132,1,1
370,376,6.262396426289221,1,1
376,370,6.262396426289221,1,1
370,377,6.683955864605929,1,1
377,370,6.683955864605929,1,1
370,378,8.000955505438085,1,1
378,370,8.000955505438085,1,1
370,379,9.022895821187342,1,1
379,370,9.022895821187342,1,1
370,380,13.50951671970541,1,0
380,370,13.50951671970541,1,0
370,419,13.54835613644696,0,1
419,370,13.54835613644696,0,1
370,420,14.627822804505119,0,1
420,370,14.627822804505119,0,1
370,421,13.306271002801648,0,1
421,370,13.306271002801648,0,1
371,374,19.55596650641435,1,0
374,371,19.55596650641435,1,0
371,375,5.254793050159065,1,1
375,371,5.254793050159065,1,1
371,376,5.906249571428556,1,1
376,371,5.906249571428556,1,1
371,377,6.375585071191506,1,1
377,371,6.375585071191506,1,1
371,378,7.838928753343788,1,1
378,371,7.838928753343788,1,1
371,379,8.903572878344963,1,1
379,371,8.903572878344963,1,1
371,380,13.351760370827511,1,0
380,371,13.351760370827511,1,0
371,419,13.83792921646877,0,1
419,371,13.83792921646877,0,1
371,420,14.849865083562207,0,1
420,371,14.849865083562207,0,1
371,421,13.479523619178831,0,1
421,371,13.479523619178831,0,1
372,374,18.710789667996377,1,0
374,372,18.710789667996377,1,0
372,375,3.843081315819378,1,1
372,376,4.790567816031832,1,1
372,377,5.39904000726055,1,1
377,372,5.39904000726055,1,1
372,378,7.279607132256521,1,1
378,372,7.279607132256521,1,1
372,379,8.453325617767247,1,1
379,372,8.453325617767247,1,1
372,380,12.74329019523608,1,0
380,372,12.74329019523608,1,0
372,419,14.555900830934512,0,1
419,372,14.555900830934512,0,1
372,420,15.356398438436011,0,1
420,372,15.356398438436011,0,1
372,421,13.846946414282103,0,1
421,372,13.846946414282103,0,1
373,374,18.040938140795227,1,0
374,373,18.040938140795227,1,0
373,376,3.7350396249571434,1,1
373,377,4.507769736798898,1,1
377,373,4.507769736798898,1,1
373,378,6.8200924480537655,1,1
378,373,6.8200924480537655,1,1
373,379,8.078967570178754,1,1
379,373,8.078967570178754,1,1
373,380,12.121346789857965,1,0
380,373,12.121346789857965,1,0
373,419,15.27862297460082,0,1
419,373,15.27862297460082,0,1
373,420,15.863059288800505,0,1
420,373,15.863059288800505,0,1
373,421,14.227605631307048,0,1
421,373,14.227605631307048,0,1
374,375,16.796028340057063,1,0
375,374,16.796028340057063,1,0
374,376,19.92100062747853,1,0
376,374,19.92100062747853,1,0
374,377,20.88420237883171,1,0
377,374,20.88420237883171,1,0
374,378,23.78104341697395,1,0
378,374,23.78104341697395,1,0
374,379,25.066459901629507,1,0
379,374,25.066459901629507,1,0
374,380,27.692089646684305,1,0
380,374,27.692089646684305,1,0
375,377,4.252059383404705,1,1
375,378,7.0872574385300835,1,1
378,375,7.0872574385300835,1,1
375,379,8.393592079676019,1,1
379,375,8.393592079676019,1,1
375,380,11.809605624236568,1,0
380,375,11.809605624236568,1,0
375,419,16.960970638498257,0,1
419,375,16.960970638498257,0,1
375,420,17.256648255092877,0,1
420,375,17.256648255092877,0,1
375,421,15.472014380810277,0,1
421,375,15.472014380810277,0,1
376,379,5.16014205230825,1,1
379,376,5.16014205230825,1,1
376,380,8.62163818540305,1,0
380,376,8.62163818540305,1,0
376,419,14.53696367884298,0,1
419,376,14.53696367884298,0,1
376,420,14.505618532141261,0,1
420,376,14.505618532141261,0,1
376,421,12.613760145174792,0,1
421,376,12.613760145174792,0,1
379,377,4.185683337281978,1,1
377,380,7.693313720367836,1,0
380,377,7.693313720367836,1,0
377,419,13.832310146898818,0,1
419,377,13.832310146898818,0,1
377,420,13.68703715199166,0,1
420,377,13.68703715199166,0,1
377,421,11.76301908525188,0,1
421,377,11.76301908525188,0,1
378,380,5.512878104946635,1,0
380,378,5.512878104946635,1,0
378,419,11.507561557515128,0,1
419,378,11.507561557515128,0,1
378,420,11.055797076647165,0,1
420,378,11.055797076647165,0,1
378,421,9.064192462652146,0,1
421,378,9.064192462652146,0,1
379,380,4.56246172586686,1,0
380,379,4.56246172586686,1,0
379,419,10.763312361907927,0,1
419,379,10.763312361907927,0,1
379,420,10.082117287554237,0,1
420,379,10.082117287554237,0,1
379,421,8.047410080268062,0,1
421,379,8.047410080268062,0,1
380,426,14.493089180709543,0,1
426,380,14.493089180709543,0,1
380,521,12.090827101567534,0,1
521,380,12.090827101567534,0,1
380,522,10.001337360573334,0,1
522,380,10.001337360573334,0,1
380,523,9.187464557754767,0,1
523,380,9.187464557754767,0,1
380,524,8.340393336048367,0,1
524,380,8.340393336048367,0,1
380,525,7.53238587699807,0,1
525,380,7.53238587699807,0,1
380,526,6.598919305462069,0,1
526,380,6.598919305462069,0,1
380,527,5.573613639282867,0,1
527,380,5.573613639282867,0,1
380,537,14.488595515093932,0,1
537,380,14.488595515093932,0,1
380,542,13.349685576821651,0,1
542,380,13.349685576821651,0,1
381,385,21.75666943720936,1,0
385,381,21.75666943720936,1,0
381,386,18.881459954145495,1,0
386,381,18.881459954145495,1,0
381,387,17.308090593707906,1,1
387,381,17.308090593707906,1,1
381,388,15.825912453947165,1,0
388,381,15.825912453947165,1,0
381,389,14.7220922426128,1,1
389,381,14.7220922426128,1,1
381,390,13.889212540673427,1,0
390,381,13.889212540673427,1,0
381,391,14.23938200906205,1,1
391,381,14.23938200906205,1,1
381,392,13.039171752837678,1,1
392,381,13.039171752837678,1,1
381,393,8.080841540334768,1,1
393,381,8.080841540334768,1,1
381,394,8.325777861557441,1,0
394,381,8.325777861557441,1,0
381,395,5.899513963031192,1,0
395,381,5.899513963031192,1,0
381,396,5.5578772926361015,1,1
396,381,5.5578772926361015,1,1
381,397,3.9319206502675,1,1
397,381,3.9319206502675,1,1
381,398,3.3727693369099523,1,1
398,381,3.3727693369099523,1,1
381,410,11.352513378102666,0,1
410,381,11.352513378102666,0,1
381,487,7.553635548528933,0,1
487,381,7.553635548528933,0,1
381,492,27.65881459860491,1,0
492,381,27.65881459860491,1,0
382,385,22.3974154312501,1,0
385,382,22.3974154312501,1,0
382,386,19.502403877471103,1,0
386,382,19.502403877471103,1,0
382,387,17.93902341266101,1,0
387,382,17.93902341266101,1,0
382,388,16.452814592038653,1,0
388,382,16.452814592038653,1,0
382,389,15.358716124728655,1,0
389,382,15.358716124728655,1,0
382,390,14.5261431908129,1,0
390,382,14.5261431908129,1,0
382,391,14.88095296007618,1,0
391,382,14.88095296007618,1,0
382,392,13.682944164177531,1,0
392,382,13.682944164177531,1,0
382,393,8.720376196013563,1,0
393,382,8.720376196013563,1,0
382,394,8.957188174868271,1,0
394,382,8.957188174868271,1,0
382,395,6.524027130538315,1,0
395,382,6.524027130538315,1,0
382,396,6.201835292879037,1,0
396,382,6.201835292879037,1,0
382,397,4.576566507765401,1,0
397,382,4.576566507765401,1,0
382,398,4.015412805677643,1,0
398,382,4.015412805677643,1,0
399,382,2.721536514544679,1,0
382,443,3.485704089563542,0,1
443,382,3.485704089563542,0,1
382,444,3.474589472153509,0,1
444,382,3.474589472153509,0,1
382,445,5.196222185395848,0,1
445,382,5.196222185395848,0,1
382,446,5.6986175516523305,0,1
446,382,5.6986175516523305,0,1
382,448,6.188067953731601,0,1
448,382,6.188067953731601,0,1
382,449,6.909122375526432,0,1
449,382,6.909122375526432,0,1
382,452,3.821903714119444,0,1
452,382,3.821903714119444,0,1
382,492,28.29632682875995,1,0
492,382,28.29632682875995,1,0
383,385,23.072785809260225,1,0
385,383,23.072785809260225,1,0
383,386,20.242202696347057,1,0
386,383,20.242202696347057,1,0
383,387,18.654720582201172,1,0
387,383,18.654720582201172,1,0
383,388,17.17962412277987,1,0
388,383,17.17962412277987,1,0
383,389,16.055609611596815,1,0
389,383,16.055609611596815,1,0
383,390,15.222067040977057,1,0
390,383,15.222067040977057,1,0
383,391,15.553346906695035,1,0
391,383,15.553346906695035,1,0
383,392,14.33857036109249,1,0
392,383,14.33857036109249,1,0
383,393,9.408219810357325,1,0
393,383,9.408219810357325,1,0
383,394,9.674490012398586,1,0
394,383,9.674490012398586,1,0
383,395,7.259925963809824,1,0
395,383,7.259925963809824,1,0
383,396,6.86488164501035,1,0
396,383,6.86488164501035,1,0
383,397,5.2378048837275335,1,0
397,383,5.2378048837275335,1,0
383,398,4.696734290972824,1,0
398,383,4.696734290972824,1,0
383,399,3.44479317231093,1,0
399,383,3.44479317231093,1,0
400,383,2.9418011489561966,1,1
383,443,4.222281137015867,0,1
443,383,4.222281137015867,0,1
383,444,4.127364897849474,0,1
444,383,4.127364897849474,0,1
383,445,5.466998628132259,0,1
445,383,5.466998628132259,0,1
383,446,5.9331830411677,0,1
446,383,5.9331830411677,0,1
383,448,6.337980908775285,0,1
448,383,6.337980908775285,0,1
383,449,6.997498195783977,0,1
449,383,6.997498195783977,0,1
383,452,4.6430219685028415,0,1
452,383,4.6430219685028415,0,1
383,492,28.98725176694058,1,0
492,383,28.98725176694058,1,0
384,385,23.397058960476205,1,0
385,384,23.397058960476205,1,0
384,386,20.63298962826279,1,0
386,384,20.63298962826279,1,0
384,387,19.02090768076014,1,0
387,384,19.02090768076014,1,0
384,388,17.558096081295375,1,0
388,384,17.558096081295375,1,0
384,389,16.404728860910808,1,0
389,384,16.404728860910808,1,0
384,390,15.570932984249852,1,0
390,384,15.570932984249852,1,0
384,391,15.879462490903148,1,0
391,384,15.879462490903148,1,0
384,392,14.65041736606845,1,0
392,384,14.65041736606845,1,0
384,393,9.75770100997156,1,0
393,384,9.75770100997156,1,0
384,394,10.051384481751755,1,0
394,384,10.051384481751755,1,0
384,395,7.660870185559862,1,0
395,384,7.660870185559862,1,0
384,396,7.200578379547021,1,0
396,384,7.200578379547021,1,0
384,397,5.581821297748612,1,0
397,384,5.581821297748612,1,0
384,398,5.061935795720842,1,0
398,384,5.061935795720842,1,0
384,399,3.858150982011979,1,0
399,384,3.858150982011979,1,0
400,384,3.4427420757297518,1,1
384,443,4.79262193376444,0,1
443,384,4.79262193376444,0,1
384,444,4.6854594225113075,0,1
444,384,4.6854594225113075,0,1
384,445,5.881045230229062,0,1
445,384,5.881045230229062,0,1
384,446,6.326314883089522,0,1
446,384,6.326314883089522,0,1
384,448,6.684564682909427,0,1
448,384,6.684564682909427,0,1
384,449,7.3057025671731255,0,1
449,384,7.3057025671731255,0,1
384,452,5.153795688616304,0,1
452,384,5.153795688616304,0,1
384,492,29.324758583831514,1,0
492,384,29.324758583831514,1,0
386,385,4.295388806615764,1,0
385,387,4.801485707570106,1,0
387,385,4.801485707570106,1,0
385,388,6.346090607610327,1,0
388,385,6.346090607610327,1,0
385,389,7.082885358383263,1,0
389,385,7.082885358383263,1,0
385,390,7.903551733239936,1,0
390,385,7.903551733239936,1,0
385,391,7.519459089588825,1,0
391,385,7.519459089588825,1,0
385,392,8.75436262671361,1,0
392,385,8.75436262671361,1,0
385,393,13.677926195151077,1,0
393,385,13.677926195151077,1,0
385,394,13.489840102832947,1,0
394,385,13.489840102832947,1,0
385,395,15.942452132592402,1,0
395,385,15.942452132592402,1,0
385,396,16.20791365352123,1,0
396,385,16.20791365352123,1,0
385,397,17.835315107953658,1,0
397,385,17.835315107953658,1,0
385,398,18.384711311304294,1,0
398,385,18.384711311304294,1,0
385,399,19.679590061787362,1,0
399,385,19.679590061787362,1,0
385,400,20.43726637786962,1,0
400,385,20.43726637786962,1,0
385,490,4.63564677256583,0,1
490,385,4.63564677256583,0,1
385,491,5.025584642606271,0,1
491,385,5.025584642606271,0,1
385,492,5.967356030940335,1,1
492,385,5.967356030940335,1,1
386,389,4.555253011633932,1,0
389,386,4.555253011633932,1,0
386,390,5.323459871174009,1,1
390,386,5.323459871174009,1,1
386,391,5.3952136194964515,1,0
391,386,5.3952136194964515,1,0
386,392,6.668517826323928,1,0
392,386,6.668517826323928,1,0
386,393,10.937071363029501,1,0
393,386,10.937071363029501,1,0
386,394,10.58610641359702,1,1
394,386,10.58610641359702,1,1
386,395,12.98257543787056,1,1
395,386,12.98257543787056,1,1
386,396,13.490772031281235,1,0
396,386,13.490772031281235,1,0
386,397,15.073086279856557,1,0
397,386,15.073086279856557,1,0
386,398,15.573270337344047,1,0
398,386,15.573270337344047,1,0
386,399,16.797628701694773,1,0
399,386,16.797628701694773,1,0
386,400,17.435402719753853,1,0
400,386,17.435402719753853,1,0
386,442,17.302612317219616,0,1
442,386,17.302612317219616,0,1
386,447,22.36446489411271,0,1
447,386,22.36446489411271,0,1
386,450,24.54623590288336,0,1
450,386,24.54623590288336,0,1
386,451,14.018018761579684,0,1
451,386,14.018018761579684,0,1
386,485,20.95726807100582,0,1
485,386,20.95726807100582,0,1
386,492,9.207216137356612,1,0
492,386,9.207216137356612,1,0
387,392,4.763402145525822,1,1
387,393,9.269843580125826,1,1
393,387,9.269843580125826,1,1
387,394,8.982314679413097,1,0
394,387,8.982314679413097,1,0
387,395,11.420834689286067,1,0
395,387,11.420834689286067,1,0
387,396,11.833004690272036,1,1
396,387,11.833004690272036,1,1
387,397,13.440610105199838,1,1
397,387,13.440610105199838,1,1
387,398,13.962155027072289,1,1
398,387,13.962155027072289,1,1
387,399,15.22005256232711,1,1
399,387,15.22005256232711,1,1
387,400,15.912208960417784,1,0
400,387,15.912208960417784,1,0
387,410,12.62335771496633,0,1
410,387,12.62335771496633,0,1
387,487,12.722641628215424,0,1
487,387,12.722641628215424,0,1
387,492,10.42628529247114,1,0
492,387,10.42628529247114,1,0
388,392,3.6979595725210412,1,0
388,393,7.833269113211929,1,0
393,388,7.833269113211929,1,0
388,394,7.507083588185228,1,1
394,388,7.507083588185228,1,1
388,395,9.92904637918466,1,1
395,388,9.92904637918466,1,1
388,396,10.392531212365926,1,0
396,388,10.392531212365926,1,0
388,397,11.985962831579279,1,0
397,388,11.985962831579279,1,0
388,398,12.496166772254602,1,0
398,388,12.496166772254602,1,0
388,399,13.738555418965998,1,0
399,388,13.738555418965998,1,0
388,400,14.40910132520415,1,0
400,388,14.40910132520415,1,0
388,442,14.446646669729276,0,1
442,388,14.446646669729276,0,1
388,447,19.651390001727613,0,1
447,388,19.651390001727613,0,1
388,450,22.00773573087427,0,1
450,388,22.00773573087427,0,1
388,451,11.013268225190922,0,1
451,388,11.013268225190922,0,1
388,485,18.74663585820133,0,1
485,388,18.74663585820133,0,1
388,492,11.968522882962624,1,0
492,388,11.968522882962624,1,0
389,393,6.648308055437865,1,1
393,389,6.648308055437865,1,1
389,394,6.417879478457039,1,0
394,389,6.417879478457039,1,0
389,395,8.870990080030525,1,0
395,389,8.870990080030525,1,0
389,396,9.204890004774636,1,1
396,389,9.204890004774636,1,1
389,397,10.824047302187846,1,1
397,389,10.824047302187846,1,1
389,398,11.358933620723382,1,1
398,389,11.358933620723382,1,1
389,399,12.637246535539298,1,1
399,389,12.637246535539298,1,1
389,400,13.369809048748602,1,0
400,389,13.369809048748602,1,0
389,410,10.27301124305819,0,1
410,389,10.27301124305819,0,1
389,487,10.06710534364273,0,1
487,389,10.06710534364273,0,1
389,492,12.938385718473537,1,0
492,389,12.938385718473537,1,0
390,393,5.814570061492079,1,0
393,390,5.814570061492079,1,0
390,394,5.589586031183346,1,1
394,390,5.589586031183346,1,1
390,395,8.042920489473957,1,1
395,390,8.042920489473957,1,1
390,396,8.37115434094964,1,0
396,390,8.37115434094964,1,0
390,397,9.99025650321352,1,0
397,390,9.99025650321352,1,0
390,398,10.525436237990329,1,0
398,390,10.525436237990329,1,0
390,399,11.804754338824676,1,0
399,390,11.804754338824676,1,0
390,400,12.54101786140184,1,0
400,390,12.54101786140184,1,0
390,442,12.865258644893231,0,1
442,390,12.865258644893231,0,1
390,447,18.215569851091672,0,1
447,390,18.215569851091672,0,1
390,450,20.761862344211803,0,1
450,390,20.761862344211803,0,1
390,451,9.221351582062143,0,1
451,390,9.221351582062143,0,1
390,485,17.885536614818133,0,1
485,390,17.885536614818133,0,1
390,492,13.77039505606139,1,0
492,390,13.77039505606139,1,0
391,393,6.166036003787198,1,1
393,391,6.166036003787198,1,1
391,394,6.020745551839905,1,0
394,391,6.020745551839905,1,0
391,395,8.460937595798708,1,0
395,391,8.460937595798708,1,0
391,396,8.688498144098324,1,1
396,391,8.688498144098324,1,1
391,397,10.316006979447039,1,1
397,391,10.316006979447039,1,1
391,398,10.866829022304529,1,1
398,391,10.866829022304529,1,1
391,399,12.165525060596439,1,1
399,391,12.165525060596439,1,1
391,400,12.940718449916142,1,0
400,391,12.940718449916142,1,0
391,410,9.333400237855441,0,1
410,391,9.333400237855441,0,1
391,487,9.253464756511477,0,1
487,391,9.253464756511477,0,1
391,492,13.450621732841942,1,0
492,391,13.450621732841942,1,0
392,393,5.0039984012787215,1,1
393,392,5.0039984012787215,1,1
392,394,4.9375679235834316,1,0
394,392,4.9375679235834316,1,0
392,395,7.337279127851141,1,0
395,392,7.337279127851141,1,0
392,396,7.481310045707236,1,1
396,392,7.481310045707236,1,1
392,397,9.10823802938856,1,1
397,392,9.10823802938856,1,1
392,398,9.668121482480451,1,1
398,392,9.668121482480451,1,1
392,399,10.977249200050075,1,1
399,392,10.977249200050075,1,1
392,400,11.781315461356597,1,0
400,392,11.781315461356597,1,0
392,410,8.24016747402624,0,1
410,392,8.24016747402624,0,1
392,487,7.959887562019956,0,1
487,392,7.959887562019956,0,1
392,492,14.705380817918318,1,0
492,392,14.705380817918318,1,0
397,393,4.17612260356422,1,1
393,398,4.712300181440058,1,1
398,393,4.712300181440058,1,1
393,399,6.001666435249463,1,1
399,393,6.001666435249463,1,1
393,400,6.780456769274472,1,0
400,393,6.780456769274472,1,0
393,410,7.67246766040757,0,1
410,393,7.67246766040757,0,1
393,487,5.057015918503717,0,1
487,393,5.057015918503717,0,1
393,492,19.57978102533325,1,0
492,393,19.57978102533325,1,0
396,394,2.933764987179443,1,0
397,394,4.488025958035448,1,0
394,398,4.989541862736498,1,0
398,394,4.989541862736498,1,0
394,399,6.237738131726917,1,0
399,394,6.237738131726917,1,0
394,400,6.951936780495059,1,0
400,394,6.951936780495059,1,0
394,442,7.470827531137363,0,1
442,394,7.470827531137363,0,1
394,447,12.921556910837023,0,1
447,394,12.921556910837023,0,1
394,450,15.696426090037185,0,1
450,394,15.696426090037185,0,1
451,394,3.6663830950952194,0,1
394,485,13.56771889449365,0,1
485,394,13.56771889449365,0,1
394,492,19.352895080581614,1,0
492,394,19.352895080581614,1,0
395,398,2.632345342085647,1,0
398,395,2.632345342085647,1,0
395,399,3.815162512921304,1,0
399,395,3.815162512921304,1,0
395,400,4.499213820213483,1,0
400,395,4.499213820213483,1,0
395,442,5.234222196277113,0,1
442,395,5.234222196277113,0,1
395,447,10.693478620168461,0,1
447,395,10.693478620168461,0,1
395,450,13.603539024827327,0,1
450,395,13.603539024827327,0,1
395,485,12.0087921957206,0,1
485,395,12.0087921957206,0,1
395,492,21.804274489191336,1,0
492,395,21.804274489191336,1,0
396,399,3.505709628591621,1,1
399,396,3.505709628591621,1,1
396,400,4.366233388173381,1,0
400,396,4.366233388173381,1,0
396,410,7.820866959615155,0,1
410,396,7.820866959615155,0,1
396,487,4.252059500994783,0,1
487,396,4.252059500994783,0,1
396,492,22.126220305330055,1,0
492,396,22.126220305330055,1,0
397,400,2.8223738235747584,1,0
400,397,2.8223738235747584,1,0
397,410,8.58190887856542,0,1
410,397,8.58190887856542,0,1
397,487,4.747526724516672,0,1
487,397,4.747526724516672,0,1
397,492,23.750819459547074,1,0
492,397,23.750819459547074,1,0
398,400,2.240586753509,1,0
398,410,9.046715702397195,0,1
410,398,9.046715702397195,0,1
398,487,5.184590340615158,0,1
487,398,5.184590340615158,0,1
398,492,24.29207187540824,1,0
492,398,24.29207187540824,1,0
399,410,10.046310765649249,0,1
410,399,10.046310765649249,0,1
399,487,6.165598916569257,0,1
487,399,6.165598916569257,0,1
399,492,25.57505083083903,1,0
492,399,25.57505083083903,1,0
400,443,2.4579959316483824,0,1
400,444,2.8878159567396255,0,1
400,445,5.58802612735481,0,1
445,400,5.58802612735481,0,1
400,446,6.136199882663536,0,1
446,400,6.136199882663536,0,1
400,448,6.796627987465549,0,1
448,400,6.796627987465549,0,1
400,449,7.618112692786843,0,1
449,400,7.618112692786843,0,1
400,492,26.30330711146414,1,0
492,400,26.30330711146414,1,0
401,472,17.218341877195957,0,1
472,401,17.218341877195957,0,1
401,603,26.626962819668336,0,1
603,401,26.626962819668336,0,1
401,605,21.291204052378063,0,1
605,401,21.291204052378063,0,1
402,514,8.50379891577876,0,1
514,402,8.50379891577876,0,1
403,496,9.392816404039845,0,1
496,403,9.392816404039845,0,1
403,497,6.805611581628796,0,1
497,403,6.805611581628796,0,1
403,520,12.547210845442903,0,1
520,403,12.547210845442903,0,1
404,415,91.84926783050587,1,0
415,404,91.84926783050587,1,0
404,417,30.956651789235863,0,1
417,404,30.956651789235863,0,1
404,427,47.463141752311344,0,1
427,404,47.463141752311344,0,1
404,428,77.66428500282483,1,0
428,404,77.66428500282483,1,0
404,429,79.88452516601697,1,0
429,404,79.88452516601697,1,0
458,404,18.592641340057092,1,1
404,461,90.14880512241969,1,0
461,404,90.14880512241969,1,0
404,462,90.13066515343155,1,0
462,404,90.13066515343155,1,0
404,468,47.67452973024485,0,1
468,404,47.67452973024485,0,1
404,469,48.96958265086604,0,1
469,404,48.96958265086604,0,1
404,493,43.25192409592896,0,1
493,404,43.25192409592896,0,1
404,494,31.17821952902378,0,1
494,404,31.17821952902378,0,1
404,495,42.58103175123872,0,1
495,404,42.58103175123872,0,1
404,501,30.961575105281707,0,1
501,404,30.961575105281707,0,1
404,502,29.383682036123385,0,1
502,404,29.383682036123385,0,1
404,580,169.9933821123634,1,0
580,404,169.9933821123634,1,0
404,581,172.46103227106116,1,0
581,404,172.46103227106116,1,0
404,582,173.84511960075267,1,0
582,404,173.84511960075267,1,0
404,583,175.02961221747591,1,0
583,404,175.02961221747591,1,0
404,584,176.97869083593088,1,0
584,404,176.97869083593088,1,0
404,585,177.76731925750582,1,0
585,404,177.76731925750582,1,0
404,594,35.04931063516086,0,1
594,404,35.04931063516086,0,1
404,595,34.24776270064951,0,1
595,404,34.24776270064951,0,1
404,596,41.07813523031444,0,1
596,404,41.07813523031444,0,1
404,597,40.97184560158353,0,1
597,404,40.97184560158353,0,1
405,438,10.421446012910108,0,1
438,405,10.421446012910108,0,1
405,463,10.757818087326074,0,1
463,405,10.757818087326074,0,1
405,464,10.836863937505168,0,1
464,405,10.836863937505168,0,1
405,512,11.918574830909943,1,0
512,405,11.918574830909943,1,0
406,510,16.965073680948162,0,1
510,406,16.965073680948162,0,1
406,517,13.482581355215329,0,1
517,406,13.482581355215329,0,1
406,606,14.919710486467222,1,1
606,406,14.919710486467222,1,1
406,607,15.269311706819007,1,1
607,406,15.269311706819007,1,1
406,608,15.942094874890188,0,1
608,406,15.942094874890188,0,1
406,609,14.030554123055866,0,1
609,406,14.030554123055866,0,1
407,416,14.82047425017162,1,0
416,407,14.82047425017162,1,0
407,441,56.90391273893211,1,0
441,407,56.90391273893211,1,0
407,466,19.777761880455536,1,0
466,407,19.777761880455536,1,0
407,470,53.53441245591475,1,0
470,407,53.53441245591475,1,0
407,473,7.080620382424128,1,0
407,500,50.55823598584112,1,0
500,407,50.55823598584112,1,0
407,510,36.12612055009505,1,0
510,407,36.12612055009505,1,0
407,517,41.8232351809374,1,0
517,407,41.8232351809374,1,0
407,588,51.49247833421887,1,0
588,407,51.49247833421887,1,0
407,589,61.115209383589615,1,0
589,407,61.115209383589615,1,0
407,599,10.839961992553295,1,0
599,407,10.839961992553295,1,0
407,608,49.653606857911136,1,0
608,407,49.653606857911136,1,0
407,609,47.268748068887966,1,0
609,407,47.268748068887966,1,0
408,434,46.72472768245953,0,1
434,408,46.72472768245953,0,1
454,408,23.430315064036165,1,1
408,459,55.40488760028307,0,1
459,408,55.40488760028307,0,1
408,460,56.96687589292571,0,1
460,408,56.96687589292571,0,1
408,467,41.69530699011581,0,1
467,408,41.69530699011581,0,1
408,493,33.2477221024238,1,0
493,408,33.2477221024238,1,0
408,494,41.28717168806795,1,0
494,408,41.28717168806795,1,0
408,505,40.92513585805184,1,0
505,408,40.92513585805184,1,0
408,506,46.28942479659906,1,0
506,408,46.28942479659906,1,0
408,509,64.71871025445424,0,1
509,408,64.71871025445424,0,1
408,518,23.67203212654123,1,1
518,408,23.67203212654123,1,1
408,519,23.842320881155842,1,1
519,408,23.842320881155842,1,1
409,432,101.41942607804484,1,0
432,409,101.41942607804484,1,0
409,434,48.977135502191224,1,0
434,409,48.977135502191224,1,0
409,459,71.68667260376924,1,0
459,409,71.68667260376924,1,0
409,460,73.88041966583567,1,0
460,409,73.88041966583567,1,0
409,467,41.70053026041755,1,0
467,409,41.70053026041755,1,0
409,476,32.55582001731795,1,0
476,409,32.55582001731795,1,0
409,507,16.89869110315944,1,0
507,409,16.89869110315944,1,0
409,508,15.281548416309128,1,0
508,409,15.281548416309128,1,0
409,509,87.29307602553595,1,0
509,409,87.29307602553595,1,0
409,591,11.598950340440293,1,1
591,409,11.598950340440293,1,1
409,592,9.195438053730774,1,1
592,409,9.195438053730774,1,1
410,430,6.0872801808361015,1,0
430,410,6.0872801808361015,1,0
410,431,3.3454244872661523,1,0
431,410,3.3454244872661523,1,0
410,474,10.309418266808269,1,0
474,410,10.309418266808269,1,0
410,487,3.881452563152099,1,1
487,410,3.881452563152099,1,1
412,414,4.147431132641024,1,1
414,412,4.147431132641024,1,1
412,415,28.109140719701838,0,1
415,412,28.109140719701838,0,1
412,428,27.292742515181576,0,1
428,412,27.292742515181576,0,1
412,429,26.25294257792829,0,1
429,412,26.25294257792829,0,1
412,430,7.8902149527119985,1,1
430,412,7.8902149527119985,1,1
412,431,5.197168940875407,1,1
431,412,5.197168940875407,1,1
412,461,27.660211206713516,0,1
461,412,27.660211206713516,0,1
412,462,27.664334295261835,0,1
462,412,27.664334295261835,0,1
412,474,12.119389299795598,1,1
474,412,12.119389299795598,1,1
412,475,15.739067221408007,0,1
475,412,15.739067221408007,0,1
412,487,5.9402001649776075,1,0
487,412,5.9402001649776075,1,0
414,413,3.491611089454265,1,1
413,415,26.702569632902375,0,1
415,413,26.702569632902375,0,1
413,428,25.69486168478048,0,1
428,413,25.69486168478048,0,1
413,429,24.651737808925358,0,1
429,413,24.651737808925358,0,1
413,430,7.094675820641843,1,1
430,413,7.094675820641843,1,1
413,431,4.600114129018975,1,1
431,413,4.600114129018975,1,1
413,461,26.208525044343876,0,1
461,413,26.208525044343876,0,1
413,462,26.21219611173394,0,1
462,413,26.21219611173394,0,1
413,474,11.251528785014061,1,1
474,413,11.251528785014061,1,1
413,475,14.846597253242914,0,1
475,413,14.846597253242914,0,1
413,487,6.058279046065805,1,0
487,413,6.058279046065805,1,0
414,415,24.50427132154719,0,1
415,414,24.50427132154719,0,1
414,428,25.397524938465956,0,1
428,414,25.397524938465956,0,1
414,429,24.092280859229582,0,1
429,414,24.092280859229582,0,1
414,430,3.7428429034625537,1,1
414,461,24.198755029959703,0,1
461,414,24.198755029959703,0,1
414,462,24.204448206889573,0,1
462,414,24.204448206889573,0,1
414,474,7.9735668304717935,1,1
474,414,7.9735668304717935,1,1
414,475,11.593730115885913,0,1
475,414,11.593730115885913,0,1
415,428,15.007575487066525,1,1
428,415,15.007575487066525,1,1
415,429,12.900314802360445,1,1
415,430,21.402833924506353,0,1
430,415,21.402833924506353,0,1
415,431,23.854120922809123,0,1
431,415,23.854120922809123,0,1
415,455,95.06024618630019,1,0
455,415,95.06024618630019,1,0
415,456,101.30339642874765,1,0
456,415,101.30339642874765,1,0
415,457,77.21064394239954,1,0
457,415,77.21064394239954,1,0
415,458,110.20584259012767,1,0
458,415,110.20584259012767,1,0
415,474,18.043451028004593,0,1
474,415,18.043451028004593,0,1
415,475,15.55534393705263,0,1
475,415,15.55534393705263,0,1
415,580,78.86562613078019,1,0
580,415,78.86562613078019,1,0
415,581,81.58265956071791,1,0
581,415,81.58265956071791,1,0
415,582,83.12054622053442,1,0
582,415,83.12054622053442,1,0
415,583,84.51576402068433,1,0
583,415,84.51576402068433,1,0
415,584,86.63905290918179,1,0
584,415,86.63905290918179,1,0
415,585,87.49814551749083,1,0
585,415,87.49814551749083,1,0
416,441,64.37715063592051,1,0
441,416,64.37715063592051,1,0
416,466,31.09538390179481,1,0
466,416,31.09538390179481,1,0
416,470,62.05802014244412,1,0
470,416,62.05802014244412,1,0
416,473,21.860657492399444,1,0
473,416,21.860657492399444,1,0
416,500,59.44849839146486,1,0
500,416,59.44849839146486,1,0
416,510,46.535302137194726,1,0
510,416,46.535302137194726,1,0
416,517,52.01621103079309,1,0
517,416,52.01621103079309,1,0
416,588,60.0033060755822,1,0
588,416,60.0033060755822,1,0
416,589,67.77026024001974,1,0
589,416,67.77026024001974,1,0
416,598,13.470650838025607,1,0
598,416,13.470650838025607,1,0
416,599,24.397716389039363,1,0
599,416,24.397716389039363,1,0
416,608,58.7737576219183,1,0
608,416,58.7737576219183,1,0
416,609,56.83545007299582,1,0
609,416,56.83545007299582,1,0
417,427,24.06082968228652,1,1
427,417,24.06082968228652,1,1
417,455,31.785448305789238,0,1
455,417,31.785448305789238,0,1
417,456,35.37667114073906,0,1
456,417,35.37667114073906,0,1
417,457,27.022345512556825,0,1
457,417,27.022345512556825,0,1
417,458,42.26839171295733,0,1
458,417,42.26839171295733,0,1
417,468,20.539589212055823,1,1
468,417,20.539589212055823,1,1
417,469,23.456084605065698,1,1
469,417,23.456084605065698,1,1
417,493,21.33510918650289,0,1
493,417,21.33510918650289,0,1
417,494,20.081637906306348,0,1
494,417,20.081637906306348,0,1
417,495,15.108226401533702,1,1
495,417,15.108226401533702,1,1
417,596,16.259689172920865,1,1
596,417,16.259689172920865,1,1
597,417,11.019875226153879,1,1
418,419,5.383846208799059,1,0
419,418,5.383846208799059,1,0
418,420,7.692048491786827,1,0
420,418,7.692048491786827,1,0
418,421,7.8042271878770935,1,0
421,418,7.8042271878770935,1,0
418,423,9.167103904723671,1,1
423,418,9.167103904723671,1,1
418,424,11.11966550755912,1,1
424,418,11.11966550755912,1,1
418,425,7.965437338903621,1,1
425,418,7.965437338903621,1,1
418,426,17.620800492599646,1,0
426,418,17.620800492599646,1,0
418,479,16.11967028198778,0,1
479,418,16.11967028198778,0,1
418,480,12.756211232180188,0,1
480,418,12.756211232180188,0,1
418,481,5.311271505016478,0,1
481,418,5.311271505016478,0,1
418,482,8.001718315461998,0,1
482,418,8.001718315461998,0,1
418,483,7.055512029612025,0,1
483,418,7.055512029612025,0,1
421,419,3.789426605701712,1,1
419,423,3.854687795399259,1,0
419,424,5.773930117346416,1,0
424,419,5.773930117346416,1,0
419,426,12.305697298406132,1,0
426,419,12.305697298406132,1,0
420,422,4.600511384618018,1,0
422,420,4.600511384618018,1,0
420,424,3.550610229242292,1,0
420,426,9.947458972018934,1,0
426,420,9.947458972018934,1,0
421,422,5.739328967745271,1,0
422,421,5.739328967745271,1,0
421,423,4.860899093789131,1,0
423,421,4.860899093789131,1,0
421,424,4.755725076158209,1,0
421,425,3.967650438231675,1,0
425,421,3.967650438231675,1,0
421,426,10.504671151444962,1,0
426,421,10.504671151444962,1,0
422,423,5.186197547336584,1,1
423,422,5.186197547336584,1,1
422,424,7.515446094544222,1,1
424,422,7.515446094544222,1,1
425,422,4.1246717445149494,1,1
422,426,14.030617983538715,1,0
426,422,14.030617983538715,1,0
422,479,17.069307689534455,0,1
479,422,17.069307689534455,0,1
422,480,13.702653246725612,0,1
480,422,13.702653246725612,0,1
422,481,8.618933808772404,0,1
481,422,8.618933808772404,0,1
422,482,9.712022703844962,0,1
482,422,9.712022703844962,0,1
483,422,3.6084363649647475,0,1
423,426,8.978909065137033,1,0
426,423,8.978909065137033,1,0
423,479,21.06783567431643,0,1
479,423,21.06783567431643,0,1
423,480,17.844896105049195,0,1
480,423,17.844896105049195,0,1
423,481,13.799927572273704,0,1
481,423,13.799927572273704,0,1
423,482,14.47153930996976,0,1
482,423,14.47153930996976,0,1
424,426,6.535514440348212,1,0
426,424,6.535514440348212,1,0
424,479,23.802101440839213,0,1
479,424,23.802101440839213,0,1
424,480,20.565888067379923,0,1
480,424,20.565888067379923,0,1
424,481,16.0727797844679,0,1
481,424,16.0727797844679,0,1
424,482,17.07077962484432,0,1
482,424,17.07077962484432,0,1
483,424,4.070071375295524,0,1
425,426,9.908246363509539,1,0
426,425,9.908246363509539,1,0
425,479,20.549407242059317,0,1
479,425,20.549407242059317,0,1
425,480,17.26743932955897,0,1
480,425,17.26743932955897,0,1
425,481,12.73048832527645,0,1
481,425,12.73048832527645,0,1
425,482,13.659609657673238,0,1
482,425,13.659609657673238,0,1
426,521,7.072245612250751,0,1
521,426,7.072245612250751,0,1
426,522,9.176286449321426,0,1
522,426,9.176286449321426,0,1
426,523,10.935104983492385,0,1
523,426,10.935104983492385,0,1
426,524,12.114035867538117,0,1
524,426,12.114035867538117,0,1
426,525,12.603216930609422,0,1
525,426,12.603216930609422,0,1
426,526,13.650672144623503,0,1
526,426,13.650672144623503,0,1
426,527,15.15684086477126,0,1
527,426,15.15684086477126,0,1
427,455,49.52746176617574,0,1
455,427,49.52746176617574,0,1
427,456,54.751743132068405,0,1
456,427,54.751743132068405,0,1
427,457,35.9533826225016,0,1
457,427,35.9533826225016,0,1
427,458,63.037052064638935,0,1
458,427,63.037052064638935,0,1
468,427,7.079263379759224,1,1
427,493,41.33100880694784,0,1
493,427,41.33100880694784,0,1
427,494,43.960580023471024,0,1
494,427,43.960580023471024,0,1
427,495,9.989645138842521,1,1
495,427,9.989645138842521,1,1
427,501,29.144906141554138,1,1
501,427,29.144906141554138,1,1
427,502,28.472708705003814,1,1
502,427,28.472708705003814,1,1
427,594,20.126489833053355,1,1
594,427,20.126489833053355,1,1
427,595,29.83432635405063,1,1
595,427,29.83432635405063,1,1
427,596,35.75739192111192,1,1
596,427,35.75739192111192,1,1
427,597,15.937611019221167,1,1
597,427,15.937611019221167,1,1
428,430,24.147365115059657,0,1
430,428,24.147365115059657,0,1
428,431,25.382726823570398,0,1
431,428,25.382726823570398,0,1
428,455,80.86171468006353,1,0
455,428,80.86171468006353,1,0
428,456,87.15145649959041,1,0
456,428,87.15145649959041,1,0
428,457,62.80581380732201,1,0
457,428,62.80581380732201,1,0
428,458,96.15459178323206,1,0
458,428,96.15459178323206,1,0
461,428,13.245214456549958,1,1
462,428,13.228995502304777,1,1
428,474,23.173298362555123,0,1
474,428,23.173298362555123,0,1
428,475,22.988935969287486,0,1
475,428,22.988935969287486,0,1
428,580,93.78195929388552,1,0
580,428,93.78195929388552,1,0
428,581,96.53575907921375,1,0
581,428,96.53575907921375,1,0
428,582,98.08980416944465,1,0
582,428,98.08980416944465,1,0
428,583,99.50165671987577,1,0
583,428,99.50165671987577,1,0
428,584,101.63401446858232,1,0
584,428,101.63401446858232,1,0
428,585,102.49594472465728,1,0
585,428,102.49594472465728,1,0
429,430,22.595636791203738,0,1
430,429,22.595636791203738,0,1
429,431,23.998097278742744,0,1
431,429,23.998097278742744,0,1
429,455,83.0824859582331,1,0
455,429,83.0824859582331,1,0
429,456,89.37112850356093,1,0
456,429,89.37112850356093,1,0
429,457,65.02991520831009,1,0
457,429,65.02991520831009,1,0
429,458,98.37124216456759,1,0
458,429,98.37124216456759,1,0
461,429,11.144682050197753,1,1
462,429,11.129021610186584,1,1
429,474,21.361969408273197,0,1
474,429,21.361969408273197,0,1
429,475,20.991663035595824,0,1
475,429,20.991663035595824,0,1
429,580,91.60308490984352,1,0
580,429,91.60308490984352,1,0
429,581,94.36774674114032,1,0
581,429,94.36774674114032,1,0
429,582,95.92825657750693,1,0
582,429,95.92825657750693,1,0
429,583,97.34899573185129,1,0
583,429,97.34899573185129,1,0
429,584,99.48808514088509,1,0
584,429,99.48808514088509,1,0
429,585,100.35268833967528,1,0
585,429,100.35268833967528,1,0
430,461,21.26720291904885,0,1
461,430,21.26720291904885,0,1
430,462,21.27466333458652,0,1
462,430,21.27466333458652,0,1
430,474,4.233216861914825,1,1
430,475,7.853255694296474,0,1
475,430,7.853255694296474,0,1
487,430,4.199029649811966,1,0
431,461,23.615365696935545,0,1
461,431,23.615365696935545,0,1
431,462,23.621746019293326,0,1
462,431,23.621746019293326,0,1
431,474,6.9670000717669005,1,1
474,431,6.9670000717669005,1,1
431,475,10.5838150021625,0,1
475,431,10.5838150021625,0,1
432,434,52.45552973710207,1,0
434,432,52.45552973710207,1,0
432,459,29.744458055241147,1,0
459,432,29.744458055241147,1,0
432,460,27.541430318703494,1,0
460,432,27.541430318703494,1,0
432,467,60.2635215200705,1,0
467,432,60.2635215200705,1,0
432,476,76.45237302399448,1,0
476,432,76.45237302399448,1,0
432,507,97.11085945969174,1,0
507,432,97.11085945969174,1,0
432,508,99.29830824339355,1,0
508,432,99.29830824339355,1,0
509,432,14.228024458792584,1,0
432,590,105.091849902835,1,0
590,432,105.091849902835,1,0
432,591,93.07570630943394,1,0
591,432,93.07570630943394,1,0
432,592,94.27927728297453,1,0
592,432,94.27927728297453,1,0
432,593,100.44135531741892,1,0
593,432,100.44135531741892,1,0
433,453,20.42047102786809,1,0
453,433,20.42047102786809,1,0
433,465,16.81638537260609,0,1
465,433,16.81638537260609,0,1
433,587,23.782501823819967,1,1
587,433,23.782501823819967,1,1
434,454,41.696824063710174,0,1
454,434,41.696824063710174,0,1
434,459,22.71325527087652,1,1
459,434,22.71325527087652,1,1
434,460,24.914632648305293,1,1
460,434,24.914632648305293,1,1
434,476,28.845743689494295,1,0
476,434,28.845743689494295,1,0
434,507,45.90557357227987,1,0
507,434,45.90557357227987,1,0
434,508,47.84873085046248,1,0
508,434,47.84873085046248,1,0
434,509,38.316038417352075,1,1
509,434,38.316038417352075,1,1
434,518,30.20922673621422,0,1
518,434,30.20922673621422,0,1
434,519,31.909025995789968,0,1
519,434,31.909025995789968,0,1
434,590,52.64236837377285,1,0
590,434,52.64236837377285,1,0
434,591,41.19941646431415,1,0
591,434,41.19941646431415,1,0
434,592,42.15376738798088,1,0
592,434,42.15376738798088,1,0
434,593,48.01074956715423,1,0
593,434,48.01074956715423,1,0
436,439,9.528673832176228,0,1
439,436,9.528673832176228,0,1
436,504,10.96953166730467,0,1
504,436,10.96953166730467,0,1
437,463,9.231495761792885,0,1
463,437,9.231495761792885,0,1
437,464,9.497719305180587,0,1
464,437,9.497719305180587,0,1
437,512,13.963683539811406,1,0
512,437,13.963683539811406,1,0
438,439,25.86832474282013,1,0
439,438,25.86832474282013,1,0
438,465,31.077844600293634,1,0
465,438,31.077844600293634,1,0
438,486,9.241641683164307,1,0
486,438,9.241641683164307,1,0
438,504,24.567466800628832,1,0
504,438,24.567466800628832,1,0
439,463,26.048898517979605,1,0
463,439,26.048898517979605,1,0
439,464,26.69456633848919,1,0
464,439,26.69456633848919,1,0
439,486,29.552881450038,1,0
486,439,29.552881450038,1,0
440,453,21.726449709973327,1,1
453,440,21.726449709973327,1,1
440,587,25.602493569963062,1,0
587,440,25.602493569963062,1,0
441,466,37.940206536074626,1,0
466,441,37.940206536074626,1,0
441,470,5.738012547912387,1,1
470,441,5.738012547912387,1,1
441,471,8.419075721241613,0,1
471,441,8.419075721241613,0,1
441,473,53.54899873947224,1,0
473,441,53.54899873947224,1,0
441,484,9.837048439445645,0,1
484,441,9.837048439445645,0,1
441,498,10.962395814784283,0,1
498,441,10.962395814784283,0,1
441,500,8.708962337730023,1,1
500,441,8.708962337730023,1,1
441,510,23.082439927356035,1,0
510,441,23.082439927356035,1,0
441,517,18.418751369188954,1,0
517,441,18.418751369188954,1,0
441,588,6.8911096348846455,1,0
588,441,6.8911096348846455,1,0
441,589,5.4756286397088685,1,0
441,598,58.787230058916705,1,0
598,441,58.787230058916705,1,0
441,599,47.75944548463686,1,0
599,441,47.75944548463686,1,0
441,600,10.192948395827381,0,1
600,441,10.192948395827381,0,1
441,601,11.824877250948528,0,1
601,441,11.824877250948528,0,1
441,602,9.720981483368847,0,1
602,441,9.720981483368847,0,1
441,608,10.035883269548327,1,0
608,441,10.035883269548327,1,0
441,609,12.980604492857795,1,0
609,441,12.980604492857795,1,0
442,445,4.093802266841915,1,0
445,442,4.093802266841915,1,0
442,446,4.598531287269882,1,0
446,442,4.598531287269882,1,0
442,447,5.465082707516877,1,1
447,442,5.465082707516877,1,1
442,448,5.365510320556656,1,0
448,442,5.365510320556656,1,0
442,449,6.212499657947676,1,0
449,442,6.212499657947676,1,0
442,450,8.398530347626304,1,1
450,442,8.398530347626304,1,1
442,451,3.9103960157508344,1,1
451,442,3.9103960157508344,1,1
442,485,7.633402648884703,0,1
485,442,7.633402648884703,0,1
443,445,3.6776976493453075,1,1
445,443,3.6776976493453075,1,1
443,446,4.204974791838828,1,1
446,443,4.204974791838828,1,1
443,447,5.113198020808503,1,0
447,443,5.113198020808503,1,0
443,448,4.954730265110302,1,1
448,443,4.954730265110302,1,1
443,449,5.805409976909469,1,1
449,443,5.805409976909469,1,1
443,450,8.153529358504818,1,0
450,443,8.153529358504818,1,0
443,451,4.289049545062402,1,0
451,443,4.289049545062402,1,0
452,443,2.4385702778472473,1,1
444,446,3.5066727819972026,1,1
444,447,4.428473439008074,1,0
447,444,4.428473439008074,1,0
444,448,4.249025888365473,1,1
448,444,4.249025888365473,1,1
444,449,5.099490170595488,1,1
449,444,5.099490170595488,1,1
444,450,7.514314872295411,1,0
450,444,7.514314872295411,1,0
444,451,5.002062474619844,1,0
451,444,5.002062474619844,1,0
452,444,3.126403684747061,1,1
445,450,4.728823215135029,1,0
450,445,4.728823215135029,1,0
445,451,7.963666115552559,1,0
451,445,7.963666115552559,1,0
445,452,6.098654359774786,1,1
452,445,6.098654359774786,1,1
446,450,4.19205558169259,1,0
446,451,8.484577361306808,1,0
451,446,8.484577361306808,1,0
446,452,6.633076058662375,1,1
452,446,6.633076058662375,1,1
447,451,9.370409809608116,1,1
451,447,9.370409809608116,1,1
447,452,7.550054900462644,1,0
452,447,7.550054900462644,1,0
447,485,5.557714008475068,0,1
485,447,5.557714008475068,0,1
448,451,9.240882317181622,1,0
451,448,9.240882317181622,1,0
448,452,7.372234193241558,1,1
452,448,7.372234193241558,1,1
449,451,10.091298677573665,1,0
451,449,10.091298677573665,1,0
449,452,8.221960836686101,1,1
452,449,8.221960836686101,1,1
450,451,12.284996906796518,1,1
451,450,12.284996906796518,1,1
450,452,10.577550567120916,1,0
452,450,10.577550567120916,1,0
450,485,4.899187279539332,0,1
451,485,10.831685233609774,0,1
485,451,10.831685233609774,0,1
454,459,58.94653762520747,0,1
459,454,58.94653762520747,0,1
454,460,61.00633912143885,0,1
460,454,61.00633912143885,0,1
454,467,33.62928903500637,0,1
467,454,33.62928903500637,0,1
454,493,20.29500847499207,1,0
493,454,20.29500847499207,1,0
454,494,20.83441830241488,1,0
494,454,20.83441830241488,1,0
454,503,19.946967940015345,1,0
454,505,18.163093816858403,1,0
505,454,18.163093816858403,1,0
454,506,22.9085224316192,1,0
506,454,22.9085224316192,1,0
454,509,72.13602662331769,0,1
509,454,72.13602662331769,0,1
518,454,11.74662985711221,1,1
455,457,18.30842169603923,1,1
458,455,15.473073191838782,1,1
455,461,93.35899648668038,1,0
461,455,93.35899648668038,1,0
455,462,93.3408624611965,1,0
462,455,93.3408624611965,1,0
455,468,49.35815070482281,0,1
468,455,49.35815070482281,0,1
455,469,50.851877064666944,0,1
469,455,50.851877064666944,0,1
455,493,42.50696667606382,0,1
493,455,42.50696667606382,0,1
455,494,29.92874586413537,0,1
494,455,29.92874586413537,0,1
455,495,44.15071185156588,0,1
495,455,44.15071185156588,0,1
455,501,31.23738819107641,0,1
501,455,31.23738819107641,0,1
455,502,29.793761763161093,0,1
502,455,29.793761763161093,0,1
455,580,173.20544003004062,1,0
580,455,173.20544003004062,1,0
455,581,175.6709950845614,1,0
581,455,175.6709950845614,1,0
455,582,177.05361662784523,1,0
582,455,177.05361662784523,1,0
455,583,178.23597972631677,1,0
583,455,178.23597972631677,1,0
455,584,180.18308433368543,1,0
584,455,180.18308433368543,1,0
455,585,180.97087954143342,1,0
585,455,180.97087954143342,1,0
455,594,36.07256012539171,0,1
594,455,36.07256012539171,0,1
455,595,34.38375343094468,0,1
595,455,34.38375343094468,0,1
455,596,40.72894243655241,0,1
596,455,40.72894243655241,0,1
455,597,42.15318334361,0,1
597,455,42.15318334361,0,1
456,457,24.633032009884612,1,1
456,461,99.6070873181221,1,0
461,456,99.6070873181221,1,0
456,462,99.58891970495513,1,0
462,456,99.58891970495513,1,0
456,468,54.048768811139446,0,1
468,456,54.048768811139446,0,1
456,469,55.81938462577315,0,1
469,456,55.81938462577315,0,1
456,493,43.078401560410754,0,1
493,456,43.078401560410754,0,1
456,494,29.73600006725854,0,1
494,456,29.73600006725854,0,1
456,495,48.709264847665274,0,1
495,456,48.709264847665274,0,1
456,501,33.937386846956855,0,1
501,456,33.937386846956855,0,1
456,502,32.75544896654601,0,1
502,456,32.75544896654601,0,1
456,580,179.3406319410077,1,0
580,456,179.3406319410077,1,0
456,581,181.78375816612441,1,0
581,456,181.78375816612441,1,0
456,582,183.1532711255794,1,0
582,456,183.1532711255794,1,0
456,583,184.3187120180694,1,0
583,456,184.3187120180694,1,0
456,584,186.25155393982624,1,0
584,456,186.25155393982624,1,0
456,585,187.0336453288552,1,0
585,456,187.0336453288552,1,0
456,594,39.89398091191201,0,1
594,456,39.89398091191201,0,1
456,595,36.770054514509496,0,1
595,456,36.770054514509496,0,1
456,596,42.10546431284187,0,1
596,456,42.10546431284187,0,1
456,597,46.14519221977518,0,1
597,456,46.14519221977518,0,1
457,458,33.77976099678623,1,1
458,457,33.77976099678623,1,1
457,461,75.48919823391954,1,0
461,457,75.48919823391954,1,0
457,462,75.47124311948227,1,0
462,457,75.47124311948227,1,0
457,468,37.97690519249824,0,1
468,457,37.97690519249824,0,1
457,469,38.26556386622311,0,1
469,457,38.26556386622311,0,1
457,493,45.43758793113913,0,1
493,457,45.43758793113913,0,1
457,494,36.658174886374255,0,1
494,457,36.658174886374255,0,1
457,495,33.71798030724854,0,1
495,457,33.71798030724854,0,1
457,501,29.69994060600122,0,1
501,457,29.69994060600122,0,1
457,502,27.73776604198687,0,1
502,457,27.73776604198687,0,1
457,580,155.71904324455633,1,0
580,457,155.71904324455633,1,0
457,581,158.2668355436476,1,0
581,457,158.2668355436476,1,0
457,582,159.6971735817513,1,0
582,457,159.6971735817513,1,0
457,583,160.9412282356513,1,0
583,457,160.9412282356513,1,0
457,584,162.93925949567833,1,0
584,457,162.93925949567833,1,0
457,585,163.74733112023534,1,0
585,457,163.74733112023534,1,0
457,594,29.59537370941614,0,1
594,457,29.59537370941614,0,1
457,595,33.198933793120524,0,1
595,457,33.198933793120524,0,1
457,596,41.60451505546003,0,1
596,457,41.60451505546003,0,1
457,597,34.15887540596148,0,1
597,457,34.15887540596148,0,1
458,461,108.51976054617886,1,0
461,458,108.51976054617886,1,0
458,462,108.50153243618266,1,0
462,458,108.50153243618266,1,0
458,468,61.8044640863425,0,1
468,458,61.8044640863425,0,1
458,469,63.845468288673395,0,1
469,458,63.845468288673395,0,1
458,493,46.24314792485477,0,1
493,458,46.24314792485477,0,1
458,494,32.53441305756107,0,1
494,458,32.53441305756107,0,1
458,495,56.37312981376854,0,1
495,458,56.37312981376854,0,1
458,501,39.947518383499116,0,1
501,458,39.947518383499116,0,1
458,502,39.08081946428452,0,1
502,458,39.08081946428452,0,1
458,580,188.0215727888691,1,0
580,458,188.0215727888691,1,0
458,581,190.42375613352448,1,0
581,458,190.42375613352448,1,0
458,582,191.769583732666,1,0
582,458,191.769583732666,1,0
458,583,192.90480619466172,1,0
583,458,192.90480619466172,1,0
458,584,194.81214250143648,1,0
584,458,194.81214250143648,1,0
458,585,195.5840717952257,1,0
585,458,195.5840717952257,1,0
458,594,46.92367393970766,0,1
594,458,46.92367393970766,0,1
458,595,42.34349624204406,0,1
595,458,42.34349624204406,0,1
458,596,46.322851833625265,0,1
596,458,46.322851833625265,0,1
458,597,53.25394787243477,0,1
597,458,53.25394787243477,0,1
459,467,30.633041197373792,1,1
467,459,30.633041197373792,1,1
459,476,48.33377545774797,1,0
476,459,48.33377545774797,1,0
459,507,67.79209349179298,1,0
507,459,67.79209349179298,1,0
459,508,69.89694654990302,1,0
508,459,69.89694654990302,1,0
459,509,15.620076984445372,1,1
509,459,15.620076984445372,1,1
459,518,47.306262006208016,0,1
518,459,47.306262006208016,0,1
459,519,49.269976912923354,0,1
519,459,49.269976912923354,0,1
459,590,75.3546610170864,1,0
590,459,75.3546610170864,1,0
459,591,63.57861516264725,1,0
591,459,63.57861516264725,1,0
459,592,64.68369964681983,1,0
592,459,64.68369964681983,1,0
459,593,70.71501284027318,1,0
593,459,70.71501284027318,1,0
460,467,32.862970803017795,1,1
467,460,32.862970803017795,1,1
460,476,50.22270901693775,1,0
476,460,50.22270901693775,1,0
460,507,70.02008089826803,1,0
507,460,70.02008089826803,1,0
460,508,72.1268137934846,1,0
508,460,72.1268137934846,1,0
460,509,13.458524436207709,1,1
460,518,49.39158280517036,0,1
518,460,49.39158280517036,0,1
460,519,51.360164057370376,0,1
519,460,51.360164057370376,0,1
460,590,77.55119808229917,1,0
590,460,77.55119808229917,1,0
460,591,65.70774780039261,1,0
591,460,65.70774780039261,1,0
460,592,66.83466906479002,1,0
592,460,66.83466906479002,1,0
460,593,72.90542208916975,1,0
593,460,72.90542208916975,1,0
461,474,18.152326710369667,0,1
474,461,18.152326710369667,0,1
461,475,15.949063452127838,0,1
475,461,15.949063452127838,0,1
461,580,80.62369317390515,1,0
580,461,80.62369317390515,1,0
461,581,83.3439640825897,1,0
581,461,83.3439640825897,1,0
461,582,84.88306507189758,1,0
582,461,84.88306507189758,1,0
461,583,86.27926659400856,1,0
583,461,86.27926659400856,1,0
461,584,88.40286514022043,1,0
584,461,88.40286514022043,1,0
461,585,89.26198763751567,1,0
585,461,89.26198763751567,1,0
462,474,18.162161903253697,0,1
474,462,18.162161903253697,0,1
462,475,15.961382302294497,0,1
475,462,15.961382302294497,0,1
462,580,80.64087291814245,1,0
580,462,80.64087291814245,1,0
462,581,83.36095693428669,1,0
581,462,83.36095693428669,1,0
462,582,84.89995055357807,1,0
582,462,84.89995055357807,1,0
462,583,86.29600899230509,1,0
583,462,86.29600899230509,1,0
462,584,88.41950061496615,1,0
584,462,88.41950061496615,1,0
462,585,89.27858124432758,1,0
585,462,89.27858124432758,1,0
463,465,31.292735802419067,1,0
465,463,31.292735802419067,1,0
463,486,8.113509228441169,1,0
486,463,8.113509228441169,1,0
463,504,24.792533432467124,1,0
504,463,24.792533432467124,1,0
464,465,31.962982839528603,1,0
465,464,31.962982839528603,1,0
486,464,6.905454221121157,1,0
464,504,25.481355379963603,1,0
504,464,25.481355379963603,1,0
465,486,34.82825579899171,1,0
486,465,34.82825579899171,1,0
465,504,6.511528238439882,1,0
465,587,39.6878838942063,0,1
587,465,39.6878838942063,0,1
466,470,34.10413681652125,1,0
470,466,34.10413681652125,1,0
466,473,15.61287321411405,1,0
473,466,15.61287321411405,1,0
466,500,31.02211683621864,1,0
500,466,31.02211683621864,1,0
466,510,16.351171364767723,1,0
510,466,16.351171364767723,1,0
466,517,22.050492828959626,1,0
517,466,22.050492828959626,1,0
466,588,32.09594678460195,1,0
588,466,32.09594678460195,1,0
466,589,42.564577021274395,1,0
589,466,42.564577021274395,1,0
466,598,21.774540592168645,1,0
598,466,21.774540592168645,1,0
466,599,9.827079169315773,1,0
599,466,9.827079169315773,1,0
466,608,30.04924819359047,1,0
608,466,30.04924819359047,1,0
466,609,27.564113209025972,1,0
609,466,27.564113209025972,1,0
467,476,27.219313308751932,1,0
476,467,27.219313308751932,1,0
467,507,37.33797799827945,1,0
507,467,37.33797799827945,1,0
467,508,39.357133660875256,1,0
508,467,39.357133660875256,1,0
467,509,46.041309386245736,1,1
509,467,46.041309386245736,1,1
467,518,22.523692814456513,0,1
518,467,22.523692814456513,0,1
467,519,24.050211184103976,0,1
519,467,24.050211184103976,0,1
467,590,45.2901587764936,1,0
590,467,45.2901587764936,1,0
467,591,35.16076496608116,1,0
591,467,35.16076496608116,1,0
467,592,35.730595866847786,1,0
592,467,35.730595866847786,1,0
467,593,40.805229174702596,1,0
593,467,40.805229174702596,1,0
468,493,35.351411810562816,0,1
493,468,35.351411810562816,0,1
468,494,39.55392331994388,0,1
494,468,39.55392331994388,0,1
495,468,5.486771363926147,1,1
468,501,24.992870823496848,1,1
501,468,24.992870823496848,1,1
468,502,24.743067897898193,1,1
502,468,24.743067897898193,1,1
468,594,16.024409162274907,1,1
594,468,16.024409162274907,1,1
468,595,24.978130054109332,1,1
595,468,24.978130054109332,1,1
468,596,29.862961021975032,1,1
596,468,29.862961021975032,1,1
468,597,10.485479912717395,1,1
597,468,10.485479912717395,1,1
469,493,39.18442186634888,0,1
493,469,39.18442186634888,0,1
469,494,42.911742448891545,0,1
494,469,42.911742448891545,0,1
469,495,8.465611023428846,1,1
495,469,8.465611023428846,1,1
469,501,28.20433729056579,1,1
501,469,28.20433729056579,1,1
469,502,27.780729454065813,1,1
502,469,27.780729454065813,1,1
469,594,19.140438056638096,1,1
594,469,19.140438056638096,1,1
469,595,28.45653951203484,1,1
595,469,28.45653951203484,1,1
469,596,33.67107365380558,1,1
596,469,33.67107365380558,1,1
469,597,14.069289569839693,1,1
597,469,14.069289569839693,1,1
470,471,8.240905290075842,0,1
471,470,8.240905290075842,0,1
470,473,49.67215407046487,1,0
473,470,49.67215407046487,1,0
484,470,4.110583656854584,0,1
470,498,10.784558312698763,0,1
498,470,10.784558312698763,0,1
500,470,3.2929653809294748,1,1
470,510,18.43465489234881,1,0
510,470,18.43465489234881,1,0
470,517,13.293171555351266,1,0
517,470,13.293171555351266,1,0
470,589,11.169206999603865,1,0
589,470,11.169206999603865,1,0
470,598,55.47024652910783,1,0
598,470,55.47024652910783,1,0
470,599,43.91040242357157,1,0
599,470,43.91040242357157,1,0
470,600,9.623248152261272,0,1
600,470,9.623248152261272,0,1
470,601,9.867497048390742,0,1
601,470,9.867497048390742,0,1
602,470,4.058942349923192,0,1
470,608,4.560521571048644,1,0
608,470,4.560521571048644,1,0
470,609,7.549346792935134,1,0
609,470,7.549346792935134,1,0
471,472,5.1748001893792965,1,0
472,471,5.1748001893792965,1,0
471,484,10.605057755618308,1,1
484,471,10.605057755618308,1,1
471,500,10.980159242925396,0,1
500,471,10.980159242925396,0,1
471,601,3.988238959741505,1,1
601,471,3.988238959741505,1,1
471,602,9.435062744889406,1,1
602,471,9.435062744889406,1,1
471,603,6.092308675699222,1,0
603,471,6.092308675699222,1,0
471,605,4.096097899220672,1,0
605,471,4.096097899220672,1,0
472,484,10.311141595381184,1,0
484,472,10.311141595381184,1,0
472,498,4.787843042540137,1,0
498,472,4.787843042540137,1,0
600,472,4.092635581138394,1,0
472,602,8.887244904918509,1,0
602,472,8.887244904918509,1,0
472,603,9.441019648321891,1,1
603,472,9.441019648321891,1,1
605,472,4.27885183197549,1,1
473,500,46.55102165366514,1,0
500,473,46.55102165366514,1,0
473,510,31.599920775217143,1,0
510,473,31.599920775217143,1,0
473,517,37.26293949757587,1,0
517,473,37.26293949757587,1,0
473,588,47.677268063512194,1,0
588,473,47.677268063512194,1,0
473,589,58.120188101897945,1,0
589,473,58.120188101897945,1,0
473,598,8.76399109994984,1,0
598,473,8.76399109994984,1,0
473,608,45.53598920634096,1,0
608,473,45.53598920634096,1,0
473,609,42.94773140690903,1,0
609,473,42.94773140690903,1,0
474,487,7.801909061249048,1,0
487,474,7.801909061249048,1,0
476,507,40.17970415520752,1,0
507,476,40.17970415520752,1,0
476,508,40.682042143923894,1,0
508,476,40.682042143923894,1,0
476,509,63.26808396814305,1,0
509,476,63.26808396814305,1,0
476,590,35.93265212866983,1,0
590,476,35.93265212866983,1,0
476,591,21.13508675165541,1,0
591,476,21.13508675165541,1,0
476,592,23.388563572823365,1,0
592,476,23.388563572823365,1,0
476,593,31.42312990457825,1,0
593,476,31.42312990457825,1,0
477,481,11.00216569589824,1,0
481,477,11.00216569589824,1,0
477,482,7.718962430275199,1,0
482,477,7.718962430275199,1,0
477,483,20.851549702600046,1,0
483,477,20.851549702600046,1,0
479,478,5.792099791958008,1,0
478,481,6.504713137410442,1,0
481,478,6.504713137410442,1,0
478,483,16.790558537463845,1,0
483,478,16.790558537463845,1,0
479,481,12.062475575104806,1,1
481,479,12.062475575104806,1,1
479,482,8.177080774946521,1,1
482,479,8.177080774946521,1,1
479,483,20.51561405369091,1,1
483,479,20.51561405369091,1,1
480,481,8.98371916301929,1,1
481,480,8.98371916301929,1,1
480,483,17.182345736249168,1,1
483,480,17.182345736249168,1,1
481,483,12.030229632056074,1,1
483,481,12.030229632056074,1,1
482,483,13.316800892106182,1,1
483,482,13.316800892106182,1,1
484,498,12.74244874425634,1,1
498,484,12.74244874425634,1,1
484,600,11.512405873665157,1,1
600,484,11.512405873665157,1,1
484,601,10.742090113194918,1,1
601,484,10.742090113194918,1,1
484,603,16.675169114584715,1,0
603,484,16.675169114584715,1,0
484,605,13.427537376600371,1,0
605,484,13.427537376600371,1,0
486,504,28.614265707859776,1,0
504,486,28.614265707859776,1,0
490,488,3.137977852056958,1,1
488,491,3.5268151355011503,1,1
491,488,3.5268151355011503,1,1
488,492,4.476861623950421,0,1
492,488,4.476861623950421,0,1
491,489,2.900864871034154,1,1
489,492,3.9458426223051526,0,1
492,489,3.9458426223051526,0,1
493,495,31.35364988322731,0,1
495,493,31.35364988322731,0,1
493,501,16.560429493222692,0,1
501,493,16.560429493222692,0,1
493,502,18.47357139266796,0,1
502,493,18.47357139266796,0,1
493,503,21.83525985647984,1,0
503,493,21.83525985647984,1,0
493,505,19.46730310032697,1,0
505,493,19.46730310032697,1,0
493,506,29.677314450603514,1,0
506,493,29.677314450603514,1,0
493,518,32.018136891455754,1,0
518,493,32.018136891455754,1,0
493,519,30.16867332184165,1,0
519,493,30.16867332184165,1,0
493,594,22.71557373257387,0,1
594,493,22.71557373257387,0,1
595,493,13.60156005758163,0,1
493,597,25.39728257117285,0,1
597,493,25.39728257117285,0,1
494,495,34.448986661438965,0,1
495,494,34.448986661438965,0,1
494,501,14.818141111488986,0,1
501,494,14.818141111488986,0,1
494,502,15.696695098013466,0,1
502,494,15.696695098013466,0,1
494,503,32.27746935557371,1,0
503,494,32.27746935557371,1,0
494,506,17.767591226725138,1,0
506,494,17.767591226725138,1,0
494,518,31.24308488289849,1,0
518,494,31.24308488289849,1,0
494,519,29.258520690561237,1,0
519,494,29.258520690561237,1,0
494,594,23.854982980501163,0,1
594,494,23.854982980501163,0,1
494,595,14.672807127472236,0,1
595,494,14.672807127472236,0,1
596,494,14.558778966657885,0,1
494,597,29.11578171713753,0,1
597,494,29.11578171713753,0,1
495,501,19.743710796099094,1,1
501,495,19.743710796099094,1,1
495,502,19.373157022024056,1,1
502,495,19.373157022024056,1,1
495,594,10.691152276532216,1,1
594,495,10.691152276532216,1,1
495,595,20.045571505946143,1,1
595,495,20.045571505946143,1,1
495,596,25.774310718232602,1,1
596,495,25.774310718232602,1,1
495,597,5.956928822807941,1,1
496,520,5.92979763567021,0,1
497,520,8.684811396915881,0,1
520,497,8.684811396915881,0,1
498,500,13.334325367261743,0,1
500,498,13.334325367261743,0,1
498,601,3.4252737116907896,1,1
601,498,3.4252737116907896,1,1
498,602,11.462130735600601,1,1
602,498,11.462130735600601,1,1
498,603,4.697729770857409,1,0
500,510,15.190213691716124,1,0
510,500,15.190213691716124,1,0
500,517,10.000211447764492,1,0
517,500,10.000211447764492,1,0
500,589,14.183694441153193,1,0
589,500,14.183694441153193,1,0
500,598,52.508212510044565,1,0
598,500,52.508212510044565,1,0
500,599,40.8044497818559,1,0
599,500,40.8044497818559,1,0
500,600,12.118000660174928,0,1
600,500,12.118000660174928,0,1
500,601,11.738813100139213,0,1
601,500,11.738813100139213,0,1
500,609,4.299791855427423,1,0
501,597,14.762357433689242,1,1
597,501,14.762357433689242,1,1
596,502,13.993919250874645,1,1
502,597,14.803334016362665,1,1
597,502,14.803334016362665,1,1
503,505,34.00128469631699,1,0
505,503,34.00128469631699,1,0
503,506,41.61246988584072,1,0
506,503,41.61246988584072,1,0
503,518,26.34523366759156,1,0
518,503,26.34523366759156,1,0
503,519,25.52113823872282,1,0
519,503,25.52113823872282,1,0
503,604,27.39657387338789,0,1
604,503,27.39657387338789,0,1
505,518,26.58394402642317,1,0
518,505,26.58394402642317,1,0
505,519,24.68143269747524,1,0
519,505,24.68143269747524,1,0
506,518,27.16099734914018,1,0
518,506,27.16099734914018,1,0
506,519,25.634752524649034,1,0
519,506,25.634752524649034,1,0
507,509,82.90704170937472,1,0
509,507,82.90704170937472,1,0
507,590,18.008655724400974,1,0
590,507,18.008655724400974,1,0
507,591,23.84151945661182,1,0
591,507,23.84151945661182,1,0
507,592,21.58480252399822,1,0
592,507,21.58480252399822,1,0
507,593,17.14854550683527,1,0
593,507,17.14854550683527,1,0
508,509,85.08357399639486,1,0
509,508,85.08357399639486,1,0
508,590,15.995676415831873,1,0
590,508,15.995676415831873,1,0
508,591,23.28201892018817,1,0
591,508,23.28201892018817,1,0
508,592,20.913083106036755,1,0
592,508,20.913083106036755,1,0
508,593,15.669626224004196,1,0
593,508,15.669626224004196,1,0
509,518,60.82049670957974,0,1
518,509,60.82049670957974,0,1
509,519,62.809914663212204,0,1
519,509,62.809914663212204,0,1
509,590,90.95626634817417,1,0
590,509,90.95626634817417,1,0
509,591,79.16176297304148,1,0
591,509,79.16176297304148,1,0
509,592,80.29301330128294,1,0
592,509,80.29301330128294,1,0
509,593,86.32587766133629,1,0
593,509,86.32587766133629,1,0
510,588,16.561769983911745,1,0
588,510,16.561769983911745,1,0
510,589,28.25466651723216,1,0
589,510,28.25466651723216,1,0
510,598,38.11918442202036,1,0
598,510,38.11918442202036,1,0
510,599,25.93017643595971,1,0
599,510,25.93017643595971,1,0
510,606,16.455327404825464,0,1
606,510,16.455327404825464,0,1
510,607,15.269641809813352,0,1
607,510,15.269641809813352,0,1
510,608,14.072021034663074,1,1
608,510,14.072021034663074,1,1
510,609,11.36617728174253,1,1
609,510,11.36617728174253,1,1
511,512,11.026402359790794,1,1
512,511,11.026402359790794,1,1
513,515,26.030088628354687,0,1
515,513,26.030088628354687,0,1
513,516,28.366707528368533,0,1
516,513,28.366707528368533,0,1
517,588,11.603859444167703,1,0
588,517,11.603859444167703,1,0
517,589,23.799444636377547,1,0
589,517,23.799444636377547,1,0
517,598,43.814739072599764,1,0
598,517,43.814739072599764,1,0
517,599,31.614317595039118,1,0
599,517,31.614317595039118,1,0
517,606,10.85581470917775,0,1
606,517,10.85581470917775,0,1
517,607,9.76580360236678,0,1
607,517,9.76580360236678,0,1
608,517,8.767100147711329,1,1
609,517,5.869680144607541,1,1
523,521,4.650732522947326,1,1
521,524,6.078788119354054,1,1
524,521,6.078788119354054,1,1
521,525,6.872771857118495,1,1
525,521,6.872771857118495,1,1
521,526,8.249500590944885,1,1
526,521,8.249500590944885,1,1
521,527,10.176670034937755,1,1
527,521,10.176670034937755,1,1
521,528,12.044058161599853,1,0
528,521,12.044058161599853,1,0
521,529,13.869670580082282,1,0
529,521,13.869670580082282,1,0
521,530,15.971389732894254,1,0
530,521,15.971389732894254,1,0
521,531,15.510648374584475,1,0
531,521,15.510648374584475,1,0
521,532,16.05441795892956,1,0
532,521,16.05441795892956,1,0
521,533,18.21590165212801,1,0
533,521,18.21590165212801,1,0
521,534,19.92478619709632,1,0
534,521,19.92478619709632,1,0
521,535,22.398346590764238,1,0
535,521,22.398346590764238,1,0
521,536,24.146960906085056,1,0
536,521,24.146960906085056,1,0
521,537,4.721566265552142,1,1
521,538,27.682530520167408,1,0
538,521,27.682530520167408,1,0
521,539,29.90106093435482,1,0
539,521,29.90106093435482,1,0
521,540,29.46608545429813,1,0
540,521,29.46608545429813,1,0
521,541,30.620310530757198,1,0
541,521,30.620310530757198,1,0
521,543,34.18818055995376,1,0
543,521,34.18818055995376,1,0
521,544,34.76691959319951,1,0
544,521,34.76691959319951,1,0
521,545,34.98539449541766,1,0
545,521,34.98539449541766,1,0
521,546,36.81784711250781,1,0
546,521,36.81784711250781,1,0
521,547,38.05464524864212,1,0
547,521,38.05464524864212,1,0
521,548,5.877253525244593,1,0
548,521,5.877253525244593,1,0
521,549,5.248862829223107,1,0
521,550,5.317479572128134,1,0
550,521,5.317479572128134,1,0
521,551,6.048633316708825,1,0
551,521,6.048633316708825,1,0
521,552,7.209969209365599,1,0
552,521,7.209969209365599,1,0
521,553,7.5409713565296075,1,0
553,521,7.5409713565296075,1,0
521,554,8.096352820869408,1,0
554,521,8.096352820869408,1,0
521,555,9.400916551060327,1,0
555,521,9.400916551060327,1,0
521,556,10.528739763143545,1,0
556,521,10.528739763143545,1,0
521,557,11.961354438356889,1,0
557,521,11.961354438356889,1,0
521,558,12.221103141697153,1,0
558,521,12.221103141697153,1,0
521,559,13.639458383674917,1,0
559,521,13.639458383674917,1,0
521,560,14.608177778217241,1,0
560,521,14.608177778217241,1,0
521,561,18.38550787984928,1,0
561,521,18.38550787984928,1,0
521,562,18.875648465681916,1,0
562,521,18.875648465681916,1,0
521,563,20.31842769507523,1,0
563,521,20.31842769507523,1,0
521,564,7.967828625165077,1,0
564,521,7.967828625165077,1,0
521,565,22.342387920721457,1,0
565,521,22.342387920721457,1,0
521,566,23.543281716872013,1,0
566,521,23.543281716872013,1,0
521,567,23.892175120737754,1,0
567,521,23.892175120737754,1,0
521,568,24.592662177974958,1,0
568,521,24.592662177974958,1,0
521,569,8.225744586358125,1,0
569,521,8.225744586358125,1,0
521,570,27.232551845172353,1,0
570,521,27.232551845172353,1,0
521,571,27.056895202517232,1,0
571,521,27.056895202517232,1,0
521,572,29.974977731434596,1,0
572,521,29.974977731434596,1,0
521,573,30.784721047948445,1,0
573,521,30.784721047948445,1,0
521,574,31.101408231782692,1,0
574,521,31.101408231782692,1,0
521,575,31.330307196068155,1,0
575,521,31.330307196068155,1,0
521,576,37.059940596282665,1,0
576,521,37.059940596282665,1,0
521,577,37.97327877600247,1,0
577,521,37.97327877600247,1,0
521,578,38.8100068152532,1,0
578,521,38.8100068152532,1,0
521,579,40.82126143322864,1,0
579,521,40.82126143322864,1,0
521,586,6.818787648841984,1,0
586,521,6.818787648841984,1,0
522,525,4.077867334771939,1,1
525,522,4.077867334771939,1,1
522,526,5.472951762988598,1,1
526,522,5.472951762988598,1,1
522,527,7.433584465115063,1,1
527,522,7.433584465115063,1,1
522,528,9.27497676546955,1,0
528,522,9.27497676546955,1,0
522,529,11.081236979687782,1,0
529,522,11.081236979687782,1,0
522,530,13.175921713489345,1,0
530,522,13.175921713489345,1,0
522,531,12.76651244467337,1,0
531,522,12.76651244467337,1,0
522,532,13.444092420092923,1,0
532,522,13.444092420092923,1,0
522,533,15.69125393332222,1,0
533,522,15.69125393332222,1,0
522,534,17.43542055701554,1,0
534,522,17.43542055701554,1,0
522,535,19.9428426509362,1,0
535,522,19.9428426509362,1,0
522,536,21.605104026595196,1,0
536,522,21.605104026595196,1,0
522,537,7.2548594059430265,1,1
537,522,7.2548594059430265,1,1
522,538,25.077458503604387,1,0
538,522,25.077458503604387,1,0
522,539,27.221657627705188,1,0
539,522,27.221657627705188,1,0
522,540,26.75758070155073,1,0
540,522,26.75758070155073,1,0
522,541,27.841702965156422,1,0
541,522,27.841702965156422,1,0
522,542,5.672339200012637,1,1
542,522,5.672339200012637,1,1
522,543,31.46211386731667,1,0
543,522,31.46211386731667,1,0
522,544,32.05718473291128,1,0
544,522,32.05718473291128,1,0
522,545,32.284306667481644,1,0
545,522,32.284306667481644,1,0
522,546,34.13595408070499,1,0
546,522,34.13595408070499,1,0
522,547,35.36439274185264,1,0
547,522,35.36439274185264,1,0
522,548,6.91580595447848,1,0
548,522,6.91580595447848,1,0
522,549,6.035585804211552,1,0
549,522,6.035585804211552,1,0
522,550,5.690696969616288,1,0
550,522,5.690696969616288,1,0
522,551,5.291059062229413,1,0
551,522,5.291059062229413,1,0
522,552,5.609362263216737,1,0
552,522,5.609362263216737,1,0
522,553,5.379115354777214,1,0
553,522,5.379115354777214,1,0
522,554,5.647972379535863,1,0
554,522,5.647972379535863,1,0
522,555,6.852541499327092,1,0
555,522,6.852541499327092,1,0
522,556,7.928183903013351,1,0
556,522,7.928183903013351,1,0
522,557,9.5158224552584,1,0
557,522,9.5158224552584,1,0
522,558,9.962761916255953,1,0
558,522,9.962761916255953,1,0
522,559,11.604608911979756,1,0
559,522,11.604608911979756,1,0
522,560,12.554005137803633,1,0
560,522,12.554005137803633,1,0
522,561,16.390363540812633,1,0
561,522,16.390363540812633,1,0
522,562,16.873122888191148,1,0
562,522,16.873122888191148,1,0
522,563,18.387812730175384,1,0
563,522,18.387812730175384,1,0
522,564,10.314650260672924,1,0
564,522,10.314650260672924,1,0
522,565,20.302638375344223,1,0
565,522,20.302638375344223,1,0
522,566,21.52844316247694,1,0
566,522,21.52844316247694,1,0
522,567,21.85673015343329,1,0
567,522,21.85673015343329,1,0
522,568,22.429068371200795,1,0
568,522,22.429068371200795,1,0
522,569,10.93574766534049,1,0
569,522,10.93574766534049,1,0
522,570,25.07111567122612,1,0
570,522,25.07111567122612,1,0
522,571,24.841567120453572,1,0
571,522,24.841567120453572,1,0
522,572,27.687265827452155,1,0
572,522,27.687265827452155,1,0
522,573,28.433676740794535,1,0
573,522,28.433676740794535,1,0
522,574,28.730906790423443,1,0
574,522,28.730906790423443,1,0
522,575,28.93534948812611,1,0
575,522,28.93534948812611,1,0
522,576,34.56721342544117,1,0
576,522,34.56721342544117,1,0
522,577,35.46847854081142,1,0
577,522,35.46847854081142,1,0
522,578,36.2872589485621,1,0
578,522,36.2872589485621,1,0
522,579,38.2630022083997,1,0
579,522,38.2630022083997,1,0
522,586,8.21323054589362,1,0
586,522,8.21323054589362,1,0
526,523,3.7883227159258754,1,1
523,527,5.8043109840876035,1,1
527,523,5.8043109840876035,1,1
523,528,7.568135966009067,1,0
528,523,7.568135966009067,1,0
523,529,9.314663976762661,1,0
529,523,9.314663976762661,1,0
523,530,11.326369983361836,1,0
530,523,11.326369983361836,1,0
523,531,10.887869396718534,1,0
531,523,10.887869396718534,1,0
523,532,11.603033784316928,1,0
532,523,11.603033784316928,1,0
523,533,13.886513241271187,1,0
533,523,13.886513241271187,1,0
523,534,15.645069830460969,1,0
534,523,15.645069830460969,1,0
523,535,18.16537467271182,1,0
535,523,18.16537467271182,1,0
523,536,19.78491718456259,1,0
536,523,19.78491718456259,1,0
523,537,9.12109231397205,1,1
537,523,9.12109231397205,1,1
523,538,23.229847717968365,1,0
538,523,23.229847717968365,1,0
523,539,25.350944282215604,1,0
539,523,25.350944282215604,1,0
523,540,24.881329245038337,1,0
540,523,24.881329245038337,1,0
523,541,25.971639378368092,1,0
541,523,25.971639378368092,1,0
523,542,7.541316861132411,1,1
542,523,7.541316861132411,1,1
523,543,29.5838500706044,1,0
543,523,29.5838500706044,1,0
523,544,30.180539773171716,1,0
544,523,30.180539773171716,1,0
523,545,30.408927981762197,1,0
545,523,30.408927981762197,1,0
523,546,32.264087047365834,1,0
546,523,32.264087047365834,1,0
523,547,33.49077380413895,1,0
547,523,33.49077380413895,1,0
523,548,7.77531118348327,1,0
548,523,7.77531118348327,1,0
523,549,6.827698001522915,1,0
549,523,6.827698001522915,1,0
523,550,6.278879199347603,1,0
550,523,6.278879199347603,1,0
523,551,5.167733932779434,1,0
551,523,5.167733932779434,1,0
523,552,4.742400763326525,1,0
552,523,4.742400763326525,1,0
523,553,4.003055083308247,1,0
553,523,4.003055083308247,1,0
554,523,3.981369111248039,1,0
523,555,5.0772576259236635,1,0
555,523,5.0772576259236635,1,0
523,556,6.108745206668878,1,0
556,523,6.108745206668878,1,0
523,557,7.782762555802407,1,0
557,523,7.782762555802407,1,0
523,558,8.353755143646477,1,0
558,523,8.353755143646477,1,0
523,559,10.130983762695507,1,0
559,523,10.130983762695507,1,0
523,560,11.054968340072259,1,0
560,523,11.054968340072259,1,0
523,561,14.896869906124575,1,0
561,523,14.896869906124575,1,0
523,562,15.371725732656044,1,0
562,523,15.371725732656044,1,0
523,563,16.92322679042032,1,0
563,523,16.92322679042032,1,0
523,564,11.795573830890975,1,0
564,523,11.795573830890975,1,0
523,565,18.7607335943987,1,0
565,523,18.7607335943987,1,0
523,566,19.997056008322826,1,0
566,523,19.997056008322826,1,0
523,567,20.311700691965704,1,0
567,523,20.311700691965704,1,0
523,568,20.806414780062422,1,0
568,523,20.806414780062422,1,0
523,569,12.662142986082568,1,0
569,523,12.662142986082568,1,0
523,570,23.443555809646284,1,0
570,523,23.443555809646284,1,0
523,571,23.184076453462623,1,0
571,523,23.184076453462623,1,0
523,572,25.985895424248902,1,0
572,523,25.985895424248902,1,0
523,573,26.698509864784587,1,0
573,523,26.698509864784587,1,0
523,574,26.985618188212772,1,0
574,523,26.985618188212772,1,0
523,575,27.177731950992527,1,0
575,523,27.177731950992527,1,0
523,576,32.76100230456938,1,0
576,523,32.76100230456938,1,0
523,577,33.65677777209221,1,0
577,523,33.65677777209221,1,0
523,578,34.467823981214714,1,0
578,523,34.467823981214714,1,0
523,579,36.42903449173475,1,0
579,523,36.42903449173475,1,0
523,586,9.198685993118799,1,0
586,523,9.198685993118799,1,0
524,527,4.4211231604649965,1,1
527,524,4.4211231604649965,1,1
524,528,6.137655089690199,1,0
528,524,6.137655089690199,1,0
524,529,7.866458733127632,1,0
529,524,7.866458733127632,1,0
524,530,9.892764274963797,1,0
530,524,9.892764274963797,1,0
524,531,9.52824034121726,1,0
531,524,9.52824034121726,1,0
524,532,10.392312976426375,1,0
532,524,10.392312976426375,1,0
524,533,12.744600189884343,1,0
533,524,12.744600189884343,1,0
524,534,14.523954351346605,1,0
534,524,14.523954351346605,1,0
524,535,17.05989932561151,1,0
535,524,17.05989932561151,1,0
524,536,18.600217740660995,1,0
536,524,18.600217740660995,1,0
524,537,10.454552549009449,1,1
537,524,10.454552549009449,1,1
524,538,21.98380387921981,1,0
538,524,21.98380387921981,1,0
524,539,24.03840676916838,1,0
539,524,24.03840676916838,1,0
524,540,23.543010873717915,1,0
540,524,23.543010873717915,1,0
524,541,24.562786893998815,1,0
541,524,24.562786893998815,1,0
524,542,8.885364370694091,1,1
542,524,8.885364370694091,1,1
524,543,28.227200374815776,1,0
543,524,28.227200374815776,1,0
524,544,28.838359263314548,1,0
544,524,28.838359263314548,1,0
524,545,29.074251512291763,1,0
545,524,29.074251512291763,1,0
524,546,30.94499715624482,1,0
546,524,30.94499715624482,1,0
524,547,32.164063580337604,1,0
547,524,32.164063580337604,1,0
524,548,8.97044792638584,1,0
548,524,8.97044792638584,1,0
524,549,8.01138514864939,1,0
549,524,8.01138514864939,1,0
524,550,7.38536092550662,1,0
550,524,7.38536092550662,1,0
524,551,5.9406439044938555,1,0
551,524,5.9406439044938555,1,0
524,552,4.98837177844635,1,0
552,524,4.98837177844635,1,0
524,553,3.773026636534653,1,0
553,524,3.773026636534653,1,0
524,555,4.1011804398246126,1,0
555,524,4.1011804398246126,1,0
524,556,4.999151928077402,1,0
556,524,4.999151928077402,1,0
524,557,6.81935957403626,1,0
557,524,6.81935957403626,1,0
524,558,7.575964691047603,1,0
558,524,7.575964691047603,1,0
524,559,9.501604075102266,1,0
559,524,9.501604075102266,1,0
524,560,10.380716208431862,1,0
560,524,10.380716208431862,1,0
524,561,14.192867398802822,1,0
561,524,14.192867398802822,1,0
524,562,14.65507529833948,1,0
562,524,14.65507529833948,1,0
524,563,16.240596202110314,1,0
563,524,16.240596202110314,1,0
524,564,13.195240126651731,1,0
564,524,13.195240126651731,1,0
524,565,17.978006257647145,1,0
565,524,17.978006257647145,1,0
524,566,19.222243183354017,1,0
566,524,19.222243183354017,1,0
524,567,19.519453706494964,1,0
567,524,19.519453706494964,1,0
524,568,19.916330987408298,1,0
568,524,19.916330987408298,1,0
524,569,14.111128409875661,1,0
569,524,14.111128409875661,1,0
524,570,22.54067268295248,1,0
570,524,22.54067268295248,1,0
524,571,22.242944971383622,1,0
571,524,22.242944971383622,1,0
524,572,24.9807306738614,1,0
572,524,24.9807306738614,1,0
524,573,25.6445037581155,1,0
573,524,25.6445037581155,1,0
524,574,25.91639429010139,1,0
574,524,25.91639429010139,1,0
524,575,26.08977075407141,1,0
575,524,26.08977075407141,1,0
524,576,31.590242164313967,1,0
576,524,31.590242164313967,1,0
524,577,32.475928593344335,1,0
577,524,32.475928593344335,1,0
524,578,33.27265919640328,1,0
578,524,33.27265919640328,1,0
524,579,35.205365187709674,1,0
579,524,35.205365187709674,1,0
524,586,10.42966921814877,1,0
586,524,10.42966921814877,1,0
525,528,5.230571670477329,1,0
528,525,5.230571670477329,1,0
525,529,7.005655786577014,1,0
529,525,7.005655786577014,1,0
525,530,9.145635297780029,1,0
530,525,9.145635297780029,1,0
525,531,8.935611115083288,1,0
531,525,8.935611115083288,1,0
525,532,9.996710709028244,1,0
532,525,9.996710709028244,1,0
525,533,12.412121333599668,1,0
533,525,12.412121333599668,1,0
525,534,14.205412489611133,1,0
534,525,14.205412489611133,1,0
525,535,16.748797718045317,1,0
535,525,16.748797718045317,1,0
525,536,18.202699195449007,1,0
536,525,18.202699195449007,1,0
525,537,11.104123603418685,1,1
537,525,11.104123603418685,1,1
525,538,21.511582763711274,1,0
538,525,21.511582763711274,1,0
525,539,23.48191393391944,1,0
539,525,23.48191393391944,1,0
525,540,22.952041673890367,1,0
540,525,22.952041673890367,1,0
525,541,23.85709559020125,1,0
541,525,23.85709559020125,1,0
525,542,9.553968494819312,1,1
542,525,9.553968494819312,1,1
525,543,27.606553877657383,1,0
543,525,27.606553877657383,1,0
525,544,28.23813657095666,1,0
544,525,28.23813657095666,1,0
525,545,28.484301378127565,1,0
545,525,28.484301378127565,1,0
525,546,30.374902880503175,1,0
546,525,30.374902880503175,1,0
525,547,31.583226750919543,1,0
547,525,31.583226750919543,1,0
525,548,9.925129419811109,1,0
548,525,9.925129419811109,1,0
525,549,8.965648331269747,1,0
549,525,8.965648331269747,1,0
525,550,8.332192628594228,1,0
550,525,8.332192628594228,1,0
525,551,6.82573776232284,1,0
551,525,6.82573776232284,1,0
525,552,5.712737784985409,1,0
552,525,5.712737784985409,1,0
525,553,4.322201291009015,1,0
553,525,4.322201291009015,1,0
554,525,3.5919791202065747,1,0
525,555,4.0866094748581006,1,0
555,525,4.0866094748581006,1,0
525,556,4.803746246420599,1,0
556,525,4.803746246420599,1,0
525,557,6.726175213299159,1,0
557,525,6.726175213299159,1,0
525,558,7.6312316830247005,1,0
558,525,7.6312316830247005,1,0
525,559,9.644995075167223,1,0
559,525,9.644995075167223,1,0
525,560,10.481100180801631,1,0
560,525,10.481100180801631,1,0
525,561,14.243472645390941,1,0
561,525,14.243472645390941,1,0
525,562,14.693574990450758,1,0
562,525,14.693574990450758,1,0
525,563,16.298253556746502,1,0
563,525,16.298253556746502,1,0
525,564,14.12828213195079,1,0
564,525,14.12828213195079,1,0
525,565,17.951305829938946,1,0
565,525,17.951305829938946,1,0
525,566,19.198150041084688,1,0
566,525,19.198150041084688,1,0
525,567,19.480592213790626,1,0
567,525,19.480592213790626,1,0
525,568,19.795585416955976,1,0
568,525,19.795585416955976,1,0
525,569,14.981297974474709,1,0
569,525,14.981297974474709,1,0
525,570,22.403274336578573,1,0
570,525,22.403274336578573,1,0
525,571,22.07307013081778,1,0
571,525,22.07307013081778,1,0
525,572,24.749116691308398,1,0
572,525,24.749116691308398,1,0
525,573,25.366720422632486,1,0
573,525,25.366720422632486,1,0
525,574,25.62381831421695,1,0
574,525,25.62381831421695,1,0
525,575,25.77895653435181,1,0
575,525,25.77895653435181,1,0
525,576,31.191017456953855,1,0
576,525,31.191017456953855,1,0
525,577,32.065500588638876,1,0
577,525,32.065500588638876,1,0
525,578,32.84651585785013,1,0
578,525,32.84651585785013,1,0
525,579,34.74709772052912,1,0
579,525,34.74709772052912,1,0
525,586,11.386032935135924,1,0
586,525,11.386032935135924,1,0
526,528,3.802844330234936,1,0
526,529,5.626680904405367,1,0
529,526,5.626680904405367,1,0
526,530,7.910161186726855,1,0
530,526,7.910161186726855,1,0
526,531,7.931951147101198,1,0
531,526,7.931951147101198,1,0
526,532,9.280379518101618,1,0
532,526,9.280379518101618,1,0
526,533,11.763374048290736,1,0
533,526,11.763374048290736,1,0
526,534,13.56248889400467,1,0
534,526,13.56248889400467,1,0
526,535,16.101134432082727,1,0
535,526,16.101134432082727,1,0
526,536,17.421740584683267,1,0
536,526,17.421740584683267,1,0
526,537,12.333106015923159,1,1
537,526,12.333106015923159,1,1
526,538,20.613009193225523,1,0
538,526,20.613009193225523,1,0
526,539,22.461695951107522,1,0
539,526,22.461695951107522,1,0
526,540,21.885676503137844,1,0
540,526,21.885676503137844,1,0
526,541,22.638307467653142,1,0
541,526,22.638307467653142,1,0
526,542,10.809172262481527,1,1
542,526,10.809172262481527,1,1
526,543,26.494257226802944,1,0
543,526,26.494257226802944,1,0
526,544,27.152278909881577,1,0
544,526,27.152278909881577,1,0
526,545,27.411892601569853,1,0
545,526,27.411892601569853,1,0
526,546,29.327155913930692,1,0
546,526,29.327155913930692,1,0
526,547,30.519969872200072,1,0
547,526,30.519969872200072,1,0
526,548,11.333158474141266,1,0
548,526,11.333158474141266,1,0
526,549,10.372494251625305,1,0
549,526,10.372494251625305,1,0
526,550,9.715132577582253,1,0
550,526,9.715132577582253,1,0
526,551,8.092609282549109,1,0
551,526,8.092609282549109,1,0
526,552,6.756661009699984,1,0
552,526,6.756661009699984,1,0
526,553,5.1855361342873705,1,0
553,526,5.1855361342873705,1,0
526,554,4.187883116802569,1,0
554,526,4.187883116802569,1,0
526,555,4.204468575218514,1,0
555,526,4.204468575218514,1,0
526,556,4.580061680807367,1,0
556,526,4.580061680807367,1,0
526,557,6.5577938363446595,1,0
557,526,6.5577938363446595,1,0
526,558,7.657771607981006,1,0
558,526,7.657771607981006,1,0
526,559,9.756856307233392,1,0
559,526,9.756856307233392,1,0
526,560,10.513674619275603,1,0
560,526,10.513674619275603,1,0
526,561,14.156485439543248,1,0
561,526,14.156485439543248,1,0
526,562,14.584458748956028,1,0
562,526,14.584458748956028,1,0
526,563,16.206468461697632,1,0
563,526,16.206468461697632,1,0
526,564,15.579747013350378,1,0
564,526,15.579747013350378,1,0
526,565,17.72200874618902,1,0
565,526,17.72200874618902,1,0
526,566,18.966528886435704,1,0
566,526,18.966528886435704,1,0
526,567,19.2254203595136,1,0
567,526,19.2254203595136,1,0
526,568,19.416197490754982,1,0
568,526,19.416197490754982,1,0
526,569,16.401562425573974,1,0
569,526,16.401562425573974,1,0
526,570,21.98929967052157,1,0
570,526,21.98929967052157,1,0
526,571,21.611966731419887,1,0
571,526,21.611966731419887,1,0
526,572,24.18923500237244,1,0
572,526,24.18923500237244,1,0
526,573,24.737935605058077,1,0
573,526,24.737935605058077,1,0
526,574,24.9729649421129,1,0
574,526,24.9729649421129,1,0
526,575,25.101350023454913,1,0
575,526,25.101350023454913,1,0
526,576,30.377993103561007,1,0
576,526,30.377993103561007,1,0
526,577,31.23560873426353,1,0
577,526,31.23560873426353,1,0
526,578,31.993686955397934,1,0
578,526,31.993686955397934,1,0
526,579,33.847624333178835,1,0
579,526,33.847624333178835,1,0
526,586,12.803371626255329,1,0
586,526,12.803371626255329,1,0
527,529,3.8540701861798,1,0
527,530,6.419638696998454,1,0
530,527,6.419638696998454,1,0
527,531,6.904154256677642,1,0
531,527,6.904154256677642,1,0
527,532,8.701074244022974,1,0
532,527,8.701074244022974,1,0
527,533,11.219071084541714,1,0
533,527,11.219071084541714,1,0
527,534,12.990774880660506,1,0
534,527,12.990774880660506,1,0
527,535,15.484807425344364,1,0
535,527,15.484807425344364,1,0
527,536,16.583237621164333,1,0
536,527,16.583237621164333,1,0
527,537,14.068282802104882,1,1
537,527,14.068282802104882,1,1
527,538,19.563797305226814,1,0
538,527,19.563797305226814,1,0
527,539,21.20783237391318,1,0
539,527,21.20783237391318,1,0
527,540,20.559103409438844,1,0
540,527,20.559103409438844,1,0
527,541,21.054909403747146,1,0
541,527,21.054909403747146,1,0
527,542,12.584573492971463,1,1
542,527,12.584573492971463,1,1
527,543,25.077652780912334,1,0
543,527,25.077652780912334,1,0
527,544,25.776804010582847,1,0
544,527,25.776804010582847,1,0
527,545,26.05740119428643,1,0
545,527,26.05740119428643,1,0
527,546,28.007391042365942,1,0
546,527,28.007391042365942,1,0
527,547,29.17290941952825,1,0
547,527,29.17290941952825,1,0
527,548,13.33028019210399,1,0
548,527,13.33028019210399,1,0
527,549,12.369522949572469,1,0
549,527,12.369522949572469,1,0
527,550,11.693891140249255,1,0
550,527,11.693891140249255,1,0
527,551,9.98033666766808,1,0
551,527,9.98033666766808,1,0
527,552,8.468949462595699,1,0
552,527,8.468949462595699,1,0
527,553,6.79361170512416,1,0
553,527,6.79361170512416,1,0
527,554,5.636109473741616,1,0
554,527,5.636109473741616,1,0
527,555,5.189860595430286,1,0
555,527,5.189860595430286,1,0
527,556,5.104892751077147,1,0
556,527,5.104892751077147,1,0
527,557,6.951012372309519,1,0
557,527,6.951012372309519,1,0
527,558,8.237493125945539,1,0
558,527,8.237493125945539,1,0
527,559,10.358626646423744,1,0
559,527,10.358626646423744,1,0
527,560,10.988544990124943,1,0
560,527,10.988544990124943,1,0
527,561,14.38781752038856,1,0
561,527,14.38781752038856,1,0
527,562,14.778070577717513,1,0
562,527,14.778070577717513,1,0
527,563,16.40043368329021,1,0
563,527,16.40043368329021,1,0
527,564,17.599428286168845,1,0
564,527,17.599428286168845,1,0
527,565,17.704685283845066,1,0
565,527,17.704685283845066,1,0
527,566,18.932973591065934,1,0
566,527,18.932973591065934,1,0
527,567,19.15585646740965,1,0
567,527,19.15585646740965,1,0
527,568,19.165866794903906,1,0
568,527,19.165866794903906,1,0
527,569,18.3687464188496,1,0
569,527,18.3687464188496,1,0
527,570,21.667878184076997,1,0
570,527,21.667878184076997,1,0
527,571,21.224188017448395,1,0
571,527,21.224188017448395,1,0
527,572,23.638992131645544,1,0
572,527,23.638992131645544,1,0
527,573,24.081804355155782,1,0
573,527,24.081804355155782,1,0
527,574,24.282469993804174,1,0
574,527,24.282469993804174,1,0
527,575,24.369871234784974,1,0
575,527,24.369871234784974,1,0
527,576,29.42077854170416,1,0
576,527,29.42077854170416,1,0
527,577,30.250200660491494,1,0
577,527,30.250200660491494,1,0
527,578,30.97119855607787,1,0
578,527,30.97119855607787,1,0
527,579,32.749253060184444,1,0
579,527,32.749253060184444,1,0
527,586,14.80703785366945,1,0
586,527,14.80703785366945,1,0
528,530,4.613513736838767,1,1
528,531,5.444068515366059,1,1
531,528,5.444068515366059,1,1
528,532,7.55925558504275,1,1
532,528,7.55925558504275,1,1
528,533,10.033215436738116,1,1
533,528,10.033215436738116,1,1
528,534,11.748860710724253,1,1
534,528,11.748860710724253,1,1
528,535,14.1753507540378,1,1
535,528,14.1753507540378,1,1
528,536,15.097778975730172,1,1
536,528,15.097778975730172,1,1
528,537,15.992006034265994,1,0
537,528,15.992006034265994,1,0
528,538,17.921351539434742,1,1
538,528,17.921351539434742,1,1
528,539,19.4431177026731,1,1
539,528,19.4431177026731,1,1
528,540,18.759131349825346,1,1
540,528,18.759131349825346,1,1
528,541,19.154948446811336,1,1
541,528,19.154948446811336,1,1
528,542,14.50378192058885,1,0
542,528,14.50378192058885,1,0
528,543,23.23176000650833,1,0
543,528,23.23176000650833,1,0
528,544,23.947445062052026,1,0
544,528,23.947445062052026,1,0
528,545,24.23693596558773,1,0
545,528,24.23693596558773,1,0
528,546,26.200672605870256,1,0
546,528,26.200672605870256,1,0
528,547,27.35290090648522,1,0
547,528,27.35290090648522,1,0
528,548,14.857851863577048,1,0
548,528,14.857851863577048,1,0
528,549,13.901518837882428,1,0
549,528,13.901518837882428,1,0
528,550,13.180207964975363,1,0
550,528,13.180207964975363,1,0
528,551,11.308356202384147,1,0
551,528,11.308356202384147,1,0
528,552,9.585819787582071,1,0
552,528,9.585819787582071,1,0
528,553,7.8526479610383655,1,0
553,528,7.8526479610383655,1,0
528,554,6.606010142287097,1,0
554,528,6.606010142287097,1,0
528,555,5.785406554426404,1,0
555,528,5.785406554426404,1,0
528,556,5.2980383162072355,1,0
556,528,5.2980383162072355,1,0
528,557,6.822974204846447,1,0
557,528,6.822974204846447,1,0
528,558,8.201122423180866,1,0
558,528,8.201122423180866,1,0
528,559,10.249112839655929,1,0
559,528,10.249112839655929,1,0
528,560,10.73543278121567,1,0
560,528,10.73543278121567,1,0
528,561,13.823700553759112,1,0
561,528,13.823700553759112,1,0
528,562,14.172409604580302,1,0
562,528,14.172409604580302,1,0
528,563,15.770874579426469,1,0
563,528,15.770874579426469,1,0
528,564,19.323643238271607,1,0
564,528,19.323643238271607,1,0
528,565,16.869731384939122,1,0
565,528,16.869731384939122,1,0
528,566,18.071508985140117,1,0
566,528,18.071508985140117,1,0
528,567,18.261082361130736,1,0
567,528,18.261082361130736,1,0
528,568,18.117517765963417,1,0
568,528,18.117517765963417,1,0
528,569,20.20407446531516,1,0
569,528,20.20407446531516,1,0
528,570,20.543316309690603,1,0
570,528,20.543316309690603,1,0
528,571,20.049041498286147,1,0
571,528,20.049041498286147,1,0
528,572,22.325291509854917,1,0
572,528,22.325291509854917,1,0
528,573,22.68805820249939,1,0
573,528,22.68805820249939,1,0
528,574,22.863234613676166,1,0
574,528,22.863234613676166,1,0
528,575,22.921254590445088,1,0
575,528,22.921254590445088,1,0
528,576,27.809919992693256,1,0
576,528,27.809919992693256,1,0
528,577,28.620677420354678,1,0
577,528,28.620677420354678,1,0
528,578,29.31838228825049,1,0
578,528,29.31838228825049,1,0
528,579,31.050601282422857,1,0
579,528,31.050601282422857,1,0
528,586,16.35038745718278,1,0
586,528,16.35038745718278,1,0
529,531,4.113262087443492,1,1
529,532,6.518307295609804,1,1
532,529,6.518307295609804,1,1
529,533,8.853247144409785,1,1
533,529,8.853247144409785,1,1
529,534,10.471121668665683,1,1
534,529,10.471121668665683,1,1
529,535,12.793465363223524,1,1
535,529,12.793465363223524,1,1
529,536,13.524774341925266,1,1
536,529,13.524774341925266,1,1
529,537,17.901936487430625,1,0
537,529,17.901936487430625,1,0
529,538,16.181996971943853,1,1
538,529,16.181996971943853,1,1
529,539,17.592505932924965,1,1
539,529,17.592505932924965,1,1
529,540,16.880925863233923,1,1
540,529,16.880925863233923,1,1
529,541,17.21710454751321,1,1
541,529,17.21710454751321,1,1
529,542,16.401860412770255,1,0
542,529,16.401860412770255,1,0
529,543,21.31892023532149,1,0
543,529,21.31892023532149,1,0
529,544,22.045138058084373,1,0
544,529,22.045138058084373,1,0
529,545,22.3406082728291,1,0
545,529,22.3406082728291,1,0
529,546,24.313307056013585,1,0
546,529,24.313307056013585,1,0
529,547,25.45588468311404,1,0
547,529,25.45588468311404,1,0
529,548,16.320910054283125,1,0
548,529,16.320910054283125,1,0
529,549,15.375703723732453,1,0
549,529,15.375703723732453,1,0
529,550,14.616504541100104,1,0
550,529,14.616504541100104,1,0
529,551,12.619389565268202,1,0
551,529,12.619389565268202,1,0
529,552,10.741556032530854,1,0
552,529,10.741556032530854,1,0
529,553,9.01175926220846,1,0
553,529,9.01175926220846,1,0
529,554,7.747819370635844,1,0
554,529,7.747819370635844,1,0
529,555,6.677434986579803,1,0
555,529,6.677434986579803,1,0
529,556,5.890994907483794,1,0
556,529,5.890994907483794,1,0
529,557,6.9623876651620025,1,0
557,529,6.9623876651620025,1,0
529,558,8.342029009779335,1,0
558,529,8.342029009779335,1,0
529,559,10.225860403897562,1,0
559,529,10.225860403897562,1,0
529,560,10.548694705981399,1,0
560,529,10.548694705981399,1,0
529,561,13.237310980709035,1,0
561,529,13.237310980709035,1,0
529,562,13.536384044492829,1,0
562,529,13.536384044492829,1,0
529,563,15.085585504049885,1,0
563,529,15.085585504049885,1,0
529,564,20.970186575231036,1,0
564,529,20.970186575231036,1,0
529,565,15.957686549121085,1,0
565,529,15.957686549121085,1,0
529,566,17.120193106387557,1,0
566,529,17.120193106387557,1,0
529,567,17.273738738327612,1,0
567,529,17.273738738327612,1,0
529,568,16.97313515529762,1,0
568,529,16.97313515529762,1,0
529,569,21.97674134170032,1,0
569,529,21.97674134170032,1,0
529,570,19.30507026664239,1,0
570,529,19.30507026664239,1,0
529,571,18.762396648616082,1,0
571,529,18.762396648616082,1,0
529,572,20.889910483293125,1,0
572,529,20.889910483293125,1,0
529,573,21.173142327014194,1,0
573,529,21.173142327014194,1,0
529,574,21.32310793482038,1,0
574,529,21.32310793482038,1,0
529,575,21.352678918580686,1,0
575,529,21.352678918580686,1,0
529,576,26.082299150956764,1,0
576,529,26.082299150956764,1,0
529,577,26.87577051918698,1,0
577,529,26.87577051918698,1,0
529,578,27.55264206931887,1,0
578,529,27.55264206931887,1,0
529,579,29.24499719610176,1,0
579,529,29.24499719610176,1,0
529,586,17.820008221097993,1,0
586,529,17.820008221097993,1,0
530,533,6.598810271556533,1,1
533,530,6.598810271556533,1,1
530,534,8.046264039913183,1,1
534,530,8.046264039913183,1,1
530,535,10.22402073550323,1,1
535,530,10.22402073550323,1,1
530,536,10.794374321840058,1,1
536,530,10.794374321840058,1,1
530,537,20.231412259157786,1,0
537,530,20.231412259157786,1,0
530,538,13.383290850908082,1,1
538,530,13.383290850908082,1,1
530,539,14.829944200839059,1,1
539,530,14.829944200839059,1,1
530,540,14.150381549626145,1,1
540,530,14.150381549626145,1,1
530,541,14.72851075295802,1,1
541,530,14.72851075295802,1,1
530,542,18.692855667339863,1,0
542,530,18.692855667339863,1,0
530,543,18.65979431826621,1,0
543,530,18.65979431826621,1,0
530,544,19.35742224574336,1,0
544,530,19.35742224574336,1,0
530,545,19.63979760588179,1,0
545,530,19.63979760588179,1,0
530,546,21.595558061786686,1,0
546,530,21.595558061786686,1,0
530,547,22.75562016293997,1,0
547,530,22.75562016293997,1,0
530,548,17.667370970237762,1,0
548,530,17.667370970237762,1,0
530,549,16.757982127929363,1,0
549,530,16.757982127929363,1,0
530,550,15.947618536947767,1,0
550,530,15.947618536947767,1,0
530,551,13.792548169210793,1,0
551,530,13.792548169210793,1,0
530,552,11.742140946181832,1,0
552,530,11.742140946181832,1,0
530,553,10.108039028416938,1,0
553,530,10.108039028416938,1,0
530,554,8.908161033569161,1,0
554,530,8.908161033569161,1,0
530,555,7.60443673127734,1,0
555,530,7.60443673127734,1,0
530,556,6.535807295200801,1,0
556,530,6.535807295200801,1,0
530,557,6.817498808214051,1,0
557,530,6.817498808214051,1,0
530,558,8.039048948725217,1,0
558,530,8.039048948725217,1,0
530,559,9.536793224139863,1,0
559,530,9.536793224139863,1,0
530,560,9.604422522983878,1,0
560,530,9.604422522983878,1,0
530,561,11.620127796199146,1,0
561,530,11.620127796199146,1,0
530,562,11.844323239425712,1,0
562,530,11.844323239425712,1,0
530,563,13.292493295089525,1,0
563,530,13.292493295089525,1,0
530,564,22.609603026147983,1,0
564,530,22.609603026147983,1,0
530,565,13.866736169697612,1,0
565,530,13.866736169697612,1,0
530,566,14.967829501968547,1,0
566,530,14.967829501968547,1,0
530,567,15.07806439832381,1,0
567,530,15.07806439832381,1,0
530,568,14.606664266696896,1,0
568,530,14.606664266696896,1,0
530,569,23.886464535380703,1,0
569,530,23.886464535380703,1,0
530,570,16.82730192276825,1,0
570,530,16.82730192276825,1,0
530,571,16.241517786216903,1,0
571,530,16.241517786216903,1,0
530,572,18.23531134913797,1,0
572,530,18.23531134913797,1,0
530,573,18.462374495172607,1,0
573,530,18.462374495172607,1,0
530,574,18.59652978380644,1,0
574,530,18.59652978380644,1,0
530,575,18.609824958875887,1,0
575,530,18.609824958875887,1,0
530,576,23.28380958949802,1,0
576,530,23.28380958949802,1,0
530,577,24.0766220429694,1,0
577,530,24.0766220429694,1,0
530,578,24.75464184754043,1,0
578,530,24.75464184754043,1,0
530,579,26.456373088539557,1,0
579,530,26.456373088539557,1,0
530,586,19.155656736327263,1,0
586,530,19.155656736327263,1,0
531,534,6.368212465048571,1,1
534,531,6.368212465048571,1,1
531,535,8.743653526987446,1,1
535,531,8.743653526987446,1,1
531,536,9.687699830197053,1,1
536,531,9.687699830197053,1,1
531,537,19.982728167094702,1,0
537,531,19.982728167094702,1,0
531,538,12.703558753357266,1,1
538,531,12.703558753357266,1,1
531,539,14.549898831263397,1,1
539,531,14.549898831263397,1,1
531,540,14.020259805010749,1,1
540,531,14.020259805010749,1,1
531,541,15.174707641335303,1,1
541,531,15.174707641335303,1,1
531,542,18.411827720245483,1,0
542,531,18.411827720245483,1,0
531,543,18.699793180674487,1,0
543,531,18.699793180674487,1,0
531,544,19.312159407999925,1,0
544,531,19.312159407999925,1,0
531,545,19.55264895097337,1,0
545,531,19.55264895097337,1,0
531,546,21.439296467001896,1,0
546,531,21.439296467001896,1,0
531,547,22.64880151354592,1,0
547,531,22.64880151354592,1,0
531,548,16.51307372962405,1,0
548,531,16.51307372962405,1,0
531,549,15.643192768741297,1,0
549,531,15.643192768741297,1,0
531,550,14.80762182121086,1,0
550,531,14.80762182121086,1,0
531,551,12.5803590568791,1,0
551,531,12.5803590568791,1,0
531,552,10.464623500155177,1,0
552,531,10.464623500155177,1,0
531,553,8.956689678670351,1,0
553,531,8.956689678670351,1,0
531,554,7.864911951191825,1,0
554,531,7.864911951191825,1,0
531,555,6.484449475475925,1,0
555,531,6.484449475475925,1,0
531,556,5.320991261033981,1,0
556,531,5.320991261033981,1,0
557,531,5.0838069396860455,1,0
531,558,6.1654736233317875,1,0
558,531,6.1654736233317875,1,0
531,559,7.486599495097891,1,0
559,531,7.486599495097891,1,0
531,560,7.493365398804465,1,0
560,531,7.493365398804465,1,0
531,561,9.495737622744219,1,0
561,531,9.495737622744219,1,0
531,562,9.73538966862652,1,0
562,531,9.73538966862652,1,0
531,563,11.213641023325117,1,0
563,531,11.213641023325117,1,0
531,564,21.632169609172355,1,0
564,531,21.632169609172355,1,0
531,565,11.914735624427426,1,0
565,531,11.914735624427426,1,0
531,566,13.054233374656667,1,0
566,531,13.054233374656667,1,0
531,567,13.19300742817952,1,0
567,531,13.19300742817952,1,0
531,568,12.860175582005091,1,0
568,531,12.860175582005091,1,0
531,569,23.14023562974241,1,0
569,531,23.14023562974241,1,0
531,570,15.200643703475192,1,0
570,531,15.200643703475192,1,0
531,571,14.670960466172623,1,0
571,531,14.670960466172623,1,0
531,572,16.884976784111963,1,0
572,531,16.884976784111963,1,0
531,573,17.246885776858385,1,0
573,531,17.246885776858385,1,0
531,574,17.427614552772276,1,0
574,531,17.427614552772276,1,0
531,575,17.495824473285047,1,0
575,531,17.495824473285047,1,0
531,576,22.528860867784683,1,0
576,531,22.528860867784683,1,0
531,577,23.367356932267715,1,0
577,531,23.367356932267715,1,0
531,578,24.10391524213442,1,0
578,531,24.10391524213442,1,0
531,579,25.92744480275679,1,0
579,531,25.92744480275679,1,0
531,586,17.975296492686844,1,0
586,531,17.975296492686844,1,0
532,535,6.828582429758024,1,1
535,532,6.828582429758024,1,1
532,536,8.211154425536035,1,1
536,532,8.211154425536035,1,1
532,537,20.69131576289918,1,0
537,532,20.69131576289918,1,0
532,538,11.63507043382205,1,1
538,532,11.63507043382205,1,1
532,539,13.902530884698656,1,1
539,532,13.902530884698656,1,1
532,540,13.565335823340313,1,1
540,532,13.565335823340313,1,1
532,541,15.365235598584228,1,1
541,532,15.365235598584228,1,1
532,542,19.10696943526105,1,0
542,532,19.10696943526105,1,0
532,543,18.339643235352206,1,0
543,532,18.339643235352206,1,0
532,544,18.84210014833803,1,0
544,532,18.84210014833803,1,0
532,545,19.02987178096584,1,0
545,532,19.02987178096584,1,0
532,546,20.80988346915955,1,0
546,532,20.80988346915955,1,0
532,547,22.06251683285477,1,0
547,532,22.06251683285477,1,0
532,548,16.135466680576673,1,0
548,532,16.135466680576673,1,0
532,549,15.340471211797896,1,0
549,532,15.340471211797896,1,0
532,550,14.488460408200728,1,0
550,532,14.488460408200728,1,0
532,551,12.220017553178883,1,0
551,532,12.220017553178883,1,0
532,552,10.090737534987221,1,0
552,532,10.090737534987221,1,0
532,553,8.860304791597184,1,0
553,532,8.860304791597184,1,0
532,554,8.007623929730967,1,0
554,532,8.007623929730967,1,0
532,555,6.659760956671042,1,0
555,532,6.659760956671042,1,0
532,556,5.527286585658464,1,0
556,532,5.527286585658464,1,0
557,532,4.374080017557978,1,0
532,558,4.95307036089737,1,0
558,532,4.95307036089737,1,0
532,559,5.65167877714224,1,0
559,532,5.65167877714224,1,0
532,560,5.419263603110666,1,0
560,532,5.419263603110666,1,0
532,561,6.989136999658827,1,0
561,532,6.989136999658827,1,0
532,562,7.214808174858151,1,0
562,532,7.214808174858151,1,0
532,563,8.685103108196241,1,0
563,532,8.685103108196241,1,0
532,564,21.422074712781672,1,0
564,532,21.422074712781672,1,0
532,565,9.439806036142903,1,0
565,532,9.439806036142903,1,0
532,566,10.603685868602483,1,0
566,532,10.603685868602483,1,0
532,567,10.764225935941703,1,0
567,532,10.764225935941703,1,0
532,568,10.55836128383567,1,0
568,532,10.55836128383567,1,0
532,569,23.215775369347455,1,0
569,532,23.215775369347455,1,0
532,570,12.9992778260948,1,0
570,532,12.9992778260948,1,0
532,571,12.531750476290213,1,0
571,532,12.531750476290213,1,0
532,572,14.95792933530574,1,0
572,532,14.95792933530574,1,0
532,573,15.463188869052852,1,0
573,532,15.463188869052852,1,0
532,574,15.693344895209563,1,0
574,532,15.693344895209563,1,0
532,575,15.821860478464597,1,0
575,532,15.821860478464597,1,0
532,576,21.202528269053197,1,0
576,532,21.202528269053197,1,0
532,577,22.084699431959674,1,0
577,532,22.084699431959674,1,0
532,578,22.880610590628912,1,0
578,532,22.880610590628912,1,0
532,579,24.826566919330592,1,0
579,532,24.826566919330592,1,0
532,586,17.53352585762487,1,0
586,532,17.53352585762487,1,0
533,536,5.931979264967133,1,1
533,537,22.90074725855032,1,0
537,533,22.90074725855032,1,0
533,538,9.55136770310933,1,1
538,533,9.55136770310933,1,1
533,539,12.08665156277784,1,1
539,533,12.08665156277784,1,1
533,540,11.91256248671964,1,1
540,533,11.91256248671964,1,1
533,541,14.233997400589898,1,1
541,533,14.233997400589898,1,1
533,542,21.318477666099895,1,0
542,533,21.318477666099895,1,0
533,543,16.678052794016455,1,0
543,533,16.678052794016455,1,0
533,544,17.08769033544323,1,0
544,533,17.08769033544323,1,0
533,545,17.232888353378257,1,0
545,533,17.232888353378257,1,0
533,546,18.916697201150097,1,0
546,533,18.916697201150097,1,0
533,547,20.190597811852925,1,0
547,533,20.190597811852925,1,0
533,548,17.728181914680366,1,0
548,533,17.728181914680366,1,0
533,549,17.001230837795244,1,0
549,533,17.001230837795244,1,0
533,550,16.152052315418,1,0
550,533,16.152052315418,1,0
533,551,13.902359655828215,1,0
551,533,13.902359655828215,1,0
533,552,11.825876923086929,1,0
552,533,11.825876923086929,1,0
533,553,10.81459106947646,1,0
553,533,10.81459106947646,1,0
533,554,10.119591394913137,1,0
554,533,10.119591394913137,1,0
533,555,8.841331630472867,1,0
555,533,8.841331630472867,1,0
533,556,7.778566577461428,1,0
556,533,7.778566577461428,1,0
533,557,6.276762939605095,1,0
557,533,6.276762939605095,1,0
533,558,6.391879614010264,1,0
558,533,6.391879614010264,1,0
533,559,6.2558070622422495,1,0
559,533,6.2558070622422495,1,0
560,533,5.646735782733241,1,0
533,561,5.658055584739337,1,0
561,533,5.658055584739337,1,0
533,562,5.730075217656396,1,0
562,533,5.730075217656396,1,0
533,563,6.956873220060863,1,0
563,533,6.956873220060863,1,0
533,564,23.077786548973886,1,0
564,533,23.077786548973886,1,0
533,565,7.278435614883188,1,0
565,533,7.278435614883188,1,0
533,566,8.369019596105627,1,0
566,533,8.369019596105627,1,0
533,567,8.48336637190685,1,0
567,533,8.48336637190685,1,0
533,568,8.122242670592895,1,0
568,533,8.122242670592895,1,0
533,569,25.055662932758334,1,0
569,533,25.055662932758334,1,0
533,570,10.510242099970867,1,0
570,533,10.510242099970867,1,0
533,571,10.024267604169394,1,0
571,533,10.024267604169394,1,0
533,572,12.444524137145622,1,0
572,533,12.444524137145622,1,0
533,573,12.976424353418778,1,0
573,533,12.976424353418778,1,0
533,574,13.219789294841275,1,0
574,533,13.219789294841275,1,0
533,575,13.36721377101451,1,0
575,533,13.36721377101451,1,0
533,576,18.876609918097053,1,0
576,533,18.876609918097053,1,0
533,577,19.777409840522594,1,0
577,533,19.777409840522594,1,0
533,578,20.60104172123342,1,0
578,533,20.60104172123342,1,0
533,579,22.606515963323496,1,0
579,533,22.606515963323496,1,0
533,586,19.056519986608258,1,0
586,533,19.056519986608258,1,0
534,537,24.623092108831496,1,0
537,534,24.623092108831496,1,0
534,538,8.016916177683287,1,1
538,534,8.016916177683287,1,1
534,539,10.73020270078809,1,1
539,534,10.73020270078809,1,1
534,540,10.685280763742243,1,1
540,534,10.685280763742243,1,1
534,541,13.370309570088494,1,1
541,534,13.370309570088494,1,1
534,542,23.04306546447325,1,0
542,534,23.04306546447325,1,0
534,543,15.393186057473612,1,0
543,534,15.393186057473612,1,0
534,544,15.73298182163826,1,0
544,534,15.73298182163826,1,0
534,545,15.84685107521365,1,0
545,534,15.84685107521365,1,0
534,546,17.454917845696095,1,0
546,534,17.454917845696095,1,0
534,547,18.73849865917758,1,0
547,534,18.73849865917758,1,0
534,548,19.180385241178033,1,0
548,534,19.180385241178033,1,0
534,549,18.49061973001446,1,0
549,534,18.49061973001446,1,0
534,550,17.647218987704548,1,0
550,534,17.647218987704548,1,0
534,551,15.420149156217652,1,0
551,534,15.420149156217652,1,0
534,552,13.383188147821878,1,0
552,534,13.383188147821878,1,0
534,553,12.468421552065042,1,0
553,534,12.468421552065042,1,0
534,554,11.833463820876794,1,0
554,534,11.833463820876794,1,0
534,555,10.583082018013467,1,0
555,534,10.583082018013467,1,0
534,556,9.543544100594914,1,0
556,534,9.543544100594914,1,0
534,557,7.964000565042672,1,0
557,534,7.964000565042672,1,0
534,558,7.924788009782975,1,0
558,534,7.924788009782975,1,0
534,559,7.437900913564256,1,0
559,534,7.437900913564256,1,0
534,560,6.678925437523614,1,0
560,534,6.678925437523614,1,0
534,561,5.571691394899757,1,0
561,534,5.571691394899757,1,0
562,534,5.486707026988046,1,0
534,563,6.3608097754924255,1,0
563,534,6.3608097754924255,1,0
534,564,24.54181158757438,1,0
564,534,24.54181158757438,1,0
534,565,6.147998454781849,1,0
565,534,6.147998454781849,1,0
534,566,7.106959757871153,1,0
566,534,7.106959757871153,1,0
534,567,7.155527164367417,1,0
567,534,7.155527164367417,1,0
534,568,6.561027510992467,1,0
568,534,6.561027510992467,1,0
534,569,26.608131106862807,1,0
569,534,26.608131106862807,1,0
534,570,8.834041260940545,1,0
570,534,8.834041260940545,1,0
534,571,8.306424561747372,1,0
571,534,8.306424561747372,1,0
534,572,10.65518019556685,1,0
572,534,10.65518019556685,1,0
534,573,11.177047955520276,1,0
573,534,11.177047955520276,1,0
534,574,11.421883251023011,1,0
574,534,11.421883251023011,1,0
534,575,11.57402920335006,1,0
575,534,11.57402920335006,1,0
534,576,17.138841792840026,1,0
576,534,17.138841792840026,1,0
534,577,18.04887254096499,1,0
577,534,18.04887254096499,1,0
534,578,18.887058955803575,1,0
578,534,18.887058955803575,1,0
534,579,20.9245046775306,1,0
579,534,20.9245046775306,1,0
534,586,20.466847583348052,1,0
586,534,20.466847583348052,1,0
535,537,27.106713596450604,1,0
537,535,27.106713596450604,1,0
535,538,6.00069279333645,1,1
535,539,8.969008027647206,1,1
539,535,8.969008027647206,1,1
535,540,9.154903494849087,1,1
540,535,9.154903494849087,1,1
535,541,12.363069562208246,1,1
541,535,12.363069562208246,1,1
535,542,25.529610122365753,1,0
542,535,25.529610122365753,1,0
535,543,13.665779304525593,1,0
543,535,13.665779304525593,1,0
535,544,13.887065780790412,1,0
544,535,13.887065780790412,1,0
535,545,13.948373740332597,1,0
545,535,13.948373740332597,1,0
535,546,15.419525543932927,1,0
546,535,15.419525543932927,1,0
535,547,16.710163045284744,1,0
547,535,16.710163045284744,1,0
535,548,21.390983544474995,1,0
548,535,21.390983544474995,1,0
535,549,20.743481506246727,1,0
549,535,20.743481506246727,1,0
535,550,19.909247022426538,1,0
550,535,19.909247022426538,1,0
535,551,17.71450154534414,1,0
551,535,17.71450154534414,1,0
535,552,15.725702337256672,1,0
552,535,15.725702337256672,1,0
535,553,14.903549677845207,1,0
553,535,14.903549677845207,1,0
535,554,14.321364215744254,1,0
554,535,14.321364215744254,1,0
535,555,13.094701905732714,1,0
555,535,13.094701905732714,1,0
535,556,12.072365012705673,1,0
556,535,12.072365012705673,1,0
535,557,10.443185816598305,1,0
557,535,10.443185816598305,1,0
535,558,10.288074066607413,1,0
558,535,10.288074066607413,1,0
535,559,9.519292253103695,1,0
559,535,9.519292253103695,1,0
535,560,8.6589498208501,1,0
560,535,8.6589498208501,1,0
535,561,6.498569842665384,1,0
561,535,6.498569842665384,1,0
535,562,6.228406939177947,1,0
562,535,6.228406939177947,1,0
535,563,6.480634073915916,1,0
563,535,6.480634073915916,1,0
535,564,26.749726148130936,1,0
564,535,26.749726148130936,1,0
565,535,5.369287848495366,1,0
535,566,5.956203488800563,1,0
566,535,5.956203488800563,1,0
535,567,5.86190634520887,1,0
567,535,5.86190634520887,1,0
568,535,4.766376086714098,1,0
535,569,28.910825446534727,1,0
569,535,28.910825446534727,1,0
535,570,6.653222527467423,1,0
570,535,6.653222527467423,1,0
535,571,6.027219922982734,1,0
571,535,6.027219922982734,1,0
535,572,8.158206910835249,1,0
572,535,8.158206910835249,1,0
535,573,8.636816080014672,1,0
573,535,8.636816080014672,1,0
535,574,8.878071862741368,1,0
574,535,8.878071862741368,1,0
535,575,9.03212737952693,1,0
575,535,9.03212737952693,1,0
535,576,14.66800766975529,1,0
576,535,14.66800766975529,1,0
535,577,15.590492904331152,1,0
577,535,15.590492904331152,1,0
535,578,16.449080004668954,1,0
578,535,16.449080004668954,1,0
535,579,18.530987480433957,1,0
579,535,18.530987480433957,1,0
535,586,22.62696101998675,1,0
586,535,22.62696101998675,1,0
536,537,28.827058348017406,1,0
537,536,28.827058348017406,1,0
536,539,6.695454278837247,1,1
539,536,6.695454278837247,1,1
536,540,6.888711417964902,1,1
540,536,6.888711417964902,1,1
536,541,10.21637900628202,1,1
541,536,10.21637900628202,1,1
536,542,27.244001174570524,1,0
542,536,27.244001174570524,1,0
536,543,11.393780628044407,1,0
543,536,11.393780628044407,1,0
536,544,11.633055703468457,1,0
544,536,11.633055703468457,1,0
536,545,11.70725984165381,1,0
545,536,11.70725984165381,1,0
536,546,13.230819967031522,1,0
546,536,13.230819967031522,1,0
536,547,14.519471133619158,1,0
547,536,14.519471133619158,1,0
536,548,23.451280647333526,1,0
548,536,23.451280647333526,1,0
536,549,22.772247671233508,1,0
549,536,22.772247671233508,1,0
536,550,21.93044878701756,1,0
550,536,21.93044878701756,1,0
536,551,19.70777841361121,1,0
551,536,19.70777841361121,1,0
536,552,17.67272013584779,1,0
552,536,17.67272013584779,1,0
536,553,16.733475729805807,1,0
553,536,16.733475729805807,1,0
536,554,16.050941405412956,1,0
554,536,16.050941405412956,1,0
536,555,14.763138724539575,1,0
555,536,14.763138724539575,1,0
536,556,13.679141054905458,1,0
556,536,13.679141054905458,1,0
536,557,12.205246453882035,1,0
557,536,12.205246453882035,1,0
536,558,12.214298383452077,1,0
558,536,12.214298383452077,1,0
536,559,11.636558425926456,1,0
559,536,11.636558425926456,1,0
536,560,10.813800118367272,1,0
560,536,10.813800118367272,1,0
536,561,8.772357778841444,1,0
561,536,8.772357778841444,1,0
536,562,8.492480674102238,1,0
562,536,8.492480674102238,1,0
536,563,8.638588136958493,1,0
563,536,8.638588136958493,1,0
536,564,28.813628893285898,1,0
564,536,28.813628893285898,1,0
536,565,7.245767937216868,1,0
565,536,7.245767937216868,1,0
536,566,7.572664326378134,1,0
566,536,7.572664326378134,1,0
536,567,7.3813739235998606,1,0
567,536,7.3813739235998606,1,0
568,536,5.929338917619738,1,0
536,569,30.897513896752276,1,0
569,536,30.897513896752276,1,0
536,570,7.055126150537636,1,0
570,536,7.055126150537636,1,0
536,571,6.2810773757373815,1,0
571,536,6.2810773757373815,1,0
536,572,7.564898743539136,1,0
572,536,7.564898743539136,1,0
536,573,7.673821016938041,1,0
573,536,7.673821016938041,1,0
536,574,7.8024037962668915,1,0
574,536,7.8024037962668915,1,0
536,575,7.829994252871454,1,0
575,536,7.829994252871454,1,0
536,576,12.991385607393848,1,0
576,536,12.991385607393848,1,0
536,577,13.876192633427946,1,0
577,536,13.876192633427946,1,0
536,578,14.68314169379292,1,0
578,536,14.68314169379292,1,0
536,579,16.674642844750828,1,0
579,536,16.674642844750828,1,0
536,586,24.720594248520808,1,0
586,536,24.720594248520808,1,0
537,538,32.326342508858005,1,0
538,537,32.326342508858005,1,0
537,539,34.47185984248602,1,0
539,537,34.47185984248602,1,0
537,540,33.99401976818864,1,0
540,537,33.99401976818864,1,0
537,541,34.95587042257709,1,0
541,537,34.95587042257709,1,0
537,543,38.6816303948011,1,0
543,537,38.6816303948011,1,0
537,544,39.29104969328256,1,0
544,537,39.29104969328256,1,0
537,545,39.523902843722304,1,0
545,537,39.523902843722304,1,0
537,546,41.3843668309665,1,0
546,537,41.3843668309665,1,0
537,547,42.60918709621201,1,0
547,537,42.60918709621201,1,0
537,548,8.815500496284939,1,0
548,537,8.815500496284939,1,0
537,549,8.621285576989083,1,0
549,537,8.621285576989083,1,0
537,550,9.058157042136111,1,0
550,537,9.058157042136111,1,0
537,551,10.424326788814708,1,0
551,537,10.424326788814708,1,0
537,552,11.849601681069284,1,0
552,537,11.849601681069284,1,0
537,553,12.262446126283287,1,0
553,537,12.262446126283287,1,0
537,554,12.789702303024884,1,0
554,537,12.789702303024884,1,0
537,555,14.06452914249176,1,0
555,537,14.06452914249176,1,0
537,556,15.167267815925186,1,0
556,537,15.167267815925186,1,0
537,557,16.66452723601843,1,0
557,537,16.66452723601843,1,0
537,558,16.942538475683037,1,0
558,537,16.942538475683037,1,0
537,559,18.330758767710627,1,0
559,537,18.330758767710627,1,0
537,560,19.300949458511102,1,0
560,537,19.300949458511102,1,0
537,561,23.052683314529787,1,0
561,537,23.052683314529787,1,0
537,562,23.543872175154196,1,0
562,537,23.543872175154196,1,0
537,563,24.958524395484602,1,0
563,537,24.958524395484602,1,0
537,564,7.732828525190508,1,0
564,537,7.732828525190508,1,0
537,565,27.015178141185746,1,0
565,537,27.015178141185746,1,0
537,566,28.206121924149727,1,0
566,537,28.206121924149727,1,0
537,567,28.56120620702144,1,0
567,537,28.56120620702144,1,0
537,568,29.29512418475129,1,0
568,537,29.29512418475129,1,0
537,569,6.19519571926505,1,0
537,570,31.93275941725049,1,0
570,537,31.93275941725049,1,0
537,571,31.767690284312454,1,0
571,537,31.767690284312454,1,0
537,572,34.69411342000253,1,0
572,537,34.69411342000253,1,0
537,573,35.506260208588564,1,0
573,537,35.506260208588564,1,0
537,574,35.82246158487717,1,0
574,537,35.82246158487717,1,0
537,575,36.04981870966899,1,0
575,537,36.04981870966899,1,0
537,576,41.76167497838179,1,0
576,537,41.76167497838179,1,0
537,577,42.671192683120545,1,0
577,537,42.671192683120545,1,0
537,578,43.50133934719712,1,0
578,537,43.50133934719712,1,0
537,579,45.496293134715934,1,0
579,537,45.496293134715934,1,0
537,586,9.036049413322175,1,0
586,537,9.036049413322175,1,0
538,541,7.568320883789217,1,1
541,538,7.568320883789217,1,1
538,542,30.742008538805656,1,0
542,538,30.742008538805656,1,0
538,543,7.735087459104777,1,0
543,538,7.735087459104777,1,0
538,544,7.896587237534959,1,0
544,538,7.896587237534959,1,0
538,545,7.948337436218973,1,0
545,538,7.948337436218973,1,0
538,546,9.453955468479847,1,0
546,538,9.453955468479847,1,0
538,547,10.741951079762,1,0
547,538,10.741951079762,1,0
538,548,27.197287456656408,1,0
548,538,27.197287456656408,1,0
538,549,26.503553290077917,1,0
549,538,26.503553290077917,1,0
538,550,25.65865165982032,1,0
550,538,25.65865165982032,1,0
538,551,23.423863323542513,1,0
551,538,23.423863323542513,1,0
538,552,21.366595423698183,1,0
552,538,21.366595423698183,1,0
538,553,20.356351564069627,1,0
553,538,20.356351564069627,1,0
538,554,19.606049296071863,1,0
554,538,19.606049296071863,1,0
538,555,18.281752651209345,1,0
555,538,18.281752651209345,1,0
538,556,17.161101858563743,1,0
556,538,17.161101858563743,1,0
538,557,15.810548883577697,1,0
557,538,15.810548883577697,1,0
538,558,15.914372435003525,1,0
558,538,15.914372435003525,1,0
538,559,15.409612876383363,1,0
559,538,15.409612876383363,1,0
538,560,14.591918653830277,1,0
560,538,14.591918653830277,1,0
538,561,12.415852608661234,1,0
561,538,12.415852608661234,1,0
538,562,12.095501023107724,1,0
562,538,12.095501023107724,1,0
538,563,12.014056101084263,1,0
563,538,12.014056101084263,1,0
538,564,32.5585867782986,1,0
564,538,32.5585867782986,1,0
538,565,10.275205594050174,1,0
565,538,10.275205594050174,1,0
538,566,10.251906456849866,1,0
566,538,10.251906456849866,1,0
538,567,9.955819202858196,1,0
567,538,9.955819202858196,1,0
538,568,8.263153453736654,1,0
568,538,8.263153453736654,1,0
538,569,34.598463462992115,1,0
569,538,34.598463462992115,1,0
538,570,8.207899122187115,1,0
570,538,8.207899122187115,1,0
538,571,7.387003316636591,1,0
571,538,7.387003316636591,1,0
538,572,7.025943495360605,1,0
572,538,7.025943495360605,1,0
538,573,6.4217724967488525,1,0
573,538,6.4217724967488525,1,0
538,574,6.30349315855899,1,0
574,538,6.30349315855899,1,0
575,538,6.06932788700693,1,0
538,576,9.90070204581473,1,0
576,538,9.90070204581473,1,0
538,577,10.699538541451215,1,0
577,538,10.699538541451215,1,0
538,578,11.407404130651285,1,0
578,538,11.407404130651285,1,0
538,579,13.23805941216461,1,0
579,538,13.23805941216461,1,0
538,586,28.47989594433238,1,0
586,538,28.47989594433238,1,0
539,542,32.89210683431513,1,0
542,539,32.89210683431513,1,0
544,539,5.0066444850818,1,0
539,545,5.147878883579138,1,0
545,539,5.147878883579138,1,0
539,546,6.916794416490922,1,0
546,539,6.916794416490922,1,0
539,547,8.160829492153356,1,0
547,539,8.160829492153356,1,0
539,548,29.814725220937387,1,0
548,539,29.814725220937387,1,0
539,549,29.081746921393837,1,0
549,539,29.081746921393837,1,0
539,550,28.231329051250846,1,0
550,539,28.231329051250846,1,0
539,551,25.975089027758884,1,0
551,539,25.975089027758884,1,0
539,552,23.87967372055154,1,0
552,539,23.87967372055154,1,0
539,553,22.750569267602955,1,0
553,539,22.750569267602955,1,0
539,554,21.905326566842138,1,0
554,539,21.905326566842138,1,0
539,555,20.54433033710274,1,0
555,539,20.54433033710274,1,0
539,556,19.389948117516973,1,0
556,539,19.389948117516973,1,0
539,557,18.218941928663146,1,0
557,539,18.218941928663146,1,0
539,558,18.47419900834675,1,0
558,539,18.47419900834675,1,0
539,559,18.167805591209962,1,0
559,539,18.167805591209962,1,0
539,560,17.39778954350236,1,0
560,539,17.39778954350236,1,0
539,561,15.447462736643839,1,0
561,539,15.447462736643839,1,0
539,562,15.145622998080997,1,0
562,539,15.145622998080997,1,0
539,563,15.116967189221521,1,0
563,539,15.116967189221521,1,0
539,564,35.1621985945134,1,0
564,539,35.1621985945134,1,0
539,565,13.386460361126089,1,0
565,539,13.386460361126089,1,0
539,566,13.333906441849665,1,0
566,539,13.333906441849665,1,0
539,567,13.025955819056044,1,0
567,539,13.025955819056044,1,0
539,568,11.317523757430333,1,0
568,539,11.317523757430333,1,0
539,569,37.085021194547,1,0
569,539,37.085021194547,1,0
539,570,10.982565501739565,1,0
570,539,10.982565501739565,1,0
539,571,10.188825104004879,1,0
571,539,10.188825104004879,1,0
539,572,9.155267609414812,1,0
572,539,9.155267609414812,1,0
539,573,8.179853849550126,1,0
573,539,8.179853849550126,1,0
539,574,7.8972198272556655,1,0
574,539,7.8972198272556655,1,0
539,575,7.491015018006572,1,0
575,539,7.491015018006572,1,0
539,576,9.227750321719807,1,0
576,539,9.227750321719807,1,0
539,577,9.823099409046007,1,0
577,539,9.823099409046007,1,0
539,578,10.311721582742623,1,0
578,539,10.311721582742623,1,0
539,579,11.748218333006923,1,0
579,539,11.748218333006923,1,0
539,586,31.13930313928043,1,0
586,539,31.13930313928043,1,0
540,542,32.4189724852593,1,0
542,540,32.4189724852593,1,0
543,540,4.780078869642215,1,0
544,540,5.300839367496435,1,0
540,545,5.53244719812128,1,0
545,540,5.53244719812128,1,0
540,546,7.449283589715188,1,0
546,540,7.449283589715188,1,0
540,547,8.634649326984855,1,0
547,540,8.634649326984855,1,0
540,548,29.603379486132997,1,0
548,540,29.603379486132997,1,0
540,549,28.84652909796948,1,0
549,540,28.84652909796948,1,0
540,550,27.994421533584152,1,0
550,540,27.994421533584152,1,0
540,551,25.730199008169368,1,0
551,540,25.730199008169368,1,0
540,552,23.617709457100194,1,0
552,540,23.617709457100194,1,0
540,553,22.425061360005238,1,0
553,540,22.425061360005238,1,0
540,554,21.53323795902511,1,0
554,540,21.53323795902511,1,0
540,555,20.159563487337717,1,0
555,540,20.159563487337717,1,0
540,556,18.994189243029037,1,0
556,540,18.994189243029037,1,0
540,557,17.92144279906057,1,0
557,540,17.92144279906057,1,0
540,558,18.262252051704905,1,0
558,540,18.262252051704905,1,0
540,559,18.090866010227373,1,0
559,540,18.090866010227373,1,0
540,560,17.361609660397278,1,0
560,540,17.361609660397278,1,0
540,561,15.65229861713608,1,0
561,540,15.65229861713608,1,0
540,562,15.380386243524576,1,0
562,540,15.380386243524576,1,0
540,563,15.472781004072928,1,0
563,540,15.472781004072928,1,0
540,564,34.93314021098017,1,0
564,540,34.93314021098017,1,0
540,565,13.859060934998446,1,0
565,540,13.859060934998446,1,0
540,566,13.902995720347468,1,0
566,540,13.902995720347468,1,0
540,567,13.61719677466695,1,0
567,540,13.61719677466695,1,0
540,568,11.934668533310843,1,0
568,540,11.934668533310843,1,0
540,569,36.78098315706093,1,0
569,540,36.78098315706093,1,0
540,570,11.811044661671549,1,0
570,540,11.811044661671549,1,0
540,571,11.001305467988788,1,0
571,540,11.001305467988788,1,0
540,572,10.18007239659915,1,0
572,540,10.18007239659915,1,0
540,573,9.263861937658614,1,0
573,540,9.263861937658614,1,0
540,574,9.001762605179055,1,0
574,540,9.001762605179055,1,0
540,575,8.612625906191445,1,0
575,540,8.612625906191445,1,0
540,576,10.321439289168929,1,0
576,540,10.321439289168929,1,0
540,577,10.879941406092223,1,0
577,540,10.879941406092223,1,0
540,578,11.322480161166105,1,0
578,540,11.322480161166105,1,0
540,579,12.649409195689733,1,0
579,540,12.649409195689733,1,0
540,586,30.95379202941055,1,0
586,540,30.95379202941055,1,0
541,542,33.410950300762174,1,0
542,541,33.410950300762174,1,0
543,541,4.9038936570851535,1,0
544,541,5.87509191417462,1,0
545,541,6.308917894536273,1,0
541,546,8.2839462214575,1,0
546,541,8.2839462214575,1,0
541,547,9.10261160327079,1,0
547,541,9.10261160327079,1,0
541,548,31.472257815415784,1,0
548,541,31.472257815415784,1,0
541,549,30.65107528293257,1,0
549,541,30.65107528293257,1,0
541,550,29.802272262362813,1,0
550,541,29.802272262362813,1,0
541,551,27.538950778851397,1,0
551,541,27.538950778851397,1,0
541,552,25.40252705933014,1,0
552,541,25.40252705933014,1,0
541,553,24.032446608699665,1,0
553,541,24.032446608699665,1,0
541,554,23.007444012753787,1,0
554,541,23.007444012753787,1,0
541,555,21.61928789299037,1,0
555,541,21.61928789299037,1,0
541,556,20.443702697896974,1,0
556,541,20.443702697896974,1,0
541,557,19.704335994902237,1,0
557,541,19.704335994902237,1,0
541,558,20.28715329956374,1,0
558,541,20.28715329956374,1,0
541,559,20.48302917051089,1,0
559,541,20.48302917051089,1,0
541,560,19.870428707000762,1,0
560,541,19.870428707000762,1,0
541,561,18.72969505891647,1,0
561,541,18.72969505891647,1,0
541,562,18.521030316912718,1,0
562,541,18.521030316912718,1,0
541,563,18.833604142595757,1,0
563,541,18.833604142595757,1,0
541,564,36.70780268553268,1,0
564,541,36.70780268553268,1,0
541,565,17.425609228948066,1,0
565,541,17.425609228948066,1,0
541,566,17.60150666846449,1,0
566,541,17.60150666846449,1,0
541,567,17.345720192600822,1,0
567,541,17.345720192600822,1,0
541,568,15.707468924050112,1,0
568,541,15.707468924050112,1,0
541,569,38.31019035452578,1,0
569,541,38.31019035452578,1,0
541,570,15.766156316616932,1,0
570,541,15.766156316616932,1,0
541,571,14.949329249167,1,0
571,541,14.949329249167,1,0
541,572,14.158923016952949,1,0
572,541,14.158923016952949,1,0
541,573,13.193181003836793,1,0
573,541,13.193181003836793,1,0
541,574,12.90146104129296,1,0
574,541,12.90146104129296,1,0
541,575,12.480206809183892,1,0
575,541,12.480206809183892,1,0
541,576,13.07281530505193,1,0
576,541,13.07281530505193,1,0
541,577,13.414159161125232,1,0
577,541,13.414159161125232,1,0
541,578,13.613855074886025,1,0
578,541,13.613855074886025,1,0
541,579,14.395642743552648,1,0
579,541,14.395642743552648,1,0
541,586,32.88733890116377,1,0
586,541,32.88733890116377,1,0
542,543,37.11158370374404,1,0
543,542,37.11158370374404,1,0
542,544,37.716926505217785,1,0
544,542,37.716926505217785,1,0
542,545,37.94800744439687,1,0
545,542,37.94800744439687,1,0
542,546,39.805402912167594,1,0
546,542,39.805402912167594,1,0
542,547,41.03158697881426,1,0
547,542,41.03158697881426,1,0
542,548,7.82980893764337,1,0
548,542,7.82980893764337,1,0
542,549,7.5018344423214245,1,0
549,542,7.5018344423214245,1,0
542,550,7.8402249967714575,1,0
550,542,7.8402249967714575,1,0
542,551,9.023512065709227,1,0
551,542,9.023512065709227,1,0
542,552,10.349843911866497,1,0
552,542,10.349843911866497,1,0
542,553,10.703011258519727,1,0
553,542,10.703011258519727,1,0
542,554,11.21028099558615,1,0
554,542,11.21028099558615,1,0
542,555,12.481125630326778,1,0
555,542,12.481125630326778,1,0
542,556,13.58291353134518,1,0
556,542,13.58291353134518,1,0
542,557,15.086652677118275,1,0
557,542,15.086652677118275,1,0
542,558,15.382548455961386,1,0
558,542,15.382548455961386,1,0
542,559,16.8039658414316,1,0
559,542,16.8039658414316,1,0
542,560,17.773195126369373,1,0
560,542,17.773195126369373,1,0
542,561,21.542435075914703,1,0
561,542,21.542435075914703,1,0
542,562,22.03303964504217,1,0
562,542,22.03303964504217,1,0
542,563,23.464503510622166,1,0
563,542,23.464503510622166,1,0
542,564,7.74228093006189,1,0
564,542,7.74228093006189,1,0
542,565,25.50181297476711,1,0
565,542,25.50181297476711,1,0
542,566,26.69916517421472,1,0
566,542,26.69916517421472,1,0
542,567,27.050391217133996,1,0
567,542,27.050391217133996,1,0
542,568,27.76007961083685,1,0
568,542,27.76007961083685,1,0
542,569,6.806594229128104,1,0
542,570,30.399684949025378,1,0
570,542,30.399684949025378,1,0
542,571,30.224696342560662,1,0
571,542,30.224696342560662,1,0
542,572,33.13985390734244,1,0
572,542,33.13985390734244,1,0
542,573,33.94248984679821,1,0
573,542,33.94248984679821,1,0
542,574,34.256019631591755,1,0
574,542,34.256019631591755,1,0
542,575,34.48018077098785,1,0
575,542,34.48018077098785,1,0
542,576,40.18188273339118,1,0
576,542,40.18188273339118,1,0
542,577,41.090458186785895,1,0
577,542,41.090458186785895,1,0
542,578,41.91936604959574,1,0
578,542,41.91936604959574,1,0
542,579,43.91255813545825,1,0
579,542,43.91255813545825,1,0
542,586,8.278044455063043,1,0
586,542,8.278044455063043,1,0
546,543,3.3800715968748354,1,1
547,543,4.266230772004721,1,1
543,548,34.381451932691846,1,0
548,543,34.381451932691846,1,0
543,549,33.62636116204071,1,0
549,543,33.62636116204071,1,0
543,550,32.77429201371099,1,0
550,543,32.77429201371099,1,0
543,551,30.510228792980232,1,0
551,543,30.510228792980232,1,0
543,552,28.397660079661495,1,0
552,543,28.397660079661495,1,0
543,553,27.197332681717153,1,0
553,543,27.197332681717153,1,0
543,554,26.29226892073029,1,0
554,543,26.29226892073029,1,0
543,555,24.914762571616052,1,0
555,543,24.914762571616052,1,0
543,556,23.74593222006666,1,0
556,543,23.74593222006666,1,0
543,557,22.699620481408935,1,0
557,543,22.699620481408935,1,0
543,558,23.038864208115815,1,0
558,543,23.038864208115815,1,0
543,559,22.82297371071526,1,0
559,543,22.82297371071526,1,0
543,560,22.07015450784158,1,0
560,543,22.07015450784158,1,0
543,561,20.13439768157965,1,0
561,543,20.13439768157965,1,0
543,562,19.823991147092453,1,0
562,543,19.823991147092453,1,0
543,563,19.733363879480862,1,0
563,543,19.733363879480862,1,0
543,564,39.71287097403057,1,0
564,543,39.71287097403057,1,0
543,565,17.910123394326458,1,0
565,543,17.910123394326458,1,0
543,566,17.74062873744896,1,0
566,543,17.74062873744896,1,0
543,567,17.40383204929305,1,0
567,543,17.40383204929305,1,0
543,568,15.677602144460739,1,0
568,543,15.677602144460739,1,0
543,569,41.55496408372891,1,0
569,543,41.55496408372891,1,0
543,570,14.911949101307984,1,0
570,543,14.911949101307984,1,0
543,571,14.183151694880797,1,0
571,543,14.183151694880797,1,0
543,572,12.42479327795839,1,0
572,543,12.42479327795839,1,0
543,573,11.157903925021042,1,0
573,543,11.157903925021042,1,0
543,574,10.741731145397374,1,0
574,543,10.741731145397374,1,0
543,575,10.222207833927072,1,0
575,543,10.222207833927072,1,0
543,576,8.836619998619382,1,0
576,543,8.836619998619382,1,0
543,577,8.980138807390452,1,0
577,543,8.980138807390452,1,0
543,578,9.011007990230615,1,0
578,543,9.011007990230615,1,0
543,579,9.552674232904627,1,0
579,543,9.552674232904627,1,0
543,586,35.728111634957706,1,0
586,543,35.728111634957706,1,0
544,548,34.81377234658721,1,0
548,544,34.81377234658721,1,0
544,549,34.07450884458939,1,0
549,544,34.07450884458939,1,0
544,550,33.22343698355123,1,0
550,544,33.22343698355123,1,0
544,551,30.964213295351136,1,0
551,544,30.964213295351136,1,0
544,552,28.862133150548658,1,0
552,544,28.862133150548658,1,0
544,553,27.701548061435123,1,0
553,544,27.701548061435123,1,0
544,554,26.824868778803,1,0
554,544,26.824868778803,1,0
544,555,25.453809498776405,1,0
555,544,25.453809498776405,1,0
544,556,24.290311751807554,1,0
556,544,24.290311751807554,1,0
544,557,23.18345655850309,1,0
557,544,23.18345655850309,1,0
544,558,23.47062862387797,1,0
558,544,23.47062862387797,1,0
544,559,23.170851969662227,1,0
559,544,23.170851969662227,1,0
544,560,22.393190393510256,1,0
560,544,22.393190393510256,1,0
544,561,20.30799788260773,1,0
561,544,20.30799788260773,1,0
544,562,19.979240350924258,1,0
562,544,19.979240350924258,1,0
544,563,19.807547298946428,1,0
563,544,19.807547298946428,1,0
544,564,40.157526579708566,1,0
564,544,40.157526579708566,1,0
544,565,17.915265445982094,1,0
565,544,17.915265445982094,1,0
544,566,17.676798465785595,1,0
566,544,17.676798465785595,1,0
544,567,17.326639662669734,1,0
567,544,17.326639662669734,1,0
544,568,15.601125760662272,1,0
568,544,15.601125760662272,1,0
544,569,42.05074315633435,1,0
569,544,42.05074315633435,1,0
544,570,14.673122707862836,1,0
570,544,14.673122707862836,1,0
544,571,13.972621514948438,1,0
571,544,13.972621514948438,1,0
544,572,12.032081449192404,1,0
572,544,12.032081449192404,1,0
544,573,10.719803916117122,1,0
573,544,10.719803916117122,1,0
544,574,10.283198140656438,1,0
574,544,10.283198140656438,1,0
544,575,9.751537776166382,1,0
575,544,9.751537776166382,1,0
544,576,7.923894560126352,1,0
576,544,7.923894560126352,1,0
544,577,8.027020929336112,1,0
577,544,8.027020929336112,1,0
544,578,8.029573151793313,1,0
578,544,8.029573151793313,1,0
544,579,8.556040030294389,1,0
579,544,8.556040030294389,1,0
544,586,36.14307686127455,1,0
586,544,36.14307686127455,1,0
545,548,34.961016132257946,1,0
548,545,34.961016132257946,1,0
545,549,34.229552217345756,1,0
549,545,34.229552217345756,1,0
545,550,33.37917747638489,1,0
550,545,33.37917747638489,1,0
545,551,31.12291536794071,1,0
551,545,31.12291536794071,1,0
545,552,29.026555910062772,1,0
552,545,29.026555910062772,1,0
545,553,27.8855577136266,1,0
553,545,27.8855577136266,1,0
545,554,27.022954483179667,1,0
554,545,27.022954483179667,1,0
545,555,25.655551679899613,1,0
555,545,25.655551679899613,1,0
545,556,24.49513121009969,1,0
556,545,24.49513121009969,1,0
545,557,23.35957336939183,1,0
557,545,23.35957336939183,1,0
545,558,23.62165959453315,1,0
558,545,23.62165959453315,1,0
545,559,23.282196739139543,1,0
559,545,23.282196739139543,1,0
545,560,22.493273350048455,1,0
560,545,22.493273350048455,1,0
545,561,20.339617695522204,1,0
561,545,20.339617695522204,1,0
545,562,20.002601355823696,1,0
562,545,20.002601355823696,1,0
545,563,19.793512169395303,1,0
563,545,19.793512169395303,1,0
545,564,40.30960110197073,1,0
564,545,40.30960110197073,1,0
545,565,17.871207737587294,1,0
565,545,17.871207737587294,1,0
545,566,17.601338869529215,1,0
566,545,17.601338869529215,1,0
545,567,17.245439629072955,1,0
567,545,17.245439629072955,1,0
545,568,15.522357971648509,1,0
568,545,15.522357971648509,1,0
545,569,42.22728494705763,1,0
569,545,42.22728494705763,1,0
545,570,14.521519066543968,1,0
570,545,14.521519066543968,1,0
545,571,13.834964763236659,1,0
571,545,13.834964763236659,1,0
545,572,11.814880532616487,1,0
572,545,11.814880532616487,1,0
545,573,10.48463685589539,1,0
573,545,10.48463685589539,1,0
545,574,10.039717625511187,1,0
574,545,10.039717625511187,1,0
545,575,9.503828965211865,1,0
575,545,9.503828965211865,1,0
545,576,7.4851389432661835,1,0
576,545,7.4851389432661835,1,0
545,577,7.574117308307286,1,0
577,545,7.574117308307286,1,0
545,578,7.569511807243582,1,0
578,545,7.569511807243582,1,0
545,579,8.106324999653049,1,0
579,545,8.106324999653049,1,0
545,586,36.28167114398123,1,0
586,545,36.28167114398123,1,0
546,548,36.62449515010412,1,0
548,546,36.62449515010412,1,0
546,549,35.91374774372622,1,0
549,546,35.91374774372622,1,0
546,550,35.065794515453376,1,0
550,546,35.065794515453376,1,0
546,551,32.818881897468714,1,0
551,546,32.818881897468714,1,0
546,552,30.738701891914694,1,0
552,546,30.738701891914694,1,0
546,553,29.645816247828293,1,0
553,546,29.645816247828293,1,0
546,554,28.81606255198652,1,0
554,546,28.81606255198652,1,0
546,555,27.45795159876279,1,0
555,546,27.45795159876279,1,0
546,556,26.305325259346255,1,0
556,546,26.305325259346255,1,0
546,557,25.106276227270342,1,0
557,546,25.106276227270342,1,0
546,558,25.306872505309702,1,0
558,546,25.306872505309702,1,0
546,559,24.863140449267465,1,0
559,546,24.863140449267465,1,0
546,560,24.044383710130727,1,0
560,546,24.044383710130727,1,0
546,561,21.69050174615608,1,0
561,546,21.69050174615608,1,0
546,562,21.328080480905918,1,0
562,546,21.328080480905918,1,0
546,563,20.994508472455365,1,0
563,546,20.994508472455365,1,0
546,564,41.98227155597944,1,0
564,546,41.98227155597944,1,0
546,565,18.975244609754046,1,0
565,546,18.975244609754046,1,0
546,566,18.59041000085797,1,0
566,546,18.59041000085797,1,0
546,567,18.214783281719274,1,0
567,546,18.214783281719274,1,0
546,568,16.513156966491902,1,0
568,546,16.513156966491902,1,0
546,569,43.96078930137629,1,0
569,546,43.96078930137629,1,0
546,570,15.227099329813278,1,0
570,546,15.227099329813278,1,0
546,571,14.606821009377777,1,0
571,546,14.606821009377777,1,0
546,572,12.257282733134616,1,0
572,546,12.257282733134616,1,0
546,573,10.863643955874107,1,0
573,546,10.863643955874107,1,0
546,574,10.38669649118525,1,0
574,546,10.38669649118525,1,0
546,575,9.842307097423856,1,0
575,546,9.842307097423856,1,0
546,576,6.4773300826806715,1,0
576,546,6.4773300826806715,1,0
546,577,6.329661049376973,1,0
577,546,6.329661049376973,1,0
546,578,6.108016126370329,1,0
578,546,6.108016126370329,1,0
546,579,6.265694295128035,1,0
579,546,6.265694295128035,1,0
546,586,37.92131602410444,1,0
586,546,37.92131602410444,1,0
547,548,37.903929637967614,1,0
548,547,37.903929637967614,1,0
547,549,37.190000403334224,1,0
549,547,37.190000403334224,1,0
547,550,36.34158722455584,1,0
550,547,36.34158722455584,1,0
547,551,34.09289010922952,1,0
551,547,34.09289010922952,1,0
547,552,32.0094912955517,1,0
552,547,32.0094912955517,1,0
547,553,30.905500157738913,1,0
553,547,30.905500157738913,1,0
547,554,30.066141920771944,1,0
554,547,30.066141920771944,1,0
547,555,28.704818567620315,1,0
555,547,28.704818567620315,1,0
547,556,27.549355745643126,1,0
556,547,27.549355745643126,1,0
547,557,26.368729681196246,1,0
557,547,26.368729681196246,1,0
547,558,26.58185149683897,1,0
558,547,26.58185149683897,1,0
547,559,26.150230476995798,1,0
559,547,26.150230476995798,1,0
547,560,25.333232423044635,1,0
560,547,25.333232423044635,1,0
547,561,22.977726280030407,1,0
561,547,22.977726280030407,1,0
547,562,22.613723488183012,1,0
562,547,22.613723488183012,1,0
547,563,22.268324701243245,1,0
563,547,22.268324701243245,1,0
547,564,43.260683027432655,1,0
564,547,43.260683027432655,1,0
547,565,20.23712096618489,1,0
565,547,20.23712096618489,1,0
547,566,19.833375733848236,1,0
566,547,19.833375733848236,1,0
547,567,19.454470565913635,1,0
567,547,19.454470565913635,1,0
547,568,17.758863533458438,1,0
568,547,17.758863533458438,1,0
547,569,45.228105476572864,1,0
569,547,45.228105476572864,1,0
547,570,16.413720510597223,1,0
570,547,16.413720510597223,1,0
547,571,15.811009993039661,1,0
571,547,15.811009993039661,1,0
547,572,13.382408340803234,1,0
572,547,13.382408340803234,1,0
547,573,11.978043454588065,1,0
573,547,11.978043454588065,1,0
547,574,11.494754151350955,1,0
574,547,11.494754151350955,1,0
547,575,10.952208361787134,1,0
575,547,10.952208361787134,1,0
547,576,7.020613790830542,1,0
576,547,7.020613790830542,1,0
547,577,6.7013004708041555,1,0
577,547,6.7013004708041555,1,0
547,578,6.293822368004995,1,0
578,547,6.293822368004995,1,0
547,579,5.9683783392140946,1,0
579,547,5.9683783392140946,1,0
547,586,39.2038812619363,1,0
586,547,39.2038812619363,1,0
548,552,6.075006584358571,1,1
552,548,6.075006584358571,1,1
548,553,7.577127292054687,1,1
553,548,7.577127292054687,1,1
548,554,8.759305223589369,1,1
554,548,8.759305223589369,1,1
548,555,10.0829835366324,1,1
555,548,10.0829835366324,1,1
548,556,11.211876916912708,1,1
556,548,11.211876916912708,1,1
548,557,11.771604351149422,1,1
557,548,11.771604351149422,1,1
548,558,11.344309454523886,1,1
558,548,11.344309454523886,1,1
548,559,11.887865746213658,1,1
559,548,11.887865746213658,1,1
548,560,12.794680496206228,1,1
560,548,12.794680496206228,1,1
548,561,16.07848652703357,1,1
561,548,16.07848652703357,1,1
548,562,16.557054085796786,1,1
562,548,16.557054085796786,1,1
548,563,17.722540252458167,1,1
563,548,17.722540252458167,1,1
548,565,19.94514499821949,1,1
565,548,19.94514499821949,1,1
548,566,21.027476619889512,1,1
566,548,21.027476619889512,1,1
548,567,21.420075746831525,1,1
567,548,21.420075746831525,1,1
548,568,22.468916306755872,1,1
568,548,22.468916306755872,1,1
548,569,7.704944711028107,1,1
569,548,7.704944711028107,1,1
548,570,25.017256464288806,1,1
570,548,25.017256464288806,1,1
548,571,25.014858564461242,1,1
571,548,25.014858564461242,1,1
548,572,28.094650825379553,1,1
572,548,28.094650825379553,1,1
548,573,29.109082998267052,1,1
573,548,29.109082998267052,1,1
548,574,29.49053056491185,1,1
574,548,29.49053056491185,1,1
548,575,29.807061210391073,1,1
575,548,29.807061210391073,1,1
548,576,35.83454690658164,1,1
576,548,35.83454690658164,1,1
548,577,36.78823412451323,1,1
577,548,36.78823412451323,1,1
548,578,37.695376613054286,1,1
578,548,37.695376613054286,1,1
548,579,39.8513550334239,1,1
579,548,39.8513550334239,1,1
548,580,41.524886513993025,0,1
580,548,41.524886513993025,0,1
548,581,44.68554068152247,0,1
581,548,44.68554068152247,0,1
548,582,46.5020695560961,0,1
582,548,46.5020695560961,0,1
548,583,48.59898851828092,0,1
583,548,48.59898851828092,0,1
548,584,50.72432355389276,0,1
584,548,50.72432355389276,0,1
548,585,51.582177716726925,0,1
585,548,51.582177716726925,0,1
549,552,5.252294450999487,1,1
552,549,5.252294450999487,1,1
549,553,6.690985727080876,1,1
553,549,6.690985727080876,1,1
549,554,7.85189403902014,1,1
554,549,7.85189403902014,1,1
549,555,9.190408097576515,1,1
555,549,9.190408097576515,1,1
549,556,10.330607145758666,1,1
556,549,10.330607145758666,1,1
549,557,10.968164887527903,1,1
557,549,10.968164887527903,1,1
549,558,10.609426987354219,1,1
558,549,10.609426987354219,1,1
549,559,11.276393927138232,1,1
559,549,11.276393927138232,1,1
549,560,12.20300065557648,1,1
560,549,12.20300065557648,1,1
549,561,15.594390690245001,1,1
561,549,15.594390690245001,1,1
549,562,16.0781542473009,1,1
562,549,16.0781542473009,1,1
549,563,17.29902323832187,1,1
563,549,17.29902323832187,1,1
549,564,6.086908739253448,1,1
549,565,19.49825697338098,1,1
565,549,19.49825697338098,1,1
549,566,20.60581095225325,1,1
566,549,20.60581095225325,1,1
549,567,20.99239255063605,1,1
567,549,20.99239255063605,1,1
549,568,21.98698132986882,1,1
568,549,21.98698132986882,1,1
549,569,8.209219512231355,1,1
569,549,8.209219512231355,1,1
549,570,24.558695344012065,1,1
570,549,24.558695344012065,1,1
549,571,24.52831516839263,1,1
571,549,24.52831516839263,1,1
549,572,27.591105613947406,1,1
572,549,27.591105613947406,1,1
549,573,28.57699552087308,1,1
573,549,28.57699552087308,1,1
549,574,28.949755525738038,1,1
574,549,28.949755525738038,1,1
549,575,29.254255246032155,1,1
575,549,29.254255246032155,1,1
549,576,35.25066064629144,1,1
576,549,35.25066064629144,1,1
549,577,36.20022102142472,1,1
577,549,36.20022102142472,1,1
549,578,37.099105245275126,1,1
578,549,37.099105245275126,1,1
549,579,39.23863221367432,1,1
579,549,39.23863221367432,1,1
549,580,40.905830244599606,0,1
580,549,40.905830244599606,0,1
549,581,44.092434203613664,0,1
581,549,44.092434203613664,0,1
549,582,45.9217906118653,0,1
582,549,45.9217906118653,0,1
549,583,48.025152670241454,0,1
583,549,48.025152670241454,0,1
549,584,50.16893098322905,0,1
584,549,50.16893098322905,0,1
549,585,51.0339085118904,0,1
585,549,51.0339085118904,0,1
550,553,5.862369657399642,1,1
553,550,5.862369657399642,1,1
550,554,7.0394778215433,1,1
554,550,7.0394778215433,1,1
550,555,8.366487733810407,1,1
555,550,8.366487733810407,1,1
550,556,9.500000210526315,1,1
556,550,9.500000210526315,1,1
550,557,10.116488966039551,1,1
557,550,10.116488966039551,1,1
550,558,9.760175049659715,1,1
558,550,9.760175049659715,1,1
550,559,10.456801231734302,1,1
559,550,10.456801231734302,1,1
550,560,11.389438484841998,1,1
560,550,11.389438484841998,1,1
550,561,14.821484709704356,1,1
561,550,14.821484709704356,1,1
550,562,15.307175441602544,1,1
562,550,15.307175441602544,1,1
550,563,16.553294324695614,1,1
563,550,16.553294324695614,1,1
550,564,6.939257164855616,1,1
564,550,6.939257164855616,1,1
550,565,18.739548260296992,1,1
565,550,18.739548260296992,1,1
550,566,19.85851235616606,1,1
566,550,19.85851235616606,1,1
550,567,20.24193283755284,1,1
567,550,20.24193283755284,1,1
550,568,21.211016477293114,1,1
568,550,21.211016477293114,1,1
550,569,9.021839779113792,1,1
569,550,9.021839779113792,1,1
550,570,23.792079375287905,1,1
570,550,23.792079375287905,1,1
550,571,23.749368181069574,1,1
571,550,23.749368181069574,1,1
550,572,26.804128506631212,1,1
572,550,26.804128506631212,1,1
550,573,27.77848975376451,1,1
573,550,27.77848975376451,1,1
550,574,28.147897488089583,1,1
574,550,28.147897488089583,1,1
550,575,28.44793029378412,1,1
575,550,28.44793029378412,1,1
550,576,34.43293731298566,1,1
576,550,34.43293731298566,1,1
550,577,35.38109000582091,1,1
577,550,35.38109000582091,1,1
550,578,36.27732264101087,1,1
578,550,36.27732264101087,1,1
550,579,38.41182081078688,1,1
579,550,38.41182081078688,1,1
550,580,40.077136873783786,0,1
580,550,40.077136873783786,0,1
550,581,43.271141722861906,0,1
581,550,43.271141722861906,0,1
550,582,45.1044205483232,0,1
582,550,45.1044205483232,0,1
550,583,47.20975201163421,0,1
583,550,47.20975201163421,0,1
550,584,49.35962418819657,0,1
584,550,49.35962418819657,0,1
550,585,50.227044687100594,0,1
585,550,50.227044687100594,0,1
551,554,4.9147054845636475,1,1
554,551,4.9147054845636475,1,1
551,555,6.188785098870375,1,1
555,551,6.188785098870375,1,1
551,556,7.295207330843998,1,1
556,551,7.295207330843998,1,1
551,557,7.848373398354592,1,1
557,551,7.848373398354592,1,1
551,558,7.512870356927504,1,1
558,551,7.512870356927504,1,1
551,559,8.333098463356832,1,1
559,551,8.333098463356832,1,1
551,560,9.285003446418315,1,1
560,551,9.285003446418315,1,1
551,561,12.848178275537743,1,1
561,551,12.848178275537743,1,1
551,562,13.338437764595971,1,1
562,551,13.338437764595971,1,1
551,563,14.66390756244733,1,1
563,551,14.66390756244733,1,1
551,564,9.206013903965168,1,1
564,551,9.206013903965168,1,1
551,565,16.79996217257646,1,1
565,551,16.79996217257646,1,1
551,566,17.9526742576141,1,1
566,551,17.9526742576141,1,1
551,567,18.32491454277482,1,1
567,551,18.32491454277482,1,1
551,568,19.209693646698273,1,1
568,551,19.209693646698273,1,1
551,569,11.19698017324314,1,1
569,551,11.19698017324314,1,1
551,570,21.81631556885809,1,1
570,551,21.81631556885809,1,1
551,571,21.734416509306158,1,1
571,551,21.734416509306158,1,1
551,572,24.760101070068355,1,1
572,551,24.760101070068355,1,1
551,573,25.697006304237075,1,1
573,551,25.697006304237075,1,1
551,574,26.055459562249137,1,1
574,551,26.055459562249137,1,1
551,575,26.341016836864895,1,1
575,551,26.341016836864895,1,1
551,576,32.286926301523344,1,1
576,551,32.286926301523344,1,1
551,577,33.230301352831574,1,1
577,551,33.230301352831574,1,1
551,578,34.11782554618627,1,1
578,551,34.11782554618627,1,1
551,579,36.235737166504556,1,1
579,551,36.235737166504556,1,1
551,580,37.89470625298473,0,1
580,551,37.89470625298473,0,1
551,581,41.111703832363844,0,1
581,551,41.111703832363844,0,1
551,582,42.956951160435025,0,1
582,551,42.956951160435025,0,1
551,583,45.06803884128973,0,1
583,551,45.06803884128973,0,1
551,584,47.23634687399101,0,1
584,551,47.23634687399101,0,1
551,585,48.11110225301432,0,1
585,551,48.11110225301432,0,1
551,586,5.395020852601035,1,1
555,552,4.15348046823384,1,1
552,556,5.213700892839941,1,1
556,552,5.213700892839941,1,1
552,557,5.717116056194766,1,1
557,552,5.717116056194766,1,1
552,558,5.458421933123162,1,1
558,552,5.458421933123162,1,1
552,559,6.518655459525377,1,1
559,552,6.518655459525377,1,1
552,560,7.488039129171268,1,1
560,552,7.488039129171268,1,1
552,561,11.204175828681018,1,1
561,552,11.204175828681018,1,1
552,562,11.695568605245322,1,1
562,552,11.695568605245322,1,1
552,563,13.114687339010413,1,1
563,552,13.114687339010413,1,1
552,564,11.331343830278913,1,1
564,552,11.331343830278913,1,1
552,565,15.167731867355778,1,1
565,552,15.167731867355778,1,1
552,566,16.356528543673317,1,1
566,552,16.356528543673317,1,1
552,567,16.712346813060098,1,1
567,552,16.712346813060098,1,1
552,568,17.484457240646616,1,1
568,552,17.484457240646616,1,1
552,569,13.231891550341546,1,1
569,552,13.231891550341546,1,1
552,570,20.113928706247318,1,1
570,552,20.113928706247318,1,1
552,571,19.982559846025737,1,1
571,552,19.982559846025737,1,1
552,572,22.963495422082413,1,1
572,552,22.963495422082413,1,1
552,573,23.850777807023402,1,1
573,552,23.850777807023402,1,1
552,574,24.194529670981414,1,1
574,552,24.194529670981414,1,1
552,575,24.460892890489504,1,1
575,552,24.460892890489504,1,1
552,576,30.349777610387857,1,1
576,552,30.349777610387857,1,1
552,577,31.28625297155286,1,1
577,552,31.28625297155286,1,1
552,578,32.161807303073005,1,1
578,552,32.161807303073005,1,1
552,579,34.25668922998835,1,1
579,552,34.25668922998835,1,1
552,580,35.90649541517523,0,1
580,552,35.90649541517523,0,1
552,581,39.15235554854906,0,1
581,552,39.15235554854906,0,1
552,582,41.012172485738915,0,1
582,552,41.012172485738915,0,1
552,583,43.129719591019835,0,1
583,552,43.129719591019835,0,1
552,584,45.32018452080706,0,1
584,552,45.32018452080706,0,1
552,585,46.203639088279616,0,1
585,552,46.203639088279616,0,1
552,586,7.517838319623533,1,1
586,552,7.517838319623533,1,1
553,557,4.546881238827335,1,1
557,553,4.546881238827335,1,1
553,558,4.680138566324719,1,1
558,553,4.680138566324719,1,1
553,559,6.225561661408551,1,1
559,553,6.225561661408551,1,1
553,560,7.176852025784006,1,1
560,553,7.176852025784006,1,1
553,561,11.01133275312303,1,1
561,553,11.01133275312303,1,1
553,562,11.494418906582446,1,1
562,553,11.494418906582446,1,1
553,563,13.010761891603428,1,1
563,553,13.010761891603428,1,1
553,564,12.686764914665991,1,1
564,553,12.686764914665991,1,1
553,565,14.929286821546434,1,1
565,553,14.929286821546434,1,1
553,566,16.1522908901493,1,1
566,553,16.1522908901493,1,1
553,567,16.483480973386662,1,1
567,553,16.483480973386662,1,1
553,568,17.09594367094136,1,1
568,553,17.09594367094136,1,1
553,569,14.358385180792443,1,1
569,553,14.358385180792443,1,1
553,570,19.73867080124698,1,1
570,553,19.73867080124698,1,1
553,571,19.53817619431251,1,1
571,553,19.53817619431251,1,1
553,572,22.437566200459443,1,1
572,553,22.437566200459443,1,1
553,573,23.244419050602232,1,1
573,553,23.244419050602232,1,1
553,574,23.56324597758127,1,1
574,553,23.56324597758127,1,1
553,575,23.797115287362036,1,1
575,553,23.797115287362036,1,1
553,576,29.571345759028283,1,1
576,553,29.571345759028283,1,1
553,577,30.493439687906644,1,1
577,553,30.493439687906644,1,1
553,578,31.345323415144406,1,1
578,553,31.345323415144406,1,1
553,579,33.392899125412875,1,1
579,553,33.392899125412875,1,1
553,580,35.02231851262849,0,1
580,553,35.02231851262849,0,1
553,581,38.319457303046455,0,1
581,553,38.319457303046455,0,1
553,582,40.2037179499608,0,1
582,553,40.2037179499608,0,1
553,583,42.33052960925483,0,1
583,553,42.33052960925483,0,1
553,584,44.55727659990004,0,1
584,553,44.55727659990004,0,1
553,585,45.454581903258116,0,1
585,553,45.454581903258116,0,1
553,586,9.056591522200833,1,1
586,553,9.056591522200833,1,1
554,557,3.8788927543823637,1,1
554,558,4.373712038989307,1,1
558,554,4.373712038989307,1,1
554,559,6.2184361378082835,1,1
559,554,6.2184361378082835,1,1
554,560,7.116228284702508,1,1
560,554,7.116228284702508,1,1
554,561,10.948243192403062,1,1
561,554,10.948243192403062,1,1
554,562,11.417969872091973,1,1
562,554,11.417969872091973,1,1
554,563,12.986782703964828,1,1
563,554,12.986782703964828,1,1
554,564,13.775997749709457,1,1
564,554,13.775997749709457,1,1
554,565,14.787532079424206,1,1
565,554,14.787532079424206,1,1
554,566,16.026267843762003,1,1
566,554,16.026267843762003,1,1
554,567,16.33695641788886,1,1
567,554,16.33695641788886,1,1
554,568,16.827081149147645,1,1
568,554,16.827081149147645,1,1
554,569,15.312691631453955,1,1
569,554,15.312691631453955,1,1
554,570,19.465400201382966,1,1
570,554,19.465400201382966,1,1
554,571,19.214605616561585,1,1
571,554,19.214605616561585,1,1
554,572,22.04190910515693,1,1
572,554,22.04190910515693,1,1
554,573,22.786567468576745,1,1
573,554,22.786567468576745,1,1
554,574,23.085968054209896,1,1
574,554,23.085968054209896,1,1
554,575,23.295087593739588,1,1
575,554,23.295087593739588,1,1
554,576,28.971975769698552,1,1
576,554,28.971975769698552,1,1
554,577,29.88200518706869,1,1
577,554,29.88200518706869,1,1
554,578,30.715254353496732,1,1
578,554,30.715254353496732,1,1
554,579,32.72549773494668,1,1
579,554,32.72549773494668,1,1
554,580,34.33814794073786,0,1
580,554,34.33814794073786,0,1
554,581,37.6690841141645,0,1
581,554,37.6690841141645,0,1
554,582,39.56929967790686,0,1
582,554,39.56929967790686,0,1
554,583,41.70100019184192,0,1
583,554,41.70100019184192,0,1
554,584,43.952224835609854,0,1
584,554,43.952224835609854,0,1
554,585,44.85886920108442,0,1
585,554,44.85886920108442,0,1
554,586,10.248930675929074,1,1
586,554,10.248930675929074,1,1
555,559,5.592065182023543,1,1
559,555,5.592065182023543,1,1
555,560,6.402397207296654,1,1
560,555,6.402397207296654,1,1
555,561,10.15755344558915,1,1
561,555,10.15755344558915,1,1
555,562,10.609378916788673,1,1
562,555,10.609378916788673,1,1
555,563,12.212062561254754,1,1
563,555,12.212062561254754,1,1
555,564,15.148992210704975,1,1
564,555,15.148992210704975,1,1
555,565,13.892860396620993,1,1
565,555,13.892860396620993,1,1
555,566,15.138647561787016,1,1
566,555,15.138647561787016,1,1
555,567,15.429962021988258,1,1
567,555,15.429962021988258,1,1
555,568,15.815999272888197,1,1
568,555,15.815999272888197,1,1
555,569,16.70101320279701,1,1
569,555,16.70101320279701,1,1
555,570,18.44219878430986,1,1
570,555,18.44219878430986,1,1
555,571,18.153183797890662,1,1
571,555,18.153183797890662,1,1
555,572,20.92144244549118,1,1
572,555,20.92144244549118,1,1
555,573,21.622196419420483,1,1
573,555,21.622196419420483,1,1
555,574,21.908379447143048,1,1
574,555,21.908379447143048,1,1
555,575,22.101309576583915,1,1
575,555,22.101309576583915,1,1
555,576,27.715512425354866,1,1
576,555,27.715512425354866,1,1
555,577,28.618461261919727,1,1
577,555,28.618461261919727,1,1
555,578,29.441421110401585,1,1
578,555,29.441421110401585,1,1
555,579,31.432024958630965,1,1
579,555,31.432024958630965,1,1
555,580,33.03612666460764,0,1
580,555,33.03612666460764,0,1
555,581,36.38227322474504,0,1
581,555,36.38227322474504,0,1
555,582,38.289905562693676,0,1
582,555,38.289905562693676,0,1
555,583,40.42350088747881,0,1
583,555,40.42350088747881,0,1
555,584,42.68680331203076,0,1
584,555,42.68680331203076,0,1
555,585,43.59816515634574,0,1
585,555,43.59816515634574,0,1
555,586,11.563959572741508,1,1
586,555,11.563959572741508,1,1
556,559,5.274045126845238,1,1
559,556,5.274045126845238,1,1
556,560,5.96705061148303,1,1
560,556,5.96705061148303,1,1
556,561,9.576727050511568,1,1
561,556,9.576727050511568,1,1
556,562,10.006708150036154,1,1
562,556,10.006708150036154,1,1
556,563,11.627589819046765,1,1
563,556,11.627589819046765,1,1
556,564,16.31181688224828,1,1
564,556,16.31181688224828,1,1
556,565,13.185498587463426,1,1
565,556,13.185498587463426,1,1
556,566,14.432158016041814,1,1
566,556,14.432158016041814,1,1
556,567,14.704294644762802,1,1
567,556,14.704294644762802,1,1
556,568,14.991968516509099,1,1
568,556,14.991968516509099,1,1
556,569,17.877760066630273,1,1
569,556,17.877760066630273,1,1
556,570,17.6001285506669,1,1
570,556,17.6001285506669,1,1
556,571,17.276456610080665,1,1
571,556,17.276456610080665,1,1
556,572,19.98593187719802,1,1
572,556,19.98593187719802,1,1
556,573,20.645799306396444,1,1
573,556,20.645799306396444,1,1
556,574,20.919656904452328,1,1
574,556,20.919656904452328,1,1
556,575,21.097674042415196,1,1
575,556,21.097674042415196,1,1
556,576,26.65226219291713,1,1
576,556,26.65226219291713,1,1
556,577,27.54861452051627,1,1
577,556,27.54861452051627,1,1
556,578,28.362222938267724,1,1
578,556,28.362222938267724,1,1
556,579,30.33507399034985,1,1
579,556,30.33507399034985,1,1
556,580,31.931412746698197,0,1
580,556,31.931412746698197,0,1
556,581,35.290233011415495,0,1
581,556,35.290233011415495,0,1
556,582,37.203993723792614,0,1
582,556,37.203993723792614,0,1
556,583,39.33891143638827,0,1
583,556,39.33891143638827,0,1
556,584,41.61231817623238,0,1
584,556,41.61231817623238,0,1
556,585,42.527620130921974,0,1
585,556,42.527620130921974,0,1
556,586,12.685062081046352,1,1
586,556,12.685062081046352,1,1
557,560,4.039249682800012,1,1
557,561,7.598716996967317,1,1
561,557,7.598716996967317,1,1
557,562,8.028789759359752,1,1
562,557,8.028789759359752,1,1
557,563,9.649444750865204,1,1
563,557,9.649444750865204,1,1
557,564,17.048273021042338,1,1
564,557,17.048273021042338,1,1
557,565,11.228667685883307,1,1
565,557,11.228667685883307,1,1
557,566,12.475649642403397,1,1
566,557,12.475649642403397,1,1
557,567,12.755019090538436,1,1
567,557,12.755019090538436,1,1
557,568,13.098518733047642,1,1
568,557,13.098518733047642,1,1
557,569,18.867961045115607,1,1
569,557,18.867961045115607,1,1
557,570,15.721344726199474,1,1
570,557,15.721344726199474,1,1
557,571,15.428623334568773,1,1
571,557,15.428623334568773,1,1
557,572,18.20399653922182,1,1
572,557,18.20399653922182,1,1
557,573,18.922058291845527,1,1
573,557,18.922058291845527,1,1
557,574,19.21587140881204,1,1
574,557,19.21587140881204,1,1
557,575,19.41987304283939,1,1
575,557,19.41987304283939,1,1
557,576,25.0990086856035,1,1
576,557,25.0990086856035,1,1
557,577,26.011956116370794,1,1
577,557,26.011956116370794,1,1
557,578,26.850767381957635,1,1
578,557,26.850767381957635,1,1
557,579,28.87637485904351,1,1
579,557,28.87637485904351,1,1
557,580,30.49786276118377,0,1
580,557,30.49786276118377,0,1
557,581,33.81293878088682,0,1
581,557,33.81293878088682,0,1
557,582,35.70725332477983,0,1
582,557,35.70725332477983,0,1
557,583,37.83745657414092,0,1
583,557,37.83745657414092,0,1
557,584,40.08179548124061,0,1
584,557,40.08179548124061,0,1
557,585,40.98637243035787,0,1
585,557,40.98637243035787,0,1
557,586,13.183317678035372,1,1
586,557,13.183317678035372,1,1
558,561,6.621761246073435,1,1
561,558,6.621761246073435,1,1
558,562,7.080401189198251,1,1
562,558,7.080401189198251,1,1
558,563,8.673875834942532,1,1
563,558,8.673875834942532,1,1
558,564,16.688000029961646,1,1
564,558,16.688000029961646,1,1
558,565,10.417955653581945,1,1
565,558,10.417955653581945,1,1
558,566,11.65886186555103,1,1
566,558,11.65886186555103,1,1
558,567,11.9656983916527,1,1
567,558,11.9656983916527,1,1
558,568,12.468346843106346,1,1
568,558,12.468346843106346,1,1
558,569,18.686652776781614,1,1
569,558,18.686652776781614,1,1
558,570,15.109616341919473,1,1
570,558,15.109616341919473,1,1
558,571,14.881987501674633,1,1
571,558,14.881987501674633,1,1
558,572,17.760715751342904,1,1
572,558,17.760715751342904,1,1
558,573,18.56517783378333,1,1
573,558,18.56517783378333,1,1
558,574,18.886389279054903,1,1
574,558,18.886389279054903,1,1
558,575,19.12555999180155,1,1
575,558,19.12555999180155,1,1
558,576,24.94118900533814,1,1
576,558,24.94118900533814,1,1
558,577,25.870806809993386,1,1
577,558,25.870806809993386,1,1
558,578,26.735964112034562,1,1
578,558,26.735964112034562,1,1
558,579,28.814336587886245,1,1
579,558,28.814336587886245,1,1
558,580,30.458892708041766,0,1
580,558,30.458892708041766,0,1
558,581,33.72151783357327,0,1
581,558,33.72151783357327,0,1
558,582,35.59179144128601,0,1
582,558,35.59179144128601,0,1
558,583,37.71392307888428,0,1
583,558,37.71392307888428,0,1
558,584,39.92325358735182,0,1
584,558,39.92325358735182,0,1
558,585,40.81471358468659,0,1
585,558,40.81471358468659,0,1
558,586,12.693751258000923,1,1
586,558,12.693751258000923,1,1
562,559,5.269304318408645,1,1
559,563,6.794651793874356,1,1
563,559,6.794651793874356,1,1
559,564,17.239593788717876,1,1
564,559,17.239593788717876,1,1
559,565,8.715572098261823,1,1
565,559,8.715572098261823,1,1
559,566,9.931738266788951,1,1
566,559,9.931738266788951,1,1
559,567,10.268922095332108,1,1
567,559,10.268922095332108,1,1
559,568,10.970039927001176,1,1
568,559,10.970039927001176,1,1
559,569,19.478622974943583,1,1
569,559,19.478622974943583,1,1
559,570,13.60406869285803,1,1
570,559,13.60406869285803,1,1
559,571,13.46392160553529,1,1
571,559,13.46392160553529,1,1
559,572,16.452481423785287,1,1
572,559,16.452481423785287,1,1
559,573,17.36682230576452,1,1
573,559,17.36682230576452,1,1
559,574,17.722824972334404,1,1
574,559,17.722824972334404,1,1
559,575,18.008411645672695,1,1
575,559,18.008411645672695,1,1
559,576,23.976136969912396,1,1
576,559,23.976136969912396,1,1
559,577,24.92453157032244,1,1
577,559,24.92453157032244,1,1
559,578,25.82274303787264,1,1
578,559,25.82274303787264,1,1
559,579,27.967075678375814,1,1
579,559,27.967075678375814,1,1
559,580,29.638307374072493,0,1
580,559,29.638307374072493,0,1
559,581,32.81604342391081,0,1
581,559,32.81604342391081,0,1
559,582,34.64762613801991,0,1
582,559,34.64762613801991,0,1
559,583,36.75349214700557,0,1
583,559,36.75349214700557,0,1
559,584,38.9098963247141,0,1
584,559,38.9098963247141,0,1
559,585,39.781712507130706,0,1
585,559,39.781712507130706,0,1
559,586,13.107863288881221,1,1
586,559,13.107863288881221,1,1
560,563,5.871508324102078,1,1
563,560,5.871508324102078,1,1
560,564,18.136639076741865,1,1
564,560,18.136639076741865,1,1
560,565,7.754740485664237,1,1
565,560,7.754740485664237,1,1
560,566,8.975482382579779,1,1
566,560,8.975482382579779,1,1
560,567,9.30870184289947,1,1
567,560,9.30870184289947,1,1
560,568,9.999437034153472,1,1
568,560,9.999437034153472,1,1
560,569,20.41006908366554,1,1
569,560,20.41006908366554,1,1
560,570,12.633458513012183,1,1
570,560,12.633458513012183,1,1
560,571,12.494682709056681,1,1
571,560,12.494682709056681,1,1
560,572,15.488286412641006,1,1
572,560,15.488286412641006,1,1
560,573,16.41200304655102,1,1
573,560,16.41200304655102,1,1
560,574,16.77165239324975,1,1
574,560,16.77165239324975,1,1
560,575,17.06271517080444,1,1
575,560,17.06271517080444,1,1
560,576,23.04852396575538,1,1
576,560,23.04852396575538,1,1
560,577,23.999393846512042,1,1
577,560,23.999393846512042,1,1
560,578,24.902546958092458,1,1
578,560,24.902546958092458,1,1
560,579,27.057203643392274,1,1
579,560,27.057203643392274,1,1
560,580,28.732467993543473,0,1
580,560,28.732467993543473,0,1
560,581,31.894291417117262,0,1
581,560,31.894291417117262,0,1
560,582,33.719241302259455,0,1
582,560,33.719241302259455,0,1
560,583,35.82215607693094,0,1
583,560,35.82215607693094,0,1
560,584,37.9706606342318,0,1
584,560,37.9706606342318,0,1
560,585,38.83974336938904,0,1
585,560,38.83974336938904,0,1
560,586,13.988723637272988,1,1
586,560,13.988723637272988,1,1
561,564,21.322147476274523,1,1
564,561,21.322147476274523,1,1
565,561,3.9643181002538133,1,1
561,566,5.158072702085537,1,1
566,561,5.158072702085537,1,1
561,567,5.508572591878952,1,1
567,561,5.508572591878952,1,1
561,568,6.393263094852268,1,1
568,561,6.393263094852268,1,1
561,569,23.775901118569617,1,1
569,561,23.775901118569617,1,1
561,570,8.97390104692491,1,1
570,561,8.97390104692491,1,1
561,571,8.937298137580507,1,1
571,561,8.937298137580507,1,1
561,572,12.018970421795704,1,1
572,561,12.018970421795704,1,1
561,573,13.069640010344585,1,1
573,561,13.069640010344585,1,1
561,574,13.469914402103676,1,1
574,561,13.469914402103676,1,1
561,575,13.819303491855154,1,1
575,561,13.819303491855154,1,1
561,576,19.930927148529744,1,1
576,561,19.930927148529744,1,1
561,577,20.897236683351224,1,1
577,561,20.897236683351224,1,1
561,578,21.836222864772193,1,1
578,561,21.836222864772193,1,1
561,579,24.061022941678935,1,1
579,561,24.061022941678935,1,1
561,580,25.758821653949934,0,1
580,561,25.758821653949934,0,1
561,581,28.786327813738243,0,1
581,561,28.786327813738243,0,1
561,582,30.552686297607284,0,1
582,561,30.552686297607284,0,1
561,583,32.62631729141369,0,1
583,561,32.62631729141369,0,1
561,584,34.70349246113423,0,1
584,561,34.70349246113423,0,1
561,585,35.546962809781654,0,1
585,561,35.546962809781654,0,1
561,586,17.13289482253364,1,1
586,561,17.13289482253364,1,1
562,564,21.792974877239686,1,1
564,562,21.792974877239686,1,1
566,562,4.668714705355212,1,1
562,567,5.017568435009133,1,1
567,562,5.017568435009133,1,1
562,568,5.912163732509445,1,1
568,562,5.912163732509445,1,1
562,569,24.25622726229287,1,1
569,562,24.25622726229287,1,1
562,570,8.486238094703683,1,1
570,562,8.486238094703683,1,1
562,571,8.457810650517072,1,1
571,562,8.457810650517072,1,1
562,572,11.544976439993285,1,1
572,562,11.544976439993285,1,1
562,573,12.607017291968786,1,1
573,562,12.607017291968786,1,1
562,574,13.011029052307892,1,1
574,562,13.011029052307892,1,1
562,575,13.366104967416648,1,1
575,562,13.366104967416648,1,1
562,576,19.485788257086238,1,1
576,562,19.485788257086238,1,1
562,577,20.453087053058763,1,1
577,562,20.453087053058763,1,1
562,578,21.395170155902008,1,1
578,562,21.395170155902008,1,1
562,579,23.62593342071377,1,1
579,562,23.62593342071377,1,1
562,580,25.32522189438821,0,1
580,562,25.32522189438821,0,1
562,581,28.338401119329227,0,1
581,562,28.338401119329227,0,1
562,582,30.098815342135975,0,1
582,562,30.098815342135975,0,1
562,583,32.16934940280888,0,1
583,562,32.16934940280888,0,1
562,584,34.23992990647031,0,1
584,562,34.23992990647031,0,1
562,585,35.08112190338274,0,1
585,562,35.08112190338274,0,1
562,586,17.603325594898255,1,1
586,562,17.603325594898255,1,1
563,564,22.87973795741551,1,1
564,563,22.87973795741551,1,1
563,568,4.910377276747684,1,1
568,563,4.910377276747684,1,1
563,569,25.426483240904552,1,1
569,563,25.426483240904552,1,1
563,570,7.328803449404275,1,1
570,563,7.328803449404275,1,1
563,571,7.426161457980832,1,1
571,563,7.426161457980832,1,1
563,572,10.545232192796895,1,1
572,563,10.545232192796895,1,1
563,573,11.706529887203978,1,1
573,563,11.706529887203978,1,1
563,574,12.139058694973016,1,1
574,563,12.139058694973016,1,1
563,575,12.536813032026918,1,1
575,563,12.536813032026918,1,1
563,576,18.687668260112066,1,1
576,563,18.687668260112066,1,1
563,577,19.65895238816148,1,1
577,563,19.65895238816148,1,1
563,578,20.61963202872447,1,1
578,563,20.61963202872447,1,1
563,579,22.884397239167125,1,1
579,563,22.884397239167125,1,1
563,580,24.589724459619305,0,1
580,563,24.589724459619305,0,1
563,581,27.50198161951244,0,1
581,563,27.50198161951244,0,1
563,582,29.21728618472291,0,1
582,563,29.21728618472291,0,1
563,583,31.262338876034214,0,1
583,563,31.262338876034214,0,1
563,584,33.27912518381456,0,1
584,563,33.27912518381456,0,1
563,585,34.10074898004441,0,1
585,563,34.10074898004441,0,1
563,586,18.695311845486824,1,1
586,563,18.695311845486824,1,1
564,565,25.127884053377834,1,1
565,564,25.127884053377834,1,1
564,566,26.16888390818378,1,1
566,564,26.16888390818378,1,1
564,567,26.569528505413867,1,1
567,564,26.569528505413867,1,1
564,568,27.69284647702363,1,1
568,564,27.69284647702363,1,1
564,570,30.203710649521195,1,1
570,564,30.203710649521195,1,1
564,571,30.240013905420085,1,1
571,564,30.240013905420085,1,1
564,572,33.337172420587805,1,1
572,564,33.337172420587805,1,1
564,573,34.384129144126945,1,1
573,564,34.384129144126945,1,1
564,574,34.77458418155421,1,1
574,564,34.77458418155421,1,1
564,575,35.10307023609189,1,1
575,564,35.10307023609189,1,1
564,576,41.15542513448258,1,1
576,564,41.15542513448258,1,1
564,577,42.11208933311194,1,1
577,564,42.11208933311194,1,1
564,578,43.02521381701664,1,1
578,564,43.02521381701664,1,1
564,579,45.19174849460906,1,1
579,564,45.19174849460906,1,1
564,580,46.86874491598852,0,1
580,564,46.86874491598852,0,1
564,581,50.01142353502847,0,1
581,564,50.01142353502847,0,1
564,582,51.816975953831964,0,1
582,564,51.816975953831964,0,1
564,583,53.90761286682986,0,1
583,564,53.90761286682986,0,1
564,584,56.014074035013735,0,1
584,564,56.014074035013735,0,1
564,585,56.86395374927776,0,1
585,564,56.86395374927776,0,1
565,569,27.650022061474022,1,1
569,565,27.650022061474022,1,1
565,570,5.076348490795328,1,1
570,565,5.076348490795328,1,1
565,571,5.157500945225314,1,1
571,565,5.157500945225314,1,1
565,572,8.276645214094899,1,1
572,565,8.276645214094899,1,1
565,573,9.448246609821318,1,1
573,565,9.448246609821318,1,1
565,574,9.885990289293227,1,1
574,565,9.885990289293227,1,1
565,575,10.293742225255109,1,1
575,565,10.293742225255109,1,1
565,576,16.444560711676065,1,1
576,565,16.444560711676065,1,1
565,577,17.41604619309446,1,1
577,565,17.41604619309446,1,1
565,578,18.38095876171861,1,1
578,565,18.38095876171861,1,1
565,579,20.65387588323315,1,1
579,565,20.65387588323315,1,1
565,580,22.359821041323208,0,1
580,565,22.359821041323208,0,1
565,581,25.245913431682364,0,1
581,565,25.245913431682364,0,1
565,582,26.953959894605468,0,1
582,565,26.953959894605468,0,1
565,583,28.996122257984773,0,1
583,565,28.996122257984773,0,1
565,584,31.010269734396058,0,1
584,565,31.010269734396058,0,1
565,585,31.83202640423635,0,1
585,565,31.83202640423635,0,1
565,586,20.940817295416146,1,1
586,565,20.940817295416146,1,1
566,569,28.730615656473496,1,1
569,566,28.730615656473496,1,1
566,571,4.321502053684575,1,1
566,572,7.407150329242684,1,1
572,566,7.407150329242684,1,1
566,573,8.658987007727866,1,1
573,566,8.658987007727866,1,1
566,574,9.117949330852852,1,1
574,566,9.117949330852852,1,1
566,575,9.560534765377929,1,1
575,566,9.560534765377929,1,1
566,576,15.686076533027626,1,1
576,566,15.686076533027626,1,1
566,577,16.655908291053958,1,1
577,566,16.655908291053958,1,1
566,578,17.631558666209862,1,1
578,566,17.631558666209862,1,1
566,579,19.92264994924119,1,1
579,566,19.92264994924119,1,1
566,580,21.627491417175502,0,1
580,566,21.627491417175502,0,1
566,581,24.427955972614654,0,1
581,566,24.427955972614654,0,1
566,582,26.099068680702,0,1
582,566,26.099068680702,0,1
566,583,28.119587941504406,0,1
583,566,28.119587941504406,0,1
566,584,30.09276246873989,0,1
584,566,30.09276246873989,0,1
566,585,30.899943964350484,0,1
585,566,30.899943964350484,0,1
566,586,21.98800384300494,1,1
586,566,21.98800384300494,1,1
567,569,29.12402187198739,1,1
569,567,29.12402187198739,1,1
567,571,3.9070369847238458,1,1
567,572,6.990806105164125,1,1
572,567,6.990806105164125,1,1
567,573,8.244485793547103,1,1
573,567,8.244485793547103,1,1
567,574,8.704336964984753,1,1
574,567,8.704336964984753,1,1
567,575,9.148824897220408,1,1
575,567,9.148824897220408,1,1
567,576,15.27186789492366,1,1
576,567,15.27186789492366,1,1
567,577,16.241548602273124,1,1
577,567,16.241548602273124,1,1
567,578,17.21760508897797,1,1
578,567,17.21760508897797,1,1
567,579,19.509428515464002,1,1
579,567,19.509428515464002,1,1
567,580,21.21410815943013,0,1
580,567,21.21410815943013,0,1
567,581,24.011741232155572,0,1
581,567,24.011741232155572,0,1
567,582,25.68274821743187,0,1
582,567,25.68274821743187,0,1
567,583,27.703569445109416,0,1
583,567,27.703569445109416,0,1
567,584,29.67809200403557,0,1
584,567,29.67809200403557,0,1
567,585,30.486023502582295,0,1
585,567,30.486023502582295,0,1
567,586,22.387389151037688,1,1
586,567,22.387389151037688,1,1
568,569,30.168367953868504,1,1
569,568,30.168367953868504,1,1
568,572,5.653396235892192,1,1
572,568,5.653396235892192,1,1
568,573,6.796497701022196,1,1
573,568,6.796497701022196,1,1
568,574,7.232088840715385,1,1
574,568,7.232088840715385,1,1
568,575,7.640421061695488,1,1
575,568,7.640421061695488,1,1
568,576,13.79077517763233,1,1
576,568,13.79077517763233,1,1
568,577,14.762260328283064,1,1
577,568,14.762260328283064,1,1
568,578,15.728024987263977,1,1
578,568,15.728024987263977,1,1
568,579,18.003408177342422,1,1
579,568,18.003408177342422,1,1
568,580,19.70943570983198,0,1
580,568,19.70943570983198,0,1
568,581,22.593333397265663,0,1
581,568,22.593333397265663,0,1
568,582,24.30723968285992,0,1
582,568,24.30723968285992,0,1
568,583,26.354784935567203,0,1
583,568,26.354784935567203,0,1
568,584,28.384267473373345,0,1
584,568,28.384267473373345,0,1
568,585,29.21312858972828,0,1
585,568,29.21312858972828,0,1
568,586,23.503150427123593,1,1
586,568,23.503150427123593,1,1
569,570,32.72160585912617,1,1
570,569,32.72160585912617,1,1
569,571,32.713198315053205,1,1
571,569,32.713198315053205,1,1
569,572,35.78643139515311,1,1
572,569,35.78643139515311,1,1
569,573,36.78331105270433,1,1
573,569,36.78331105270433,1,1
569,574,37.157820657299055,1,1
574,569,37.157820657299055,1,1
569,575,37.4634357874448,1,1
575,569,37.4634357874448,1,1
569,576,43.45475675918575,1,1
576,569,43.45475675918575,1,1
569,577,44.402673219075446,1,1
577,569,44.402673219075446,1,1
569,578,45.297699996798954,1,1
578,569,45.297699996798954,1,1
569,579,47.426684651153934,1,1
579,569,47.426684651153934,1,1
569,580,49.08857839660872,0,1
580,569,49.08857839660872,0,1
569,581,52.291711513393786,0,1
581,569,52.291711513393786,0,1
569,582,54.12624910336943,0,1
582,569,54.12624910336943,0,1
569,583,56.231443890407085,0,1
583,569,56.231443890407085,0,1
569,584,58.37804821163517,0,1
584,569,58.37804821163517,0,1
569,585,59.24308247382136,0,1
585,569,59.24308247382136,0,1
586,569,6.8442578122101745,1,1
570,573,4.706750258936626,1,1
570,574,5.188832045846156,1,1
570,575,5.67900281739673,1,1
570,576,11.70367399580149,1,1
576,570,11.70367399580149,1,1
570,577,12.667656176262442,1,1
577,570,12.667656176262442,1,1
570,578,13.651459445788205,1,1
578,570,13.651459445788205,1,1
570,579,15.955369409700298,1,1
579,570,15.955369409700298,1,1
570,580,17.654437317569766,0,1
580,570,17.654437317569766,0,1
570,581,20.37520495602437,0,1
581,570,20.37520495602437,0,1
570,582,22.024651370680083,0,1
582,570,22.024651370680083,0,1
570,583,24.036216840426448,0,1
583,570,24.036216840426448,0,1
570,584,26.00150112974249,0,1
584,570,26.00150112974249,0,1
570,585,26.808676673793506,0,1
585,570,26.808676673793506,0,1
570,586,26.01699684821444,1,1
586,570,26.01699684821444,1,1
571,573,4.33749466858462,1,1
571,574,4.798351800358119,1,1
571,575,5.251167965319715,1,1
571,576,11.364849537059431,1,1
576,571,11.364849537059431,1,1
571,577,12.33451470468133,1,1
577,571,12.33451470468133,1,1
571,578,13.310747875307383,1,1
578,571,13.310747875307383,1,1
571,579,15.603765731386767,1,1
579,571,15.603765731386767,1,1
571,580,17.308065200940284,0,1
580,571,17.308065200940284,0,1
571,581,20.117216631532305,0,1
581,571,20.117216631532305,0,1
571,582,21.80653319535226,0,1
582,571,21.80653319535226,0,1
571,583,23.84217611712488,0,1
583,571,23.84217611712488,0,1
571,584,25.853211193196096,0,1
584,571,25.853211193196096,0,1
571,585,26.677073096574894,0,1
585,571,26.677073096574894,0,1
571,586,26.05035817412114,1,1
586,571,26.05035817412114,1,1
572,576,8.335810758408567,1,1
576,572,8.335810758408567,1,1
572,577,9.298743839895796,1,1
577,572,9.298743839895796,1,1
572,578,10.283247395643071,1,1
578,572,10.283247395643071,1,1
572,579,12.588402956689938,1,1
579,572,12.588402956689938,1,1
572,580,14.286244608013682,0,1
580,572,14.286244608013682,0,1
572,581,17.02226462607135,0,1
581,572,17.02226462607135,0,1
572,582,18.695209921260577,0,1
582,572,18.695209921260577,0,1
572,583,20.725483106552666,0,1
583,572,20.725483106552666,0,1
572,584,22.73464107919894,0,1
584,572,22.73464107919894,0,1
572,585,23.56049246089733,0,1
585,572,23.56049246089733,0,1
572,586,29.147372180009643,1,1
586,572,29.147372180009643,1,1
573,576,7.0277240270232575,1,1
576,573,7.0277240270232575,1,1
573,577,7.997111791140599,1,1
577,573,7.997111791140599,1,1
573,578,8.97424854792868,1,1
578,573,8.97424854792868,1,1
573,579,11.270236244196482,1,1
579,573,11.270236244196482,1,1
573,580,12.973469736350411,0,1
580,573,12.973469736350411,0,1
573,581,15.797750631023392,0,1
581,573,15.797750631023392,0,1
573,582,17.514515408654617,0,1
582,573,17.514515408654617,0,1
573,583,19.570899672728384,0,1
583,573,19.570899672728384,0,1
573,584,21.633880211372162,0,1
584,573,21.633880211372162,0,1
573,585,22.479857228194312,0,1
585,573,22.479857228194312,0,1
573,586,30.196647711294048,1,1
586,573,30.196647711294048,1,1
574,576,6.5696770849106425,1,1
576,574,6.5696770849106425,1,1
574,577,7.540359474189543,1,1
577,574,7.540359474189543,1,1
574,578,8.513948613892381,1,1
578,574,8.513948613892381,1,1
574,579,10.805422758966905,1,1
579,574,10.805422758966905,1,1
574,580,12.509844323571738,0,1
580,574,12.509844323571738,0,1
574,581,15.363162857953437,0,1
581,574,15.363162857953437,0,1
574,582,17.094287525369403,0,1
582,574,17.094287525369403,0,1
574,583,19.15882423323519,0,1
583,574,19.15882423323519,0,1
574,584,21.239514424769695,0,1
584,574,21.239514424769695,0,1
574,585,22.092095351052603,0,1
585,574,22.092095351052603,0,1
574,586,30.58857258846839,1,1
586,574,30.58857258846839,1,1
575,576,6.151286206965175,1,1
575,577,7.122719705281122,1,1
577,575,7.122719705281122,1,1
575,578,8.087691636060317,1,1
578,575,8.087691636060317,1,1
575,579,10.367725690815705,1,1
579,575,10.367725690815705,1,1
575,580,12.073569894608635,0,1
580,575,12.073569894608635,0,1
575,581,14.979149775604755,0,1
581,575,14.979149775604755,0,1
575,582,16.733384027147647,0,1
582,575,16.733384027147647,0,1
575,583,18.81011485876681,0,1
583,575,18.81011485876681,0,1
575,584,20.917437175715385,0,1
584,575,20.917437175715385,0,1
575,585,21.77965362442663,0,1
585,575,21.77965362442663,0,1
575,586,30.919786836263928,1,1
586,575,30.919786836263928,1,1
580,576,5.95078549436963,0,1
576,581,8.85991929985821,0,1
581,576,8.85991929985821,0,1
576,582,10.671514653506314,0,1
582,576,10.671514653506314,0,1
576,583,12.781556282393783,0,1
583,576,12.781556282393783,0,1
576,584,14.986006539435381,0,1
584,576,14.986006539435381,0,1
576,585,15.887379204890905,0,1
585,576,15.887379204890905,0,1
576,586,36.98102702738257,1,1
586,576,36.98102702738257,1,1
577,581,7.899741767931405,0,1
581,577,7.899741767931405,0,1
577,582,9.727036393475661,0,1
582,577,9.727036393475661,0,1
577,583,11.84390463487443,0,1
583,577,11.84390463487443,0,1
577,584,14.070219969851218,0,1
584,577,14.070219969851218,0,1
577,585,14.979807742424468,0,1
585,577,14.979807742424468,0,1
577,586,37.93922479439979,1,1
586,577,37.93922479439979,1,1
578,581,6.99413382771591,0,1
581,578,6.99413382771591,0,1
578,582,8.858394719135065,0,1
582,578,8.858394719135065,0,1
578,583,10.986757346915422,0,1
583,578,10.986757346915422,0,1
578,584,13.252579296121944,0,1
584,578,13.252579296121944,0,1
578,585,14.175735465929096,0,1
585,578,14.175735465929096,0,1
578,586,38.85602617355511,1,1
586,578,38.85602617355511,1,1
579,581,4.967208471566298,0,1
579,582,6.916850800761861,0,1
582,579,6.916850800761861,0,1
579,583,9.051369454397495,0,1
583,579,9.051369454397495,0,1
579,584,11.407386116021497,0,1
584,579,11.407386116021497,0,1
579,585,12.360128478296655,0,1
585,579,12.360128478296655,0,1
579,586,41.03107722202769,1,1
586,579,41.03107722202769,1,1
580,582,5.48192274662823,1,1
580,583,7.5859570918902515,1,1
583,580,7.5859570918902515,1,1
580,584,9.990415406778638,1,1
584,580,9.990415406778638,1,1
580,585,10.9582254950334,1,1
585,580,10.9582254950334,1,1
580,586,42.71158756122278,0,1
586,580,42.71158756122278,0,1
581,585,7.4527256758853,1,1
581,586,45.838957688848026,0,1
586,581,45.838957688848026,0,1
582,586,47.63875578769874,0,1
586,582,47.63875578769874,0,1
583,586,49.726791822919765,0,1
586,583,49.726791822919765,0,1
584,586,51.82800802654874,0,1
586,584,51.82800802654874,0,1
585,586,52.67647492002478,0,1
586,585,52.67647492002478,0,1
588,589,12.353158179186407,1,1
589,588,12.353158179186407,1,1
588,598,53.42550493912061,1,0
598,588,53.42550493912061,1,0
588,599,41.90954909086949,1,0
599,588,41.90954909086949,1,0
608,588,3.1999526558997715,1,0
588,609,6.094105102474029,1,0
609,588,6.094105102474029,1,0
589,598,62.95341519727107,1,0
598,589,62.95341519727107,1,0
589,599,52.33629151936541,1,0
599,589,52.33629151936541,1,0
589,608,15.510559113068748,1,0
608,589,15.510559113068748,1,0
589,609,18.446987667367267,1,0
609,589,18.446987667367267,1,0
590,591,14.824718715712619,1,1
591,590,14.824718715712619,1,1
590,592,12.555695958408679,1,1
592,590,12.555695958408679,1,1
591,593,10.489009343117205,1,1
593,591,10.489009343117205,1,1
592,593,8.070718245608628,1,1
593,592,8.070718245608628,1,1
594,595,9.884984269082072,1,1
594,596,17.229314844183445,1,1
596,594,17.229314844183445,1,1
597,594,6.334473616647243,1,1
595,597,14.499690548422059,1,1
597,595,14.499690548422059,1,1
596,597,19.820124368933712,1,1
597,596,19.820124368933712,1,1
598,599,12.834907907733502,1,0
599,598,12.834907907733502,1,0
598,608,51.61277474618082,1,0
608,598,51.61277474618082,1,0
598,609,49.24359549220589,1,0
609,598,49.24359549220589,1,0
599,608,39.80475079685841,1,0
608,599,39.80475079685841,1,0
599,609,37.25088315731588,1,0
609,599,37.25088315731588,1,0
600,601,2.744847718909011,1,1
600,602,10.233467642983975,1,1
602,600,10.233467642983975,1,1
600,603,5.715780436650799,1,0
603,600,5.715780436650799,1,0
601,602,9.345198820784928,1,1
602,601,9.345198820784928,1,1
601,603,8.097596248270223,1,0
603,601,8.097596248270223,1,0
602,603,15.526193158659336,1,0
603,602,15.526193158659336,1,0
602,605,12.081020031437744,1,0
605,602,12.081020031437744,1,0
605,603,5.3899399811129625,1,1
608,606,3.1863621890802056,0,1
606,609,5.115896206922107,0,1
609,606,5.115896206922107,0,1
607,609,3.9110813082829154,0,1
