breach_i,breach_j,kernel_probability
1,541,0.009631026360982812
1,542,0.00727645748572161
1,654,0.009343484943206096
1,985,0.0015775847144690333
1,986,0.0018960399504622024
1,987,0.002524544460329322
1,992,0.0021383603532157056
1,993,0.0019437887823900851
1,1601,0.0021543067182780936
1,2296,0.02852652144368196
1,2297,0.02569688109579147
1,2298,0.02307202421304896
1,2299,0.020063887628053115
1,2300,0.004934917418016124
1,2301,0.005867287451653801
1,2302,0.005909161842430187
1,2303,0.006387292583706371
1,2304,0.007104268606492094
1,2305,0.008525853616203661
1,2306,0.009900545296514823
1,2307,0.0024437331462591567
1,2308,0.012271961900621095
1,2309,0.01411376905137925
1,2310,0.013821196083108982
1,2311,0.01361559110803137
1,2312,0.01049856986062694
1,2313,0.008319232816797499
1,2314,0.008181430133414578
1,2316,0.010713522320458524
1,2317,0.013000765100741404
1,2318,0.012549340219315159
1,2319,0.008513807307425273
1,2320,0.007714776754416039
1,2321,0.003233035806754024
1,2322,0.007681235765106878
1,2323,0.007066035976625464
1,2324,0.005958980847752232
1,2325,0.005055033513560965
1,2326,0.005204399171525364
1,2327,0.005658080712943941
1,2328,0.004327757899512615
1,2329,0.0036541531054158634
1,2330,0.0037796045842316424
1,2331,0.0030816658724680005
1,2332,0.0023587418913588562
1,2333,0.002024963095556815
1,2334,0.0018623735449308548
1,2338,0.004737821358682566
1,2339,0.005189238141599723
1,2340,0.005999534129312354
1,2341,0.0072493034583361446
1,2342,0.0071658690377812626
1,2343,0.006101323478932872
1,2344,0.005939845572219401
1,2345,0.010306177447691866
1,2346,0.01034477633086515
1,2347,0.012362851640119556
1,2348,0.013820012568384523
1,2349,0.014823379806941067
1,2351,0.01330697905957206
1,2352,0.012649091321600225
1,2353,0.013362937405066957
1,2354,0.015110958136563046
1,2355,0.01652418947685469
1,2356,0.018594519840683246
1,2357,0.017945909467870613
1,2358,0.017033277403790622
1,2359,0.016941338998889485
1,2360,0.017144006268263363
1,2361,0.017926453515433587
1,2362,0.018593457113964894
1,2363,0.0016933948164471794
1,2364,0.01797114058730447
1,2365,0.024809469259296144
1,2366,0.027337695436213748
1,2367,0.036503501991628926
1,2368,0.04036384298811553
1,2369,0.01279282561785591
1,2845,0.004569294295981867
1,2846,0.009342658324075943
1,2847,0.00996022091372477
1,2848,0.01219840633602092
1,2849,0.004133399168494905
1,2850,0.0037527843145283633
1,2851,0.003949043374401982
1,2852,0.004139068611120051
1,2853,0.002630716171309952
1,3099,0.00155363748039478
1,3101,0.001282058949919195
1,3102,0.002964163732399217
1,3103,0.0020818267369272178
1,3104,0.00464183105654351
1,3300,0.00281007233547221
1,3301,0.0033221566066782217
1,3302,0.0034993552285906547
1,3303,0.0037508389337005768
1,3304,0.004045063261002846
1,3305,0.004411171147898591
1,3306,0.004915333387809026
1,3307,0.0047700322081420865
1,3308,0.00436805590986843
1,3309,0.003416388024436345
1,3310,0.00289603002461799
1,3311,0.0022811547903264138
1,3312,0.0018023817189613883
1,3313,0.0015374469433445277
1,3314,0.001229016783284593
1,3315,0.0011749632510263666
1,3316,0.0024422708735135417
1,3321,0.0026556797606670972
1,3328,0.0016637482800689752
1,3329,0.001817596057884733
1,3330,0.0018928660081968317
1,3331,0.002091001575783368
1,3332,0.0022850631897251097
1,3333,0.002639187840312947
1,3334,0.0029018605884925065
1,3335,0.0029467054722612063
1,3336,0.0029504423256441026
1,3337,0.0024630772441621
1,3338,0.00215931810505233
1,3339,0.0017478685514338392
1,3340,0.0016485253060356242
1,3341,0.001197289749424414
1,3342,0.0011561954443572455
1,3344,0.0012789737728400585
1,3349,0.0013445599365920677
1,3366,0.0014660856652816828
14,25,0.05955083289226452
14,205,0.021083882555271594
14,386,0.01957007868330734
14,429,0.037689137382053275
14,486,0.01190090056405191
14,556,0.008656043533102302
14,605,0.019536223615724914
14,692,0.010176595565191956
14,740,0.02633305663538386
14,743,0.009598508946879341
14,745,0.010669799149764294
14,762,0.007525063346351932
14,965,0.010955510579038092
14,974,0.08241284068084866
14,1067,0.026522846878549215
14,1115,0.01903618558647328
14,1128,0.07693718042380916
14,1218,0.04551368092332561
14,1247,0.012163987646136742
14,1522,0.008172470273679221
14,1526,0.011410317307848545
14,1546,0.007351981136094776
14,1675,0.006859562388309493
14,1719,0.06957028842937463
14,1806,0.06667182610459345
14,1807,0.08159964422564162
14,1812,0.054013807155058984
14,2198,0.03597255015484798
14,2519,0.011304109630942546
14,2941,0.011447272338024133
14,2942,0.017464059163725718
14,3014,0.019547247532292575
14,3015,0.022065956065428324
14,3125,0.04399828021567326
14,3260,0.00992027119041167
14,3299,0.0067980011005251825
25,205,0.06745017437159527
25,386,0.009688227391417075
25,429,0.018220591178852632
25,486,0.007006864689338664
25,556,0.008382200958223271
25,605,0.030208286430696892
25,740,0.08582524096689112
25,745,0.03693441983966578
25,762,0.011625305705724167
25,974,0.04250285736370359
25,991,0.009175405910526124
25,1067,0.015567122458790134
25,1115,0.009360801477145922
25,1128,0.03691517685066309
25,1218,0.026134342301694063
25,1247,0.020954244600250617
25,1522,0.011734753382134467
25,1526,0.014987181324906769
25,1546,0.012515943985286304
25,1675,0.006315933967301489
25,1719,0.08779876102279491
25,1806,0.08660321959440329
25,1807,0.07396950572567867
25,1812,0.02574610911005603
25,2198,0.055563744624065124
25,2519,0.01366146269446316
25,2941,0.01478511462691347
25,2942,0.0279936217072388
25,3014,0.03131994086591566
25,3015,0.034809324074012216
25,3125,0.054363854818225935
25,3260,0.011880265981425367
185,407,0.10859037353306986
185,750,0.09343375616203661
185,1068,0.18403154630858543
185,1525,0.03662256474560459
185,1819,0.03161091003341092
185,1820,0.034503904098189424
185,1821,0.03262732939904945
185,1871,0.08853088884873588
185,1943,0.04616634773610492
185,2854,0.11486014202372528
185,3027,0.0574878486274798
185,3028,0.07855736059947621
185,3187,0.04758428276185664
185,3432,0.018979861495272626
185,3463,0.026412883627402475
191,381,0.0793841343808788
191,491,0.03222753906579607
191,690,0.012404017440609568
191,691,0.014121296653275672
191,848,0.06131893927946568
191,910,0.01318302124681978
191,911,0.008914924029059563
191,963,0.013421474494524988
191,975,0.024100795143806752
191,990,0.022446270632667686
191,991,0.007006607566455965
191,1105,0.03659977573669673
191,1110,0.024129548252234335
191,1113,0.031024777915934044
191,1114,0.009466710403090689
191,1519,0.07795379306308435
191,1523,0.009369378658318883
191,1529,0.03295744614516332
191,1600,0.008310266723063578
191,1630,0.009423823388544477
191,1802,0.08535965602567304
191,1817,0.07431811024974445
191,1862,0.010430858798318881
191,1947,0.022939390737860294
191,2252,0.03285342103383401
191,2273,0.04928100817042282
191,2531,0.008751154354665426
191,2554,0.03265200928669748
191,2838,0.03490730027834992
191,2934,0.013661948593324496
191,2940,0.010964292598999927
191,2943,0.020435712618982707
191,2944,0.01630025688978845
191,3016,0.029118745475297386
191,3243,0.019944504231220916
191,3464,0.010317090437328804
205,381,0.008486905990761108
205,605,0.10124872808711184
205,740,0.05347923695109662
205,745,0.08127821804531844
205,762,0.012370726350077481
205,848,0.006632910967412226
205,974,0.01972976359377855
205,991,0.02046166391983022
205,1113,0.012373796230461372
205,1114,0.03893388674738379
205,1128,0.01606951024230592
205,1218,0.00996242638475276
205,1247,0.032256784068365046
205,1522,0.010188691873873092
205,1523,0.013946367010137233
205,1526,0.04169714029030346
205,1546,0.020769053616238178
205,1600,0.019968130041885118
205,1719,0.03511979892519604
205,1806,0.032918119937138925
205,1807,0.028643337390555145
205,1812,0.011093852353085755
205,1862,0.03209030180729428
205,1947,0.02650182342672829
205,2198,0.07028439918694665
205,2273,0.01402401425158115
205,2519,0.008367933455305947
205,2940,0.03501716381747467
205,2941,0.009866162902091682
205,2942,0.023657108991893036
205,2943,0.03181251277903901
205,3014,0.02447945008198099
205,3015,0.024067477712964122
205,3016,0.009409526186170887
205,3125,0.02083819540869287
205,3243,0.03458770599872249
205,3260,0.007367174976045287
212,766,0.18919569597937133
212,978,0.059220315316015626
212,2265,0.33147981590460385
212,2284,0.021085936818790153
212,2938,0.15423894900323085
212,3211,0.2447792869779883
213,214,0.23456580653625533
213,746,0.02777457598819601
213,747,0.007451182673466477
213,1104,0.06358609869983721
213,1108,0.049861870881416095
213,1109,0.055915854752973795
213,1207,0.019982746270373265
213,1245,0.020688292917556052
213,1568,0.11568360034683045
213,2266,0.015753658171733537
213,2425,0.023160832828833793
213,2548,0.02490465295033445
213,2996,0.031151671989144546
213,2997,0.04860759616587494
213,2999,0.054962000435712005
213,3186,0.01924954623511206
213,3252,0.014873802040662798
213,3253,0.0249657673537511
213,3254,0.037036053026973374
213,3255,0.04720445147755925
213,3427,0.02924649314325975
213,3429,0.010686016918591485
213,3430,0.022687428195552205
214,746,0.035469109233577906
214,747,0.009593403848979862
214,1104,0.08063816945930154
214,1108,0.06295465868350472
214,1109,0.07084204033064176
214,1207,0.026267354266403885
214,1245,0.02713911086827291
214,1568,0.14634152441097223
214,2266,0.020775575634563
214,2425,0.03036238275492678
214,2548,0.032475501013090075
214,2996,0.04065977185136218
214,2997,0.062358758761910875
214,2999,0.06917480084907028
214,3186,0.0277594587359728
214,3252,0.02150637320091863
214,3253,0.03551331576999456
214,3254,0.052339924116623915
214,3255,0.06639988209423375
214,3427,0.03767365935325689
214,3429,0.01409944144555579
214,3430,0.0296557833168657
220,442,0.009059413568713445
220,443,0.008293418528202047
220,444,0.006692694267979666
220,486,0.010487436375014035
220,556,0.05020178131526928
220,762,0.006983093084792865
220,1067,0.008497026399384081
220,1522,0.019931410241791542
220,1675,0.06688872168893453
220,1676,0.11196996928907271
220,1677,0.11111209398238674
220,1678,0.08737231654655783
220,1679,0.07670417083177367
220,1680,0.045685756265685544
220,1681,0.03967105734830727
220,1682,0.03320993124696335
220,1683,0.01530075611010104
220,1684,0.01064848628617085
220,1715,0.009181172742286765
220,2519,0.02456211849093313
220,2941,0.020148622776220388
220,3208,0.007633525881576518
220,3260,0.05441609910790825
220,3261,0.15709597637877604
220,3299,0.008252951245198628
381,393,0.00562427272357818
381,491,0.019264995638450733
381,605,0.007513861215722385
381,690,0.007102136710244085
381,691,0.00809549874143917
381,745,0.010836682550722067
381,848,0.05205389200723217
381,910,0.010264782824618183
381,911,0.007087339116776878
381,963,0.007726228161156676
381,975,0.013832437274075028
381,990,0.01676736253308131
381,991,0.009040746531886775
381,1105,0.024976405624978094
381,1110,0.01720915372032301
381,1113,0.03533448924855417
381,1114,0.015113472059971588
381,1519,0.032288077416390414
381,1523,0.01425342499078642
381,1526,0.008514556054383967
381,1529,0.048788665340722535
381,1546,0.011244282738362171
381,1600,0.013315069237247106
381,1630,0.0055005182054313735
381,1802,0.03257738493944663
381,1817,0.05252197019206921
381,1862,0.016195612897221847
381,1947,0.057173257731693294
381,2252,0.059690911843467365
381,2273,0.11975320598765954
381,2554,0.024127848206661646
381,2838,0.021023854543559522
381,2934,0.011483286576217168
381,2940,0.017249569770493346
381,2943,0.05069551529775485
381,2944,0.012718013500306312
381,3016,0.06867589841727584
381,3243,0.04845346449472687
381,3464,0.005911854935312294
382,383,0.07040222163085935
382,384,0.06923403068892359
382,442,0.01789258416570264
382,443,0.024038401914604556
382,444,0.02868166355336654
382,486,0.0035787722841965
382,544,0.005209810943184779
382,545,0.00495709674146834
382,546,0.004443276080329952
382,692,0.003005518903124491
382,693,0.00882012935200029
382,695,0.007313643778307461
382,697,0.009580077620665107
382,698,0.009797738560711028
382,699,0.008984494962891654
382,700,0.009141753283216947
382,701,0.008858252156929433
382,741,0.009594309607478894
382,742,0.010106709440599068
382,743,0.002656453722248199
382,751,0.0073406011384999515
382,940,0.008892661682732124
382,965,0.0030287807663453878
382,980,0.003622003580627358
382,981,0.003854429026327841
382,982,0.0038049928065836077
382,1168,0.009337029894370763
382,1169,0.006706161959867391
382,1170,0.005161583415559965
382,1171,0.004576405154157313
382,1172,0.003947043600706902
382,1173,0.003189405671106798
382,1175,0.00531507827786947
382,1176,0.00561086116336758
382,1177,0.005882711375848928
382,1178,0.005478496853416345
382,1179,0.004189813235254576
382,1180,0.00435792522433866
382,1181,0.00454137110174249
382,1182,0.004322903548543241
382,1183,0.004215686109396171
382,1184,0.00551438589515655
382,1185,0.0038751773076339427
382,1528,0.007610477661568311
382,1550,0.0027060290156015214
382,1637,0.009349728240816925
382,1680,0.0035075385762879468
382,1681,0.008290733132508703
382,1682,0.0044928423311841785
382,1683,0.0075351508481693655
382,1684,0.020506685070665557
382,1685,0.010524524201831914
382,1686,0.020907062051495014
382,1715,0.01638377738224231
382,1809,0.003210607582181622
382,1810,0.0035183092702753362
382,1859,0.007461015824994778
382,1860,0.006257605117596119
382,1931,0.006407436653011073
382,1932,0.006145768499247336
382,1933,0.0062000333795029896
382,1934,0.004873546819220039
382,1935,0.004799011411387365
382,1936,0.004622296349934654
382,1937,0.021224818557633182
382,1938,0.015698839108300566
382,1939,0.01182501534743293
382,1940,0.010934102399728146
382,1949,0.028645650172342097
382,1950,0.012960850251528376
382,1951,0.011078406552584815
382,1952,0.019267686706149558
382,1953,0.008776169747529433
382,2387,0.013922065676015257
382,2388,0.00943382871454704
382,2389,0.008631905392119821
382,2390,0.007390178301980466
382,2391,0.006877180822553213
382,2392,0.006343252938883524
382,2393,0.006638726847335342
382,2394,0.005906828401101267
382,2395,0.003586118114389549
382,2396,0.0036376986139321174
382,2397,0.0028487236167729856
382,2398,0.002795804901257149
382,2418,0.006478610577913803
382,2423,0.013595020962782079
382,2550,0.0034981608379076735
382,2820,0.0038840895203889475
382,2821,0.0033351581380932074
382,2822,0.0027497768609340977
382,2931,0.002564022442384067
382,3127,0.0029130832993348567
382,3178,0.016045617311293857
382,3179,0.017410780286962416
382,3180,0.0213830708039099
382,3181,0.02196631463552072
382,3182,0.022180984310426335
382,3208,0.011343554101046774
382,3209,0.015355927911752533
382,3274,0.0060326812951222155
382,3275,0.0060231415839256475
382,3299,0.006443526336198725
383,384,0.08733053828136265
383,442,0.013048333347696508
383,443,0.01776268686851669
383,444,0.020861263910279988
383,486,0.00259117933679631
383,544,0.006396582452800699
383,545,0.006171101023483438
383,546,0.003231679298445043
383,693,0.006819252335396726
383,695,0.0058255140308715835
383,697,0.011172971798969618
383,698,0.011356946185413346
383,699,0.010253499098690224
383,700,0.010364446531864566
383,701,0.009862839224645687
383,741,0.007965654533900097
383,742,0.008645987294991192
383,751,0.005416435409003432
383,767,0.0026967887773648542
383,940,0.007098492649224344
383,980,0.003877539966560457
383,981,0.004221592783527736
383,982,0.004196463283916001
383,1097,0.0024584671464926893
383,1168,0.009986679963101926
383,1169,0.00722032056201219
383,1170,0.005650853252354748
383,1171,0.005081670752930418
383,1172,0.0044061294238840285
383,1173,0.003615050025285415
383,1174,0.002918644568544518
383,1175,0.006174789627809613
383,1176,0.0066133349979267736
383,1177,0.007127368946872235
383,1178,0.006675227214233487
383,1179,0.004703397950568881
383,1180,0.00497661391415931
383,1181,0.005211724514105859
383,1182,0.005036446327519363
383,1183,0.004887101353843677
383,1184,0.006506964543038755
383,1185,0.004308480338027698
383,1528,0.005724740680054033
383,1550,0.0029856554945787875
383,1637,0.008866306194547242
383,1680,0.0029573115550501116
383,1681,0.006966099902246831
383,1682,0.003878138747850406
383,1683,0.00710664356373164
383,1684,0.020272620508705413
383,1685,0.012308657759648903
383,1686,0.025130067781509703
383,1715,0.011916871680118759
383,1809,0.004050969245319599
383,1810,0.004430785850734448
383,1859,0.007584887055129642
383,1860,0.006557221061505234
383,1931,0.00799538996383816
383,1932,0.007667103499869725
383,1933,0.007660137347221843
383,1934,0.006099210912493341
383,1935,0.006011008457215741
383,1936,0.005808498271194041
383,1937,0.019384327548882724
383,1938,0.014911181753932369
383,1939,0.012181644748382958
383,1940,0.011692355466828114
383,1949,0.03617754646119677
383,1950,0.016365456823558295
383,1951,0.013954811630899166
383,1952,0.024070487354204334
383,1953,0.010980048093626455
383,2387,0.017184032194792927
383,2388,0.011366856410997588
383,2389,0.010635162909076139
383,2390,0.009119706314598849
383,2391,0.008578463922009288
383,2392,0.007923010788323229
383,2393,0.008321336011427137
383,2394,0.007422652670568035
383,2395,0.004502150408213862
383,2396,0.004557382105201893
383,2397,0.0035716853604873386
383,2398,0.0035158310911071983
383,2399,0.0029889790928786975
383,2400,0.0028247118042340727
383,2401,0.0024771431401180506
383,2418,0.004757735431972209
383,2423,0.01019625371361005
383,2550,0.004402064640202407
383,2820,0.004861036708786585
383,2821,0.004166745396896434
383,2822,0.003463484553415841
383,2930,0.0024971313772150327
383,2931,0.0032339305024315233
383,2956,0.0031599853424644072
383,2957,0.0025945413541512267
383,3127,0.0036805115667344988
383,3178,0.01953884542987789
383,3179,0.02132554478973707
383,3180,0.023579485332720626
383,3181,0.023435540599799812
383,3182,0.02154159988535512
383,3208,0.008240238317877764
383,3209,0.011038338534958609
383,3274,0.0048678426426793766
383,3275,0.004838051332005616
383,3276,0.0025300394748507707
383,3299,0.004638709587715496
384,442,0.013946014098313265
384,443,0.018982962791908524
384,444,0.022298390275274294
384,486,0.002769827854978225
384,544,0.0070391387571208065
384,545,0.006804346466866845
384,546,0.0034712007660762153
384,693,0.0073639793546694835
384,695,0.006305999908634711
384,697,0.012366637484475699
384,698,0.012566694512223874
384,699,0.011338581077973758
384,700,0.011457532788717752
384,701,0.010893747252961834
384,741,0.00864512520304046
384,742,0.009401269904411933
384,751,0.00582631937669685
384,767,0.0029858939623731494
384,940,0.007683728128083157
384,980,0.004214957777373072
384,981,0.004596578022358262
384,982,0.004571703989091669
384,1097,0.0027226926315106394
384,1168,0.011006691006067423
384,1169,0.007963525961825263
384,1170,0.006238859029701532
384,1171,0.005614580896764015
384,1172,0.004869658297760356
384,1173,0.0039982789323154515
384,1174,0.0032315011135527127
384,1175,0.006755046557532902
384,1176,0.007244504458274638
384,1177,0.00783020542974696
384,1178,0.007338641143912039
384,1179,0.005130916238297751
384,1180,0.005436665712724907
384,1181,0.00569580914076493
384,1182,0.0055119340507025485
384,1183,0.005346114564241216
384,1184,0.007128866826509949
384,1185,0.004696671483646508
384,1528,0.006168809325078139
384,1550,0.003298340943578134
384,1637,0.0097044698618095
384,1680,0.0031719181010717314
384,1681,0.007470197358238754
384,1682,0.004163344856428405
384,1683,0.007659191606995069
384,1684,0.02189553389964065
384,1685,0.013462076141519385
384,1686,0.02756613913622411
384,1715,0.0127372718589285
384,1809,0.0044793342504575034
384,1810,0.004896462482151557
384,1859,0.008338634433933508
384,1860,0.007222225984423088
384,1931,0.008818548489071053
384,1932,0.008456248410049237
384,1933,0.008436063413241563
384,1934,0.006731072400747507
384,1935,0.0066347837589674635
384,1936,0.006415492270886465
384,1937,0.02107275369653128
384,1938,0.016294587365455145
384,1939,0.013391124070869682
384,1940,0.012882831995843376
384,1949,0.040057745163701995
384,1950,0.018122350311566095
384,1951,0.015419315390075093
384,1952,0.026549012854709026
384,1953,0.01211466856010095
384,2387,0.019051115736748406
384,2388,0.012596431049499177
384,2389,0.011790971428788143
384,2390,0.01011093295474332
384,2391,0.009509905296309561
384,2392,0.008782914357915839
384,2393,0.009223128562996214
384,2394,0.008225613744635055
384,2395,0.004989441470420834
384,2396,0.005051281167157472
384,2397,0.003958572751071631
384,2398,0.0038958195070658277
384,2399,0.0033119450954673005
384,2400,0.0031300182143515474
384,2401,0.0027449612927944434
384,2418,0.0051155115438014775
384,2423,0.010979193802352344
384,2550,0.004863796728404067
384,2820,0.0053648587612281605
384,2821,0.004597315549488028
384,2822,0.0038277178213738734
384,2930,0.0027618745052965616
384,2931,0.0035754635673896674
384,2956,0.003502544747362204
384,2957,0.0028757969728262275
384,3127,0.004073172318157812
384,3178,0.021652108812465792
384,3179,0.023634189440877775
384,3180,0.025882094030424387
384,3181,0.02564939302610878
384,3182,0.02346285382703291
384,3208,0.008807956405004057
384,3209,0.011804738133299153
384,3274,0.005275103147933058
384,3275,0.005241089560107444
384,3276,0.002797904457225762
384,3299,0.004959928590106099
385,2297,0.004608384937816823
385,2298,0.004876936483433015
385,2299,0.00538259080795086
385,2300,0.013691806007063285
385,2301,0.012290686330833774
385,2302,0.0120515236858556
385,2303,0.011050084616514985
385,2304,0.009661200814322788
385,2305,0.00772962770781374
385,2306,0.006397500742713721
385,2308,0.005110081107393972
385,2313,0.005129300603993203
385,2314,0.004946936773633422
385,2369,0.004837754225347432
385,2846,0.004835953363548045
385,2847,0.00608246144678522
385,2848,0.005779356335033454
385,2850,0.006898573371368409
385,2851,0.00860626567887652
385,2852,0.006204081865276151
385,2853,0.016432925065889024
385,3104,0.0057295210531058205
385,3300,0.02383526286718838
385,3301,0.018335233149232102
385,3302,0.015565709774117607
385,3303,0.013485272463624054
385,3304,0.012319257982453966
385,3305,0.010666294298770492
385,3306,0.00873533587635586
385,3307,0.007302821082253301
385,3316,0.029233690765986652
385,3321,0.027174659259637718
385,3328,0.05755879916108007
385,3329,0.053400571561022035
385,3330,0.04903701427689283
385,3331,0.03908851037802446
385,3332,0.031602804577022685
385,3333,0.027643069255666987
385,3334,0.024846234946847748
385,3335,0.021644249148430383
385,3336,0.01925850490827782
385,3337,0.0178420959797488
385,3338,0.018516058811340486
385,3339,0.017637472568847727
385,3340,0.016153958366681372
385,3344,0.09813829513304084
385,3349,0.10722636564441802
385,3366,0.06541890473846833
386,429,0.06843774102505555
386,442,0.016796286956132465
386,443,0.01220002795493433
386,444,0.011463931245725404
386,486,0.03520973405555493
386,546,0.04121154386719435
386,556,0.008881185269454354
386,692,0.07271882446582133
386,693,0.0159875322144059
386,695,0.00907313108402788
386,740,0.00971255921108052
386,743,0.04423522505102257
386,751,0.025413506168126702
386,940,0.01303998459358758
386,965,0.07851829047521944
386,974,0.025496253849978737
386,1067,0.04268156576657239
386,1115,0.13190267526772378
386,1128,0.03207696905882122
386,1218,0.03314611647828524
386,1528,0.020873620665925817
386,1675,0.008226637478366614
386,1715,0.018444677541407915
386,1719,0.015106501254255748
386,1806,0.01535513954661178
386,1807,0.018363199131243253
386,1812,0.04414981127172742
386,2418,0.028827369378760234
386,2423,0.010192485514492037
386,3015,0.008670365588985771
386,3125,0.015756168761772594
386,3208,0.014184724284863998
386,3209,0.011356111129517048
386,3274,0.008338806651164057
386,3275,0.008626684309965497
386,3299,0.025324613432215697
392,430,0.03464638270271091
392,540,0.007383961051306496
392,557,0.0192388782169225
392,602,0.006753921545713059
392,935,0.00829778625713955
392,966,0.01072933090690333
392,976,0.010059841302161596
392,1102,0.01667204554552363
392,1103,0.01934891106610162
392,1111,0.03953066448465714
392,1246,0.008345410639178423
392,1283,0.006762064538304735
392,1284,0.009101888015045755
392,1642,0.09644676711511241
392,1840,0.09711349667605432
392,1872,0.010162473725047754
392,1873,0.025816976317624002
392,2171,0.010683408813810902
392,2208,0.012039285361770697
392,2414,0.014643937684249668
392,2523,0.049958677768946955
392,2945,0.009277149773708138
392,3077,0.01623560681034863
392,3081,0.011700642141763336
392,3082,0.015769779966623942
392,3118,0.0233389549107316
392,3210,0.010385275265494898
392,3214,0.01947508724968509
392,3257,0.018401378185249465
392,3281,0.032051701702071396
392,3418,0.016455436996572415
392,3419,0.005502967629156384
392,3466,0.011596624414501721
392,3467,0.014153753639962177
392,3468,0.024357658195134572
392,3469,0.006551665558083956
392,3470,0.006630332137749927
392,3471,0.010398466400014742
392,3472,0.07510543519530802
392,3473,0.07095546780184887
392,3474,0.04247211970278389
392,3475,0.04544838658892143
393,1114,0.08919224120643202
393,1523,0.2359165719848402
393,1526,0.08754033353835144
393,1529,0.025777756500922608
393,1600,0.18336763338552228
393,1862,0.09947778014895681
393,1947,0.026288865874102143
393,2252,0.02778218753771518
393,2273,0.020080881284086353
393,2934,0.02391062846695339
393,2940,0.08998128281219922
393,2943,0.023702377135020037
393,2944,0.019259011085329205
393,3016,0.02739437753632152
393,3243,0.02032807150324743
395,2187,0.008027028444699097
395,2188,0.009804996121004609
395,2189,0.012199958920605344
395,2190,0.015228209902399117
395,2191,0.016667152857911323
395,2192,0.018554065464964697
395,2193,0.01934708580949132
395,2194,0.018186719864566443
395,2195,0.017303776766043086
395,3322,0.006727962481431388
395,3323,0.0074066165717297005
395,3324,0.007723628426601254
395,3325,0.00943315905011932
395,3326,0.010163723540044424
395,3352,0.011836856826201841
395,3353,0.01307820708398415
395,3354,0.013556443508276464
395,3355,0.013928686378145889
395,3356,0.024569770191115815
395,3357,0.026771517938414875
395,3358,0.02878114525525952
395,3359,0.03379466374005232
395,3360,0.057422627246639615
395,3361,0.08113061318981882
395,3362,0.09827611025833305
395,3363,0.11765087496451677
395,3364,0.1460122086939397
395,3365,0.15641619050369002
405,487,0.10711654195533668
405,601,0.07972496881879254
405,702,0.07029485732731512
405,912,0.052695190022284816
405,1229,0.2977397918764378
405,1927,0.08286744212866194
405,2958,0.1748900510248283
405,3367,0.13467115684634293
407,750,0.08922400271054483
407,766,0.015131288290733565
407,978,0.025915676377997205
407,1068,0.025819659393864016
407,1525,0.034322127755258044
407,1819,0.04001564266843023
407,1820,0.04271360796377035
407,1821,0.043354381729122815
407,1871,0.2725788256767323
407,1943,0.0394752271110065
407,2265,0.009652944204169372
407,2284,0.018361895474511267
407,2854,0.07352094657893636
407,2938,0.011123362915238303
407,3027,0.07191008208570299
407,3028,0.09155529685537175
407,3187,0.041827430425415646
407,3211,0.013499450961688487
407,3432,0.014483314058544569
407,3463,0.025514836762961297
429,442,0.011265375307537297
429,443,0.008155625921992116
429,444,0.007617869519351976
429,486,0.02489966496334136
429,546,0.0190174970546773
429,556,0.007543739307171614
429,692,0.06741345413372583
429,693,0.007224708609448541
429,740,0.010579297296003048
429,743,0.032296074118576594
429,751,0.01146422922986065
429,965,0.03572432559131001
429,974,0.09245559869553698
429,1067,0.03763197612555392
429,1115,0.12396968562568669
429,1128,0.05793836984561405
429,1218,0.03506599547173701
429,1528,0.00946042042266463
429,1715,0.012384849528695912
429,1719,0.05185747206105535
429,1806,0.02581043249588317
429,1807,0.03121588377455262
429,1812,0.16287875481206762
429,2198,0.02684719529575792
429,2418,0.013057358918305763
429,2942,0.007367136152734964
429,3014,0.008176848694098784
429,3015,0.009255050614443764
429,3125,0.017493379005359966
429,3208,0.009450556944129513
429,3209,0.0075265293698290854
429,3299,0.016954645093295927
430,540,0.008989463642592573
430,557,0.05588841134875893
430,602,0.006422720227951964
430,935,0.010897419246218627
430,966,0.015008909422247998
430,976,0.01360541335035615
430,1102,0.046755271372015
430,1103,0.019238302366771088
430,1111,0.11515144428439678
430,1246,0.010717647619062246
430,1283,0.008717200011213351
430,1284,0.01145536807231159
430,1642,0.04390396532141176
430,1840,0.031143157107684
430,1872,0.012719537431323863
430,1873,0.07489461814797099
430,2171,0.014928617094604933
430,2208,0.005626781973148679
430,2414,0.04465175426480238
430,2523,0.016164282422629694
430,2945,0.011812651739585503
430,3077,0.020105175800226974
430,3081,0.01616677535628302
430,3082,0.04421814623978559
430,3118,0.02699837860044318
430,3210,0.01451302458688491
430,3214,0.022424276012199502
430,3257,0.008556323392353717
430,3281,0.015038369803194614
430,3418,0.019470506823612895
430,3419,0.00714443440027921
430,3466,0.016174498939879926
430,3467,0.019840846588820203
430,3468,0.029541771759495995
430,3469,0.01826602865748311
430,3470,0.009113933431834286
430,3471,0.029152731049178714
430,3472,0.030401028141643412
430,3473,0.02736635862700876
430,3474,0.02366385905913151
430,3475,0.023150596263202358
435,649,0.06740162460015911
435,1188,0.06814714013882171
435,1189,0.06888613735616332
435,1548,0.03120388915737387
435,1549,0.04502700295412954
435,1629,0.028027976180049236
435,1926,0.04110210697494306
435,2173,0.019438788337741385
435,2174,0.030616050726090725
435,2937,0.2342749878786574
435,3009,0.14749021210365784
435,3010,0.11936451595348906
435,3025,0.09901956763872376
442,443,0.1063490451996277
442,444,0.09237097831996265
442,486,0.019471674978574775
442,546,0.012388730763150127
442,556,0.005355851769198813
442,692,0.011311520834999424
442,693,0.011391777474523267
442,695,0.008714882227572851
442,697,0.004443190958268286
442,698,0.004563130055657673
442,699,0.0042533761530158315
442,700,0.004353420155414705
442,701,0.004308417043239232
442,741,0.00870148107471357
442,742,0.008142490563996336
442,743,0.009367704281096739
442,751,0.01454683315338821
442,940,0.009741116038688715
442,965,0.01199974974950452
442,1067,0.008671971060299195
442,1115,0.008628260812059536
442,1168,0.004762956776289049
442,1218,0.00501882504064889
442,1528,0.01257292373703255
442,1637,0.0058956156914498365
442,1675,0.012538186798594324
442,1676,0.011976828236982989
442,1677,0.00564917865247633
442,1678,0.006949566537253589
442,1679,0.01666303202748074
442,1680,0.010287122014121231
442,1681,0.02382004644131499
442,1682,0.01107743767251835
442,1683,0.01050665990579115
442,1684,0.02102310064738813
442,1685,0.0066200743157450205
442,1686,0.012190909977206723
442,1715,0.1344217517367513
442,1812,0.004414427004456317
442,1859,0.004226434574719127
442,1937,0.010904091991763244
442,1938,0.008665568236661472
442,1939,0.006188710736315095
442,1940,0.00550022766595268
442,1949,0.013433332582934557
442,1950,0.006080546440619254
442,1951,0.005453017040721668
442,1952,0.009963426352661108
442,1953,0.004535370847436355
442,2387,0.006328665419585508
442,2388,0.004295287355193444
442,2418,0.01423494755185549
442,2423,0.015860527660241586
442,3178,0.007282361779664446
442,3179,0.00790890251355948
442,3180,0.009783344400229073
442,3181,0.010106941917603399
442,3182,0.010633001899935426
442,3208,0.05819692407207442
442,3209,0.04196103810050653
442,3261,0.00579198613242585
442,3274,0.007167224553198493
442,3275,0.00731797775642036
442,3299,0.03271589653726833
443,444,0.1147387606654531
443,486,0.013504298965737977
443,544,0.004056754165121423
443,546,0.009897084660238819
443,556,0.004211007984679072
443,692,0.008296627486366613
443,693,0.011316336294240427
443,695,0.00867765729426918
443,697,0.005644591106831469
443,698,0.005783916558299141
443,699,0.005346627617556045
443,700,0.005458543841281242
443,701,0.0053550638183335175
443,741,0.009310813043768414
443,742,0.008946389519984289
443,743,0.006955134166548498
443,751,0.01303548297169891
443,940,0.009994963814579523
443,965,0.008701008114670087
443,980,0.004743779616344506
443,981,0.004643083974040941
443,982,0.004484063619303781
443,1067,0.0060161800358105744
443,1115,0.006045388984729556
443,1168,0.005825288136372386
443,1169,0.004210455138027485
443,1175,0.00506392253336169
443,1176,0.005059170712292863
443,1177,0.004786238482414129
443,1178,0.004386324525528266
443,1179,0.004602087864689909
443,1180,0.0044972204719474366
443,1181,0.0045883441433966395
443,1182,0.004165098204554596
443,1183,0.004143421950633261
443,1184,0.004961869959921619
443,1185,0.004435056148734967
443,1528,0.01174061814939995
443,1637,0.006810892310766592
443,1675,0.010180873251275317
443,1676,0.010550685249212113
443,1677,0.005031918861420839
443,1678,0.0063257249229503034
443,1679,0.015082238094809216
443,1680,0.010246287448160961
443,1681,0.024075899504554615
443,1682,0.011780449712161882
443,1683,0.012979603712428142
443,1684,0.02730912928457467
443,1685,0.008853541369408646
443,1686,0.016327300078193014
443,1715,0.09287910723147022
443,1859,0.004995996052767293
443,1860,0.004064246536701179
443,1931,0.004574518447606216
443,1932,0.004402709418970402
443,1933,0.004646672473617743
443,1937,0.01355775127026224
443,1938,0.01049084500383589
443,1939,0.007536160981560795
443,1940,0.006769404584470723
443,1949,0.017750665064406253
443,1950,0.008040871075683954
443,1951,0.007267253773477385
443,1952,0.013327330536474578
443,1953,0.006067812057911643
443,2387,0.00825233772660936
443,2388,0.005535198473539459
443,2389,0.005105651051655115
443,2390,0.004376078353312318
443,2391,0.004126258009658872
443,2393,0.004025608419185713
443,2418,0.012328835908774241
443,2423,0.01692207913558142
443,3178,0.009455218222135877
443,3179,0.01029101809877736
443,3180,0.012559307370057334
443,3181,0.012938322982212364
443,3182,0.013434830660584988
443,3208,0.059542119970227333
443,3209,0.049660586667221736
443,3261,0.004806172072739535
443,3274,0.007067629110843297
443,3275,0.007180321277516221
443,3299,0.0228378634390724
444,486,0.012546107954152697
444,544,0.004638892411414106
444,545,0.004215688753924013
444,546,0.011310736978251513
444,692,0.00884605435089115
444,693,0.014496165830300669
444,695,0.011156256235966415
444,697,0.007261107341252042
444,698,0.007451028671505558
444,699,0.006919832414338774
444,700,0.007073941686185788
444,701,0.006967566836612431
444,741,0.012204520300864016
444,742,0.011780867217389105
444,743,0.007526204155238722
444,751,0.01588717827054785
444,940,0.012958639467538703
444,965,0.009155034352751753
444,980,0.004809082808623127
444,981,0.00479326341014415
444,982,0.004649409528212238
444,1067,0.005599312076156234
444,1115,0.006078413739884985
444,1168,0.007624243465951513
444,1169,0.005521155839022997
444,1170,0.004201444150181888
444,1175,0.005524306437650963
444,1176,0.005592016385337239
444,1177,0.005421730136838958
444,1178,0.004983803990408181
444,1179,0.0048502077217833384
444,1180,0.004806477727751563
444,1181,0.004929521460987373
444,1182,0.004518844441824959
444,1183,0.004473924233489693
444,1184,0.005485598151500891
444,1185,0.004628218240799556
444,1528,0.014645330133339005
444,1637,0.008995068437693496
444,1675,0.008736369815013571
444,1676,0.009057688559658909
444,1677,0.004324611948768125
444,1678,0.005448760708318463
444,1679,0.012977043365428197
444,1680,0.008970746042246867
444,1681,0.02113556649467687
444,1682,0.010526529312091438
444,1683,0.012720337737865435
444,1684,0.02848209275882807
444,1685,0.010065108896822975
444,1686,0.018855925049185946
444,1715,0.08653159909215076
444,1859,0.006585006492829798
444,1860,0.005348501557222369
444,1931,0.005362452430805401
444,1932,0.005154254590023782
444,1933,0.005375478667255497
444,1937,0.017665382890753402
444,1938,0.01378066971249176
444,1939,0.009879148701123618
444,1940,0.0088434382969657
444,1949,0.021878013712327983
444,1950,0.009898066836206625
444,1951,0.008774128800029342
444,1952,0.015827620252522524
444,1953,0.007198955117396509
444,2387,0.010377081029206932
444,2388,0.007044615718747828
444,2389,0.006428348399802564
444,2390,0.005504301599362308
444,2391,0.005143838242987174
444,2392,0.004749437124740727
444,2393,0.00498963823479747
444,2394,0.004458268154974097
444,2418,0.014764216641725187
444,2423,0.022059761923865523
444,3178,0.011947106831724078
444,3179,0.012971330910242936
444,3180,0.01604277366070727
444,3181,0.016565600904373513
444,3182,0.017360138703014227
444,3208,0.05986453034452146
444,3209,0.06531384503669947
444,3274,0.009070183652199951
444,3275,0.009197556800669202
444,3299,0.02221673249992038
486,546,0.024987910577163285
486,556,0.01838697201421603
486,692,0.033503047280210405
486,693,0.013556767599627904
486,695,0.010685792223146473
486,740,0.013634861412098026
486,741,0.009324407784851454
486,742,0.00838230221577228
486,743,0.027235732467116063
486,751,0.020416234738043017
486,940,0.011131024627825375
486,965,0.0373020210080159
486,974,0.014330605160945902
486,1067,0.06763929386198214
486,1115,0.03633184749183556
486,1128,0.03541601394633229
486,1218,0.07826603802849379
486,1528,0.016660353449709057
486,1675,0.018933049798037314
486,1676,0.014074871654266735
486,1677,0.012948720598903351
486,1678,0.014540425848368227
486,1679,0.017183886689366143
486,1680,0.015905770179150784
486,1681,0.017287727977265816
486,1682,0.01457741754029892
486,1683,0.010289349793577962
486,1684,0.009319000464364397
486,1715,0.043892868416925905
486,1719,0.011248116349480756
486,1806,0.012286084323768423
486,1807,0.013755443402831182
486,1812,0.02124158712353339
486,1937,0.009316131036140572
486,2418,0.021798374419003966
486,2423,0.015977160576451516
486,2519,0.011591618574478168
486,2941,0.009898662706271764
486,3015,0.013216692966953505
486,3125,0.019445992796006277
486,3181,0.008393863018914594
486,3182,0.008937652984026441
486,3208,0.03182771497644292
486,3209,0.02350023869802823
486,3260,0.011141662095164102
486,3261,0.016455773281825632
486,3274,0.009156814540775372
486,3275,0.009429651759484419
486,3299,0.055236449522508176
487,601,0.052898564494404936
487,702,0.04614692675726937
487,910,0.017604942129428827
487,911,0.05211493123434049
487,912,0.14183937507289127
487,1229,0.1037259067742111
487,1927,0.22103584374705437
487,2934,0.03388093557258207
487,2944,0.0143172475618557
487,2958,0.09972081719355723
487,3367,0.21671450946240473
490,543,0.08828619822541073
490,544,0.0034517981229055523
490,545,0.00413179962836992
490,767,0.011753743846385396
490,961,0.01595633721211308
490,962,0.015771933884041297
490,992,0.0032635144684830045
490,993,0.003283360342942003
490,1081,0.0037042673256285448
490,1082,0.004078998173444341
490,1083,0.004132847374795374
490,1084,0.004642576759559799
490,1085,0.005135906161417106
490,1086,0.00574766019401977
490,1087,0.006568562881887564
490,1088,0.007895521387672138
490,1089,0.008211167915631026
490,1090,0.012222491915447518
490,1091,0.008318819969825059
490,1092,0.012234604906454944
490,1093,0.012656132421610388
490,1094,0.011239987457571958
490,1095,0.007820328277003075
490,1096,0.0102096104094116
490,1097,0.0034166529578321093
490,1098,0.014476991840162564
490,1099,0.021196466874896073
490,1100,0.02381987512619253
490,1101,0.026177650948601635
490,1127,0.012390551329694292
490,1174,0.003079079840287153
490,1178,0.00311426797467528
490,1547,0.005725112025734165
490,1601,0.00308670574681372
490,1809,0.00739779809792768
490,1810,0.006515602446837504
490,1811,0.02077390178782674
490,1813,0.028865107726646348
490,1815,0.014100252362656222
490,1931,0.003429571156457121
490,1932,0.0035449617027531045
490,1933,0.0032324095654584013
490,1934,0.0044558891261433295
490,1935,0.004561910560701894
490,1936,0.004919821309962827
490,1944,0.06156034466329361
490,2164,0.008414805915682626
490,2165,0.0092184579858711
490,2168,0.006286681358390711
490,2169,0.005075850705448163
490,2383,0.014286540038883883
490,2384,0.015070115775840045
490,2385,0.016358906758113394
490,2386,0.017183252470532005
490,2390,0.0030295113119378006
490,2391,0.0034334998008071636
490,2392,0.003730122983271579
490,2393,0.0036502900496368285
490,2394,0.004146896911414997
490,2395,0.006630077359500359
490,2396,0.006390248328945692
490,2397,0.0080546931591021
490,2398,0.008557968262098467
490,2399,0.010002875372718462
490,2400,0.010479102430626632
490,2401,0.011718502968568726
490,2402,0.012190948660229984
490,2550,0.006451471132142452
490,2820,0.005377820554919601
490,2821,0.005887046769408948
490,2822,0.008140108323888045
490,2837,0.008986842646345288
490,2928,0.0034700437862972525
490,2929,0.004288298372089786
490,2930,0.011832761490563365
490,2931,0.009006991628896845
490,2947,0.010524262960791222
490,2948,0.011214940025263465
490,2949,0.011654362577504395
490,2950,0.01234686101170182
490,2951,0.012196893725158156
490,2952,0.011732403017732132
490,2953,0.01244471560764262
490,2954,0.01238381743788219
490,2955,0.009553508431017299
490,2956,0.008737489358231851
490,2957,0.010283660151611319
490,3011,0.008376069435266576
490,3012,0.008363798540427958
490,3084,0.018068202332582432
490,3085,0.0259501265907423
490,3098,0.00299058483828097
490,3121,0.006737616487120656
490,3127,0.008530859725284818
491,555,0.01501923091781035
491,690,0.03354136015833946
491,691,0.036590733267130346
491,763,0.008696787881018313
491,848,0.031446433768529305
491,910,0.009964249597571112
491,911,0.006819058739559891
491,963,0.03311725310542222
491,975,0.06624036088342379
491,990,0.016407195186233906
491,991,0.005895582119712353
491,1105,0.09223069958445791
491,1110,0.018520946169319284
491,1113,0.013950980410603879
491,1519,0.032318512870454195
491,1529,0.01745552814224956
491,1630,0.021746190575814863
491,1802,0.03848173846900593
491,1817,0.04296657933906865
491,1854,0.008791982481378363
491,1947,0.011915311790246744
491,2252,0.016344553661022405
491,2273,0.013642912326701886
491,2531,0.02601259839527998
491,2554,0.07971413178209362
491,2838,0.19157227063550397
491,2934,0.009359155602872234
491,2943,0.01101716093267228
491,2944,0.01193721023663527
491,3016,0.01449113961961487
491,3083,0.012872746822180864
491,3243,0.011221869403704553
491,3464,0.02970919801568621
491,3465,0.00998833710868137
540,602,0.009523220969257255
540,744,0.012692507002185847
540,935,0.040887061069602465
540,966,0.011383575639143727
540,976,0.019858195165204207
540,1102,0.010677058992575766
540,1103,0.019585775577597893
540,1111,0.00863555980700812
540,1246,0.050512519386050496
540,1283,0.09638553377296087
540,1284,0.11508000292649359
540,1642,0.011091790492790873
540,1840,0.007042474888087391
540,1872,0.05502220610678593
540,1873,0.005651136476047765
540,2171,0.011801139742122595
540,2208,0.0071681091798560265
540,2945,0.05243028599405112
540,3077,0.0365763439871882
540,3081,0.015104568430600923
540,3082,0.010283389359480602
540,3118,0.017157754779237276
540,3210,0.01168484700758786
540,3214,0.030320220686381585
540,3257,0.00895339664141196
540,3281,0.013151744911303687
540,3418,0.0729731912564391
540,3419,0.08260648628383578
540,3466,0.012655695227714148
540,3467,0.0109264231921455
540,3468,0.016466855804693797
540,3469,0.010556543948702656
540,3470,0.01445819173809446
540,3471,0.010036418428320903
540,3472,0.016003759681169568
540,3473,0.01694370751940257
540,3474,0.02688762231240501
540,3475,0.020824685616062353
541,542,0.04112721660702136
541,654,0.029337743253488018
541,985,0.0026152506514427873
541,986,0.0033022502530022316
541,987,0.004658421195909113
541,992,0.006611491580078388
541,993,0.004610082500497861
541,1081,0.0023543569700406886
541,1082,0.0024610280376061544
541,1083,0.004199687103554234
541,1084,0.004124028933997058
541,1085,0.004168496489345883
541,1086,0.0038581678691806064
541,1087,0.0034507930216167897
541,1088,0.0028761594846256097
541,1089,0.0026960326412374244
541,1090,0.0018521062548909272
541,1091,0.0024471097916887153
541,1092,0.0016490737966974817
541,1095,0.001694974705727623
541,1097,0.002260358848705318
541,1174,0.0019355988955655405
541,1550,0.0017544454263967986
541,1601,0.007403401795914771
541,2296,0.016083076710985238
541,2297,0.01724252854505708
541,2298,0.01752099527098452
541,2299,0.016921285964670733
541,2300,0.003440844981125988
541,2301,0.00341167355577981
541,2302,0.0031117992141128288
541,2303,0.003235445186977906
541,2304,0.0033427154872596554
541,2305,0.0036357459458557836
541,2306,0.003900387827912778
541,2307,0.0017686161818491655
541,2308,0.00449498563262733
541,2309,0.0049192767724183725
541,2310,0.0046773571841174835
541,2311,0.0046244644955266605
541,2312,0.0035616937272502694
541,2313,0.0029186282833551518
541,2314,0.002847783160439434
541,2316,0.0036206059432881076
541,2317,0.004423464690861473
541,2318,0.004350613721609464
541,2319,0.003131087176940435
541,2320,0.0029578466353709283
541,2321,0.0022156606001380885
541,2322,0.003003437119262543
541,2323,0.0028219480329166693
541,2324,0.0023663740191866046
541,2325,0.002107198102963835
541,2326,0.0021993027253241985
541,2327,0.0025246636469603225
541,2328,0.002179870298490135
541,2329,0.0023750064027258334
541,2330,0.001938061280880366
541,2338,0.0032047979092253236
541,2339,0.003512372972436281
541,2340,0.0039609468927788456
541,2341,0.0059507205444009
541,2342,0.006114337557006432
541,2343,0.007995091296359369
541,2344,0.008173925689010512
541,2345,0.024833519968263586
541,2346,0.01784405002887223
541,2347,0.0178002679438197
541,2348,0.020724617395263663
541,2349,0.026798356739437822
541,2351,0.029882926803738837
541,2352,0.029425717677304678
541,2353,0.032077497521719275
541,2354,0.03153225789927646
541,2355,0.03041016596607341
541,2356,0.02498954010434155
541,2357,0.02201454139570981
541,2358,0.01963763779726898
541,2359,0.01779832597831063
541,2360,0.017065646514200096
541,2361,0.015200973558568769
541,2362,0.01350658260706209
541,2364,0.010808290870876936
541,2365,0.012219396055977515
541,2366,0.012552165914439363
541,2367,0.01381203116897785
541,2368,0.013703927736649267
541,2369,0.004593297660361979
541,2845,0.01610910757724869
541,2846,0.01937666691870811
541,2847,0.015746423246656323
541,2848,0.016174684117687153
541,2849,0.010643740259642853
541,2850,0.006594780630005123
541,2851,0.005537361443120583
541,2852,0.007465586207905666
541,2853,0.00291503631579468
541,2952,0.0017372383277837547
541,2953,0.0016427867313484929
541,2954,0.0017193965326538255
541,2955,0.002321165095100559
541,3098,0.0040484258712274596
541,3099,0.006355988806422881
541,3100,0.0037374670354384143
541,3101,0.00518324992016591
541,3102,0.012066314352633544
541,3103,0.008458336434232655
541,3104,0.008264115792413578
541,3121,0.0026404825304409503
541,3276,0.0022009263697361885
541,3277,0.0025247152100931524
541,3300,0.002171164666688332
541,3301,0.002294424953214563
541,3302,0.002240297341794944
541,3303,0.0022821943053127776
541,3304,0.002400790486471798
541,3305,0.002508895867067067
541,3306,0.0026531907801182228
541,3307,0.002479368662541146
541,3308,0.002227488924445021
541,3309,0.0017319447027601717
541,3316,0.0023675285448585505
541,3321,0.002385523268877723
541,3334,0.0016787089225651652
541,3335,0.0016478340456353533
542,654,0.023107694395995717
542,985,0.0034721559341981635
542,986,0.004395800395418778
542,987,0.006150830675238822
542,988,0.0019032230168620503
542,992,0.010128892400644655
542,993,0.006652848986933803
542,1081,0.00328081130429805
542,1082,0.0034777090616145315
542,1083,0.006174635121784539
542,1084,0.006186384369241106
542,1085,0.006387180965838419
542,1086,0.005957985356531974
542,1087,0.005353953805795005
542,1088,0.004476225632570389
542,1089,0.004189733846769931
542,1090,0.0028828559585341927
542,1091,0.003782285860453576
542,1092,0.002556671640509129
542,1093,0.0023530400164489284
542,1094,0.002297908489791229
542,1095,0.002564174552523196
542,1096,0.0020369020690501442
542,1097,0.0031139258968397045
542,1173,0.00204060798135506
542,1174,0.0026291827088559734
542,1550,0.002210193072557105
542,1601,0.011518150030343125
542,2296,0.012432206119538543
542,2297,0.013183985748582993
542,2298,0.013276077623677003
542,2299,0.012753350572496346
542,2300,0.002603206517145003
542,2301,0.002570784393061204
542,2302,0.002347708485262103
542,2303,0.002444778259756657
542,2304,0.002536773969638328
542,2305,0.002786730808294303
542,2306,0.0030258016961286246
542,2307,0.0020784313705820134
542,2308,0.0035475105626921635
542,2309,0.003946466680810968
542,2310,0.0038228901699272253
542,2311,0.003854046729199184
542,2312,0.002902730063676797
542,2313,0.002324106821944312
542,2314,0.002275890154494834
542,2316,0.002973108830976269
542,2317,0.003697550857143402
542,2318,0.0036907643368157936
542,2319,0.0027746906355310915
542,2320,0.0026779794406799505
542,2321,0.0025263932909865678
542,2322,0.0027405213032829765
542,2323,0.0026051877423631407
542,2324,0.0021951435032700633
542,2325,0.002004473209613925
542,2326,0.0021005226116437518
542,2327,0.002448636351501911
542,2328,0.0022290632812676675
542,2329,0.0026478606083636816
542,2330,0.0020060326070865807
542,2338,0.003547215466499786
542,2339,0.0038572666264170335
542,2340,0.004260849782172128
542,2341,0.006504121925095797
542,2342,0.006741208822797784
542,2343,0.009850922060640569
542,2344,0.010243251684578474
542,2345,0.03834798371884436
542,2346,0.024490556426627307
542,2347,0.022191152120257122
542,2348,0.024679536920675975
542,2349,0.02948229559290313
542,2351,0.03471183168922377
542,2352,0.036541571697006156
542,2353,0.03481217254595078
542,2354,0.030809272302190473
542,2355,0.028151771748914298
542,2356,0.02390142166591467
542,2357,0.02241193551905701
542,2358,0.0208597813341451
542,2359,0.019007990447045885
542,2360,0.01812196835952043
542,2361,0.01578453771822941
542,2362,0.013722999315699452
542,2364,0.010803439404759016
542,2365,0.011233605808759524
542,2366,0.011256401214910115
542,2367,0.011581236825592079
542,2368,0.011189465068325978
542,2369,0.0036454297594301533
542,2845,0.012852527392677872
542,2846,0.015004738272846832
542,2847,0.011990023049918532
542,2848,0.01219287696907289
542,2849,0.00854524271095436
542,2850,0.005144666354627281
542,2851,0.004235871137916678
542,2852,0.005795961459577641
542,2853,0.0022171263371806634
542,2947,0.0018618622009601638
542,2948,0.0018445716340400194
542,2949,0.0019208775128834303
542,2950,0.0023543922569457666
542,2951,0.002462421368851022
542,2952,0.0026792099972236558
542,2953,0.0025355828098092754
542,2954,0.002659865700607244
542,2955,0.0035963908885253224
542,3098,0.005560167473909926
542,3099,0.0086347491346641
542,3100,0.004880856216138788
542,3101,0.006573244253432025
542,3102,0.01604080650978729
542,3103,0.010538489885317153
542,3104,0.0063534691446260234
542,3121,0.0039866134520262315
542,3276,0.0028417964229607157
542,3277,0.0033615368943747
542,3304,0.0018503551245196742
542,3305,0.0019498216946577638
542,3306,0.002091326990065
542,3307,0.001985313371067258
542,3308,0.0018115762748091746
542,3316,0.0017900659774233868
542,3321,0.0017990406489858811
543,544,0.0036203459506488392
543,545,0.004300586820344484
543,767,0.011847249899017769
543,961,0.023169056827529018
543,962,0.02291453966153505
543,992,0.003576896010790437
543,993,0.0037487685281501985
543,1081,0.0037027450581451357
543,1082,0.004085251025909394
543,1083,0.004246424333713844
543,1084,0.004796719237426301
543,1085,0.005370742055717989
543,1086,0.006045033512101448
543,1087,0.006950097638103098
543,1088,0.008573470055240881
543,1089,0.009030025329885973
543,1090,0.013320344653637198
543,1091,0.009379992874821873
543,1092,0.013994422510240051
543,1093,0.014701727511482564
543,1094,0.013402698664311869
543,1095,0.009474163073998215
543,1096,0.012573384607865399
543,1098,0.020920581942764707
543,1099,0.020997018609513224
543,1100,0.023992786772177872
543,1101,0.027311848147700317
543,1127,0.01803075094457962
543,1547,0.007879687138113088
543,1809,0.007608475670593504
543,1810,0.0067349861500722325
543,1811,0.02989061580475749
543,1813,0.03621854417123629
543,1815,0.01441033495076218
543,1931,0.0035356439610673344
543,1932,0.003659173276711388
543,1934,0.004615384794521823
543,1935,0.004722447141056995
543,1936,0.005074039901911847
543,1944,0.07818545555679966
543,2164,0.01133367985461742
543,2165,0.01197487858133225
543,2166,0.0036948263289208892
543,2167,0.003538842113022755
543,2168,0.00805734721271188
543,2169,0.006634377876166266
543,2383,0.014146364648554071
543,2384,0.014916534933320895
543,2385,0.016193731830473037
543,2386,0.017016851194186503
543,2392,0.0037266187237844045
543,2393,0.003654693405134939
543,2394,0.004154933266188045
543,2395,0.006607136655146818
543,2396,0.006358702695712478
543,2397,0.007998727162012033
543,2398,0.008521322645756503
543,2399,0.009944860351304863
543,2400,0.01040738394413598
543,2401,0.01161762030760043
543,2402,0.012068942365236498
543,2550,0.006684333976953287
543,2820,0.005612823712074982
543,2821,0.006201569554919696
543,2822,0.008476991137252353
543,2837,0.012973185325313564
543,2928,0.0046343101178949134
543,2929,0.005752743358861625
543,2930,0.012286387721229376
543,2931,0.009339952627437411
543,2947,0.010431928417212901
543,2948,0.011119281787024614
543,2949,0.011572421294344517
543,2950,0.012438749850157403
543,2951,0.012336711461010015
543,2952,0.011954168338952367
543,2953,0.012664693957537738
543,2954,0.012703494136292938
543,2955,0.009968045485301441
543,2956,0.008659297348256023
543,2957,0.010179263373645539
543,3011,0.011986715550183241
543,3012,0.011968373375365287
543,3084,0.018704443724188526
543,3085,0.02663971385930419
543,3121,0.006857344650970691
543,3127,0.008672218988039744
544,545,0.038038395147919436
544,697,0.0046252087122967194
544,698,0.004512869813828133
544,699,0.004039643130507632
544,700,0.003940948651678391
544,701,0.003567946393021361
544,767,0.006154879287643558
544,980,0.01884486779384783
544,981,0.022863113302555034
544,982,0.0238350179642591
544,1099,0.002986900364421263
544,1100,0.002423057381806747
544,1101,0.0021089943432040102
544,1168,0.003101941257431189
544,1169,0.0025923791201865765
544,1170,0.0023561316443062525
544,1171,0.0023433309599716814
544,1172,0.002175392013401247
544,1173,0.002051455665919138
544,1174,0.0020761209646843535
544,1175,0.020395066338326377
544,1176,0.023159828786079268
544,1177,0.029293158487528986
544,1178,0.031979603934780776
544,1179,0.01428334000865007
544,1180,0.016593141888653035
544,1181,0.017574744953430078
544,1182,0.019449794486394185
544,1183,0.036845495816921266
544,1184,0.0467579878982331
544,1185,0.02552257914527818
544,1637,0.002064845654415964
544,1682,0.002047311785897084
544,1683,0.004402814679303154
544,1684,0.005910620632013183
544,1685,0.010854822836542542
544,1686,0.011623852349147212
544,1809,0.010510988910634534
544,1810,0.012133156587296582
544,1813,0.004640444264306906
544,1815,0.005651382388614987
544,1859,0.002195991793287715
544,1860,0.0021860261047255175
544,1931,0.017164234804299634
544,1932,0.017633149747224356
544,1933,0.019479588208669966
544,1934,0.017036299834034808
544,1935,0.016635304427365962
544,1936,0.015089581678617424
544,1937,0.0035393838166554318
544,1938,0.003061860297322884
544,1939,0.003133427096425652
544,1940,0.003385923595363266
544,1944,0.0021937055636589045
544,1949,0.00753978872920243
544,1950,0.0080275956329111
544,1951,0.010106024850461985
544,1952,0.012221385648379095
544,1953,0.01312915612813238
544,2383,0.004013792088366611
544,2384,0.0037947353650270572
544,2385,0.0036927728478643503
544,2386,0.0036924553219519173
544,2387,0.006346215878669036
544,2388,0.005595814625007948
544,2389,0.006629398023991547
544,2390,0.006611274896020739
544,2391,0.007548938445825952
544,2392,0.007615521323820465
544,2393,0.00820972528073742
544,2394,0.008557387568888415
544,2395,0.006815117172142276
544,2396,0.006508643692345569
544,2397,0.005691709258859528
544,2398,0.006118697212176654
544,2399,0.005483384225690928
544,2400,0.005202968334630692
544,2401,0.004649071273345594
544,2402,0.004207878512978092
544,2550,0.012386019186981298
544,2820,0.0302743679073756
544,2821,0.027604624632313713
544,2822,0.020034007925367314
544,2930,0.013789469299226137
544,2931,0.018010402551347903
544,2947,0.0034804030246220552
544,2948,0.0034195723021067277
544,2949,0.003211055140489408
544,2950,0.002409407710449437
544,2951,0.0022807927592604204
544,2952,0.002072605595349832
544,2953,0.0021325450913903107
544,2954,0.0019645641559863473
544,2956,0.0050362371212660075
544,2957,0.0043435063942343114
544,3084,0.00904546229975526
544,3085,0.006301631741304655
544,3127,0.008541999334054898
544,3178,0.005741144492653518
544,3179,0.005697850715743665
544,3180,0.004592643255329157
544,3181,0.00443285642155953
544,3182,0.0039586181227319345
544,3209,0.0021607077686841268
545,697,0.004811448101743832
545,698,0.004678845705985373
545,699,0.004219886086190706
545,700,0.00410477326480161
545,701,0.003715740713757042
545,767,0.010709982628562872
545,980,0.009507983070268554
545,981,0.011545358196979778
545,982,0.012048683917834901
545,1081,0.002194912472712976
545,1082,0.002180379842321929
545,1097,0.0021967859581594616
545,1099,0.003444273649418255
545,1100,0.0027866906810070273
545,1101,0.0024140935277408436
545,1168,0.0031898931663374834
545,1169,0.00273872127070777
545,1170,0.002543242079561767
545,1171,0.002558756681716333
545,1172,0.002397773541530386
545,1173,0.002295608883136654
545,1174,0.0023675692119276906
545,1175,0.01028097663318921
545,1176,0.011687337719884923
545,1177,0.014998634720012291
545,1178,0.016191775544347572
545,1179,0.007217720255592944
545,1180,0.008393233312492001
545,1181,0.008881492045594118
545,1182,0.009888375283765615
545,1183,0.018736456961220484
545,1184,0.023581391615192872
545,1185,0.01290962200348885
545,1637,0.0020658290948917628
545,1683,0.0034305555355347494
545,1684,0.004694678641509575
545,1685,0.008996395144497755
545,1686,0.009918474781882713
545,1809,0.018262088035251842
545,1810,0.021024726862546507
545,1811,0.005693462236137505
545,1813,0.005165647841695324
545,1815,0.009679632911459637
545,1859,0.0022677586040539283
545,1860,0.0023013309021484743
545,1931,0.025778332837142925
545,1932,0.026880477703424926
545,1933,0.02606327752833431
545,1934,0.029958372549799918
545,1935,0.029274443388858044
545,1936,0.02655872983453891
545,1937,0.0033146166973192152
545,1938,0.002955873908869725
545,1939,0.003135402666943738
545,1940,0.003432197597410264
545,1944,0.0024532259785987505
545,1949,0.007166239544308148
545,1950,0.007739213000239848
545,1951,0.009643399612257216
545,1952,0.011434628731014272
545,1953,0.012495963602635949
545,2383,0.004679849227504705
545,2384,0.004420007380538075
545,2385,0.0042894210874539545
545,2386,0.004279331614212356
545,2387,0.0062145586365787335
545,2388,0.00584646845260797
545,2389,0.007013453556893518
545,2390,0.007156721600779987
545,2391,0.008266449219165379
545,2392,0.008439614057948417
545,2393,0.009042334721244596
545,2394,0.009598267050887965
545,2395,0.007960814438720477
545,2396,0.007587614067887932
545,2397,0.006674579429393735
545,2398,0.007180149593259997
545,2399,0.006429492240678611
545,2400,0.006098373145395406
545,2401,0.0054420411210813445
545,2402,0.00492567538147598
545,2550,0.02136246297275898
545,2820,0.051185145415262444
545,2821,0.044771410229796374
545,2822,0.03396164412914203
545,2930,0.023378459952074482
545,2931,0.03070303915061181
545,2947,0.004083545178468919
545,2948,0.004010496974332733
545,2949,0.0037647052885278
545,2950,0.00282231835298741
545,2951,0.002671700812955477
545,2952,0.0024282267740823814
545,2953,0.002496781042237275
545,2954,0.0022994052689216393
545,2956,0.005908824871891416
545,2957,0.005095899920551024
545,3084,0.015309852257911928
545,3085,0.007106812758908408
545,3121,0.0020090207195041045
545,3127,0.014936799054197309
545,3178,0.005529444939426568
545,3179,0.005414406542648778
545,3180,0.004294943986601746
545,3181,0.004136862743493589
545,3182,0.0036967851522466733
545,3209,0.0018723949662595527
546,692,0.058993745883334905
546,693,0.0774527879846389
546,695,0.04558532839269795
546,741,0.016876348875211018
546,742,0.014522251511700906
546,743,0.07784851814916506
546,751,0.05982668224256891
546,940,0.03191088086233643
546,965,0.05481164058864488
546,1067,0.011075925987063435
546,1115,0.031578308886840205
546,1128,0.007162110695407518
546,1168,0.0059783193732547615
546,1218,0.007451223924706366
546,1528,0.10177443455998729
546,1637,0.009346702871433948
546,1715,0.018341787385706982
546,1812,0.010180806479222761
546,1859,0.006470605079998421
546,1937,0.01011792677619378
546,1938,0.009850194616813128
546,1939,0.007510509074743075
546,1940,0.0064837640696689845
546,2418,0.13785783834977677
546,2423,0.021354543282071904
546,3178,0.005894234618535958
546,3179,0.006203946560748198
546,3180,0.007960125077112001
546,3181,0.008282268657912154
546,3182,0.009200878654638301
546,3208,0.017368650489647176
546,3209,0.016850380059645682
546,3274,0.021161021988018076
546,3275,0.04378470127680443
546,3299,0.022930606713749607
554,649,0.11121179110119515
554,934,0.1927851648714069
554,1125,0.06667145421143159
554,1816,0.25446724948156607
554,1870,0.04991531860690816
554,2937,0.031133105859898157
554,2977,0.03443837028186629
554,3025,0.0724910891618247
554,3296,0.09936933369919204
554,3297,0.08751712272471085
555,603,0.025553600503297524
555,604,0.016060051723079147
555,690,0.05098365804069156
555,691,0.043634732594367634
555,763,0.0695630510597283
555,963,0.04218799101740983
555,964,0.0351252160619129
555,975,0.027872562812478695
555,979,0.037889513804849374
555,1105,0.00872778949912373
555,1110,0.007355930231729045
555,1215,0.04520966181702612
555,1216,0.05298972770008528
555,1519,0.00736905567958481
555,1630,0.04196726286744436
555,1802,0.00786181226829615
555,1817,0.008115836667596764
555,1854,0.06394223875491313
555,2531,0.0767645768746632
555,2554,0.007916463727023381
555,2838,0.01758806262415381
555,3024,0.05431410053776038
555,3083,0.11469884656978935
555,3464,0.06432554149005734
555,3465,0.0719827150729381
556,740,0.012644362386830223
556,762,0.028488613624820327
556,974,0.006998988542961635
556,1067,0.03287096944018385
556,1115,0.00732289478458241
556,1128,0.007628866975662294
556,1218,0.013647365907784698
556,1247,0.016625879103976112
556,1522,0.020242676977555794
556,1546,0.014966013230308627
556,1675,0.08976558154813592
556,1676,0.05131301651922769
556,1677,0.0474777693076149
556,1678,0.041383391726035966
556,1679,0.04160239960472229
556,1680,0.02466490808997694
556,1681,0.02272124192344322
556,1682,0.01819505896808621
556,1715,0.009351886032674617
556,1719,0.009619503971430916
556,1806,0.011309750358681472
556,1807,0.010708788019002437
556,1812,0.006914525788237752
556,2519,0.11164836114158923
556,2941,0.09052981980857625
556,2942,0.028049228283444843
556,3014,0.02789978583873225
556,3015,0.02870758565479445
556,3125,0.012129145522595126
556,3208,0.0071253502212404105
556,3260,0.05934036144608496
556,3261,0.07856759015172197
556,3299,0.00953831909928415
557,602,0.009805020987163258
557,935,0.006609473704201592
557,966,0.009827656177238027
557,976,0.008230501321857417
557,1102,0.03142639884369113
557,1103,0.020062468984754646
557,1111,0.1093838088574256
557,1246,0.006607481224281713
557,1284,0.007218263325248297
557,1642,0.026535210873328344
557,1840,0.045347822006648754
557,1872,0.00806806336367167
557,1873,0.170769003090704
557,2171,0.009686336870167352
557,2208,0.009835122501881826
557,2414,0.15843093199564198
557,2523,0.06619327722040623
557,2945,0.00734502721845711
557,3077,0.012896395439536081
557,3081,0.010008594371105533
557,3082,0.03020273455413705
557,3118,0.01893007465785506
557,3210,0.009429896039972964
557,3214,0.016014586472648668
557,3257,0.014876714775911471
557,3281,0.021846454473321033
557,3418,0.013353365834564215
557,3466,0.010343854594695246
557,3467,0.013239010363477145
557,3468,0.019348652271067208
557,3471,0.019748522111360488
557,3472,0.01987120323529628
557,3473,0.019165635962390473
557,3474,0.01786897974544448
557,3475,0.021473456530447757
601,702,0.22889157900655752
601,910,0.08574160193622862
601,911,0.06317442904832565
601,912,0.09565142563114595
601,963,0.01476216544869052
601,990,0.0503623700783191
601,1110,0.046276441624805015
601,1229,0.0706997061899761
601,1529,0.009152320117276576
601,1630,0.008932917080791867
601,1927,0.06383202112807998
601,2934,0.03895732939429036
601,2944,0.06921384869555655
601,2958,0.11718469311465539
601,3367,0.03716715150530092
602,603,0.02933947552592213
602,604,0.04812665292627222
602,763,0.010316160930200133
602,964,0.08860519314185708
602,979,0.019268367460235317
602,1103,0.07993401867364057
602,1111,0.01226192783099222
602,1215,0.06877467413935216
602,1216,0.05841772592965918
602,1246,0.010745519120994893
602,1284,0.012912664497942072
602,1642,0.010890749250308406
602,1840,0.012203932268598559
602,1854,0.01184629185175666
602,1872,0.014139303726706291
602,1873,0.011626584992957859
602,2208,0.09213362242405986
602,2414,0.007406655332352379
602,2523,0.00992583292119993
602,2945,0.012101967686544873
602,3024,0.05725838234373085
602,3077,0.01777822637994478
602,3118,0.015151927808733496
602,3214,0.024014862620598466
602,3257,0.0798850888244636
602,3281,0.05204735915558881
602,3418,0.021767417450282586
602,3465,0.010716937232123937
602,3468,0.013232376842969261
602,3472,0.013162610009956346
602,3473,0.015088656454782964
602,3474,0.02622699082491213
602,3475,0.03269184342035987
603,604,0.15456048118930918
603,763,0.04461589862705293
603,964,0.07918962801765947
603,979,0.08372894468141048
603,1103,0.01047473694238828
603,1215,0.10056577508465388
603,1216,0.11014435037545214
603,1854,0.05065950594488364
603,2208,0.07757853477104903
603,2531,0.015963408327553604
603,3024,0.10442388669189417
603,3083,0.025634643324301896
603,3257,0.053716375368891865
603,3281,0.030430570165419675
603,3464,0.013055455010980271
603,3465,0.04525780547709959
604,763,0.03262590267085578
604,964,0.13048870831250586
604,979,0.060706127518658774
604,1103,0.01989601381291267
604,1215,0.10794230510956464
604,1216,0.09221516439593386
604,1854,0.03744492668329578
604,2208,0.14902211416737668
604,2531,0.012512007591682266
604,3024,0.08993428115879695
604,3083,0.018976966132143162
604,3257,0.09973191900267579
604,3281,0.05647907002125103
604,3465,0.03378959236269812
604,3474,0.025528400914875543
604,3475,0.032706500144773075
605,740,0.025253092831733923
605,745,0.03882926076788522
605,762,0.011540965755155733
605,848,0.007354302569725394
605,974,0.04130344801201794
605,991,0.020293957075955167
605,1113,0.013139935417957598
605,1114,0.02501374104545207
605,1128,0.016686016235115012
605,1218,0.009922966482672813
605,1247,0.030147445066986647
605,1522,0.009463441290887406
605,1523,0.03584113240644464
605,1526,0.10867374088241287
605,1546,0.019782188570992353
605,1600,0.051555600716557605
605,1719,0.07015095806273033
605,1806,0.03238402848292117
605,1807,0.02859070824797393
605,1812,0.0231104832474618
605,1862,0.02054373539396322
605,1947,0.016003025613401944
605,2198,0.14219851067800093
605,2252,0.007707072639290406
605,2273,0.016553174910458608
605,2519,0.007785410384162422
605,2940,0.022368066306763117
605,2941,0.009166093086598619
605,2942,0.021982671362862805
605,2943,0.019087466959450024
605,3014,0.022801755039527066
605,3015,0.022513151323321802
605,3016,0.011375161131729287
605,3125,0.020413692937025406
605,3243,0.020463599064404717
637,641,0.2137972521314867
637,642,0.09972930144122337
637,643,0.05805724138388666
637,1189,0.08618193994891896
637,1269,0.16120804551463688
637,1629,0.03019147474543287
637,2932,0.16151305283766293
637,3256,0.18932169199675158
638,639,0.2614521632359544
638,640,0.19436542784665148
638,646,0.042166287652948546
638,647,0.098538091830273
638,648,0.28696323974189347
638,770,0.11651478969227917
639,640,0.4536195870260796
639,647,0.07239876184250499
639,648,0.2107002867172379
639,770,0.26328136441417743
640,647,0.09233672338108648
640,648,0.26866296637547565
640,770,0.6390003102434378
641,642,0.3868718947840528
641,643,0.2256627178447619
641,644,0.12222606134616971
641,1269,0.09295010632778235
641,2932,0.09754796697535859
641,3256,0.07474125272187464
642,643,0.455717829482368
642,644,0.24741758689144452
642,645,0.1281080691722752
642,646,0.07414958767219615
642,1269,0.04596037891401662
642,2932,0.048646547867699466
643,644,0.4980131580582354
643,645,0.2589669160767078
643,646,0.1503983705286592
643,647,0.09262155533639763
644,645,0.5367325645627337
644,646,0.3013737698248362
644,647,0.16189366561243013
645,646,0.6227611432799776
645,647,0.28042073989282224
645,648,0.09681811682720036
646,647,0.7345158754568065
646,648,0.26548412454319353
647,648,1.0
648,770,1.0
649,934,0.12208920723954149
649,1125,0.041595351351142014
649,1816,0.16034524920619722
649,2937,0.16624819255307574
649,3025,0.3908894320224462
649,3296,0.0637860035211625
649,3297,0.0550465641064347
654,985,0.0021608496875624083
654,986,0.0027264578274020144
654,987,0.003846350882360865
654,992,0.005602819594770383
654,993,0.0038097701708963948
654,1081,0.00248709066942794
654,1082,0.0025596477834545412
654,1083,0.004128263838824514
654,1084,0.003953282830523906
654,1085,0.0038647221837086075
654,1086,0.003522401241549124
654,1087,0.0031110892903536327
654,1088,0.0025213965219572083
654,1089,0.002342950042399703
654,1091,0.0020977990450293795
654,1097,0.0024177408603456517
654,1174,0.002105236353201139
654,1550,0.002048140073098751
654,1601,0.0064358870877875
654,2296,0.01896779926982358
654,2297,0.020883892410128207
654,2298,0.02201436149475934
654,2299,0.022316704732715006
654,2300,0.00483231238840784
654,2301,0.004622407266712002
654,2302,0.004139165181772887
654,2303,0.004254084979326341
654,2304,0.004302168469283605
654,2305,0.004522416107711972
654,2306,0.004702014150605261
654,2308,0.005214707593932225
654,2309,0.0055325322367404655
654,2310,0.005125579061366281
654,2311,0.0049406300019241645
654,2312,0.003951057767274655
654,2313,0.0033690079924217735
654,2314,0.003269525337154343
654,2316,0.003973041020440017
654,2317,0.004715710889385043
654,2318,0.004560020424839455
654,2319,0.003164386171344123
654,2320,0.0029346014516633614
654,2321,0.0019115636053834524
654,2322,0.0029586832971919387
654,2323,0.002756097321349047
654,2324,0.0023093495196617694
654,2325,0.002019664297983357
654,2326,0.002100232231517875
654,2327,0.0023789347470195292
654,2328,0.0019881490801493527
654,2329,0.002067791103641569
654,2338,0.002789952648352031
654,2339,0.00306465165313943
654,2340,0.003482767045808485
654,2341,0.005148793964003341
654,2342,0.005268079578727717
654,2343,0.006638150492506673
654,2344,0.006767293940117018
654,2345,0.02122095092470073
654,2346,0.014705772170971243
654,2347,0.014729511814747631
654,2348,0.0172022470407236
654,2349,0.022228498777889974
654,2351,0.024647788535307084
654,2352,0.024412435119566325
654,2353,0.026530697915144758
654,2354,0.026169539457987032
654,2355,0.025880493918017788
654,2356,0.021838635175917553
654,2357,0.01900224768791731
654,2358,0.016826106885405222
654,2359,0.015307369089715063
654,2360,0.014742316770343045
654,2361,0.01333587625250482
654,2362,0.012043398971788164
654,2364,0.009809355831478772
654,2365,0.011693073311787107
654,2366,0.012248887992531892
654,2367,0.01436456267857933
654,2368,0.01476587415095153
654,2369,0.005272170317609947
654,2845,0.029397752572994585
654,2846,0.04246431881421304
654,2847,0.03361533662028963
654,2848,0.03286941600126743
654,2849,0.023728324411819955
654,2850,0.014540597611494394
654,2851,0.011955404792656001
654,2852,0.016401927279345602
654,2853,0.006235963209030148
654,2955,0.002108660389530584
654,3098,0.004281665168558406
654,3099,0.006647570936011651
654,3100,0.004153460305189689
654,3101,0.005828379178010819
654,3102,0.011685091694003344
654,3103,0.009255883784969141
654,3104,0.011970059795983083
654,3121,0.0025258341141320543
654,3276,0.002504406572395645
654,3277,0.002785417557367656
654,3300,0.0029117915321072814
654,3301,0.002982172831235442
654,3302,0.002847070820397623
654,3303,0.0028477739311790163
654,3304,0.0029627912348449328
654,3305,0.0030371010919672038
654,3306,0.0031221106896904553
654,3307,0.002844771684367684
654,3308,0.002501675617159117
654,3309,0.0019187921080926174
654,3316,0.003321215870133629
654,3321,0.0032977853595559108
654,3333,0.0019539631411287996
654,3334,0.0020691700066870038
654,3335,0.0019996186832677253
654,3336,0.0019275781697247168
654,3349,0.001821158716674008
690,691,0.1708254759927576
690,763,0.019908608208416844
690,848,0.00965566496325661
690,910,0.009526247796407808
690,911,0.007265516533325361
690,963,0.07874043966747547
690,975,0.04989587861754755
690,979,0.011315171776066344
690,990,0.012544948202068138
690,1105,0.014080794936233576
690,1110,0.01424878011894256
690,1216,0.008454420847640596
690,1519,0.014042501810090884
690,1529,0.008414272786102156
690,1630,0.11307559919787105
690,1802,0.014513557152267669
690,1817,0.013112933366222945
690,1854,0.018886465997712952
690,2252,0.006971308210975893
690,2531,0.12643907416302672
690,2554,0.01229779577696892
690,2838,0.02949502531740532
690,2934,0.007826923760873105
690,2944,0.010314104722868336
690,3024,0.008761282007013963
690,3083,0.03329718988300898
690,3464,0.15458230253975466
690,3465,0.02150771564769805
691,702,0.007041874668589825
691,763,0.021090255777894227
691,848,0.012976570818533366
691,910,0.013662564412334788
691,911,0.01032422235169511
691,963,0.10765492060043144
691,975,0.068236204052661
691,979,0.012000201642892444
691,990,0.018165819372114457
691,1105,0.0190313987530409
691,1110,0.02064098123550101
691,1519,0.02002938306876472
691,1529,0.012135264485531433
691,1630,0.14164282786606847
691,1802,0.02045488959960732
691,1817,0.017751246083059283
691,1854,0.020013495616859125
691,2252,0.010008232272026078
691,2531,0.13430538417127671
691,2554,0.016486100620416968
691,2838,0.04006596442928645
691,2934,0.011279061035513842
691,2944,0.014870483228466014
691,3016,0.007708041867844817
691,3083,0.0353778716152278
691,3464,0.16425236562240908
691,3465,0.022794374731953452
692,693,0.032144608349731166
692,695,0.018603917744324794
692,741,0.013969546816388673
692,742,0.01206713050758389
692,743,0.08162649651955034
692,751,0.05075753315704347
692,940,0.026328962799490548
692,965,0.1349247748021281
692,974,0.02927641989850678
692,1067,0.02644490033800177
692,1115,0.16156070511827633
692,1128,0.018340377385265907
692,1218,0.018694707414072972
692,1528,0.042183027909959064
692,1715,0.024927042769438815
692,1719,0.016877001088072947
692,1806,0.008583551893312375
692,1807,0.010255795283418525
692,1812,0.05200647726754742
692,1937,0.00923262988546797
692,1938,0.00861471929081084
692,2418,0.05808745382078579
692,2423,0.01914940021118965
692,3125,0.008820146961580292
692,3182,0.008488491186040238
692,3208,0.020941470393883825
692,3209,0.01821953750208856
692,3274,0.01726306440229209
692,3275,0.01786134374016582
692,3299,0.03374876554358103
693,695,0.07584548188729102
693,697,0.008388566628224285
693,698,0.008709303365140537
693,699,0.008760618255622209
693,700,0.009079152427213355
693,701,0.00954604786665387
693,741,0.03232869793933773
693,742,0.027891218686764904
693,743,0.020511002196975058
693,751,0.04678651042980512
693,940,0.06054196322111692
693,965,0.01504481598848063
693,1115,0.008626525865012547
693,1168,0.01139415072974756
693,1169,0.009224346406715836
693,1170,0.0071790539671348595
693,1171,0.006154882655237897
693,1172,0.00534887047608688
693,1173,0.00417380936073541
693,1528,0.11322184615567414
693,1550,0.004149887243605261
693,1637,0.017951694042880214
693,1684,0.004920563711719234
693,1685,0.004773277038636735
693,1686,0.004834038730010118
693,1715,0.011223088123199169
693,1859,0.012411562541085837
693,1860,0.00989090071913197
693,1937,0.016684356077696486
693,1938,0.017809190460530342
693,1939,0.014129503015921861
693,1940,0.012207658769508424
693,1949,0.007719535881253406
693,1950,0.0071181421286295255
693,1951,0.005737656723463526
693,1952,0.004806025892302272
693,1953,0.004419593643837224
693,2387,0.008643971348827063
693,2388,0.007267309547971637
693,2389,0.0060942496428775085
693,2390,0.00532266095516329
693,2391,0.004655933561955847
693,2392,0.004293538221857734
693,2393,0.004332287187321302
693,2418,0.0822999659278913
693,2423,0.031260670794303655
693,3178,0.009893821266852607
693,3179,0.01020457833284984
693,3180,0.012862266298731382
693,3181,0.013338883028225577
693,3182,0.014936335916336713
693,3208,0.013370096614379465
693,3209,0.016412478971796735
693,3274,0.030972972891818825
693,3275,0.06291984580530453
693,3299,0.011374594433152526
695,697,0.01068551773539381
695,698,0.011097845940696972
695,699,0.011378743175238364
695,700,0.011804511590023957
695,701,0.01257602231556351
695,741,0.04378882171064016
695,742,0.03763675468738981
695,743,0.023697341503466942
695,751,0.03313940655252054
695,940,0.052535129125595346
695,965,0.011090260343620786
695,1115,0.0063545197859305015
695,1168,0.015153710156970503
695,1169,0.012848327369731667
695,1170,0.010191761917199907
695,1171,0.008746721187667185
695,1172,0.007660750544241688
695,1173,0.0059902000576961675
695,1528,0.08164196227176054
695,1550,0.006145791727562436
695,1637,0.024862381702561363
695,1686,0.005359953570001804
695,1715,0.011097978745752824
695,1859,0.01754689866646719
695,1860,0.014123193924371138
695,1937,0.018892123883423234
695,1938,0.021507590831734865
695,1939,0.018162501453021944
695,1940,0.015787877512884543
695,1949,0.008895810798967651
695,1950,0.008268914529207827
695,1951,0.006610928130986003
695,1952,0.005496973240222137
695,2387,0.010220672576091168
695,2388,0.009095181828769693
695,2389,0.007553329227059519
695,2390,0.006665638446141439
695,2391,0.005777788605619239
695,2392,0.005342137775650421
695,2393,0.005342342615231409
695,2418,0.05982079684884831
695,2423,0.031756708637461765
695,3178,0.011571466625047839
695,3179,0.011784892412834575
695,3180,0.014591157591303507
695,3181,0.015083208095019908
695,3182,0.0168697922932098
695,3208,0.013201116827406708
695,3209,0.016333256710937213
695,3274,0.05198442631891883
695,3275,0.10484835856780758
695,3299,0.01138050130812782
697,698,0.03476790164051595
697,699,0.06290404715049557
697,700,0.030767447555105343
697,701,0.027854053601012153
697,741,0.005872291149099202
697,742,0.00682963048963594
697,751,0.002734332493579563
697,767,0.003732529406848404
697,940,0.0047239799578059835
697,982,0.0020042571941543946
697,1081,0.009873047901091609
697,1082,0.009079106639349313
697,1083,0.002422630076833179
697,1084,0.002217211324064452
697,1097,0.010539341892818467
697,1099,0.00209886195134189
697,1168,0.01583778809575953
697,1169,0.026662730776550864
697,1170,0.022592890224256777
697,1171,0.0210430875338693
697,1172,0.01848299518609051
697,1173,0.015462347740307811
697,1174,0.012558475869775413
697,1175,0.0033772078855845485
697,1176,0.00380437309504948
697,1177,0.004667138408881096
697,1178,0.004598091539532946
697,1179,0.002350336213020645
697,1180,0.002624164783093862
697,1181,0.0027833135396019256
697,1182,0.0028718048487251673
697,1183,0.0027394421059462573
697,1184,0.0037736176402601448
697,1185,0.0021050531961775867
697,1528,0.0031468544466340073
697,1550,0.006209036556104882
697,1637,0.009718995374499793
697,1683,0.0023936871799897256
697,1684,0.0035270250947528584
697,1685,0.005874704696103752
697,1686,0.006630855883892381
697,1715,0.0019965847015496504
697,1809,0.004630941960454253
697,1810,0.004729461854428476
697,1815,0.0029385976638560273
697,1859,0.011338385541031866
697,1860,0.011328100788660443
697,1931,0.006472822640277439
697,1932,0.006265330090127906
697,1933,0.005677389200383263
697,1934,0.005493293425385637
697,1935,0.005497571138555669
697,1936,0.0056477132418034925
697,1937,0.009694898047132512
697,1938,0.011035194523604472
697,1939,0.014162780120870811
697,1940,0.01622728976910067
697,1949,0.011677358879526915
697,1950,0.011989112931883329
697,1951,0.010002334003708008
697,1952,0.008394274609714503
697,1953,0.008155415101884127
697,2383,0.0031821588101739
697,2384,0.0029948362843136666
697,2385,0.002774616281712805
697,2386,0.0026611842997999605
697,2387,0.014526842241848196
697,2388,0.03958105187760583
697,2389,0.016316866209181522
697,2390,0.029744158099892185
697,2391,0.012745049395772525
697,2392,0.023733276806454248
697,2393,0.011663169019118874
697,2394,0.01030414882022345
697,2395,0.006930227042910531
697,2396,0.014443048141433266
697,2397,0.011446525654635312
697,2398,0.005386559566181877
697,2399,0.004616346656427769
697,2400,0.004402970778076177
697,2401,0.003913087301448649
697,2402,0.003694775067949002
697,2418,0.0023732193646478104
697,2423,0.004953952640393588
697,2550,0.004621413774298275
697,2820,0.00457082712556206
697,2821,0.0039163449238818265
697,2822,0.0038311782746325005
697,2930,0.003071023439461534
697,2931,0.0037453027166746058
697,2947,0.007663659624791083
697,2948,0.0036100464516456688
697,2949,0.003376129906512696
697,2950,0.002612938200798173
697,2951,0.002509901360884116
697,2952,0.0047086588411217965
697,2953,0.0023256450909612874
697,2954,0.002152060939869385
697,2956,0.010412385638255459
697,2957,0.004321566516094127
697,3084,0.0022502388732188352
697,3098,0.002968879135981969
697,3100,0.003268507100937501
697,3101,0.002335568682248272
697,3121,0.005667023951728732
697,3127,0.004672031826686306
697,3178,0.013566563518226273
697,3179,0.012456546565617559
697,3180,0.010782437168283653
697,3181,0.010492429841734239
697,3182,0.01005907751225466
697,3208,0.002756734306607183
697,3209,0.0038085884030190404
697,3274,0.003644472617384656
697,3275,0.0035639997077857913
697,3276,0.005403747567603276
697,3277,0.004854461462884006
698,699,0.032338711869344575
698,700,0.06376024008692056
698,701,0.05785127460901475
698,741,0.006188112429285813
698,742,0.0071967688873825235
698,751,0.002877811974712174
698,767,0.0036469644402672896
698,940,0.004977808675783423
698,982,0.0020063404429163244
698,1081,0.004894876926586748
698,1082,0.004494376903580541
698,1083,0.002398318644039777
698,1084,0.002191583152922
698,1097,0.005232709874528684
698,1099,0.0020510061101858094
698,1168,0.033188698012778066
698,1169,0.013742939496576853
698,1170,0.011508014370716626
698,1171,0.010649652944153503
698,1172,0.009324072351136792
698,1173,0.00775390303042386
698,1174,0.006246694050053262
698,1175,0.0033698583016583835
698,1176,0.0037915843679971707
698,1177,0.004636761929756427
698,1178,0.004560439276437123
698,1179,0.002349774208334681
698,1180,0.0026193115455482342
698,1181,0.00277747180337585
698,1182,0.0028596068750372755
698,1183,0.0027289378469506163
698,1184,0.0037597456669582305
698,1185,0.002105673240997108
698,1528,0.0033140002995036594
698,1550,0.006270514229801592
698,1637,0.010225635032304423
698,1683,0.0024388497112056992
698,1684,0.0035893618973860462
698,1685,0.005913069429383386
698,1686,0.006658006339751518
698,1715,0.0020816518270720145
698,1809,0.004535574478679893
698,1810,0.004638104184477011
698,1815,0.002871614194953726
698,1859,0.011838471154484841
698,1860,0.011722033879868907
698,1931,0.006402976209201977
698,1932,0.006194353140646366
698,1933,0.005625726334703852
698,1934,0.005411599742462247
698,1935,0.005413656829711901
698,1936,0.005553637041596263
698,1937,0.0202655554839674
698,1938,0.02320667173507508
698,1939,0.029848688940788473
698,1940,0.034185355289058104
698,1949,0.011815173455939616
698,1950,0.012068588776184011
698,1951,0.01000453542286663
698,1952,0.008372169937589045
698,1953,0.008111555632218936
698,2383,0.0031095541183977513
698,2384,0.002926652339116969
698,2385,0.0027112589582811973
698,2386,0.0026002329361969594
698,2387,0.02951346396565242
698,2388,0.019461890889077745
698,2389,0.01601715347327002
698,2390,0.01454386860481097
698,2391,0.012473147310420195
698,2392,0.011606049429025293
698,2393,0.011421327687754567
698,2394,0.010084312261943706
698,2395,0.006770328070694506
698,2396,0.007054954168457604
698,2397,0.00559193450637796
698,2398,0.005262279410808783
698,2399,0.00451002433474053
698,2400,0.004301760426129778
698,2401,0.0038235616854590503
698,2402,0.0036109946801378278
698,2418,0.0024977771789929035
698,2423,0.00520570501473974
698,2550,0.004533352161677916
698,2820,0.004494422530362957
698,2821,0.0038490027074691104
698,2822,0.0037529703376530063
698,2930,0.0030030913451861286
698,2931,0.0036660625394532237
698,2947,0.003749313047846403
698,2948,0.0035318014894496798
698,2949,0.003303416196884865
698,2950,0.002558890112953416
698,2951,0.00245854200451928
698,2952,0.002307205971612219
698,2953,0.002278261847468301
698,2954,0.002108662142237529
698,2956,0.005088094971364938
698,2957,0.004224583775999249
698,3084,0.0021987169964345714
698,3098,0.0029538435593613114
698,3100,0.003265938371790312
698,3101,0.0023357100454260973
698,3121,0.002789122830328666
698,3127,0.004569015113773436
698,3178,0.027825039102600427
698,3179,0.025584215148158538
698,3180,0.022362998499300804
698,3181,0.021785892410163116
698,3182,0.02096157396226103
698,3208,0.002872681310086606
698,3209,0.003971776038353039
698,3274,0.003839469728979909
698,3275,0.003754908834083381
698,3276,0.005421091252756073
698,3277,0.004844927186274402
699,700,0.0393186746162835
699,701,0.03586117699149943
699,741,0.0070473165590969715
699,742,0.008220736882991428
699,751,0.003177163574315194
699,767,0.0038951859470662416
699,940,0.005633066847162934
699,1081,0.011766221611105023
699,1082,0.01074870356565915
699,1083,0.0028702067833335358
699,1084,0.0026080694963846814
699,1097,0.0126343682600746
699,1099,0.0022491536545208406
699,1168,0.01996264386257331
699,1169,0.03458246001473038
699,1170,0.028995084035444128
699,1171,0.026688330119158016
699,1172,0.023277853407111703
699,1173,0.01917333911783078
699,1174,0.015158200647478368
699,1175,0.0033238377956642737
699,1176,0.0037438316929561096
699,1177,0.00459518778142522
699,1178,0.0045309323815723454
699,1179,0.00231436025148038
699,1180,0.002582833289944659
699,1181,0.002739353933266762
699,1182,0.002826171765775851
699,1183,0.002695849564710422
699,1184,0.0037135532071862895
699,1528,0.003691793420025695
699,1550,0.007842669160397145
699,1637,0.01202044889486353
699,1683,0.0024116932807930883
699,1684,0.0035450726321497737
699,1685,0.005811776730545325
699,1686,0.006545956289473461
699,1809,0.004700175912803277
699,1810,0.004766852799098788
699,1815,0.0030567526436895975
699,1859,0.014529114491923107
699,1860,0.014686582142878954
699,1931,0.006391368819619435
699,1932,0.006190266873583284
699,1933,0.005597705990895818
699,1934,0.005458790707596932
699,1935,0.005467708367488956
699,1936,0.00563663173580914
699,1937,0.010598732711736935
699,1938,0.012586536585150413
699,1939,0.01686020326826738
699,1940,0.01951791319259839
699,1949,0.011621623775732386
699,1950,0.011862008370312095
699,1951,0.009852022360569198
699,1952,0.008261322314716107
699,1953,0.008026756665226514
699,2383,0.003406342025308422
699,2384,0.0032105214883611215
699,2385,0.002969188246193154
699,2386,0.0028416459585860906
699,2387,0.014536852883451816
699,2388,0.039240315253956465
699,2389,0.016301770768366825
699,2390,0.030360642267124986
699,2391,0.012951946610302864
699,2392,0.02426536781106948
699,2393,0.011812830899030962
699,2394,0.010487866292219728
699,2395,0.007281339091291541
699,2396,0.015247156716157896
699,2397,0.012181642856243506
699,2398,0.005687215077892007
699,2399,0.004895346419355093
699,2400,0.004681211413433716
699,2401,0.004179005990261355
699,2402,0.003968314400865865
699,2418,0.0027586544797041776
699,2423,0.005646072681440508
699,2550,0.004652571340106442
699,2820,0.0045635563052040485
699,2821,0.003916244108631357
699,2822,0.003885086964062583
699,2930,0.0031596262206278858
699,2931,0.003817441603538258
699,2947,0.008385477339391597
699,2948,0.003943466973563147
699,2949,0.0036950331774425215
699,2950,0.002889215158758802
699,2951,0.002781776148336991
699,2952,0.00524182796749781
699,2953,0.002580139988608161
699,2954,0.0023926616597631095
699,2956,0.0111707538548466
699,2957,0.004662584699303751
699,3084,0.0023479187045064276
699,3098,0.0035904644576563237
699,3099,0.0023152444295411827
699,3100,0.00401249067463818
699,3101,0.002875883856693248
699,3121,0.006514419276516725
699,3127,0.004799729222880221
699,3178,0.013829552502929674
699,3179,0.012747012272221293
699,3180,0.011374390140816338
699,3181,0.011117298769817006
699,3182,0.010823986401611401
699,3208,0.002981256065244787
699,3209,0.0041317336206366006
699,3274,0.004439385158125153
699,3275,0.0043345226763513035
699,3276,0.0067110907183953895
699,3277,0.005932560115370726
700,701,0.07530996520192335
700,741,0.007454060492344531
700,742,0.008695944395414396
700,751,0.003353418059272789
700,767,0.0038287615338202653
700,940,0.005956652790402096
700,1081,0.0058597955670583405
700,1082,0.0053457300965118705
700,1083,0.0028564064248343297
700,1084,0.0025917623723626495
700,1097,0.0063003268630470975
700,1168,0.042186552867427826
700,1169,0.017924107108673076
700,1170,0.014821371828697086
700,1171,0.013546815325277989
700,1172,0.01178117929441166
700,1173,0.009649019908358343
700,1174,0.007570055952701169
700,1175,0.0033295179615884774
700,1176,0.0037462734604247917
700,1177,0.004585457151908809
700,1178,0.004514614775231848
700,1179,0.0023223817545117453
700,1180,0.0025880226399273096
700,1181,0.002744239240432276
700,1182,0.0028257653391791896
700,1183,0.0026964574631409
700,1184,0.0037149374522280273
700,1528,0.0038998742730453604
700,1550,0.007955384072372297
700,1637,0.012714834866455478
700,1683,0.0024622597627936837
700,1684,0.0036146805818758855
700,1685,0.005865739474651331
700,1686,0.006592422903095859
700,1809,0.004630940279502507
700,1810,0.004702321503537152
700,1815,0.0030049532611265144
700,1859,0.015278214502128412
700,1860,0.015293583840075122
700,1931,0.0063544121735188
700,1932,0.006151477995283839
700,1933,0.005573345834888531
700,1934,0.00540718951545703
700,1935,0.005414113077015274
700,1936,0.005574426453682448
700,1937,0.022140338154631754
700,1938,0.02647998249023931
700,1939,0.035623338381667015
700,1940,0.04125138198860287
700,1949,0.01177113182217806
700,1950,0.011964411413603875
700,1951,0.00988771036269411
700,1952,0.008271880040888321
700,1953,0.008018349125005863
700,2383,0.0033482043859527264
700,2384,0.00315587836191313
700,2385,0.002918507605757543
700,2386,0.0027929865947999982
700,2387,0.029513168758769172
700,2388,0.019471695624223774
700,2389,0.01612702638242852
700,2390,0.014954501263840896
700,2391,0.012764137873638198
700,2392,0.011946695040986504
700,2393,0.011646566798703906
700,2394,0.010331823916974204
700,2395,0.007156218773473536
700,2396,0.007492123335228944
700,2397,0.005985940318633662
700,2398,0.005589105458353599
700,2399,0.004810917002129373
700,2400,0.004600594084255373
700,2401,0.0041073849711959765
700,2402,0.003900961148461373
700,2418,0.0029118862863392286
700,2423,0.005944553289374585
700,2550,0.004590659716128505
700,2820,0.004512506612637473
700,2821,0.0038705116233601847
700,2822,0.0038282523800169154
700,2930,0.0031081661649557005
700,2931,0.003758920620376053
700,2947,0.0041255982580114346
700,2948,0.003879916776990409
700,2949,0.0036360118109930763
700,2950,0.002845550874285315
700,2951,0.002740347729464146
700,2952,0.002583036804372515
700,2953,0.0025419930156677594
700,2954,0.0023578149636415877
700,2956,0.00549019972844203
700,2957,0.004584183207195437
700,3084,0.002307840414539309
700,3098,0.0035903767503232143
700,3099,0.002318728118833845
700,3100,0.004029336561435494
700,3101,0.0028912444682661033
700,3121,0.003223313907004304
700,3127,0.004722365838425873
700,3178,0.028305270938915654
700,3179,0.026136618655734974
700,3180,0.023553652880631097
700,3181,0.023050239535029608
700,3182,0.02253033328963061
700,3208,0.003111106043087981
700,3209,0.004313839071724577
700,3274,0.004697068067161246
700,3275,0.004586125376287356
700,3276,0.006762240047688472
700,3277,0.005947461002178758
701,741,0.008809952837259707
701,742,0.010290285161024081
701,751,0.003887098271834661
701,767,0.003933390912198382
701,940,0.007016187240982551
701,1081,0.006539726518565554
701,1082,0.005938497201327871
701,1083,0.0031824599159160387
701,1084,0.002872645821947923
701,1097,0.007061157333111896
701,1168,0.0510225317621781
701,1169,0.021829822957875278
701,1170,0.017639680398787504
701,1171,0.015885492089661682
701,1172,0.013734355493513864
701,1173,0.01109800251831959
701,1174,0.008520273839812808
701,1175,0.003368091696171065
701,1176,0.0037862795290649564
701,1177,0.004625642027565575
701,1178,0.004550907104931395
701,1180,0.0026188147089755425
701,1181,0.0027763074766032052
701,1182,0.0028543311259386257
701,1183,0.002724484512557134
701,1184,0.0037537995850442088
701,1528,0.004548822451506695
701,1550,0.00934088772017742
701,1637,0.0152913641993465
701,1683,0.0025604221650899744
701,1684,0.003748305090398213
701,1685,0.005981751134098401
701,1686,0.006704018814547444
701,1809,0.004697572681773529
701,1810,0.00475760933784727
701,1815,0.0030829342794132966
701,1859,0.01875622647557771
701,1860,0.01874276851538493
701,1931,0.006401298644417434
701,1932,0.006196475382462534
701,1933,0.005616495717512538
701,1934,0.0054490671328071075
701,1935,0.005456893760722847
701,1936,0.005622821501770899
701,1937,0.02434579577903337
701,1938,0.02994652819458104
701,1939,0.04123077088774977
701,1940,0.04761556820669031
701,1949,0.01204894130293848
701,1950,0.012179285120228266
701,1951,0.010014824462371986
701,1952,0.008362350251053429
701,1953,0.008092824988766944
701,2383,0.0034869831493316698
701,2384,0.003289721705803479
701,2385,0.0030396409109254576
701,2386,0.0029055772855846717
701,2387,0.030276812881401938
701,2388,0.019615220970089674
701,2389,0.0162642342601072
701,2390,0.01516939877733519
701,2391,0.012937142702631884
701,2392,0.012136386317038846
701,2393,0.01179404482460958
701,2394,0.010482754661778074
701,2395,0.007367393436800923
701,2396,0.007730151385084696
701,2397,0.006206136843754282
701,2398,0.005771919665828809
701,2399,0.004981271144000392
701,2400,0.004770541231228831
701,2401,0.0042704614898915316
701,2402,0.004069085015051161
701,2418,0.0033773684437599805
701,2423,0.006781943673223001
701,2550,0.004642814203736377
701,2820,0.004552222462823146
701,2821,0.003906305054363827
701,2822,0.0038823825780821305
701,2930,0.003172081414340894
701,2931,0.0038200078441156166
701,2947,0.004349501828535215
701,2948,0.0040870617232396725
701,2949,0.0038351586049104815
701,2950,0.0030220337973135163
701,2951,0.0029148154529856215
701,2952,0.0027555606376888932
701,2953,0.0027059560252684265
701,2956,0.005718365269094821
701,2957,0.004792183787854939
701,3098,0.004063467422231758
701,3099,0.0026380661847577496
701,3100,0.004617121862603566
701,3101,0.0033251690490126926
701,3121,0.0035113887214602516
701,3127,0.004814602973850877
701,3178,0.029445879551813138
701,3179,0.02730318337865708
701,3180,0.025200343420636775
701,3181,0.024750616903907945
701,3182,0.024478589390371924
701,3208,0.003423901392263547
701,3209,0.004753382773340247
701,3274,0.0056149310936411435
701,3275,0.005477064022274028
701,3276,0.007812528056009243
701,3277,0.006776280104115684
702,910,0.11977383329535665
702,911,0.0871038668567346
702,912,0.10459658060498568
702,963,0.02183688870481992
702,990,0.0707926608743666
702,1110,0.065535132666
702,1229,0.07890876792000572
702,1519,0.020222268305019577
702,1529,0.012518076371063709
702,1630,0.013269029441193484
702,1927,0.07101805738438466
702,2252,0.009646166084298517
702,2934,0.05287136394873804
702,2944,0.09653277853456697
702,2958,0.13421363974231493
702,3367,0.04116088926615091
740,745,0.09107448947846825
740,762,0.023017130515527166
740,974,0.022346911396060577
740,991,0.01631780670653963
740,1067,0.02413984094735954
740,1113,0.007327730446644099
740,1115,0.008459765854989308
740,1128,0.020026218333064717
740,1218,0.03731468381599778
740,1247,0.05684061976924907
740,1522,0.02285586106306149
740,1526,0.010644444251768092
740,1546,0.023577425461266368
740,1675,0.009665315956137793
740,1719,0.04555078500548782
740,1806,0.050268992162972176
740,1807,0.041115690139397046
740,1812,0.01426651838430558
740,2198,0.03945505433007803
740,2519,0.02413048372016609
740,2941,0.0271311453931769
740,2942,0.08312338474176809
740,3014,0.09303431136128387
740,3015,0.1028774615139875
740,3125,0.07604538637356677
740,3260,0.021019318558550586
740,3261,0.00837322431912572
741,742,0.13799537712383034
741,743,0.00727509806474606
741,751,0.02207509548425743
741,940,0.04256028750977786
741,965,0.007088578487101769
741,1168,0.01844588932380743
741,1169,0.015254608958992773
741,1170,0.011919192956257275
741,1171,0.01021872893670632
741,1172,0.008888721871193299
741,1173,0.0069365576294922295
741,1174,0.004927072042808296
741,1528,0.026693653967871097
741,1550,0.013778378570191274
741,1637,0.08916860486696736
741,1684,0.005459519830318604
741,1685,0.006017569717809266
741,1686,0.006253796505791375
741,1715,0.009120641466201233
741,1859,0.04122380760321244
741,1860,0.03287973371434484
741,1931,0.00446909306223588
741,1937,0.022014331701311982
741,1938,0.02607554978758123
741,1939,0.022287798754427265
741,1940,0.019354724887043876
741,1949,0.010640605563631713
741,1950,0.009941681479211482
741,1951,0.007922425709488616
741,1952,0.006564773936061389
741,1953,0.0060858569135392145
741,2387,0.012377953873566095
741,2388,0.011164927991119301
741,2389,0.009267560907191025
741,2390,0.008183190486783226
741,2391,0.007090842284382412
741,2392,0.006557349621332921
741,2393,0.006553209975300423
741,2394,0.005756050354848848
741,2418,0.019382579026933466
741,2423,0.02941177203152429
741,3178,0.013927062009499263
741,3179,0.014077489062838504
741,3180,0.017149318031723402
741,3181,0.01766742638281348
741,3182,0.019683810896204957
741,3208,0.011497901679321569
741,3209,0.015067225409030436
741,3274,0.06456782147715841
741,3275,0.03183224465092787
741,3276,0.0105084622924054
741,3299,0.008738045128883438
742,743,0.006669369406363984
742,751,0.020403920329281157
742,940,0.038877487571284244
742,965,0.006547250314658635
742,1097,0.005022024580796136
742,1168,0.022982740458337633
742,1169,0.018945174620001358
742,1170,0.014750004881897578
742,1171,0.012646084716162806
742,1172,0.01098149771261909
742,1173,0.008568486353839985
742,1174,0.0061027990785235365
742,1528,0.02452880201287517
742,1550,0.016848517359180443
742,1637,0.11067470895291392
742,1684,0.0061045537220596555
742,1685,0.007026929669294586
742,1686,0.007363904821046904
742,1715,0.009038345540579534
742,1859,0.05098264003233314
742,1860,0.0405863973361796
742,1931,0.005389285106332241
742,1932,0.005176835889483947
742,1933,0.004929540528970472
742,1937,0.02556636183375119
742,1938,0.03140370252993249
742,1939,0.02763868175332571
742,1940,0.024043821864828594
742,1949,0.012740742601688495
742,1950,0.011961544451972598
742,1951,0.009512403843638828
742,1952,0.007864202935596993
742,1953,0.007311582786014142
742,2387,0.014985214603332653
742,2388,0.013797612449032414
742,2389,0.011431017082565295
742,2390,0.01012196201535179
742,2391,0.008754737988790694
742,2392,0.008102363414359767
742,2393,0.008079448415340496
742,2394,0.007099494124671825
742,2396,0.004883915594025571
742,2418,0.017861440368490297
742,2423,0.029359902543840792
742,3178,0.016745979305454142
742,3179,0.01680803959028601
742,3180,0.020153993678822462
742,3181,0.02069643146235973
742,3182,0.022942982758338618
742,3208,0.011606301413660439
742,3209,0.015486061824490296
742,3274,0.06041888550136451
742,3275,0.02966042855113777
742,3276,0.012900007917434585
742,3277,0.010446643822270136
742,3299,0.00846678997881487
743,751,0.0566043674529712
743,940,0.030141832979348044
743,965,0.128897707366431
743,974,0.024977009998139607
743,1067,0.03994671476487102
743,1115,0.08729994995905656
743,1128,0.031080117990686475
743,1218,0.02961755168162307
743,1528,0.09591973357432286
743,1715,0.03604793782210545
743,1807,0.016694765335542438
743,1812,0.044691691392670624
743,1937,0.014713814059496554
743,2418,0.1303199232651742
743,2423,0.03088423383377045
743,3208,0.030843883378598586
743,3209,0.027472711919384205
743,3274,0.031065086771411676
743,3275,0.06429257132428468
743,3299,0.04848839513011124
744,935,0.057196291977931475
744,966,0.025082618163357807
744,976,0.04137354647386831
744,1246,0.05958164030971425
744,1283,0.07322724176316647
744,1284,0.05445780793029887
744,1687,0.110763855849733
744,1872,0.04858797335892743
744,2171,0.026046782747635354
744,2283,0.060543614048873436
744,2945,0.0537542827231701
744,3077,0.030478034108344754
744,3081,0.030510929189754035
744,3210,0.026278362374976105
744,3214,0.023405346494573404
744,3233,0.034368594341084184
744,3418,0.0283013295645954
744,3419,0.08838620883183505
744,3466,0.02638635415496167
744,3469,0.03310803747537865
744,3470,0.04563892997167866
744,3471,0.022522218146141606
745,762,0.028134650968316664
745,848,0.011182190154086296
745,974,0.011474200441983913
745,991,0.04757795220952691
745,1113,0.023659443348217603
745,1114,0.02151611164451379
745,1128,0.009701655911277965
745,1218,0.01605632983033637
745,1247,0.10541008592308382
745,1522,0.021780699392294045
745,1526,0.01915753172827689
745,1546,0.05105898891199729
745,1600,0.010661594811099124
745,1719,0.02305277050349851
745,1806,0.023338881926072027
745,1807,0.019317095067499422
745,1817,0.008265332735866701
745,1862,0.0182930289803283
745,1947,0.045122000533647406
745,2198,0.03788792351226075
745,2273,0.026221609715899076
745,2519,0.015327766006898521
745,2554,0.008769679473325128
745,2940,0.020171571018379058
745,2941,0.01861443588367463
745,2942,0.06176457570385048
745,2943,0.05478316272612651
745,3014,0.0598077314912513
745,3015,0.05499847020837122
745,3016,0.01632603810832682
745,3125,0.034190514161840185
745,3243,0.06261781607571024
745,3260,0.013758160892163033
746,747,0.05247676109196505
746,748,0.0333175487117666
746,847,0.033201437097387036
746,1104,0.038417920826968474
746,1108,0.038995156752512715
746,1109,0.04184759324728318
746,1245,0.08686978996550584
746,1250,0.02883460263023544
746,1568,0.04695750767647347
746,2266,0.06482008501942271
746,2548,0.10936160560996137
746,2996,0.005837746622987837
746,2997,0.010990840956827784
746,2999,0.02724844208251542
746,3253,0.008226688453820229
746,3254,0.013755013603511359
746,3255,0.01708905862122855
746,3427,0.1561462750624756
746,3428,0.03869495859132578
746,3429,0.04774377016573423
746,3430,0.09916719721009133
747,748,0.1685171851419664
747,847,0.0687222584848462
747,1104,0.0327502914685709
747,1108,0.03417260140460662
747,1109,0.03559164190698318
747,1245,0.08173035916722399
747,1250,0.06285696913930112
747,1568,0.01785172694941806
747,2266,0.07748659945718739
747,2548,0.08142825645012917
747,2999,0.024004314113196725
747,3255,0.008833659775024913
747,3427,0.07847347401409853
747,3428,0.06898489130325178
747,3429,0.07501959261277005
747,3430,0.08357617861142515
748,847,0.13287871406889795
748,1104,0.022976646491703844
748,1108,0.02231749760682762
748,1109,0.024268654058458888
748,1245,0.08441965943005852
748,1250,0.1213363548551217
748,1568,0.01274600792629241
748,2266,0.09812241921443246
748,2548,0.07286818837233826
748,2999,0.015588210518365772
748,3086,0.009262136883299084
748,3427,0.05879013908807365
748,3428,0.12465610302265075
748,3429,0.12047361405065309
748,3430,0.07929565441282592
750,978,0.00981050683821232
750,1068,0.014046271913788783
750,1525,0.06580780862506919
750,1819,0.03241225625517799
750,1820,0.03527686714211263
750,1821,0.03417828407117272
750,1871,0.04932396405469576
750,1943,0.08033255559324773
750,2284,0.010187276648536586
750,2843,0.019399500580044072
750,2854,0.1785464185767505
750,3027,0.12572751964165463
750,3028,0.18383271827573344
750,3187,0.08443080175240289
750,3432,0.02942792798263094
750,3463,0.047259322048769856
751,940,0.0622324498966739
751,965,0.07795361671747038
751,1067,0.008884807137935012
751,1115,0.022372528483570076
751,1168,0.012076407431599013
751,1169,0.0095915172683311
751,1170,0.007426909342651863
751,1528,0.09860612319851068
751,1637,0.01859263472348616
751,1684,0.007591756091573469
751,1715,0.02405824361743187
751,1812,0.007066489133943571
751,1859,0.012824215884016391
751,1860,0.010205621065498306
751,1937,0.02026277807408344
751,1938,0.01999119722862852
751,1939,0.015226632777616848
751,1940,0.013145817639796942
751,1949,0.009465779772094618
751,1950,0.00864890692059851
751,1951,0.00708931952889532
751,2387,0.010210360389246439
751,2388,0.00810998385046164
751,2389,0.0068835151322519
751,2418,0.10542723730781509
751,2423,0.08536056420055832
751,3178,0.011799907811133135
751,3179,0.01236372040617666
751,3180,0.015826618171450806
751,3181,0.016460442600945584
751,3182,0.018342578588576894
751,3208,0.05215235872930237
751,3209,0.05711195059724191
751,3274,0.036319640830506546
751,3275,0.03740095773333664
751,3299,0.052916411716590055
762,991,0.046932415077810666
762,1113,0.041591490584991946
762,1218,0.010416401389212498
762,1247,0.08011086853565604
762,1522,0.10985748237140051
762,1546,0.15037954384678182
762,1675,0.01364799936993717
762,1676,0.00879316857558351
762,1719,0.015269057654988498
762,1806,0.017221240628240347
762,1807,0.014263412757622865
762,2198,0.015972779573671235
762,2519,0.07801070746219506
762,2941,0.09499388692590116
762,2942,0.08673772650678124
762,3014,0.07767408072943477
762,3015,0.06982618276986029
762,3125,0.017745943024801338
762,3260,0.037683656477788256
762,3261,0.012871955737340849
763,963,0.02511484959440656
763,964,0.03515714440761846
763,975,0.0176235967657006
763,979,0.08148359024816135
763,1215,0.04575419009801117
763,1216,0.054068760847024985
763,1630,0.025296141733417196
763,1854,0.1297782194964273
763,2208,0.016366168261427366
763,2531,0.04749984476004254
763,3024,0.05470525957920788
763,3083,0.17412340765345038
763,3464,0.039130550593656395
763,3465,0.2538982759614479
766,978,0.08127600667258078
766,1871,0.03212854941227797
766,2265,0.23007486573580843
766,2284,0.021969156241786785
766,2938,0.3625748725832654
766,3211,0.27197654935428056
767,961,0.0032230698867190123
767,962,0.0047641506437068985
767,981,0.0017609102063521475
767,982,0.0018518971747223216
767,1081,0.0036271828024774634
767,1082,0.0038109067019537046
767,1083,0.0027926076059934584
767,1084,0.002917502144890214
767,1085,0.002854594906099952
767,1086,0.0029883314110583435
767,1087,0.0031764559994251983
767,1088,0.0031065860185400494
767,1089,0.0029902922204325722
767,1090,0.004164865228893704
767,1091,0.0026814493925044966
767,1092,0.0034185410963097945
767,1093,0.003330009915298874
767,1094,0.00279478248984698
767,1095,0.001946759927690464
767,1096,0.0023521876572311917
767,1097,0.003465089298101609
767,1098,0.002678337853911268
767,1099,0.009519012589758334
767,1100,0.0076622824170964445
767,1101,0.0065512960010900905
767,1127,0.0024979434618525465
767,1168,0.0020948551212775037
767,1169,0.0021317793347311524
767,1170,0.002287820073895242
767,1171,0.0024882423049533585
767,1172,0.0025242202438365224
767,1173,0.002750143211765308
767,1174,0.0033870767012855615
767,1175,0.0030063851149822376
767,1176,0.0033802492146904556
767,1177,0.004278075011121459
767,1178,0.004645526672918123
767,1179,0.0021998804945882666
767,1180,0.002560230784974419
767,1181,0.002687015284149564
767,1182,0.0030611961658215145
767,1183,0.002914183552192665
767,1184,0.0034204227256102245
767,1185,0.0019888118285372
767,1547,0.00172980406943003
767,1550,0.0020221564788816962
767,1685,0.002723629310912089
767,1686,0.003096044909037031
767,1809,0.034909515009628106
767,1810,0.03023733266872995
767,1811,0.0063489951530521956
767,1813,0.006100503324162904
767,1815,0.02326477541495079
767,1860,0.001800812217518833
767,1931,0.016601292923617228
767,1932,0.017065195940295888
767,1933,0.007611206436407741
767,1934,0.020974503030489706
767,1935,0.021509123843218743
767,1936,0.023517587051745854
767,1939,0.0018145819936264637
767,1940,0.002077866106611493
767,1944,0.0059664150040243304
767,1949,0.0029625439722684326
767,1950,0.006547789131737417
767,1951,0.007470361892867092
767,1952,0.004032416512104153
767,1953,0.008822135355000552
767,2165,0.0018923014226118647
767,2383,0.025566425913090666
767,2384,0.012165844814961765
767,2385,0.011919697858889657
767,2386,0.01190974903971064
767,2387,0.00291397532997893
767,2388,0.0036259197237719456
767,2389,0.008681027678570081
767,2390,0.004950890995750533
767,2391,0.011362669763142322
767,2392,0.0061599834896007705
767,2393,0.012177288153732646
767,2394,0.013863537477310178
767,2395,0.021181889253474837
767,2396,0.01003521677694845
767,2397,0.011854813438193966
767,2398,0.026378058613904222
767,2399,0.02862759111277975
767,2400,0.02847213464733972
767,2401,0.02758955685667363
767,2402,0.012673107933985975
767,2550,0.029562299036696094
767,2820,0.01202126560394482
767,2821,0.01231826300391248
767,2822,0.0173437526599572
767,2837,0.001971285663319536
767,2930,0.021363704199696066
767,2931,0.019276220687951796
767,2947,0.009787132077124238
767,2948,0.00992154528703618
767,2949,0.00950310784988484
767,2950,0.007403116851466785
767,2951,0.007017258466680108
767,2952,0.006373531930559076
767,2953,0.006625307449237976
767,2954,0.006137297343332756
767,2955,0.004614359096158778
767,2956,0.011771486827542591
767,2957,0.011813179507014646
767,3011,0.0019544084736793236
767,3012,0.001952559758381704
767,3084,0.017965857393589735
767,3085,0.00881139426689325
767,3098,0.0023807346393920647
767,3099,0.0016640533241888509
767,3100,0.0020529893860038893
767,3121,0.004565502893102101
767,3127,0.04239717467315985
767,3178,0.002510109553463862
767,3179,0.0023604856595431266
767,3180,0.001839750415712951
767,3181,0.0017682803273642998
767,3276,0.0023247354553390287
767,3277,0.0026864233006407413
847,1104,0.008473266243129758
847,1108,0.007882535069284104
847,1109,0.00878048767928296
847,1245,0.08068661019010448
847,1250,0.21861366543161295
847,1568,0.010754194864451177
847,2162,0.010661186402684712
847,2266,0.1049795741248824
847,2548,0.06545105033865813
847,3086,0.017855217750501442
847,3427,0.04901790571055531
847,3428,0.19172417087960708
847,3429,0.15240073008036378
847,3430,0.07271940523488177
848,910,0.007554271995729275
848,963,0.011985955479771992
848,975,0.023965007600969264
848,990,0.012884282029556752
848,991,0.02362189632516401
848,1105,0.08575941236709723
848,1110,0.01405853717762716
848,1113,0.11161635697209175
848,1114,0.008308281058632865
848,1247,0.01462369652098387
848,1519,0.030177172777140004
848,1523,0.0074165433136678316
848,1529,0.019337709873446317
848,1546,0.02872543574873587
848,1600,0.007401783231772174
848,1630,0.007894017910812687
848,1802,0.037273603807555615
848,1817,0.18268104651703945
848,1862,0.00855536037280235
848,1947,0.022342868757359944
848,2252,0.021195365589713914
848,2273,0.055841061309021854
848,2531,0.009938206479606079
848,2554,0.09906487381151995
848,2838,0.04068099954970003
848,2934,0.007720289693003736
848,2940,0.00923290467390347
848,2943,0.022335983326099464
848,2944,0.009306587696163651
848,3016,0.02330555949895009
848,3243,0.02412014018163489
848,3464,0.011074788352726392
910,911,0.07660854696072213
910,912,0.02815983765050663
910,963,0.027229910703625723
910,975,0.025551050925603926
910,990,0.1330190233078291
910,1105,0.008990037702565864
910,1110,0.1207666432366213
910,1229,0.019911615148468266
910,1519,0.03783456074502677
910,1523,0.007705182282565735
910,1529,0.023291562980032685
910,1630,0.01365950711191733
910,1802,0.030605073556550396
910,1817,0.008803074716646597
910,1862,0.00757735538740319
910,1927,0.017891814451024515
910,1947,0.008543738510738043
910,2252,0.017750064621070184
910,2273,0.007551859777405319
910,2531,0.006868127461871998
910,2554,0.007674511365612228
910,2838,0.010929155432009065
910,2934,0.08639793627387714
910,2940,0.007379175051941276
910,2943,0.007059348803981776
910,2944,0.1828513706333256
910,2958,0.031999393381071856
910,3016,0.011989666329016515
910,3243,0.006284357077186774
910,3367,0.010738289125122643
910,3464,0.00837820928865944
911,912,0.13023686439954055
911,963,0.016328600054781286
911,975,0.01405977080309633
911,990,0.07017695557806829
911,1110,0.06384645168084614
911,1229,0.023022113662767737
911,1519,0.019962939044949075
911,1523,0.009833448562780032
911,1529,0.050940813567812555
911,1630,0.017659592045320256
911,1802,0.016145350004508802
911,1927,0.08278356094697241
911,2252,0.03922615238950837
911,2838,0.011639514405639654
911,2934,0.21410724070036874
911,2944,0.09691896092531394
911,2958,0.03687541059968765
911,3016,0.02663665468781617
911,3367,0.04956315217741232
911,3464,0.010036453762809563
912,990,0.03662725991131633
912,1110,0.03328854260620336
912,1229,0.0888986217723591
912,1529,0.02807406700569201
912,1927,0.318528966966072
912,2934,0.11900301889131577
912,2944,0.05073269237586659
912,2958,0.13432966125502643
912,3367,0.1905171692161485
934,1125,0.12697416962248811
934,1816,0.28194810164462786
934,1870,0.09480069326565098
934,2937,0.022200941480725538
934,2977,0.0643211603043288
934,3025,0.049661708976404075
934,3296,0.19212929347883173
934,3297,0.16796393122694292
935,966,0.031330070297463236
935,976,0.05559830495493774
935,1102,0.012733189846741865
935,1103,0.011634544359748353
935,1111,0.007308042730272134
935,1246,0.09789681670825691
935,1283,0.045467442383210536
935,1284,0.041261189201756074
935,1642,0.010010186825419072
935,1840,0.00587436582577099
935,1872,0.07771408660396377
935,1873,0.00468237197770897
935,2171,0.032566115828269626
935,2945,0.09018687391875818
935,3077,0.056831490503758915
935,3081,0.04057551759502535
935,3082,0.012509612212769382
935,3118,0.025334135965983856
935,3210,0.03246929454540258
935,3214,0.04108280936520404
935,3281,0.007595457859846803
935,3418,0.02422349479931306
935,3419,0.0391421132175983
935,3466,0.03417730743208021
935,3467,0.027606960999679648
935,3468,0.02648684593774478
935,3469,0.015609492752362486
935,3470,0.021317163163120937
935,3471,0.01382502068059073
935,3472,0.012963466576344096
935,3473,0.012575838702009035
935,3474,0.01803670239756551
935,3475,0.01337367383132288
940,965,0.02121757531503606
940,1115,0.012158334277909444
940,1168,0.023352996514823723
940,1169,0.01923823112099534
940,1170,0.015052083445343577
940,1171,0.012905156745020798
940,1172,0.011236699061418776
940,1173,0.00877046059217254
940,1528,0.08014528590251295
940,1550,0.00877735086103095
940,1637,0.0374841321966735
940,1684,0.008249928121486364
940,1685,0.008512661172560984
940,1686,0.008733454965754648
940,1715,0.016440261310927358
940,1859,0.02602864739205394
940,1860,0.02078440645837957
940,1937,0.030760418982694413
940,1938,0.03460112950845736
940,1939,0.028504332311209753
940,1940,0.024688611175717877
940,1949,0.014433358947845724
940,1950,0.013394445576861732
940,1951,0.01072316881217581
940,1952,0.008926318595456829
940,1953,0.008240877951833028
940,2387,0.01649475010013897
940,2388,0.014403728366945753
940,2389,0.012002706770339254
940,2390,0.010546994551227441
940,2391,0.009172900787774187
940,2392,0.008471687269681758
940,2393,0.008500739424712668
940,2394,0.0074629770401367646
940,2418,0.05806264385785865
940,2423,0.0501351689957945
940,3178,0.018727111495724362
940,3179,0.019120990289764304
940,3180,0.023743650954886564
940,3181,0.024553722856972472
940,3182,0.027469146987239366
940,3208,0.02008307894799042
940,3209,0.025444927152097296
940,3274,0.057954683655714406
940,3275,0.057986132141038725
940,3299,0.016301931037609046
961,962,0.08856332890577678
961,1087,0.004249903666323399
961,1088,0.005465880027226837
961,1089,0.005886483021064593
961,1090,0.00840289836104528
961,1091,0.00641865099467073
961,1092,0.009604146309547852
961,1093,0.01035809841121775
961,1094,0.010097866173874166
961,1095,0.007672148229112351
961,1096,0.010343063065440618
961,1098,0.030439172596736716
961,1099,0.01193344850362623
961,1100,0.013613813830306647
961,1101,0.01572730251506695
961,1127,0.069527620704662
961,1547,0.02616726735004578
961,1809,0.0050375486435394945
961,1810,0.0045433688830605985
961,1811,0.06828841180228153
961,1813,0.04680743955598415
961,1815,0.009144993965273835
961,1944,0.03468374506161772
961,2164,0.01268189160427162
961,2165,0.011631217459901599
961,2166,0.0041376096986755736
961,2167,0.003958868389904461
961,2168,0.007808231507859101
961,2169,0.006978823072251696
961,2383,0.008152394650343984
961,2384,0.00856166207827345
961,2385,0.009300896629436402
961,2386,0.009802110566340894
961,2395,0.003950731579142814
961,2396,0.00377950650943901
961,2397,0.004702737932828572
961,2398,0.005066006605169958
961,2399,0.005866206532474148
961,2400,0.006108663659831516
961,2401,0.0067547250700182365
961,2402,0.006949240791166095
961,2550,0.0045421348886874
961,2820,0.007838747751608536
961,2821,0.008878309388311675
961,2822,0.011598479901258405
961,2837,0.04998332833533615
961,2928,0.014196052973775188
961,2929,0.017731990953912095
961,2930,0.01638450847347172
961,2931,0.012575993410326294
961,2947,0.00592366700822316
961,2948,0.0063111577393644685
961,2949,0.006557687499170323
961,2950,0.007081745564396227
961,2951,0.007047220933753599
961,2952,0.0068792862729944865
961,2953,0.007275745065135025
961,2954,0.007360746852884745
961,2955,0.005925707505293985
961,2956,0.005034171938194731
961,2957,0.005855294621523654
961,3011,0.045031208449798174
961,3012,0.044954114645984665
961,3084,0.024023018653725085
961,3085,0.032363069932023834
961,3121,0.003954385192513951
961,3127,0.005524101133501272
962,1087,0.004297450870759487
962,1088,0.005535407455263597
962,1089,0.005965739652854408
962,1090,0.008503093343733852
962,1091,0.006514902577715655
962,1092,0.009743580326877025
962,1093,0.010515076530115342
962,1094,0.010270707786459637
962,1095,0.007822366426806953
962,1096,0.010543847640459632
962,1098,0.031272939734255205
962,1099,0.01198667233681568
962,1100,0.013695502667153126
962,1101,0.015839742439080994
962,1127,0.0716302208425067
962,1547,0.026548953361333026
962,1809,0.007562651069320635
962,1810,0.006820059396466772
962,1811,0.10268551453114913
962,1813,0.046937907868580854
962,1815,0.013735688556618152
962,1944,0.02321506813881731
962,2164,0.01301500247359976
962,2165,0.011901561169633278
962,2166,0.004252178870164459
962,2167,0.004068518035923184
962,2168,0.007995497706533784
962,2169,0.007160003485925355
962,2383,0.008180095661952207
962,2384,0.008592689086505685
962,2385,0.009334468602305532
962,2386,0.009836182897076561
962,2395,0.003958794227538685
962,2396,0.0037877321098134203
962,2397,0.0047145533476920624
962,2398,0.005077259584407574
962,2399,0.005880636262617308
962,2400,0.006124646334797478
962,2401,0.0067747661729297345
962,2402,0.006972891051534973
962,2550,0.006818017522375867
962,2820,0.011765535397871122
962,2821,0.013325621737868516
962,2822,0.01740998828139878
962,2837,0.05121161803959724
962,2928,0.014369946597345244
962,2929,0.01794849692119977
962,2930,0.024598435193439315
962,2931,0.018878709997695302
962,2947,0.005950179402230644
962,2948,0.006339858129171774
962,2949,0.006589668434560771
962,2950,0.007128795876465032
962,2951,0.007096652846024861
962,2952,0.006932001981948257
962,2953,0.007330380741907952
962,2954,0.007420546012311449
962,2955,0.005983135867188883
962,2956,0.0050488294625963565
962,2957,0.0058753435413462516
962,3011,0.045991066766636036
962,3012,0.04591167074032735
962,3084,0.03608278531629169
962,3085,0.032440562878517924
962,3121,0.00398590862902942
962,3127,0.008295673050559945
963,975,0.16585023188128253
963,979,0.015157291858814967
963,990,0.051120690505230534
963,1105,0.023147357557722566
963,1110,0.05783279831217404
963,1519,0.05197405399653336
963,1529,0.016254387896631237
963,1630,0.10783350885098685
963,1802,0.05198461229820588
963,1817,0.021624207856296956
963,1854,0.02542641358444145
963,2252,0.013223175757037629
963,2531,0.08366530809569173
963,2554,0.019944788578783637
963,2838,0.04881540327451595
963,2934,0.01624439936183991
963,2944,0.04275099611315951
963,3016,0.010007103061709167
963,3083,0.0463438193468952
963,3464,0.10189162340640572
963,3465,0.028907828405641187
964,979,0.06420877768657857
964,1103,0.03619202865862176
964,1215,0.23651720703916448
964,1216,0.1999940621601111
964,1854,0.04080337037928587
964,2208,0.06753177792324383
964,2531,0.014155775619056721
964,3024,0.19792281002903414
964,3083,0.020806433323076426
964,3257,0.04456570502661313
964,3281,0.025334777853863552
964,3465,0.03712287121611107
964,3475,0.014844403085239382
965,974,0.02547737026825405
965,1067,0.04825118656577784
965,1115,0.14198854653906343
965,1128,0.031992083946805826
965,1218,0.033579390354054904
965,1528,0.06562811362083114
965,1715,0.04355732344823216
965,1719,0.014985306626985797
965,1806,0.015323354521526255
965,1807,0.018248762923311845
965,1812,0.04494567918049125
965,1937,0.01499123827166465
965,1938,0.01380122137994099
965,2418,0.09060565861104218
965,2423,0.06155446124699497
965,3125,0.01577746196248137
965,3182,0.013832796582288127
965,3208,0.0718497194608989
965,3209,0.06130606785856259
965,3274,0.026313371916259418
965,3275,0.027219976913102007
965,3299,0.11877090780143013
966,976,0.041314674384086966
966,1102,0.0344509732608311
966,1103,0.005850693078624814
966,1111,0.009004913023774578
966,1246,0.023945809999369568
966,1283,0.01075449509262192
966,1284,0.010897974452959496
966,1642,0.012215173443969834
966,1840,0.007472921272182048
966,1872,0.022311113103975547
966,1873,0.006157651795179318
966,2171,0.10594761974963517
966,2414,0.004255045032717814
966,2523,0.004154402793530116
966,2945,0.023886180390629442
966,3077,0.024922558760226837
966,3081,0.08285390638901058
966,3082,0.035691361407190994
966,3118,0.031213090639122303
966,3210,0.10484445850993818
966,3214,0.01948454973202278
966,3281,0.004026238860762772
966,3418,0.01019969238439803
966,3419,0.00977179712708798
966,3466,0.09784680464458674
966,3467,0.08171923337488526
966,3468,0.03556168921137155
966,3469,0.03304181780132766
966,3470,0.01922062765906601
966,3471,0.048542934061599076
966,3472,0.011863948693832688
966,3473,0.010438442478701432
966,3474,0.00902301723513685
966,3475,0.007114190155644541
974,1067,0.030941173655395622
974,1115,0.05482187266514821
974,1128,0.12146109735618493
974,1218,0.05004988670713341
974,1247,0.012810818633912426
974,1526,0.031424799587658994
974,1719,0.14805414015861385
974,1806,0.0678086104573155
974,1807,0.08231244547794207
974,1812,0.17088705112197222
974,2198,0.08531113235354151
974,2519,0.011055476744318738
974,2941,0.011184499163446172
974,2942,0.017597286527902347
974,3014,0.019713321829229993
974,3015,0.022183992417938406
974,3125,0.04410371446698119
974,3260,0.009709031998801
974,3299,0.008569648676563589
975,990,0.05897920406690034
975,1105,0.0475245694138538
975,1110,0.06740241853813028
975,1113,0.014355955981541501
975,1519,0.08865947355395241
975,1529,0.024742982543000516
975,1630,0.05584775519714072
975,1802,0.09619565832107449
975,1817,0.04434835706051828
975,1854,0.019285534771649716
975,1947,0.013765293018629186
975,2252,0.021524013678547626
975,2273,0.01519339913657814
975,2531,0.06191593142873573
975,2554,0.04101378132508461
975,2838,0.1001186073142396
975,2934,0.017010417724820287
975,2943,0.012411839235038554
975,2944,0.0444817352973014
975,3016,0.017552761074723026
975,3083,0.030536716004608788
975,3243,0.012381300867434952
975,3464,0.07276649979713158
975,3465,0.02198579464936461
976,1102,0.022949479322210305
976,1103,0.01006634129368448
976,1111,0.011485737261598778
976,1246,0.05963730232488613
976,1283,0.026739744493259048
976,1284,0.0266059242576768
976,1642,0.015928178241232455
976,1840,0.009265450374401074
976,1872,0.0531186709187613
976,1873,0.00742612250853677
976,2171,0.060299833398058986
976,2414,0.004611363691293089
976,2523,0.004825245327785472
976,2945,0.05855611716309932
976,3077,0.04910781628593008
976,3081,0.07513000907493382
976,3082,0.022735685433719354
976,3118,0.035073046183143955
976,3210,0.060006990699705914
976,3214,0.035686349763443426
976,3281,0.0066376641437338145
976,3418,0.02009415106710485
976,3419,0.02369912541163332
976,3466,0.06341390535522769
976,3467,0.05068851229469902
976,3468,0.038234549649120146
976,3469,0.026072477318728467
976,3470,0.032142807481620544
976,3471,0.02558671421393012
976,3472,0.01885332739696642
976,3473,0.01748159704332233
976,3474,0.01591342410745946
976,3475,0.011926336499093297
978,1525,0.026984100892828395
978,1819,0.039250485667107586
978,1820,0.03917557671209624
978,1821,0.04258197800683899
978,1871,0.07730896638035804
978,1943,0.02675687952726974
978,2265,0.08888951859221894
978,2283,0.08558817522691793
978,2284,0.21714095326395816
978,2854,0.029006742149680343
978,2938,0.06663030964553551
978,3027,0.04373764270004895
978,3028,0.04093179786938684
978,3187,0.028153157982530312
978,3211,0.12433950458085812
978,3463,0.023524210802365896
979,1215,0.118338979868078
979,1216,0.13956901273652914
979,1630,0.01930805920032954
979,1854,0.2587540430571852
979,2208,0.04372441716709362
979,2531,0.03898875272883191
979,3024,0.1385428310263326
979,3083,0.06594626544182906
979,3257,0.030612641092490827
979,3464,0.03189396660628942
979,3465,0.11432103107501063
980,981,0.10867087403010381
980,982,0.10306645032894109
980,1175,0.0304281050785316
980,1176,0.026568631307806397
980,1177,0.020386107893649377
980,1178,0.01932109418934805
980,1179,0.04346748010389551
980,1180,0.03731903093391053
980,1181,0.035415476457480506
980,1182,0.031253266281157856
980,1183,0.06566725534812813
980,1184,0.0529248108146331
980,1185,0.09602075849546185
980,1678,0.004097540866746555
980,1679,0.004238211373142023
980,1680,0.007125053510184603
980,1681,0.007484293843163975
980,1682,0.009406949445649647
980,1683,0.015745135915977856
980,1684,0.014760829332926842
980,1685,0.012774181395883476
980,1686,0.011422964033226653
980,1809,0.005410317099092365
980,1810,0.006234871409893537
980,1931,0.009275612519681125
980,1932,0.009295313508180959
980,1933,0.010772080793105456
980,1934,0.008432143049412671
980,1935,0.008237096090290363
980,1936,0.007474519041907607
980,1937,0.003790548328610147
980,1949,0.0063183116592612065
980,1950,0.00629216957512061
980,1951,0.007536554125816999
980,1952,0.008790482130199194
980,1953,0.0087482627056258
980,2387,0.005025082183561019
980,2388,0.003673025915638137
980,2389,0.00411130799032778
980,2390,0.003861100737820442
980,2391,0.0042380957115924845
980,2392,0.0041609221917195864
980,2393,0.004519139717453895
980,2394,0.004529349872314546
980,2550,0.006410687158097501
980,2820,0.015762348493793803
980,2821,0.015502870117601476
980,2822,0.010941826435909427
980,2930,0.007772072476303497
980,2931,0.009796667563224573
980,3127,0.004351229116279348
980,3178,0.004938303222208584
980,3179,0.005170186718211169
980,3180,0.004690199525152722
980,3181,0.004606075955479521
980,3182,0.004201909645141873
980,3208,0.0036979878293135044
980,3209,0.0038668284067078017
981,982,0.11821759089718006
981,1175,0.03461573071923221
981,1176,0.03020289815659343
981,1177,0.02320114877886303
981,1178,0.02208705523351262
981,1179,0.05004966605637979
981,1180,0.04296764672906895
981,1181,0.04070375956495881
981,1182,0.036021663835199606
981,1183,0.0757084090731573
981,1184,0.06026538097257569
981,1185,0.11054039351857642
981,1680,0.005809530008662554
981,1681,0.0061760532276481424
981,1682,0.007763156399711461
981,1683,0.013955880810403196
981,1684,0.014056072357197637
981,1685,0.013633794873412826
981,1686,0.012352492783507276
981,1809,0.00623332072487945
981,1810,0.007181529781225272
981,1815,0.003594998031941626
981,1931,0.010517243393369
981,1932,0.010562898908289141
981,1933,0.012236458560603928
981,1934,0.009667682076205846
981,1935,0.009446840682817216
981,1936,0.008574798740876318
981,1937,0.003888234092138205
981,1949,0.006774848666183092
981,1950,0.006801189854164358
981,1951,0.00823519012987612
981,1952,0.009693146618740402
981,1953,0.009718848477927611
981,2387,0.005397163063459904
981,2388,0.0040219227528034305
981,2389,0.00454069205371205
981,2390,0.004295839001235137
981,2391,0.004743837600708498
981,2392,0.004674530940281513
981,2393,0.005074286576223254
981,2394,0.005114310721002767
981,2395,0.003866259458524707
981,2396,0.0036979483286251735
981,2398,0.0034880399789373137
981,2550,0.007385597810632438
981,2820,0.018155156092149724
981,2821,0.017874322720462382
981,2822,0.01261547879168004
981,2930,0.008955271419749318
981,2931,0.011295051823631374
981,3127,0.0050120004118238415
981,3178,0.00524612531880806
981,3179,0.0054599664337137005
981,3180,0.00486435182023358
981,3181,0.004763826800473113
981,3182,0.004324418222994117
981,3209,0.0036780491230560737
982,1175,0.03921281258727206
982,1176,0.03422439554552317
982,1177,0.026337642783693913
982,1178,0.02516080959921951
982,1179,0.05722533127203489
982,1180,0.04922859090463771
982,1181,0.046517591582459
982,1182,0.04140956674114426
982,1183,0.0871415189509651
982,1184,0.06837609877037347
982,1185,0.12775309909264682
982,1680,0.006010879538490048
982,1681,0.00639776948430805
982,1682,0.008041087456909062
982,1683,0.014596581149558271
982,1684,0.014927421114471904
982,1685,0.01500143772060744
982,1686,0.013668980678578746
982,1809,0.007165441727286783
982,1810,0.008251357209600838
982,1815,0.004151170011638181
982,1931,0.011918469097977327
982,1932,0.011987269248055984
982,1933,0.013879736820274623
982,1934,0.011046757243976154
982,1935,0.01079752949925966
982,1936,0.009804163237868159
982,1937,0.004231736926811505
982,1949,0.007483292285628025
982,1950,0.007536196771661009
982,1951,0.009163274947893816
982,1952,0.010825579200380976
982,1953,0.01089270646285459
982,2387,0.005967559503847098
982,2388,0.004483598136202237
982,2389,0.0050805189573301665
982,2390,0.004823313969747634
982,2391,0.0053417975247040325
982,2392,0.005273835630697238
982,2393,0.005722870711596962
982,2394,0.0057856901698399
982,2395,0.004410933741901563
982,2396,0.004215286228982562
982,2398,0.003994688340149148
982,2550,0.008489078440849698
982,2820,0.0208572607282119
982,2821,0.020600407790174566
982,2822,0.014545454944207762
982,2930,0.010344624893344033
982,2931,0.01302465007176207
982,3127,0.005759333995453183
982,3178,0.005776744320841821
982,3179,0.005998833169268795
982,3180,0.005311790771796637
982,3181,0.005197326882324176
982,3182,0.004710871205439964
982,3209,0.003917234207265776
983,985,0.05023594967785077
983,986,0.04019410483514732
983,987,0.029333462412105434
983,988,0.09028423991926277
983,992,0.004427334614463951
983,993,0.007633103657033992
983,1088,0.0035243012634987255
983,1089,0.003869631187431437
983,1091,0.0046035146995806525
983,1092,0.0038438160802716317
983,1093,0.003933758183921117
983,1094,0.004653493112742715
983,1095,0.006729897046390797
983,1096,0.005360009996823695
983,1601,0.003517331115564676
983,2164,0.00541088360104425
983,2165,0.005732556423348056
983,2166,0.014840490627714604
983,2167,0.015387064512547167
983,2168,0.008594278259085986
983,2169,0.009844779918754454
983,2180,0.023703851578675487
983,2181,0.023995328910297715
983,2182,0.06627341784589906
983,2183,0.03905374320579863
983,2184,0.005696805507264093
983,2196,0.004208449961657248
983,2197,0.004204314718690246
983,2307,0.040902329736469616
983,2315,0.028851420245218026
983,2319,0.0035793621648821166
983,2320,0.004051644780154177
983,2321,0.031265321551512876
983,2322,0.004263500574308391
983,2323,0.0045399742883857315
983,2324,0.004536561026287504
983,2325,0.005241163876968365
983,2326,0.0054269933873093935
983,2327,0.006081991381618806
983,2328,0.008400606869835873
983,2329,0.027047349744487827
983,2330,0.009076766641959496
983,2331,0.009056969998487884
983,2332,0.008126374224858823
983,2333,0.0075529026420567275
983,2334,0.007107897746417106
983,2335,0.006437492974275497
983,2336,0.006358478422636024
983,2337,0.00614111628242266
983,2338,0.022518830589804913
983,2339,0.02074092197944825
983,2340,0.01801310280241631
983,2341,0.014274608345629606
983,2342,0.014182246411319224
983,2343,0.011875124185710777
983,2344,0.011560606170709259
983,2346,0.004920810430151137
983,2347,0.005308036441256936
983,2348,0.004584673789486581
983,2349,0.0035471809771482577
983,2350,0.047698569935914384
983,2356,0.0035577693619093186
983,2357,0.0040983600944679505
983,2358,0.004638660026754685
983,2359,0.005046714470403994
983,2360,0.005186036549001282
983,2361,0.005472516515788995
983,2362,0.005653248064727694
983,2363,0.04959633814648396
983,2364,0.00605689893402471
983,2365,0.004371246788201002
983,2366,0.00396136755582118
985,986,0.08014953460447556
985,987,0.05693591876067095
985,988,0.05514711048941289
985,992,0.008942766459282946
985,993,0.015381202677568087
985,1083,0.0033037498551224892
985,1084,0.0037503342330985376
985,1085,0.004601536595858999
985,1086,0.004991982548608506
985,1087,0.005309254695048676
985,1088,0.006471098243397839
985,1089,0.006967881843382823
985,1090,0.005154070828129376
985,1091,0.007993249016660063
985,1092,0.006043392624270609
985,1093,0.005997647890597959
985,1094,0.006847279262746174
985,1095,0.009779509801000341
985,1096,0.007323632949597602
985,1601,0.007103865333856721
985,2164,0.005514400938041271
985,2165,0.006631798464948693
985,2166,0.009248056451283617
985,2167,0.00932314797549804
985,2168,0.009527450924100633
985,2169,0.009140845987240263
985,2180,0.00949866974802888
985,2181,0.009763931698724774
985,2182,0.021794864400260554
985,2183,0.013014362074908945
985,2184,0.002793185791075707
985,2296,0.0031113405095297506
985,2297,0.0030136406445409225
985,2298,0.0028084203721715343
985,2307,0.027402215856541144
985,2309,0.0028984808721419864
985,2310,0.003142764761278939
985,2311,0.0034867421040311653
985,2315,0.012067882884777443
985,2317,0.00345815388343079
985,2318,0.0037156804920346113
985,2319,0.003942941431792902
985,2320,0.004302609010530365
985,2321,0.026256985553925145
985,2322,0.004528316947994532
985,2323,0.0046684407826860525
985,2324,0.0043385374065440865
985,2325,0.004668207824780444
985,2326,0.004900156628995483
985,2327,0.005765061418423526
985,2328,0.007134369128925013
985,2329,0.02390184530801498
985,2330,0.007147603293283425
985,2331,0.006314732514511261
985,2332,0.004971435520318262
985,2333,0.004349387261077751
985,2334,0.003984074969704634
985,2335,0.0035003207921359856
985,2336,0.003231043374491795
985,2337,0.003078515971216588
985,2338,0.025102356713360675
985,2339,0.024429354552723707
985,2340,0.022369857712552343
985,2341,0.022057321641377806
985,2342,0.022339083797519105
985,2343,0.021903162337224016
985,2344,0.0215842242197076
985,2345,0.006000851899387765
985,2346,0.009587234644159514
985,2347,0.009921924126404818
985,2348,0.008478906019678012
985,2349,0.006573748769599647
985,2350,0.019847543098527373
985,2351,0.005838608507343931
985,2352,0.005795825930584931
985,2353,0.005408175793063774
985,2354,0.005585600249321747
985,2355,0.005583049313215592
985,2356,0.006278029679389891
985,2357,0.007184309352589864
985,2358,0.008084458470863403
985,2359,0.008631268810189729
985,2360,0.008749469789449071
985,2361,0.008805191169347682
985,2362,0.008605264252697174
985,2363,0.022504773568045075
985,2364,0.008324933879260421
985,2365,0.006121241642275257
985,2366,0.005582541283224809
985,2367,0.004350936284898871
985,2368,0.003837507159697491
985,2845,0.003671045741934783
985,2951,0.002892482124858796
985,2952,0.0031714725819115826
985,2953,0.003109164791555628
985,2954,0.0033824451516190207
985,2955,0.004229099734163181
985,3099,0.003058954413849452
985,3102,0.00435108055606718
985,3103,0.0030543729761813407
985,3121,0.0030774865734489896
986,987,0.07107741086333444
986,988,0.04320333974436163
986,992,0.01096196025328438
986,993,0.01854927448259358
986,1083,0.003965261140092672
986,1084,0.00447368722871283
986,1085,0.005452943512290991
986,1086,0.005857201092555283
986,1087,0.006144427137344319
986,1088,0.007254248441253655
986,1089,0.00770547596609217
986,1090,0.005524439275370872
986,1091,0.008620399446943003
986,1092,0.00626155637643062
986,1093,0.006133384280883449
986,1094,0.006867650619270523
986,1095,0.009587690782770615
986,1096,0.007117169857228564
986,1101,0.002805943423364182
986,1601,0.00873934149812333
986,2164,0.004950456839461923
986,2165,0.006124527859448994
986,2166,0.007425837024119942
986,2167,0.007460600546358959
986,2168,0.00852783937330118
986,2169,0.00784654888623423
986,2180,0.008021889672212292
986,2181,0.008271709732246054
986,2182,0.017279263561758088
986,2183,0.010414910335116411
986,2296,0.0037630183992060575
986,2297,0.0036653298704789707
986,2298,0.0034288527908776013
986,2299,0.0030510199771916053
986,2307,0.024151877967483533
986,2308,0.002872100472649968
986,2309,0.0033895316671826428
986,2310,0.0036442189481947396
986,2311,0.0040182566035537794
986,2312,0.002971247629055659
986,2315,0.010235614988357632
986,2316,0.0031448151588055165
986,2317,0.003970315706506222
986,2318,0.004243998214884605
986,2319,0.004333577762132252
986,2320,0.004670979347330591
986,2321,0.024700787691596105
986,2322,0.004909144870830745
986,2323,0.005011248723165004
986,2324,0.004575290951187814
986,2325,0.004817065308017582
986,2326,0.0050666681206465395
986,2327,0.006003750342690128
986,2328,0.007131648239179895
986,2329,0.023120911362253003
986,2330,0.00699924596536663
986,2331,0.00603025834187638
986,2332,0.004641017466304294
986,2333,0.004017894461045336
986,2334,0.00366531243406691
986,2335,0.0032067996017246603
986,2336,0.00291580348603714
986,2337,0.0027714956890699366
986,2338,0.025971875887526582
986,2339,0.025843219155165034
986,2340,0.02431353041563832
986,2341,0.025910530383133703
986,2342,0.026401193420018166
986,2343,0.027186733256821475
986,2344,0.02686358196850283
986,2345,0.0075048109159964035
986,2346,0.01199430749623038
986,2347,0.012358074814231299
986,2348,0.010549590263614635
986,2349,0.008190575385116904
986,2350,0.016486750302953743
986,2351,0.007295480493606444
986,2352,0.007246660462056698
986,2353,0.006757626566372688
986,2354,0.006962382883169706
986,2355,0.006941404946170245
986,2356,0.007753486545836478
986,2357,0.008850219732120647
986,2358,0.00993289195409566
986,2359,0.010543318121559031
986,2360,0.010645203393072773
986,2361,0.010564699432364329
986,2362,0.010157839215310566
986,2363,0.01881358611702032
986,2364,0.00952881956045535
986,2365,0.007117055654328718
986,2366,0.00651661540711269
986,2367,0.0051494906545287485
986,2368,0.0045557273197014535
986,2369,0.0030254061800719023
986,2845,0.004581463028794556
986,2846,0.002868630288932802
986,2848,0.00280159699403285
986,2849,0.003037319835572741
986,2950,0.0030261514161133616
986,2951,0.0031961055955143686
986,2952,0.003512125588995274
986,2953,0.0034259858486264047
986,2954,0.003721776068506758
986,2955,0.004742512991317625
986,3098,0.0028143082799325274
986,3099,0.0037680940662601506
986,3102,0.0054363106319629375
986,3103,0.0038009969402516917
986,3121,0.003568446309773522
987,988,0.02952628266101557
987,992,0.013426438458450103
987,993,0.02045693032389866
987,1083,0.0047088797791036575
987,1084,0.005234103261922531
987,1085,0.006268856426931244
987,1086,0.006585486649319247
987,1087,0.006712603596514841
987,1088,0.007424537916526749
987,1089,0.007680371378966426
987,1090,0.0052930557323282315
987,1091,0.008195905332005978
987,1092,0.00567361869721242
987,1093,0.005456858088259179
987,1094,0.005924123459211482
987,1095,0.007914556850743744
987,1096,0.005882525645284041
987,1601,0.01088983136972482
987,2164,0.003757010768825344
987,2165,0.004779714625341971
987,2166,0.005065007078366731
987,2167,0.005077665493709112
987,2168,0.0063794490857500856
987,2169,0.00564621272143016
987,2180,0.00618553061415241
987,2181,0.006403850554904907
987,2182,0.012073908968328521
987,2183,0.007409456272753451
987,2296,0.004897994709564826
987,2297,0.004806112429125574
987,2298,0.004518332321994959
987,2299,0.004037468229181814
987,2306,0.002848079958066441
987,2307,0.01908094509585674
987,2308,0.003579883111198737
987,2309,0.00421123669535301
987,2310,0.004468822521769016
987,2311,0.004877162263353903
987,2312,0.0035743474535729854
987,2313,0.0026558774702429753
987,2314,0.0026598407536635098
987,2315,0.007912168237844752
987,2316,0.0037697057949239343
987,2317,0.004792573567550959
987,2318,0.005078644303563077
987,2319,0.004889880281063334
987,2320,0.005164737513704157
987,2321,0.02114419681911509
987,2322,0.005410375993064735
987,2323,0.005437590829496637
987,2324,0.004843923584514927
987,2325,0.004930085679413063
987,2326,0.005194224319908843
987,2327,0.006189602659400662
987,2328,0.006872973152901125
987,2329,0.020661642134150886
987,2330,0.006551496582747652
987,2331,0.005474776643885313
987,2332,0.004109926614502743
987,2333,0.0035165396951325582
987,2334,0.0031948951036059304
987,2335,0.0027850220291825104
987,2338,0.025291033102074763
987,2339,0.02606442137522297
987,2340,0.025782532522234197
987,2341,0.03139352213154164
987,2342,0.03232255395066826
987,2343,0.03636575666623126
987,2344,0.036031297672046506
987,2345,0.009953708121133928
987,2346,0.015973313532708054
987,2347,0.016584908607810384
987,2348,0.014150770629171307
987,2349,0.01099499801423661
987,2350,0.012277962323736135
987,2351,0.009785608789126704
987,2352,0.009708216530691793
987,2353,0.009064229526717926
987,2354,0.00934733364304673
987,2355,0.009309144295618252
987,2356,0.010332848545640235
987,2357,0.011752261289080286
987,2358,0.013133181998533496
987,2359,0.01380978837991146
987,2360,0.01385184447811783
987,2361,0.013428671507533393
987,2362,0.012566538922014422
987,2363,0.014078909296139594
987,2364,0.011208992161676997
987,2365,0.008673031278520591
987,2366,0.008006612206031332
987,2367,0.006485005846215135
987,2368,0.0057703053483204375
987,2369,0.003763435242575645
987,2845,0.006150424088836056
987,2846,0.0038441116217074168
987,2847,0.0033204383707624422
987,2848,0.003714756971891751
987,2849,0.00407766818408618
987,2850,0.002630088588824492
987,2852,0.002988350962756048
987,2950,0.0030849449454568166
987,2951,0.003258662344979818
987,2952,0.003588280160786996
987,2953,0.0034725352166611436
987,2954,0.0037574485228881347
987,2955,0.004920541897751275
987,3098,0.0034402812747824124
987,3099,0.004758888543330169
987,3100,0.0027419082040382545
987,3101,0.003378670513040068
987,3102,0.007172793976925014
987,3103,0.004943024664209824
987,3104,0.003361710638537442
987,3121,0.003957876009821027
988,992,0.007450149101782613
988,993,0.012895177872411887
988,1086,0.004379348376747408
988,1087,0.004742764638579111
988,1088,0.006030656236751019
988,1089,0.0066151310705510604
988,1090,0.005215867585131397
988,1091,0.00785049237199448
988,1092,0.006468829882852626
988,1093,0.006588834912625509
988,1094,0.007758550170569884
988,1095,0.011247047654134996
988,1096,0.00882980635221623
988,1601,0.00590748716542763
988,2164,0.00831060264854839
988,2165,0.009113936798996776
988,2166,0.020033880047840975
988,2167,0.020566360511256213
988,2168,0.013668827155381353
988,2169,0.01500301740762798
988,2180,0.022183809856587872
988,2181,0.02257114991523823
988,2182,0.05965927600494529
988,2183,0.03510094117916387
988,2184,0.00563318119007758
988,2307,0.04869823098145593
988,2315,0.027492473061263133
988,2319,0.004650005882686165
988,2320,0.005206359920433989
988,2321,0.039338687067515185
988,2322,0.005484167278510365
988,2323,0.0057802513231094465
988,2324,0.005629143992419728
988,2325,0.006361829052944173
988,2326,0.006624815533602985
988,2327,0.007575925776654672
988,2328,0.010170310874688364
988,2329,0.03418445735476772
988,2330,0.010726400733270228
988,2331,0.010238108134806818
988,2332,0.00873139353905956
988,2333,0.007928075289093665
988,2334,0.007380859804132987
988,2335,0.006602303424587673
988,2336,0.006372138943164693
988,2337,0.006123310698724586
988,2338,0.030515878799527347
988,2339,0.02850342181472247
988,2340,0.025030756165671797
988,2341,0.021234315262661778
988,2342,0.021238838723223602
988,2343,0.018841850626920887
988,2344,0.018437064811472555
988,2345,0.004996628722079859
988,2346,0.008008481735519124
988,2347,0.008464669786168312
988,2348,0.007268946623571204
988,2349,0.005621603719586906
988,2350,0.04634100262982075
988,2351,0.004936580554590786
988,2352,0.004881902744431195
988,2353,0.004573941600731885
988,2354,0.004773799931381422
988,2355,0.004814864015932805
988,2356,0.005516967308665927
988,2357,0.006344242087102429
988,2358,0.007171341617560493
988,2359,0.007750250187079868
988,2360,0.007924352306697495
988,2361,0.008218414665579276
988,2362,0.008322104249055868
988,2363,0.050404217381210814
988,2364,0.008606941641796997
988,2365,0.00621335746765838
988,2366,0.005635288866999732
988,2367,0.00428359917824568
990,1105,0.018134719176494677
990,1110,0.2360000136075677
990,1114,0.009542699596651768
990,1519,0.07676992541766356
990,1523,0.01120155524872034
990,1529,0.04285386148762155
990,1600,0.008411601500181774
990,1630,0.018286960663140665
990,1802,0.06206744253421999
990,1817,0.01780419013232896
990,1862,0.01144349895583146
990,1927,0.0124824892482975
990,1947,0.01558004039067451
990,2252,0.03236220256254221
990,2273,0.014281522135299332
990,2531,0.01075146498889893
990,2554,0.015517969887004775
990,2838,0.021610943143251078
990,2934,0.07690197965168459
990,2940,0.011388237223614704
990,2943,0.012973303709322587
990,2944,0.19444750615897646
990,2958,0.022364050403865243
990,3016,0.02193555826992261
990,3243,0.011740892475354966
990,3464,0.01314537143086804
991,1105,0.03192700711009968
991,1113,0.1062563531169194
991,1114,0.013867509157708607
991,1247,0.07218241702616951
991,1522,0.053033283106759636
991,1526,0.01915198458039344
991,1546,0.1524283465684348
991,1719,0.019048772801239157
991,1802,0.015613470745462146
991,1806,0.019771009870681533
991,1807,0.016220183655381113
991,1817,0.034065190094566
991,1947,0.026175961376027426
991,2198,0.030089278426168452
991,2252,0.01431871178452542
991,2273,0.032906100519138906
991,2519,0.02042743182918758
991,2554,0.03719347784007911
991,2838,0.015146876417333645
991,2941,0.02519578840198176
991,2942,0.043169914658556754
991,2943,0.03114936698591704
991,3014,0.03982143941275071
991,3015,0.03550126573554965
991,3016,0.0201612973966316
991,3125,0.019547193963251507
991,3243,0.036595256515234965
991,3260,0.019035110903850565
992,993,0.05079634762271312
992,1081,0.004999885173655671
992,1082,0.005501638610195665
992,1083,0.020549745098828044
992,1084,0.022617214535476438
992,1085,0.02647362022842493
992,1086,0.026819785380069405
992,1087,0.02585486098175816
992,1088,0.02422950927834475
992,1089,0.023284070545881923
992,1090,0.0078472289721042
992,1091,0.021656691206791406
992,1092,0.007251841452908067
992,1093,0.006709628291709283
992,1094,0.006634572230327861
992,1095,0.01484020662646292
992,1096,0.005909598992275718
992,1097,0.004612061256408878
992,1099,0.0034025691282038085
992,1100,0.003711171867448455
992,1101,0.003646986790648497
992,1173,0.002747252450526141
992,1174,0.0038024184370506393
992,1550,0.002692328942874959
992,1601,0.046497838287729076
992,2164,0.0031708938894561417
992,2165,0.004252293079802135
992,2166,0.005578221533292147
992,2167,0.005511988137244124
992,2168,0.009640274885832441
992,2169,0.007701620557046703
992,2182,0.0025038075265273263
992,2296,0.004520567067324095
992,2297,0.004674719501344646
992,2298,0.004600234537406758
992,2299,0.004317954394713244
992,2307,0.003720736787859419
992,2308,0.0027593168546513926
992,2309,0.0031583614568209063
992,2310,0.0031772866813392243
992,2311,0.0033214816104968478
992,2312,0.0024338586016549985
992,2316,0.0025282116155297372
992,2317,0.003213533005007052
992,2318,0.003297953059640753
992,2319,0.0027493478132427566
992,2320,0.002772943875111728
992,2321,0.004175981039720893
992,2322,0.0028758784023757275
992,2323,0.002807310993266169
992,2324,0.002417056075971489
992,2326,0.0024579951637522346
992,2327,0.0029206945008669466
992,2328,0.0029772486903817184
992,2329,0.004157049655657729
992,2330,0.0027683934508534163
992,2338,0.005308046863890167
992,2339,0.005614576605324131
992,2340,0.005858593347736778
992,2341,0.008447149041120178
992,2342,0.00881334755186723
992,2343,0.013663816563612248
992,2344,0.014350746007791796
992,2345,0.015519804782369903
992,2346,0.017941403801959646
992,2347,0.014465992583574094
992,2348,0.013529517174436215
992,2349,0.012382740652160863
992,2350,0.002414737317087508
992,2351,0.012708208679132851
992,2352,0.013119586660846698
992,2353,0.01203114173687553
992,2354,0.011271793250606493
992,2355,0.010553261643533589
992,2356,0.010054668849326518
992,2357,0.010479152444002698
992,2358,0.010743323008281128
992,2359,0.010332647215272564
992,2360,0.009967803441426911
992,2361,0.008806379319061582
992,2362,0.007683571943551834
992,2363,0.0027654050698634053
992,2364,0.006192932218005984
992,2365,0.005524805484768994
992,2366,0.005308255490333696
992,2367,0.004871420410013449
992,2368,0.004517533280891961
992,2369,0.002865624323369087
992,2383,0.003180282028773966
992,2384,0.0032946339045333696
992,2385,0.0032406573163386676
992,2386,0.0031378347902238004
992,2397,0.0024753188173399416
992,2399,0.00254337956262372
992,2400,0.002665751053362312
992,2401,0.00292509556200771
992,2402,0.0032182540033958325
992,2845,0.008402267847565386
992,2846,0.004905949356568147
992,2847,0.003941831667243239
992,2848,0.004082821653973186
992,2849,0.005600369622931034
992,2850,0.0033630514647114444
992,2851,0.002776879239971694
992,2852,0.0037885998965390675
992,2947,0.004029711653872495
992,2948,0.004061819803377967
992,2949,0.004289618615836263
992,2950,0.005528612062042096
992,2951,0.005822117842646379
992,2952,0.006396400310713461
992,2953,0.006105795597072662
992,2954,0.0065147922923517124
992,2955,0.008815788115001092
992,2956,0.002803864281759131
992,2957,0.0032297876049637137
992,3098,0.015013976075815361
992,3099,0.020070812628861633
992,3100,0.005927400061343166
992,3101,0.007080618142449141
992,3102,0.012477497960283331
992,3103,0.00957965097372476
992,3104,0.004159252714849738
992,3121,0.008101405630786929
992,3276,0.0035879948678384822
992,3277,0.004499831381203158
993,1081,0.003760464580052981
993,1082,0.004176529857120046
993,1083,0.015285254612906477
993,1084,0.017250580961091815
993,1085,0.020987526720293397
993,1086,0.022404716422161925
993,1087,0.02317959103764841
993,1088,0.0259610300575828
993,1089,0.026779772340957842
993,1090,0.009161001326125576
993,1091,0.02813040223246125
993,1092,0.009568012496670154
993,1093,0.009106225126348788
993,1094,0.009646336970847115
993,1095,0.024432466301951
993,1096,0.009221362805750727
993,1097,0.003445929247164759
993,1099,0.00370589443833986
993,1100,0.004239669737386461
993,1101,0.004366032685422976
993,1601,0.03261013500490164
993,1944,0.002976129694537587
993,2164,0.005403934888351012
993,2165,0.007081666087978814
993,2166,0.011382395424917676
993,2167,0.01129071889861514
993,2168,0.017587350300460554
993,2169,0.014636218038102665
993,2182,0.0052472912318770664
993,2183,0.003129181460656054
993,2296,0.004531639394134997
993,2297,0.004550853210087044
993,2298,0.004361918346858951
993,2299,0.0039772594246649294
993,2307,0.00728861339563139
993,2308,0.0030465061452121297
993,2309,0.0035549086633139535
993,2310,0.0036977562098731557
993,2311,0.0039759475021431704
993,2315,0.003055113978448005
993,2316,0.003042477798964496
993,2317,0.0038828555165942432
993,2318,0.004070289144897032
993,2319,0.003729348779095117
993,2320,0.0038875956928786323
993,2321,0.007798088977890725
993,2322,0.004062952533087891
993,2323,0.004051211886505141
993,2324,0.003575180942871735
993,2325,0.0035998517776817452
993,2326,0.003793318731023851
993,2327,0.0045221346346316985
993,2328,0.004970955510394796
993,2329,0.007531414573559773
993,2330,0.004739292311574224
993,2331,0.003969757363195332
993,2332,0.0029901492029227573
993,2338,0.009144245061952102
993,2339,0.00943544682704787
993,2340,0.009410907330290715
993,2341,0.01218323481572637
993,2342,0.012639282620308407
993,2343,0.01709040986729016
993,2344,0.017498631799862753
993,2345,0.012343208796112663
993,2346,0.018346279666370088
993,2347,0.01658047988160348
993,2348,0.01434415078164993
993,2349,0.011680557340702637
993,2350,0.004895820125854273
993,2351,0.011034496075195042
993,2352,0.011161691244092015
993,2353,0.01026906012100269
993,2354,0.010117224723009487
993,2355,0.009770041889588497
993,2356,0.010154581116300423
993,2357,0.011206720110644143
993,2358,0.012156010939651275
993,2359,0.012308536952900418
993,2360,0.012119687802857292
993,2361,0.011219423528138992
993,2362,0.010137154821282562
993,2363,0.005589116833146238
993,2364,0.008645801414766313
993,2365,0.006993958539317731
993,2366,0.006540948643406027
993,2367,0.005535529567149625
993,2368,0.004993948393737166
993,2369,0.003189742300870512
993,2383,0.0031554235650270318
993,2384,0.0033054116889337367
993,2385,0.0033128559328166507
993,2386,0.003244890865413427
993,2402,0.0030843588601396524
993,2845,0.006925252272505289
993,2846,0.004124021636208704
993,2847,0.003425271365531785
993,2848,0.0037000906895685547
993,2849,0.004549464822711261
993,2852,0.0031796857985920924
993,2947,0.003719922070613079
993,2948,0.0038038241656552173
993,2949,0.004054878656941959
993,2950,0.005393196985490863
993,2951,0.005696965967160099
993,2952,0.00627301309910193
993,2953,0.006071386415774331
993,2954,0.006569023975204928
993,2955,0.008595571913069469
993,2957,0.0029868986260531754
993,3098,0.010778854285141635
993,3099,0.014081097958635245
993,3100,0.004207580751946636
993,3101,0.004966969594039401
993,3102,0.009265350964632546
993,3103,0.006795628092529933
993,3104,0.00354070089135713
993,3121,0.00677366957626582
993,3277,0.0032711959442910466
1067,1115,0.05458772260110545
1067,1128,0.04649681416886243
1067,1218,0.11011966810428375
1067,1247,0.03277541381845731
1067,1522,0.01240735828424325
1067,1528,0.01131086590986004
1067,1675,0.022558828606419768
1067,1676,0.01404489752199369
1067,1677,0.0128130538431103
1067,1678,0.013169465342106957
1067,1679,0.015000160199203465
1067,1680,0.0116705871752018
1067,1681,0.012135901678549275
1067,1715,0.024519801810104522
1067,1719,0.031575003306997716
1067,1806,0.03419321283685682
1067,1807,0.03866126325837318
1067,1812,0.04954443683315204
1067,2198,0.015602471836236968
1067,2418,0.015392705990158056
1067,2519,0.04370343480338159
1067,2941,0.039433530258679024
1067,2942,0.05518815739828861
1067,3014,0.06015540961946858
1067,3015,0.06745385552051712
1067,3125,0.05388097957976714
1067,3208,0.017807454012009723
1067,3209,0.01324055874502353
1067,3260,0.020084633462760012
1067,3261,0.018969790571581022
1067,3299,0.031502562903246774
1068,1230,0.2683623485392686
1068,1525,0.06199645165364317
1068,1871,0.1195166330142562
1068,1943,0.07772317066102193
1068,2161,0.055808784682939205
1068,2854,0.15314589674312226
1068,3027,0.08021205056850891
1068,3028,0.10483396967581295
1068,3187,0.07840069446142675
1081,1082,0.06950988721945811
1081,1083,0.019065035603184285
1081,1084,0.017082491318361776
1081,1085,0.01393149049149958
1081,1086,0.012655651079065935
1081,1087,0.011436054662761671
1081,1088,0.008409821761647852
1081,1089,0.007456754359008319
1081,1090,0.007243135584423597
1081,1091,0.00603573237918161
1081,1092,0.005385081536930328
1081,1093,0.004920612335860024
1081,1094,0.004209336647585048
1081,1095,0.003459017655764593
1081,1096,0.0034006539322711036
1081,1097,0.07100900827536223
1081,1099,0.004489963436465846
1081,1100,0.004028148790186938
1081,1101,0.003463348116376498
1081,1168,0.004854421281511346
1081,1169,0.01261625647794396
1081,1170,0.01620973646484351
1081,1171,0.018900224808747635
1081,1172,0.021546345203394216
1081,1173,0.027389783464813945
1081,1174,0.039205107559313376
1081,1550,0.011671669654219312
1081,1601,0.005323298393176125
1081,1637,0.0032482639618574807
1081,1809,0.00368903540246187
1081,1810,0.0033505398487563595
1081,1813,0.002246473685641771
1081,1815,0.0038828540801217667
1081,1859,0.004688992545897624
1081,1860,0.00585396492363509
1081,1931,0.002742339046197463
1081,1932,0.0027277541551191083
1081,1933,0.0023560145622366843
1081,1934,0.0028598471277062098
1081,1935,0.0029139131420120425
1081,1936,0.0031798979401704078
1081,1937,0.0022029676349448026
1081,1938,0.0026907994251224297
1081,1939,0.003747290184885317
1081,1940,0.004288380620339062
1081,1944,0.002338185368703667
1081,1949,0.0029200934068650507
1081,1950,0.0031370960334630897
1081,1951,0.0029467844121614005
1081,1952,0.0027045480566112393
1081,1953,0.0028026225620156587
1081,2343,0.002249826127452663
1081,2344,0.002369019884506639
1081,2345,0.004114304456244024
1081,2346,0.0030595282393823292
1081,2347,0.0024792114532722004
1081,2348,0.0025378381017368314
1081,2349,0.002798017766217842
1081,2351,0.003265744092211865
1081,2352,0.00343802244109778
1081,2353,0.003319595488585023
1081,2354,0.002917941424054944
1081,2355,0.002667582945182887
1081,2356,0.0022492164196065657
1081,2383,0.005981060294495001
1081,2384,0.0058509582404642725
1081,2385,0.005428840291973891
1081,2386,0.005127957159345607
1081,2387,0.003440385002402905
1081,2388,0.010566000129055576
1081,2389,0.005330192469032197
1081,2390,0.012064697120170786
1081,2391,0.005790699647537228
1081,2392,0.012022645932673067
1081,2393,0.0055328436590493645
1081,2394,0.005614517927454553
1081,2395,0.006961551988274518
1081,2396,0.014781137813974438
1081,2397,0.015080810852563417
1081,2398,0.006725047703422804
1081,2399,0.006599973223161302
1081,2400,0.006651013325374447
1081,2401,0.006592630346074914
1081,2402,0.00684034981755324
1081,2550,0.0032359244633060453
1081,2820,0.002762418147191872
1081,2821,0.0025434960606015218
1081,2822,0.0032028593184982635
1081,2845,0.0031665551949672326
1081,2846,0.0022274979192042333
1081,2849,0.002727721647158499
1081,2930,0.0034217177355888185
1081,2931,0.003416035096248488
1081,2947,0.017471517936687657
1081,2948,0.008280903298248196
1081,2949,0.00813842804296437
1081,2950,0.007699982743820499
1081,2951,0.007669650573173286
1081,2952,0.015323761098855438
1081,2953,0.007310555076963478
1081,2954,0.007031436419052106
1081,2955,0.015059611721945015
1081,2956,0.015964069356410926
1081,2957,0.00786330673539519
1081,3084,0.003327058563145754
1081,3085,0.0030537800195458544
1081,3098,0.015155583367216072
1081,3099,0.00966885638615234
1081,3100,0.014520340129455519
1081,3101,0.010642634292289984
1081,3102,0.005071734580579731
1081,3103,0.007017860951672671
1081,3121,0.0367936613257896
1081,3127,0.004420704953384641
1081,3178,0.00308663408296552
1081,3179,0.0028268630296320683
1081,3180,0.002399248641103033
1081,3181,0.0023350963919013313
1081,3182,0.002252357557480171
1081,3276,0.015133980590924443
1081,3277,0.018900268146590606
1082,1083,0.02231725982673122
1082,1084,0.020220777053927982
1082,1085,0.01658585608978565
1082,1086,0.015134986853227842
1082,1087,0.013723471611962159
1082,1088,0.010112924686297667
1082,1089,0.008968921720466422
1082,1090,0.008702427918877924
1082,1091,0.007260488766963482
1082,1092,0.006473221380937791
1082,1093,0.00591309031569452
1082,1094,0.0050619538561502055
1082,1095,0.004162053627449945
1082,1096,0.004090126214457145
1082,1097,0.06723059957542958
1082,1099,0.005249083171524247
1082,1100,0.004746871343041573
1082,1101,0.004095067691141273
1082,1168,0.0046795059167948965
1082,1169,0.012073183398620619
1082,1170,0.015451231649955627
1082,1171,0.018007668742089443
1082,1172,0.02047440868417253
1082,1173,0.02597475497168851
1082,1174,0.03725778611086781
1082,1550,0.0110743000134355
1082,1601,0.006207202900569678
1082,1637,0.0031036437120178406
1082,1809,0.004017701239849268
1082,1810,0.0036265007377893317
1082,1813,0.002632164709781811
1082,1815,0.0043927190808141885
1082,1859,0.0044733669188980136
1082,1860,0.005576221373680519
1082,1931,0.0028695218497104863
1082,1932,0.002860502859825817
1082,1933,0.002469025173222414
1082,1934,0.0030364870556713786
1082,1935,0.0030966687276585284
1082,1936,0.0033870785479946167
1082,1938,0.0026041301910436007
1082,1939,0.003618701713865025
1082,1940,0.004149379858000222
1082,1944,0.002746565098492508
1082,1949,0.002924914296479734
1082,1950,0.003152398834589994
1082,1951,0.002993761548693555
1082,1952,0.0027717133222974386
1082,1953,0.0028847539693455096
1082,2343,0.0026076049242997968
1082,2344,0.0027460917260938426
1082,2345,0.004682343127061305
1082,2346,0.003546152124274228
1082,2347,0.0028658920956060197
1082,2348,0.002915104973083513
1082,2349,0.003180316166650083
1082,2351,0.0036957329089326346
1082,2352,0.0038916371427721148
1082,2353,0.003742079006301632
1082,2354,0.003291528516438078
1082,2355,0.003007863553996464
1082,2356,0.002548780077670852
1082,2357,0.0024361553106206097
1082,2358,0.002336087740574605
1082,2383,0.006873832924084217
1082,2384,0.006750835839119394
1082,2385,0.0062780741953635845
1082,2386,0.00593183036308754
1082,2387,0.00341997146372511
1082,2388,0.010484464623254697
1082,2389,0.005352484946240714
1082,2390,0.012189036249337103
1082,2391,0.005916653022371271
1082,2392,0.012351403662866437
1082,2393,0.005688207147383568
1082,2394,0.005827416037809695
1082,2395,0.007497723317852724
1082,2396,0.01587213195055272
1082,2397,0.016573961981460706
1082,2398,0.0074091842838394165
1082,2399,0.007371558489979528
1082,2400,0.007463517272283465
1082,2401,0.007475749801908481
1082,2402,0.007810899175185436
1082,2550,0.0035027070051488465
1082,2820,0.002968777156395198
1082,2821,0.0027535010726677696
1082,2822,0.0035152470709295773
1082,2845,0.0034948370539195344
1082,2846,0.00240814387738578
1082,2849,0.0029477563268631886
1082,2930,0.0038326621987745204
1082,2931,0.003767994628833717
1082,2947,0.020116316507102935
1082,2948,0.009565947479268274
1082,2949,0.00945332321850114
1082,2950,0.009114083119746935
1082,2951,0.009102985140586379
1082,2952,0.01826475610498435
1082,2953,0.008700728906978287
1082,2954,0.008392759282222703
1082,2955,0.018104570018134876
1082,2956,0.017742072032737467
1082,2957,0.00890141023619532
1082,3084,0.0038088969516031604
1082,3085,0.003550931439064498
1082,3098,0.01659839884138137
1082,3099,0.010716539065877065
1082,3100,0.015016886159103038
1082,3101,0.011297082244359526
1082,3102,0.005677363526216088
1082,3103,0.007684930550095052
1082,3121,0.04425822106336052
1082,3127,0.00485085224587539
1082,3178,0.0030544786136178933
1082,3179,0.0027974241320129056
1082,3180,0.0023573918160781572
1082,3181,0.002292037431068384
1082,3276,0.014445472938651465
1082,3277,0.018273063490194055
1083,1084,0.07191767015183409
1083,1085,0.05789215447122668
1083,1086,0.050695044269478205
1083,1087,0.04384455230876253
1083,1088,0.03127760210893075
1083,1089,0.027653525782639465
1083,1090,0.011592961788318708
1083,1091,0.022500866459907492
1083,1092,0.008944495507445246
1083,1093,0.008118283401234513
1083,1094,0.007192669990107555
1083,1095,0.012854020006019734
1083,1096,0.005899935045259989
1083,1097,0.01886973825249315
1083,1099,0.004962709424998984
1083,1100,0.004842832327660121
1083,1101,0.0043602437207509205
1083,1168,0.0025386716279317753
1083,1169,0.003325523037620836
1083,1170,0.0043105074940526815
1083,1171,0.0050270526115798455
1083,1172,0.005786108747105383
1083,1173,0.007412735024205028
1083,1174,0.010362376818557173
1083,1550,0.006959332928437176
1083,1601,0.0233973557965662
1083,1809,0.00266080769817967
1083,1810,0.002356782603147418
1083,1813,0.002632236655369045
1083,1815,0.00341420844035612
1083,1859,0.0024943101466752067
1083,1860,0.003128135578293028
1083,1944,0.0028023901850661483
1083,2165,0.002709067666298289
1083,2168,0.0051391253493943126
1083,2296,0.002441554530308576
1083,2297,0.0026335250562058115
1083,2298,0.0027179449738163075
1083,2299,0.002718431372798813
1083,2341,0.0029946539352042035
1083,2342,0.0031231841985002746
1083,2343,0.004901726924819379
1083,2344,0.00516230422225782
1083,2345,0.008496376162281239
1083,2346,0.006663760029911796
1083,2347,0.005373097406439723
1083,2348,0.0054170216314097346
1083,2349,0.00577852112847776
1083,2351,0.006626526067641547
1083,2352,0.006977348575947709
1083,2353,0.006632445897281496
1083,2354,0.005857090123219825
1083,2355,0.005352226247556226
1083,2356,0.0046048778301437275
1083,2357,0.004461277799807495
1083,2358,0.00431888728343845
1083,2359,0.004017828799298594
1083,2360,0.00384106844770558
1083,2361,0.003341413177961636
1083,2362,0.0028900463622338517
1083,2383,0.005652082371921633
1083,2384,0.00569535147279642
1083,2385,0.005409469601971959
1083,2386,0.00514525376024155
1083,2388,0.0028258606583350843
1083,2389,0.0029153999077457375
1083,2390,0.0033408725029690483
1083,2391,0.0032969969375475213
1083,2392,0.0034710450110535668
1083,2393,0.0032046603730196987
1083,2394,0.0033424244619254615
1083,2395,0.004675987261609488
1083,2396,0.004894346666017054
1083,2397,0.005478622737542314
1083,2398,0.004978881525618245
1083,2399,0.005227704088434721
1083,2400,0.005395483769475658
1083,2401,0.00567336115637394
1083,2402,0.006118107027158591
1083,2822,0.0024062902949922222
1083,2845,0.005763699957211881
1083,2846,0.003688489570497093
1083,2847,0.002845698599429655
1083,2848,0.00267737694677825
1083,2849,0.004479951420016019
1083,2850,0.0027515782629823427
1083,2852,0.0029946936949320807
1083,2930,0.0028541058351437844
1083,2931,0.002625374127384356
1083,2947,0.00798857879464293
1083,2948,0.007804353441620217
1083,2949,0.007999890106996841
1083,2950,0.009045602169867587
1083,2951,0.009307546936038177
1083,2952,0.009839513182524306
1083,2953,0.009267386328988709
1083,2954,0.009358390690239898
1083,2955,0.0117046881489324
1083,2956,0.006075046604082533
1083,2957,0.006585310845569643
1083,3084,0.0031836018673018513
1083,3085,0.003300483168963263
1083,3098,0.0370664264614193
1083,3099,0.03271905273769218
1083,3100,0.014006062281395875
1083,3101,0.013502201285792239
1083,3102,0.009716685818852228
1083,3103,0.011686088691257488
1083,3104,0.003124471221796609
1083,3121,0.025143171077691047
1083,3127,0.0032809252863125167
1083,3276,0.009329814845402781
1083,3277,0.011916366394922953
1084,1085,0.06925313147274792
1084,1086,0.06084709010751896
1084,1087,0.05263407497857238
1084,1088,0.03754866078307622
1084,1089,0.03320118020814579
1084,1090,0.013786021703314161
1084,1091,0.027016722268868414
1084,1092,0.010693180709611713
1084,1093,0.009704403527638914
1084,1094,0.008620498455785884
1084,1095,0.015430808650518229
1084,1096,0.007078023988395591
1084,1097,0.01723748720756899
1084,1099,0.005612364971248309
1084,1100,0.005560181228009578
1084,1101,0.005050656505924911
1084,1169,0.0030325728789457277
1084,1170,0.003911934179284429
1084,1171,0.004562910363290544
1084,1172,0.005234053111672581
1084,1173,0.006696729352624965
1084,1174,0.009455709692737627
1084,1550,0.006183153384369258
1084,1601,0.02580132906256501
1084,1809,0.0027821711382196514
1084,1810,0.0024525361344049923
1084,1813,0.003029745009283913
1084,1815,0.003717335572172069
1084,1860,0.002831736359373498
1084,1944,0.003235398842145931
1084,2164,0.002421609406916904
1084,2165,0.0032498536654286263
1084,2168,0.006168311860802098
1084,2296,0.0024599048081290925
1084,2297,0.0026384033014842335
1084,2298,0.0027045254039408362
1084,2299,0.002679857689567084
1084,2341,0.0032832479031155116
1084,2342,0.0034253007492880635
1084,2343,0.005375140621262794
1084,2344,0.005660276980978637
1084,2345,0.008843029099822928
1084,2346,0.00728755277964699
1084,2347,0.005851706767267598
1084,2348,0.0058141220562423854
1084,2349,0.006053778082741011
1084,2351,0.0068567136417578296
1084,2352,0.007214066887267442
1084,2353,0.006805889722587185
1084,2354,0.006036800192679702
1084,2355,0.005522147013544017
1084,2356,0.004811945845952634
1084,2357,0.004717892993334723
1084,2358,0.0046135104681536985
1084,2359,0.004316310908062354
1084,2360,0.00413211526288378
1084,2361,0.0036019165264665923
1084,2362,0.003118127673728364
1084,2364,0.0024731806424180503
1084,2383,0.006183872478467158
1084,2384,0.0062673385317970395
1084,2385,0.005987938417510722
1084,2386,0.0057095989801310264
1084,2388,0.0026841546238295147
1084,2389,0.002801487924968898
1084,2390,0.0032250105861443895
1084,2391,0.0032172655029545573
1084,2392,0.003402218251992863
1084,2393,0.0031468581900307166
1084,2394,0.0033102496155969553
1084,2395,0.004763962052567557
1084,2396,0.004964232199535019
1084,2397,0.0056675672669816565
1084,2398,0.005184898148777607
1084,2399,0.0055209651799022616
1084,2400,0.005723518181261025
1084,2401,0.006087042083019593
1084,2402,0.006603593460708364
1084,2550,0.0023730569895606827
1084,2822,0.002543169613072244
1084,2845,0.00569853272768062
1084,2846,0.003563200890632293
1084,2847,0.002753479049491
1084,2848,0.0026234592346720755
1084,2849,0.004307458476469434
1084,2850,0.0026173955137624915
1084,2852,0.002864585126105068
1084,2930,0.0030809425309628064
1084,2931,0.002786438952235407
1084,2947,0.008578074269340553
1084,2948,0.008442662224763309
1084,2949,0.008721692861200944
1084,2950,0.010174989516105718
1084,2951,0.010525172998766789
1084,2952,0.011225637536346622
1084,2953,0.010572649117366464
1084,2954,0.010772419802262278
1084,2955,0.013748173910339015
1084,2956,0.00633315461346409
1084,2957,0.006992672919967206
1084,3084,0.003528632289202583
1084,3085,0.0037397001042011133
1084,3098,0.03251935157103219
1084,3099,0.03020324055489038
1084,3100,0.012287754954976013
1084,3101,0.012009144497311233
1084,3102,0.009681140238346311
1084,3103,0.010997557058121011
1084,3104,0.003010838323277248
1084,3121,0.02757806043047341
1084,3127,0.003444461812079098
1084,3276,0.00828734552332587
1084,3277,0.010622941288512296
1085,1086,0.07572534979738954
1085,1087,0.06480486018676092
1085,1088,0.0464926755043067
1085,1089,0.041202507772750335
1085,1090,0.016413102099194835
1085,1091,0.03367673148609211
1085,1092,0.012987721377515499
1085,1093,0.011787962775634795
1085,1094,0.010588212235086956
1085,1095,0.019296911805248566
1085,1096,0.008742070887817862
1085,1097,0.014147185715268828
1085,1098,0.002391158442949439
1085,1099,0.006021342787248934
1085,1100,0.006137350796904842
1085,1101,0.005680582661858519
1085,1169,0.00249690036293505
1085,1170,0.003208422298515551
1085,1171,0.0037417837958202906
1085,1172,0.004281413347516235
1085,1173,0.005470875637233563
1085,1174,0.007764535685425923
1085,1550,0.0050117008175395265
1085,1601,0.029257481413750383
1085,1809,0.002662591291884359
1085,1811,0.002565961687617298
1085,1813,0.003378124619141974
1085,1815,0.003762867272150232
1085,1944,0.0036273397268935183
1085,2164,0.0029847159010426175
1085,2165,0.004014747350126726
1085,2168,0.007722878634710337
1085,2169,0.005876679655180608
1085,2296,0.002533905883685181
1085,2297,0.002694868004232893
1085,2298,0.0027353460078115566
1085,2299,0.002674597311593992
1085,2339,0.002504138972107942
1085,2340,0.0026092833253327295
1085,2341,0.00378598591888723
1085,2342,0.003950430350515772
1085,2343,0.006174798077481717
1085,2344,0.006497672851484483
1085,2345,0.009361850644375554
1085,2346,0.00830662715170255
1085,2347,0.006653818511012817
1085,2348,0.006481481194342073
1085,2349,0.006522420527239084
1085,2351,0.007244296316894975
1085,2352,0.007605434983677803
1085,2353,0.007108061992606502
1085,2354,0.006357929381567753
1085,2355,0.005832606573445848
1085,2356,0.005183086307903692
1085,2357,0.005167377658332508
1085,2358,0.005124340191967058
1085,2359,0.004834502191291917
1085,2360,0.0046387100981886645
1085,2361,0.004059258581551159
1085,2362,0.0035218860545109735
1085,2364,0.0028102065482943843
1085,2365,0.0026022613560669834
1085,2366,0.0025360770273578337
1085,2367,0.0024500251952852335
1085,2383,0.006266390283253415
1085,2384,0.006408100956483171
1085,2385,0.006186004394158619
1085,2386,0.005926988300362534
1085,2389,0.0024212120701703954
1085,2390,0.0027989066303104877
1085,2391,0.0028250542870318944
1085,2392,0.003001288226540672
1085,2393,0.002782971181167985
1085,2394,0.0029552050656824493
1085,2395,0.004386653284961254
1085,2396,0.004543940959095203
1085,2397,0.005309672997787237
1085,2398,0.004905813435592734
1085,2399,0.005319848684045086
1085,2400,0.005546458481224009
1085,2401,0.005989880436302329
1085,2402,0.0065465933906020774
1085,2822,0.0024718149681926603
1085,2845,0.005665439998774838
1085,2846,0.003445523291644785
1085,2847,0.00267428323012216
1085,2848,0.002595975962414854
1085,2849,0.0041291967730578945
1085,2850,0.0024797243646646145
1085,2852,0.002734867258399753
1085,2930,0.0030834095766904307
1085,2931,0.002722711599988624
1085,2947,0.008390669397457326
1085,2948,0.0083529091458491
1085,2949,0.008724218430554088
1085,2950,0.010671081458824777
1085,2951,0.011132498674689508
1085,2952,0.012047149676308249
1085,2953,0.011371753885920871
1085,2954,0.011791903571257072
1085,2955,0.015624600711797712
1085,2956,0.005983477670510713
1085,2957,0.006762743771875566
1085,3084,0.0036761588962539614
1085,3085,0.004043677017798654
1085,3098,0.02648637627950237
1085,3099,0.02655764777770116
1085,3100,0.010015305620367778
1085,3101,0.010107367152285164
1085,3102,0.00961110658380262
1085,3103,0.010048858576394502
1085,3104,0.0029048279133616858
1085,3121,0.02644218289726561
1085,3127,0.003309155104985286
1085,3276,0.00671604872487716
1085,3277,0.008616319951375016
1086,1087,0.07872379414083834
1086,1088,0.056498332210880575
1086,1089,0.05003955018361013
1086,1090,0.019827112468364827
1086,1091,0.0408245353898936
1086,1092,0.01577516142360674
1086,1093,0.01431905131454707
1086,1094,0.01287211437192829
1086,1095,0.023341699972413105
1086,1096,0.010623364736265538
1086,1097,0.013528988538990672
1086,1098,0.0028875765235113087
1086,1099,0.006960388924012604
1086,1100,0.007198543705999888
1086,1101,0.006725483483235138
1086,1170,0.003077480214342337
1086,1171,0.0035872973510664673
1086,1172,0.004089722022279458
1086,1173,0.005213455817839701
1086,1174,0.007438307985410736
1086,1550,0.004704668466484755
1086,1601,0.030041991866120915
1086,1809,0.0028917114367891404
1086,1810,0.002526973188170704
1086,1811,0.003059607759324818
1086,1813,0.003990715002698994
1086,1815,0.004222600742799906
1086,1944,0.004294946158354132
1086,2164,0.0036276304355688455
1086,2165,0.0048783293780800515
1086,2168,0.00933218996048344
1086,2169,0.007089917976396408
1086,2297,0.002646203565138734
1086,2298,0.002671741342093525
1086,2299,0.0025948249234200647
1086,2338,0.0025893376879737276
1086,2339,0.002719806994482181
1086,2340,0.0028111924099726232
1086,2341,0.0040242302034597
1086,2342,0.0041986202399873105
1086,2343,0.006520645819904583
1086,2344,0.006854231893157971
1086,2345,0.009291363168920937
1086,2346,0.00868723121757659
1086,2347,0.0069639677680074326
1086,2348,0.0066850093123109675
1086,2349,0.006573129966111691
1086,2351,0.007205695801097886
1086,2352,0.007551195008640443
1086,2353,0.007024608314813511
1086,2354,0.006320588286188814
1086,2355,0.005812554278685971
1086,2356,0.0052328921106508195
1086,2357,0.005274737768710819
1086,2358,0.005282293116033035
1086,2359,0.00501594615117203
1086,2360,0.004822269414355965
1086,2361,0.004235742157669089
1086,2362,0.003684079501383984
1086,2364,0.0029562337203069868
1086,2365,0.00268705015166298
1086,2366,0.002604698585122983
1086,2383,0.007010429485687093
1086,2384,0.007205498948409614
1086,2385,0.007000118608755438
1086,2386,0.006728131941895294
1086,2390,0.002835077949959148
1086,2391,0.0028880028303619994
1086,2392,0.0030783078564939306
1086,2393,0.0028607065022636354
1086,2394,0.00305849168258001
1086,2395,0.00463087119540622
1086,2396,0.0047760910842300055
1086,2397,0.005662776129031605
1086,2398,0.005269814706990937
1086,2399,0.005778391753878713
1086,2400,0.006044092052244886
1086,2401,0.006585508990287354
1086,2402,0.007223997796645552
1086,2822,0.002711802175204707
1086,2845,0.0054672538663572265
1086,2846,0.0032903893218745226
1086,2847,0.002560915603592925
1086,2849,0.003925957052369897
1086,2852,0.0025990546471797685
1086,2930,0.003440385091337217
1086,2931,0.0029957593508440116
1086,2947,0.009151414156704497
1086,2948,0.0091761668338147
1086,2949,0.009642565017987964
1086,2950,0.012090325667598194
1086,2951,0.01266511322019267
1086,2952,0.013797954659860525
1086,2953,0.013059261660797985
1086,2954,0.013668752130503675
1086,2955,0.018366323697684594
1086,2956,0.006409906454913713
1086,2957,0.007345032004695173
1086,3084,0.004194090076212468
1086,3085,0.004703722760057721
1086,3098,0.0244411820817617
1086,3099,0.024448499289451208
1086,3100,0.009236461934084637
1086,3101,0.009268311758641314
1086,3102,0.0092236845083868
1086,3103,0.00934849475694952
1086,3104,0.0027727292260860984
1086,3121,0.02761240324277441
1086,3127,0.003599075225675911
1086,3276,0.006298074665650997
1086,3277,0.008097264316309893
1087,1088,0.06996729117024846
1087,1089,0.0618505361680896
1087,1090,0.024623853570985392
1087,1091,0.05023471482164848
1087,1092,0.0196527404396677
1087,1093,0.017838212210985357
1087,1094,0.016003833723638262
1087,1095,0.028630912913052916
1087,1096,0.013177544839343476
1087,1097,0.0129946217619599
1087,1098,0.0035883652336023146
1087,1099,0.008265847825883892
1087,1100,0.008685987416908382
1087,1101,0.008199218690948484
1087,1170,0.00298064435660649
1087,1171,0.0034709627550709313
1087,1172,0.003939025781474686
1087,1173,0.005003461111302138
1087,1174,0.007168148066151284
1087,1550,0.004438708587491779
1087,1601,0.02956301517269051
1087,1809,0.003218794153779252
1087,1810,0.0028046322267417257
1087,1811,0.003761268946236404
1087,1813,0.004859807061796459
1087,1815,0.004865137220470421
1087,1944,0.005241768698315038
1087,2164,0.004503581499187864
1087,2165,0.006050303417114013
1087,2168,0.01143347033917055
1087,2169,0.008663912076214053
1087,2338,0.002772611080862875
1087,2339,0.0028966957899924707
1087,2340,0.002966402969785411
1087,2341,0.004176406206075733
1087,2342,0.004355905772695437
1087,2343,0.006696851036815485
1087,2344,0.007028101268880801
1087,2345,0.00894897992630662
1087,2346,0.008804035560722944
1087,2347,0.007080706291282556
1087,2348,0.006698382005379595
1087,2349,0.006439294175540753
1087,2351,0.006968777710178514
1087,2352,0.0072884193527224484
1087,2353,0.0067551355593433345
1087,2354,0.006114916410790482
1087,2355,0.005638899808438298
1087,2356,0.005142708971367187
1087,2357,0.005239809856188829
1087,2358,0.005299136139186338
1087,2359,0.0050671310227518385
1087,2360,0.004882582098282831
1087,2361,0.004308746407378762
1087,2362,0.0037599975581067485
1087,2364,0.00303823890074232
1087,2365,0.002709004640350361
1087,2383,0.00802349321023494
1087,2384,0.008292323852537547
1087,2385,0.008116062619961256
1087,2386,0.007830775255524445
1087,2390,0.0029209939493387645
1087,2391,0.0030059805717790817
1087,2392,0.003215004484403771
1087,2393,0.0029960171274183087
1087,2394,0.0032265884190042786
1087,2395,0.004983073907840697
1087,2396,0.005113531209227109
1087,2397,0.006153973985494119
1087,2398,0.005776177586650023
1087,2399,0.006408066027632411
1087,2400,0.006724603002759723
1087,2401,0.007394846995098868
1087,2402,0.008138231402601193
1087,2550,0.002721611617061428
1087,2822,0.003053101940980205
1087,2845,0.005155334425839948
1087,2846,0.0030789722402222684
1087,2849,0.0036593025458220014
1087,2930,0.003942446533362437
1087,2931,0.0033823701918426602
1087,2947,0.010144258275465109
1087,2948,0.010255165619553567
1087,2949,0.010843526305547094
1087,2950,0.013938940817702774
1087,2951,0.014659345576021688
1087,2952,0.01606898903814465
1087,2953,0.01527921203945119
1087,2954,0.0161622389007406
1087,2955,0.02192074369996008
1087,2956,0.006993055049574619
1087,2957,0.00812642488423069
1087,3084,0.004921046900113807
1087,3085,0.005633997449998422
1087,3098,0.02252940113029749
1087,3099,0.022282086156390643
1087,3100,0.00851349884410739
1087,3101,0.008453453740513539
1087,3102,0.008638822395699736
1087,3103,0.008565087077476127
1087,3121,0.028425584136004076
1087,3127,0.004008735896166656
1087,3276,0.005930033097496203
1087,3277,0.0076352710897612825
1088,1089,0.08979723286718627
1088,1090,0.032713562004770165
1088,1091,0.072693939754924
1088,1092,0.0278549115971404
1088,1093,0.025338520880387152
1088,1094,0.023104514385698553
1088,1095,0.04140520476627372
1088,1096,0.01911340498293582
1088,1097,0.009890116681915955
1088,1098,0.004946436674952767
1088,1099,0.009373980229492394
1088,1100,0.010362270660971399
1088,1101,0.010188573499463584
1088,1127,0.0034244156717899397
1088,1172,0.003021345618375181
1088,1173,0.0038181607211237793
1088,1174,0.00548289495773678
1088,1550,0.0033306383782479606
1088,1601,0.026323948390671155
1088,1809,0.0031655259410651136
1088,1811,0.004901672949450396
1088,1813,0.006081115969920857
1088,1815,0.005152616307799375
1088,1944,0.006606291300400989
1088,2164,0.006525582796190387
1088,2165,0.00877713431228194
1088,2166,0.0075838898202411275
1088,2167,0.00738158560214215
1088,2168,0.016532456733802995
1088,2169,0.012500957478677577
1088,2338,0.0031444049840553836
1088,2339,0.003245874854926111
1088,2340,0.0032576283905385883
1088,2341,0.004398892398908152
1088,2342,0.0045806679873881
1088,2343,0.006812851761144003
1088,2344,0.007113362415632493
1088,2345,0.007838560929805071
1088,2346,0.00861218615097047
1088,2347,0.007035124674786847
1088,2348,0.006458103033424068
1088,2349,0.00591290552281827
1088,2351,0.0062045985727083395
1088,2352,0.006452807484894829
1088,2353,0.0059415847311996
1088,2354,0.0054652777506148074
1088,2355,0.005080246282698468
1088,2356,0.004780584653406151
1088,2357,0.004987760721816414
1088,2358,0.005154259195462526
1088,2359,0.0050102105072216754
1088,2360,0.004856065851537404
1088,2361,0.004340896150752766
1088,2362,0.003825455931990128
1088,2364,0.0031496177409915758
1088,2383,0.008233090242858218
1088,2384,0.008615234554096038
1088,2385,0.008603482195980712
1088,2386,0.008398648704563633
1088,2392,0.0027868212360226455
1088,2394,0.0028478563537522716
1088,2395,0.00453484676249449
1088,2396,0.0046066834188182755
1088,2397,0.00568302698865037
1088,2398,0.0054357918816037775
1088,2399,0.006163375717570165
1088,2400,0.006504251276369329
1088,2401,0.007277264703880601
1088,2402,0.008039182732256971
1088,2822,0.0030832088104536456
1088,2845,0.004347892799296687
1088,2849,0.0030042928307070778
1088,2930,0.004136152739165754
1088,2931,0.0034330135518432416
1088,2947,0.00957598667680204
1088,2948,0.009844421019397859
1088,2949,0.010517904164321044
1088,2950,0.014053198323279675
1088,2951,0.014845746315515706
1088,2952,0.01633829382842895
1088,2953,0.015844769855722588
1088,2954,0.017147292534966673
1088,2955,0.022133375665372042
1088,2956,0.006485244043549191
1088,2957,0.007716784739303499
1088,3084,0.005469276278168813
1088,3085,0.006639580397271668
1088,3098,0.016658689398836385
1088,3099,0.01681435763395658
1088,3100,0.006295319908659556
1088,3101,0.006292113538293513
1088,3102,0.007104590120534953
1088,3103,0.006631528078785609
1088,3121,0.022714138958990493
1088,3127,0.003933990169207894
1088,3276,0.004438793983378146
1088,3277,0.0057176562511510355
1089,1090,0.03742255571112702
1089,1091,0.0903245897359666
1089,1092,0.033722349785981105
1089,1093,0.030781476034722283
1089,1094,0.028471252848799294
1089,1095,0.051473420664831036
1089,1096,0.023674015897527968
1089,1097,0.009632100648082915
1089,1098,0.005946451187933335
1089,1099,0.010263181395530544
1089,1100,0.011564160103541611
1089,1101,0.011581024067789769
1089,1127,0.004084813211262561
1089,1173,0.0037220874470453927
1089,1174,0.005346016483437315
1089,1550,0.003236525656058345
1089,1601,0.027063631584387488
1089,1809,0.0033231089718387787
1089,1811,0.00573372293306805
1089,1813,0.006974049177728396
1089,1815,0.005535153690090731
1089,1944,0.007595667941569809
1089,2164,0.008078165116273406
1089,2165,0.010876456255489362
1089,2166,0.009386423595611927
1089,2167,0.009130851376779487
1089,2168,0.020554251959045224
1089,2169,0.015536313578555512
1089,2307,0.0031316776214919033
1089,2321,0.0031803220685507434
1089,2338,0.0035837073994400676
1089,2339,0.0036822004268386994
1089,2340,0.0036677637040342776
1089,2341,0.004867856263719753
1089,2342,0.005064594332372796
1089,2343,0.007414949006262452
1089,2344,0.007723781966452995
1089,2345,0.008082069268525302
1089,2346,0.009213905168182955
1089,2347,0.007588702049989723
1089,2348,0.006897865653250578
1089,2349,0.006212612230662232
1089,2351,0.006446781911966719
1089,2352,0.006689529507774554
1089,2353,0.006149596851217624
1089,2354,0.005691637304532679
1089,2355,0.005308171071754373
1089,2356,0.0050527773928281785
1089,2357,0.005314950361422045
1089,2358,0.005533696651727123
1089,2359,0.005412254597557656
1089,2360,0.005258144418197692
1089,2361,0.004726207167777141
1089,2362,0.004183392081970111
1089,2364,0.003471851188392812
1089,2383,0.00870388771932499
1089,2384,0.009141606646468932
1089,2385,0.009194870205097655
1089,2386,0.009017279067378042
1089,2395,0.00463414226221104
1089,2396,0.004692617110063313
1089,2397,0.005825928821953058
1089,2398,0.005607206318976129
1089,2399,0.006396160178636034
1089,2400,0.006759046058701036
1089,2401,0.007596841508363343
1089,2402,0.008393159196023922
1089,2822,0.0032667336223353312
1089,2845,0.004442780141566232
1089,2930,0.004434892911813508
1089,2931,0.003641851572360116
1089,2947,0.009832595043359187
1089,2948,0.010156175071428082
1089,2949,0.01087438669901092
1089,2950,0.014608173744435753
1089,2951,0.015425568876816521
1089,2952,0.016932531970482632
1089,2953,0.016548835132239387
1089,2954,0.01797917384082953
1089,2955,0.022406171008913286
1089,2956,0.0066504921776072016
1089,2957,0.00795891817522209
1089,3084,0.005978986304104006
1089,3085,0.007416016182752425
1089,3098,0.016176616600546364
1089,3099,0.016487536461641042
1089,3100,0.006112820623277156
1089,3101,0.006138299213856347
1089,3102,0.007177949738355264
1089,3103,0.006566243020069566
1089,3121,0.02225123318301223
1089,3127,0.004122327736183662
1089,3276,0.004311466194772715
1089,3277,0.0055536649328434655
1090,1091,0.027402297178252363
1090,1092,0.06334652832759895
1090,1093,0.05808957326534659
1090,1094,0.04921796337655409
1090,1095,0.0186013636943765
1090,1096,0.03967526197786751
1090,1097,0.007172247985440929
1090,1098,0.012457005225451054
1090,1099,0.022994928224730288
1090,1100,0.02632775988602963
1090,1101,0.02645877083153257
1090,1127,0.00438507002475646
1090,1173,0.0028365426552242915
1090,1174,0.004055080421355652
1090,1550,0.0023565937174800378
1090,1601,0.007130253268620062
1090,1809,0.0035092297589979404
1090,1810,0.003038472292122715
1090,1811,0.006393627469251002
1090,1813,0.00793482385851255
1090,1815,0.006077841233972717
1090,1936,0.0024081799513095623
1090,1944,0.008628220351549807
1090,2164,0.014173497878402788
1090,2165,0.01861280366621001
1090,2166,0.003331265007283175
1090,2167,0.003221583125839976
1090,2168,0.007761429605379808
1090,2169,0.0058470945289625115
1090,2341,0.0025188172499272373
1090,2342,0.002619127263069623
1090,2343,0.0038100885538221753
1090,2344,0.003967100459907751
1090,2345,0.004246071209504817
1090,2346,0.004733704775819958
1090,2347,0.0038958131615454317
1090,2348,0.00354443746115475
1090,2349,0.0032126234347440467
1090,2351,0.003361143996973471
1090,2352,0.003494975497010101
1090,2353,0.0032179542084560054
1090,2354,0.0029615303970333064
1090,2355,0.0027548267140660716
1090,2356,0.0026046557993836985
1090,2357,0.0027322155386497312
1090,2358,0.002841235009020266
1090,2359,0.0027786923915143623
1090,2360,0.002700115347106911
1090,2361,0.002429351893494111
1090,2383,0.00920904211218868
1090,2384,0.0194776583404131
1090,2385,0.019875764452883173
1090,2386,0.019664978912635758
1090,2391,0.002444157521122684
1090,2392,0.0026437137846403386
1090,2393,0.00250222417902887
1090,2394,0.0027705401323466234
1090,2395,0.004530556947263783
1090,2396,0.004538038101783346
1090,2397,0.005729318764118086
1090,2398,0.005624356049422939
1090,2399,0.006509061924318252
1090,2400,0.006895583486779244
1090,2401,0.007823032837002088
1090,2402,0.017245709011902696
1090,2550,0.0029661808226188915
1090,2820,0.0024110858699284816
1090,2821,0.0024822553145532286
1090,2822,0.0035160273675855446
1090,2837,0.0030029659304820896
1090,2845,0.0023620548182798394
1090,2930,0.0048634130496350465
1090,2931,0.003925966296334776
1090,2947,0.00956125399559076
1090,2948,0.02002430183161041
1090,2949,0.021511981882037068
1090,2950,0.028770631450904218
1090,2951,0.030163237530268894
1090,2952,0.016207961258581642
1090,2953,0.03259815476817604
1090,2954,0.03538038900578465
1090,2955,0.018230644655165665
1090,2956,0.006526818885033226
1090,2957,0.015824230533252666
1090,3011,0.0026668798206770455
1090,3012,0.0026622692168227382
1090,3084,0.006714925748940008
1090,3085,0.008456000656476474
1090,3098,0.005294021838795629
1090,3099,0.004904821721102844
1090,3100,0.004031458894954761
1090,3101,0.003798331751878688
1090,3102,0.003887061989915567
1090,3103,0.0037515205479280735
1090,3121,0.016761831135237444
1090,3127,0.0043267977599502315
1090,3276,0.003094172478299532
1090,3277,0.003966825464732766
1091,1092,0.0434165364737435
1091,1093,0.040367704541338305
1091,1094,0.03922473079776783
1091,1095,0.0742265946420083
1091,1096,0.03334488386625682
1091,1097,0.009099007114981135
1091,1098,0.007814936804383244
1091,1099,0.011247483092500598
1091,1100,0.013041752734018934
1091,1101,0.013484347698659412
1091,1127,0.005292567500915096
1091,1174,0.00505370736982053
1091,1601,0.028244150209407844
1091,1811,0.0071245767138565725
1091,1813,0.008328332897569039
1091,1815,0.005933766003910444
1091,1944,0.009103510842319562
1091,2164,0.011398636020010731
1091,2165,0.015383013222931168
1091,2166,0.013513967264782602
1091,2167,0.01313857010887365
1091,2168,0.029635802274746284
1091,2169,0.0224135819413437
1091,2182,0.003877936018356183
1091,2307,0.004163139914858191
1091,2321,0.0041411984209457
1091,2329,0.003886604860980954
1091,2338,0.00452654970946194
1091,2339,0.0046135013892583294
1091,2340,0.004536724309884681
1091,2341,0.0058334205997134896
1091,2342,0.006058022337076125
1091,2343,0.008597390534071839
1091,2344,0.0089145069979085
1091,2345,0.008545552827694104
1091,2346,0.010342857361464076
1091,2347,0.008663341121617934
1091,2348,0.007753575175898113
1091,2349,0.006799460518214078
1091,2351,0.006921391496233211
1091,2352,0.007152106272729132
1091,2353,0.006561891810711874
1091,2354,0.006141235576213392
1091,2355,0.005763062156665683
1091,2356,0.005596421966213461
1091,2357,0.005966628191375182
1091,2358,0.006289667223728978
1091,2359,0.0062178306626811146
1091,2360,0.006066814956262476
1091,2361,0.005509643148505651
1091,2362,0.004918452011184305
1091,2364,0.004143178921109197
1091,2383,0.00906879806879734
1091,2384,0.009570112725521536
1091,2385,0.009727186936966054
1091,2386,0.009607839290699707
1091,2395,0.0046253676917808574
1091,2396,0.004663622808434905
1091,2397,0.00583392560396767
1091,2398,0.0056637149747876476
1091,2399,0.006509588970494491
1091,2400,0.006889220661667053
1091,2401,0.007785279716069375
1091,2402,0.008594682602432471
1091,2837,0.0036088117351076397
1091,2845,0.004648189984054356
1091,2930,0.0047481520803773405
1091,2931,0.003840003094376047
1091,2947,0.009831349861526962
1091,2948,0.010214045951157578
1091,2949,0.0109585581490226
1091,2950,0.014752974809891205
1091,2951,0.015551356855922523
1091,2952,0.016976912018037096
1091,2953,0.016760242652390952
1091,2954,0.018247394080502324
1091,2955,0.021735676296322892
1091,2956,0.006657764038864138
1091,2957,0.00801918342610713
1091,3084,0.006584937369752821
1091,3085,0.008443588523495695
1091,3098,0.015356588736000746
1091,3099,0.01599052930169238
1091,3100,0.005802629337591759
1091,3101,0.005896234886919182
1091,3102,0.007342621869590902
1091,3103,0.006488590892633049
1091,3121,0.0210912796955738
1091,3127,0.004264892465881497
1091,3276,0.004070548596394325
1091,3277,0.005243336612030663
1092,1093,0.09146805808643045
1092,1094,0.07826391401701835
1092,1095,0.028521441645336907
1092,1096,0.06310475357685304
1092,1097,0.00628128959737798
1092,1098,0.017765241852764103
1092,1099,0.023441590390532185
1092,1100,0.028100248754008426
1092,1101,0.030096387263582502
1092,1127,0.006075212288588539
1092,1174,0.0035443584637497713
1092,1601,0.007431458891008303
1092,1809,0.0033845623599078603
1092,1810,0.0029322221779200268
1092,1811,0.008269424271952411
1092,1813,0.00954809620311232
1092,1815,0.006093592441373571
1092,1944,0.01045053580269019
1092,2164,0.02238611358027514
1092,2165,0.029560351686840198
1092,2166,0.005218606685753499
1092,2167,0.005039957754493363
1092,2168,0.01224787299979094
1092,2169,0.00924376527433555
1092,2341,0.003061770732920848
1092,2342,0.00317606677909716
1092,2343,0.004448654311733144
1092,2344,0.004607430396223823
1092,2345,0.004460168703491375
1092,2346,0.005328702256792521
1092,2347,0.0044692623523921214
1092,2348,0.003994972541874607
1092,2349,0.0035092921679961207
1092,2351,0.0035892844747226747
1092,2352,0.003714491168821643
1092,2353,0.0034100932601494388
1092,2354,0.003179388192213419
1092,2355,0.0029786838831720114
1092,2356,0.0028840832322533216
1092,2357,0.003074312098155902
1092,2358,0.0032439671114724315
1092,2359,0.0032127007766633584
1092,2360,0.003137815810861319
1092,2361,0.002858504848600896
1092,2383,0.008745861994156747
1092,2384,0.01858655330907439
1092,2385,0.019249928059917668
1092,2386,0.019265805241433957
1092,2395,0.004131103868770404
1092,2396,0.004116645364897809
1092,2397,0.0052260819421640035
1092,2398,0.005187324546001681
1092,2399,0.00604451673740111
1092,2400,0.006407707265669458
1092,2401,0.0072985265318080235
1092,2402,0.016027147638694252
1092,2550,0.002869684269220555
1092,2822,0.003460451656023925
1092,2837,0.0041424800817249615
1092,2930,0.004885774563760482
1092,2931,0.0038661423273107266
1092,2947,0.008605851067768752
1092,2948,0.01811272713895533
1092,2949,0.01945331239505874
1092,2950,0.025723963085740535
1092,2951,0.026848906770167755
1092,2952,0.014299576819323348
1092,2953,0.028989599858924846
1092,2954,0.03132366238044963
1092,2955,0.016016503216904104
1092,2956,0.0059373192165264495
1092,2957,0.014443885695391625
1092,3011,0.0036264128169944346
1092,3012,0.0036199201044728796
1092,3084,0.007017181245529495
1092,3085,0.009315483931623812
1092,3098,0.004767195154228556
1092,3099,0.0045978060076576534
1092,3100,0.003616772375811672
1092,3101,0.003488456035754473
1092,3102,0.003915335244078951
1092,3103,0.0036036678505113337
1092,3121,0.01472429869296708
1092,3127,0.004139520071568814
1092,3277,0.0034922062602558597
1093,1094,0.09339179762682655
1093,1095,0.03279139095277808
1093,1096,0.07583312517173117
1093,1097,0.006392624357518042
1093,1098,0.02159289544131897
1093,1099,0.025746127663184494
1093,1100,0.03121996064499149
1093,1101,0.03406803558090448
1093,1127,0.007347771125963491
1093,1174,0.0036136447722054515
1093,1601,0.007601139455372162
1093,1809,0.0036746292571775366
1093,1810,0.003185504035603226
1093,1811,0.009820786268339253
1093,1813,0.011093140272298505
1093,1815,0.006696986027717297
1093,1944,0.012152705080173862
1093,2164,0.02735071559276458
1093,2165,0.03595062990047898
1093,2166,0.006170053591078409
1093,2167,0.005952292448937904
1093,2168,0.014550811626784422
1093,2169,0.01101810290535457
1093,2341,0.003250858789321771
1093,2342,0.0033695840944831107
1093,2343,0.004667376681682065
1093,2344,0.00482695106652199
1093,2345,0.004574199987769303
1093,2346,0.005538681529237753
1093,2347,0.004668658890875166
1093,2348,0.004157400001257467
1093,2349,0.003628185162984736
1093,2351,0.0036938904588094275
1093,2352,0.00381903298630484
1093,2353,0.0035046950711599537
1093,2354,0.0032761802559919955
1093,2355,0.003074125597211672
1093,2357,0.0032001546758071717
1093,2358,0.0033879240809201474
1093,2359,0.0033656562578468483
1093,2360,0.0032915972615024216
1093,2383,0.00939502852358326
1093,2384,0.019993105400713636
1093,2385,0.020816058432951118
1093,2386,0.020921079210613553
1093,2395,0.004374366257059542
1093,2396,0.004347852681593058
1093,2397,0.005531397710344316
1093,2398,0.005518988508457995
1093,2399,0.006446982279093376
1093,2400,0.0068346167162153465
1093,2401,0.00779305456930331
1093,2402,0.017076010226560454
1093,2550,0.0031208687751221285
1093,2822,0.003786456604236559
1093,2837,0.005009713490446143
1093,2930,0.005379732396826766
1093,2931,0.004229721857202053
1093,2947,0.009032071726666278
1093,2948,0.019051674243267137
1093,2949,0.020451032575702376
1093,2950,0.026842528923969513
1093,2951,0.027943113496825014
1093,2952,0.01480107534332549
1093,2953,0.03013714058765789
1093,2954,0.03246378112228108
1093,2955,0.016280802705394164
1093,2956,0.006273375277974094
1093,2957,0.015274819138185014
1093,3011,0.004373028790897158
1093,3012,0.004365153755760538
1093,3084,0.007817202415688776
1093,3085,0.010531839863405086
1093,3098,0.004820046047864658
1093,3099,0.0046491325331487355
1093,3100,0.0036578076103601386
1093,3101,0.0035251816832341317
1093,3102,0.003989226941224144
1093,3103,0.0036509259155241324
1093,3121,0.014962348911489561
1093,3127,0.004476939582047072
1093,3277,0.003544694518594532
1094,1095,0.04497329027200769
1094,1096,0.10517576347907509
1094,1097,0.006353878145017513
1094,1098,0.0254981700314686
1094,1099,0.02527217520122006
1094,1100,0.030873764440702757
1094,1101,0.034260930102654415
1094,1127,0.008538016508742453
1094,1174,0.003577384160462689
1094,1601,0.008537528649015766
1094,1809,0.0035889885738300572
1094,1811,0.010784488339709465
1094,1813,0.011636196362348123
1094,1815,0.006590606995694543
1094,1944,0.01275310535534717
1094,2164,0.036609754106911474
1094,2165,0.048830267717018594
1094,2166,0.008619550763649972
1094,2167,0.008315710341146825
1094,2168,0.0203169459789221
1094,2169,0.015366326681867331
1094,2182,0.004002336891435485
1094,2307,0.00363534287132205
1094,2341,0.004048324234850892
1094,2342,0.0041889579018622005
1094,2343,0.005654747213986988
1094,2344,0.005827143240347861
1094,2345,0.005203253215436765
1094,2346,0.006550533515991319
1094,2347,0.005597864934753001
1094,2348,0.004940275266688611
1094,2349,0.004237678425353572
1094,2351,0.004254600367526178
1094,2352,0.004384432770316701
1094,2353,0.004019813936270382
1094,2354,0.0037902174879411907
1094,2355,0.00357410090242733
1094,2357,0.0038096726715368123
1094,2358,0.004066039519777228
1094,2359,0.004069678194118652
1094,2360,0.0039929636660060155
1094,2361,0.0036797899095853026
1094,2383,0.009120385533313121
1094,2384,0.019417153281922794
1094,2385,0.02026121741888262
1094,2386,0.02040685487514595
1094,2395,0.004232573022213704
1094,2396,0.004205993104322581
1094,2397,0.005351717835737779
1094,2398,0.005344097375685649
1094,2399,0.006246031902316835
1094,2400,0.006621486338369715
1094,2401,0.00755166905997314
1094,2402,0.016537415326135223
1094,2822,0.0037173524085052094
1094,2837,0.005833812469650375
1094,2930,0.005304485087520078
1094,2931,0.004151540977325912
1094,2947,0.00873951672347951
1094,2948,0.018430742937209296
1094,2949,0.019785484340299034
1094,2950,0.02600891705045578
1094,2951,0.02710081059181738
1094,2952,0.014394549422723944
1094,2953,0.029243851157903667
1094,2954,0.03155086013688385
1094,2955,0.01620086987536759
1094,2956,0.0060687139982233415
1094,2957,0.014777074325220546
1094,3011,0.005044765122931724
1094,3012,0.005035546484787151
1094,3084,0.007780540112422114
1094,3085,0.010632593144097962
1094,3098,0.004937193613850025
1094,3099,0.0049120566155416625
1094,3100,0.003737892965664778
1094,3101,0.0036740563193049013
1094,3102,0.004427085597530233
1094,3103,0.003930010964999868
1094,3121,0.014920104355726422
1094,3127,0.00436236878219143
1095,1096,0.06865058988037816
1095,1098,0.014426185729187472
1095,1099,0.012419574447394974
1095,1100,0.015123774983631095
1095,1101,0.016765755065178946
1095,1127,0.009551419825669821
1095,1601,0.026023411081495914
1095,1811,0.01119787976827426
1095,1813,0.011609480851611056
1095,1815,0.006466557116744203
1095,1944,0.012717473470864002
1095,2164,0.026377660749248796
1095,2165,0.03529218875641628
1095,2166,0.03290999687686618
1095,2167,0.03188533737997631
1095,2168,0.07393349086983862
1095,2169,0.05586729319080244
1095,2182,0.008190592134134688
1095,2307,0.0074417854143984325
1095,2321,0.006928223081227233
1095,2329,0.006317950518693886
1095,2338,0.0068843142850576345
1095,2339,0.006849215815748719
1095,2340,0.006500192556559381
1095,2341,0.007588293585191824
1095,2342,0.007827951396943244
1095,2343,0.010078965483242887
1095,2344,0.010314821165808596
1095,2345,0.008254602399661632
1095,2346,0.011140184843113576
1095,2347,0.00979689767419663
1095,2348,0.008526422776248417
1095,2349,0.0071030788686202
1095,2350,0.006087306049761779
1095,2351,0.0069439508771847475
1095,2352,0.007107011142256963
1095,2353,0.006514223723498071
1095,2354,0.00625082079421829
1095,2355,0.0059552685857512415
1095,2356,0.006044251102933998
1095,2357,0.006623863092326018
1095,2358,0.007165681478304487
1095,2359,0.00726633054156486
1095,2360,0.0071706949287411136
1095,2361,0.006705937933181056
1095,2362,0.006143519103981815
1095,2363,0.006716898334329566
1095,2364,0.00541180670710288
1095,2383,0.009102730919192536
1095,2384,0.009677426174034623
1095,2385,0.010050043754011244
1095,2386,0.010088917190864192
1095,2397,0.005448322492854961
1095,2398,0.00539623504495634
1095,2399,0.00628513966810717
1095,2400,0.006662722632725251
1095,2401,0.00758859280452803
1095,2402,0.008333099563214368
1095,2837,0.006594861031359207
1095,2930,0.0051997864526119085
1095,2947,0.009027698242857495
1095,2948,0.009477300303515465
1095,2949,0.01018136139793794
1095,2950,0.013560002671993792
1095,2951,0.01420355548682504
1095,2952,0.015274292216852435
1095,2953,0.0153497052888806
1095,2954,0.01665680553302142
1095,2955,0.018346425511255125
1095,2956,0.006195804397462554
1095,2957,0.007530172413651976
1095,3011,0.005635422043256723
1095,3012,0.005625040427580164
1095,3084,0.007612744896637349
1095,3085,0.010419073804091726
1095,3098,0.012465252135460873
1095,3099,0.013349800525345536
1095,3102,0.006703723033661571
1095,3103,0.005590539376520278
1095,3121,0.017298276127169547
1096,1098,0.036146913615676304
1096,1099,0.028453677581815447
1096,1100,0.03508439932796846
1096,1101,0.0397479947244135
1096,1127,0.011980561891921216
1096,1601,0.009899886642724016
1096,1811,0.01409690145273275
1096,1813,0.014361973685644005
1096,1815,0.007483912536913225
1096,1944,0.015717628287866613
1096,2164,0.059095876072314715
1096,2165,0.07952443664629977
1096,2166,0.013973240033406765
1096,2167,0.013462717477161101
1096,2168,0.03302854151252516
1096,2169,0.025118864028350164
1096,2182,0.006172133634332818
1096,2307,0.0052852669561892105
1096,2321,0.004861824623136505
1096,2338,0.004783678786423136
1096,2339,0.004753864646359881
1096,2341,0.0052814629252144136
1096,2342,0.005451632903509714
1096,2343,0.007114666535250085
1096,2344,0.007299164986116775
1096,2345,0.006130069338821809
1096,2346,0.008011238394347451
1096,2347,0.006960665178605076
1096,2348,0.0060885830329838195
1096,2349,0.005133021877526707
1096,2351,0.005080492791040297
1096,2352,0.005217641520951849
1096,2353,0.0047818559119233404
1096,2358,0.005074235891374074
1096,2359,0.005122541984443242
1096,2360,0.005045556544206316
1096,2363,0.00487573031545725
1096,2383,0.010057923674436264
1096,2384,0.021433688698583038
1096,2385,0.02248029601715203
1096,2386,0.02274386810539692
1096,2397,0.0058296847503140695
1096,2398,0.005849630020003918
1096,2399,0.0068505751446197765
1096,2400,0.007261297748448219
1096,2401,0.00828602746623388
1096,2402,0.0181020243105592
1096,2837,0.008246132570155882
1096,2930,0.006049221331444347
1096,2947,0.009448452209605029
1096,2948,0.01995515017537284
1096,2949,0.021410870118944294
1096,2950,0.028002565762332333
1096,2951,0.029137902757675322
1096,2952,0.015439960759063256
1096,2953,0.03142348506364438
1096,2954,0.03385773043100509
1096,2955,0.01736117576701259
1096,2956,0.006599308634820609
1096,2957,0.016074539839095986
1096,3011,0.007064374719693993
1096,3012,0.007051366097167346
1096,3084,0.008991381842824046
1096,3085,0.012506001849335858
1096,3098,0.005364536132487797
1096,3099,0.00544336417575801
1096,3102,0.005103839027790618
1096,3121,0.016006525694486275
1096,3127,0.004864244808589856
1097,1099,0.005696312463479502
1097,1100,0.005080729203388797
1097,1101,0.004357868305952845
1097,1168,0.007221432736977166
1097,1169,0.01889014112909013
1097,1170,0.024355837586285175
1097,1171,0.028406170286508072
1097,1172,0.03246606268041795
1097,1173,0.041351069031199214
1097,1174,0.05891722611241529
1097,1550,0.01761336095858988
1097,1601,0.006764582706532982
1097,1637,0.0048725989751880906
1097,1809,0.00494705291475194
1097,1810,0.0045167848714320075
1097,1815,0.005052155119987415
1097,1859,0.007042489599336931
1097,1860,0.008803740381439449
1097,1931,0.0038028364859895585
1097,1932,0.003775777592835649
1097,1933,0.003263957391763063
1097,1934,0.003917744555993693
1097,1935,0.003988697525356878
1097,1936,0.004343722264458698
1097,1937,0.0032476987306377827
1097,1938,0.0039907701897287495
1097,1939,0.005566966734938546
1097,1940,0.0063585861206537555
1097,1944,0.0029575198813730293
1097,1949,0.004201815612204457
1097,1950,0.004500959893164104
1097,1951,0.004188814153396434
1097,1952,0.0038166969737409833
1097,1953,0.003940282556685346
1097,2344,0.003027080521166926
1097,2345,0.005327859987522149
1097,2346,0.00390865990091152
1097,2347,0.003174499579508617
1097,2348,0.0032654705343189783
1097,2349,0.003629344471735576
1097,2351,0.004249438599952076
1097,2352,0.004472340980062579
1097,2353,0.004332522512577222
1097,2354,0.0038071802262187294
1097,2355,0.0034821708367740087
1097,2383,0.0076810972872817605
1097,2384,0.0074924000809820125
1097,2385,0.006941291640189326
1097,2386,0.006555970232224148
1097,2387,0.004981885007762969
1097,2388,0.015309606557481896
1097,2389,0.007641984168641555
1097,2390,0.017197354329214633
1097,2391,0.008175203099686461
1097,2392,0.016890991352728132
1097,2393,0.007771338614614172
1097,2394,0.00782192973555296
1097,2395,0.009395779912487618
1097,2396,0.019990261537745826
1097,2397,0.020019764471795338
1097,2398,0.008916046955775801
1097,2399,0.008658482699107583
1097,2400,0.00869374036654074
1097,2401,0.008549493918091927
1097,2402,0.008823164888257837
1097,2550,0.00436238090546731
1097,2820,0.003747171825122561
1097,2821,0.003430377052685852
1097,2822,0.0042700335891769975
1097,2845,0.004202775416563462
1097,2846,0.0030080861230200777
1097,2849,0.003683389206251399
1097,2930,0.004488119958152526
1097,2931,0.004535433419006236
1097,2947,0.022376139452617537
1097,2948,0.010582840834321143
1097,2949,0.010360285657206623
1097,2950,0.009673351995501516
1097,2951,0.009616876351032514
1097,2952,0.019157516663608657
1097,2953,0.00914942857600753
1097,2954,0.0087825449804271
1097,2955,0.018715813135772513
1097,2956,0.021001724030312335
1097,2957,0.01020232769421291
1097,3084,0.004290633359203263
1097,3085,0.003891846284368623
1097,3098,0.01997676206722427
1097,3099,0.012727256713216256
1097,3100,0.020068709045959872
1097,3101,0.014478918682222888
1097,3102,0.006648481393181584
1097,3103,0.009346209307708367
1097,3121,0.04570723098978565
1097,3127,0.005889602260259521
1097,3178,0.004488146229206361
1097,3179,0.004110931449904226
1097,3180,0.003511581763122677
1097,3181,0.003420808554716164
1097,3182,0.0033101668705654026
1097,3276,0.022668199502826593
1097,3277,0.02771508192725674
1098,1099,0.049657393268128194
1098,1100,0.059336376688117545
1098,1101,0.0704429289431606
1098,1127,0.04445519590035838
1098,1547,0.014076569151196518
1098,1809,0.005914254707766115
1098,1811,0.039420469791783784
1098,1813,0.0291963959124743
1098,1815,0.011091204679136227
1098,1944,0.03015265944063718
1098,2164,0.05581555816460776
1098,2165,0.04993257703033659
1098,2166,0.00913132097412807
1098,2167,0.008736823389763037
1098,2168,0.01692004866418573
1098,2169,0.015341370842996947
1098,2383,0.01098093437852147
1098,2384,0.02324850152215542
1098,2385,0.025188825408500388
1098,2386,0.02636801848643768
1098,2397,0.0061488804270651625
1098,2398,0.006524100710575551
1098,2399,0.0076282421773981365
1098,2400,0.007997280827791359
1098,2401,0.00896827284673916
1098,2402,0.018786445603649324
1098,2822,0.0066837119566147225
1098,2837,0.030632309168051566
1098,2928,0.0074681900364076135
1098,2929,0.009316962611102205
1098,2930,0.00961048142996824
1098,2931,0.007317887757814622
1098,2947,0.008370945922277025
1098,2948,0.017863969408342766
1098,2949,0.018769542042624182
1098,2950,0.021463999060709678
1098,2951,0.021609027712011435
1098,2952,0.010761308557393866
1098,2953,0.022631275541530018
1098,2954,0.023308019513887935
1098,2955,0.009843819844027907
1098,2956,0.006698029339190828
1098,2957,0.015890011330694363
1098,3011,0.026242740599822748
1098,3012,0.026194396114866816
1098,3084,0.014492214305069527
1098,3085,0.02040827818705475
1098,3121,0.006298684494165399
1098,3127,0.006663545128761132
1099,1100,0.07036599731370284
1099,1101,0.05934918828618986
1099,1127,0.006013733812022546
1099,1171,0.0025343083786095386
1099,1172,0.00268343181272877
1099,1173,0.003128718247207084
1099,1174,0.004220093174884681
1099,1176,0.002427487046890554
1099,1177,0.0030430198346682864
1099,1178,0.0033134607902030287
1099,1184,0.0024593565657527287
1099,1547,0.003015328274470582
1099,1601,0.003348776970337476
1099,1809,0.008262206427653058
1099,1810,0.007175144013818572
1099,1811,0.010128753286743971
1099,1813,0.014592682148648553
1099,1815,0.015184203876188332
1099,1931,0.003896419239312024
1099,1932,0.004005589932039396
1099,1933,0.003579700142914135
1099,1934,0.004939367606004898
1099,1935,0.005064405737812624
1099,1936,0.005527239630413431
1099,1944,0.015057883520640285
1099,1950,0.0024064125223625015
1099,1951,0.002689886770650943
1099,1952,0.0028646126605811565
1099,1953,0.0031276391656656953
1099,2164,0.009814929419668342
1099,2165,0.011587634999708454
1099,2168,0.004165693684750424
1099,2169,0.0032361657230398208
1099,2383,0.019265381782158187
1099,2384,0.04092710518820789
1099,2385,0.04416861275547864
1099,2386,0.04574309295548471
1099,2388,0.0029172663199897707
1099,2389,0.003420626206972203
1099,2390,0.003963096241556152
1099,2391,0.004439299834699678
1099,2392,0.004825300097899349
1099,2393,0.0046750024649687486
1099,2394,0.00528518541174471
1099,2395,0.008630696541272383
1099,2396,0.008395010192100549
1099,2397,0.010685411736355916
1099,2398,0.011140335051828537
1099,2399,0.013103440243450414
1099,2400,0.013818361206865382
1099,2401,0.015648819363419934
1099,2402,0.03309863681045784
1099,2550,0.007042240523231
1099,2820,0.0057548428960650065
1099,2821,0.006064162003079233
1099,2822,0.00859013950414186
1099,2837,0.0043897736510025934
1099,2930,0.012175936979600264
1099,2931,0.009594802007118578
1099,2947,0.014499996782950797
1099,2948,0.030893723333617566
1099,2949,0.03200349868007421
1099,2950,0.032027953424652145
1099,2951,0.031130036645777733
1099,2952,0.014562889489959346
1099,2953,0.03089672903997303
1099,2954,0.029749298430826198
1099,2955,0.011009601334109474
1099,2956,0.01176182714644479
1099,2957,0.02803777458247471
1099,3011,0.004135215784947144
1099,3012,0.004129539571708745
1099,3084,0.017017082211913632
1099,3085,0.019420739009524953
1099,3098,0.003880541426080759
1099,3099,0.003017696538322361
1099,3100,0.003117058161927229
1099,3101,0.002595104558051048
1099,3121,0.00860138517847088
1099,3127,0.009950825385684968
1099,3276,0.002956338490270946
1099,3277,0.0036330958068032356
1100,1101,0.08794399149498776
1100,1127,0.008295523434026472
1100,1173,0.003247042019017758
1100,1174,0.004447174957009945
1100,1177,0.0029594982836929594
1100,1178,0.0032256185671774894
1100,1547,0.0037803537754915314
1100,1601,0.004284331354882936
1100,1809,0.008013851906665485
1100,1810,0.006968176889471178
1100,1811,0.013671850075309078
1100,1813,0.019036933988173466
1100,1815,0.014941556088019874
1100,1931,0.003764328920656643
1100,1932,0.0038718895659633243
1100,1933,0.0034668625431148723
1100,1934,0.004786475803981982
1100,1935,0.004907082536811669
1100,1936,0.0053493734016792855
1100,1944,0.020144315876348656
1100,1953,0.003014334070988493
1100,2164,0.01465700749901744
1100,2165,0.017302441773290732
1100,2168,0.006191158401885762
1100,2169,0.004823198662063262
1100,2383,0.018759814372181424
1100,2384,0.039962902961380595
1100,2385,0.042861247907283524
1100,2386,0.044144640341320214
1100,2389,0.003323298465548902
1100,2390,0.0038556781534234276
1100,2391,0.004304823663763211
1100,2392,0.0046788851969216646
1100,2393,0.0045244060594684735
1100,2394,0.005109776261491855
1100,2395,0.008366825010457674
1100,2396,0.008159481502654232
1100,2397,0.010406686569102163
1100,2398,0.010786907836337324
1100,2399,0.01269303808651783
1100,2400,0.013403342536000194
1100,2401,0.015225012547716804
1100,2402,0.0324871412387869
1100,2550,0.006847251145298231
1100,2820,0.005607394228295498
1100,2821,0.005949981561264439
1100,2822,0.008411217412169636
1100,2837,0.005926840422442724
1100,2929,0.0028852494700742546
1100,2930,0.012042301702747777
1100,2931,0.009388195227967761
1100,2947,0.014833358571542206
1100,2948,0.03165530301698131
1100,2949,0.0332325894392112
1100,2950,0.03630295239882899
1100,2951,0.035893405504674666
1100,2952,0.017228866023550612
1100,2953,0.03656586685158009
1100,2954,0.03618043249378563
1100,2955,0.013732435568837546
1100,2956,0.01152820206293466
1100,2957,0.02771020455930208
1100,3011,0.00549158014648891
1100,3012,0.005483392996239007
1100,3084,0.017504670768122225
1100,3085,0.022454843415880176
1100,3098,0.004399651362367282
1100,3099,0.003556399570309542
1100,3100,0.0034782578081835715
1100,3101,0.002973129467946204
1100,3121,0.009906317388637596
1100,3127,0.009611945093544814
1100,3276,0.0031514045077815477
1100,3277,0.003918079212925297
1101,1127,0.011938774856231099
1101,1174,0.004688140633935586
1101,1547,0.005119853676141373
1101,1601,0.00510805384768187
1101,1809,0.008561693856290945
1101,1810,0.00746330281990632
1101,1811,0.01926481846522946
1101,1813,0.025694947384280475
1101,1815,0.01617842395700096
1101,1931,0.003996225357577481
1101,1932,0.004115540794454615
1101,1933,0.003700489016384459
1101,1934,0.005112115341143876
1101,1935,0.005239569527548482
1101,1936,0.005698245008208685
1101,1944,0.027682867231532248
1101,2164,0.02144070803762035
1101,2165,0.02495850491334372
1101,2166,0.0037934331082899743
1101,2167,0.0036422680662280974
1101,2168,0.008797237746510839
1101,2169,0.006913015682166582
1101,2383,0.019444068478196894
1101,2384,0.041399469245806446
1101,2385,0.044487933207581966
1101,2386,0.0459822611267771
1101,2390,0.003994693885404518
1101,2391,0.004466151318954392
1101,2392,0.004854405758112969
1101,2393,0.004699997443950826
1101,2394,0.005312735549405329
1101,2395,0.00868249398961901
1101,2396,0.008457459453044878
1101,2397,0.01078072134971747
1101,2398,0.011202483028644001
1101,2399,0.013179165439761468
1101,2400,0.013907106733731273
1101,2401,0.015780235561265243
1101,2402,0.033621099192376984
1101,2550,0.007347978729505771
1101,2820,0.006040573491939649
1101,2821,0.006469559466416793
1101,2822,0.009106794364784563
1101,2837,0.00843104458024616
1101,2929,0.003815399598699946
1101,2930,0.013149236522584807
1101,2931,0.01014853589561451
1101,2947,0.01541873568864821
1101,2948,0.03290438516635961
1101,2949,0.034639323137434036
1101,2950,0.038958482128492754
1101,2951,0.038846466909155095
1101,2952,0.018933588128502998
1101,2953,0.04008277943375983
1101,2954,0.040323857060170214
1101,2955,0.015755215246459224
1101,2956,0.011930219714768578
1101,2957,0.02867020631006466
1101,3011,0.007730131385448964
1101,3012,0.007718057529812507
1101,3084,0.01961103649630122
1101,3085,0.026803537758023674
1101,3098,0.004814074235250026
1101,3099,0.003991570559286056
1101,3100,0.0037750126307699813
1101,3121,0.010865695209852878
1101,3127,0.010182542526655087
1101,3277,0.0041752500049337645
1102,1103,0.0112933816903385
1102,1111,0.03941925853537486
1102,1246,0.01438213579610292
1102,1283,0.012217151357139999
1102,1284,0.013976769060186469
1102,1642,0.026122942111138674
1102,1840,0.01652599991049131
1102,1872,0.01489477590251323
1102,1873,0.02738396475722164
1102,2171,0.047244530760277285
1102,2414,0.018822265961143416
1102,2523,0.009255129888852855
1102,2945,0.015040104103104199
1102,3077,0.019878565220195394
1102,3081,0.04568745048884586
1102,3082,0.1442299583339563
1102,3118,0.029111629573248674
1102,3210,0.046021829277586815
1102,3214,0.01721808517679999
1102,3257,0.004578400194554731
1102,3281,0.008095531214848298
1102,3418,0.01686098661449995
1102,3419,0.010530302027963357
1102,3466,0.049929853331172495
1102,3467,0.06464149188194512
1102,3468,0.03357006244298424
1102,3469,0.057593370826551395
1102,3470,0.017555682789782985
1102,3471,0.09536200889323711
1102,3472,0.022631302451556666
1102,3473,0.01955257203169294
1102,3474,0.01656523063626103
1102,3475,0.013807276758431278
1103,1111,0.029586213378156114
1103,1215,0.019791195364420873
1103,1246,0.022835965101541515
1103,1283,0.018717052747328104
1103,1284,0.026740326734393253
1103,1642,0.028528343093559682
1103,1840,0.026962158692108294
1103,1872,0.02990506273288653
1103,1873,0.023255053522146775
1103,2171,0.011477250742172549
1103,2208,0.028506181086026674
1103,2414,0.013064749386075845
1103,2523,0.016498991908907
1103,2945,0.025882275850760732
1103,3077,0.04318258760650457
1103,3081,0.01382922018483495
1103,3082,0.014758299670192033
1103,3118,0.03991302854347946
1103,3210,0.01117609235455418
1103,3214,0.059999300970171074
1103,3257,0.041281412835898
1103,3281,0.06969789870723792
1103,3418,0.05124997418993073
1103,3419,0.015074834130210739
1103,3466,0.012638685266543433
1103,3467,0.01389669761538254
1103,3468,0.03512447866046568
1103,3469,0.007546818781753911
1103,3470,0.008659803840133026
1103,3471,0.010501332118149962
1103,3472,0.035031920415723616
1103,3473,0.039837306623904015
1103,3474,0.06752504645529805
1103,3475,0.08732444068914813
1104,1108,0.17334343577186326
1104,1109,0.2066246167050997
1104,1207,0.02057140418175363
1104,1245,0.023251042129390113
1104,1250,0.006595218990546591
1104,1568,0.12798906664349655
1104,2266,0.01699412888961849
1104,2425,0.024376355954432473
1104,2548,0.029658226919335454
1104,2996,0.033582277806897466
1104,2997,0.06275725032696586
1104,2999,0.14181054668142712
1104,3253,0.01273317901125302
1104,3254,0.013701146097739054
1104,3255,0.01755539273630664
1104,3427,0.040773172488272134
1104,3428,0.009360129028952974
1104,3429,0.011844207397342986
1104,3430,0.026479202239306603
1105,1110,0.02250783354267338
1105,1113,0.04537411078448358
1105,1114,0.008798828895309401
1105,1519,0.0461571920931072
1105,1529,0.02659068604761743
1105,1630,0.013918635876982789
1105,1802,0.05772061313201486
1105,1817,0.14060682758302712
1105,1862,0.009366944850756762
1105,1947,0.023203060167721362
1105,2252,0.02703959129997204
1105,2273,0.02760608275902319
1105,2531,0.01687528744923541
1105,2554,0.2551935164252392
1105,2838,0.14341620102261443
1105,2934,0.011840475220871555
1105,2940,0.009988726548786214
1105,2943,0.02211242508433177
1105,2944,0.014641244740478768
1105,3016,0.026525451129352895
1105,3083,0.008417842932571112
1105,3243,0.023042870389167237
1105,3464,0.01905555202466212
1108,1109,0.2482359512680979
1108,1207,0.027821772023512378
1108,1245,0.025680830315289723
1108,1568,0.12948179460935935
1108,2266,0.018842777864799903
1108,2425,0.03299571765623466
1108,2548,0.03284658555687823
1108,2996,0.04512843557603166
1108,2997,0.08492239208805764
1108,2999,0.21165553217182703
1108,3253,0.01201317853836734
1108,3254,0.012910332361020774
1108,3255,0.01654947725619017
1108,3427,0.0472049576617362
1108,3428,0.01082287147068352
1108,3429,0.013491351563590142
1108,3430,0.029396042018323514
1109,1207,0.032988249465146696
1109,1245,0.03868183939369994
1109,1250,0.011398197301369836
1109,1568,0.18881190356265581
1109,2266,0.0282898224188885
1109,2425,0.039117485695824995
1109,2548,0.04949424160026534
1109,2996,0.05377392747745733
1109,2997,0.10106645986225982
1109,2999,0.24183603071659887
1109,3253,0.018657310008139857
1109,3254,0.020156125326977636
1109,3255,0.025764656093852315
1109,3427,0.06991892362769322
1109,3428,0.01587787709510572
1109,3429,0.01996074689580704
1109,3430,0.04420620345825713
1110,1114,0.012617314891813804
1110,1519,0.11690761654214449
1110,1523,0.014582263800021332
1110,1529,0.05889403690469397
1110,1600,0.011100545244034345
1110,1630,0.02852540484251147
1110,1802,0.09541015478824905
1110,1817,0.027607825528717395
1110,1862,0.015032666790172454
1110,1927,0.01598816726320352
1110,1947,0.02175820201647569
1110,2252,0.04468852098824269
1110,2273,0.020334875596439133
1110,2531,0.017187358464019094
1110,2554,0.024075294696818166
1110,2838,0.03415955435760594
1110,2934,0.09515419020319052
1110,2940,0.015045440082308053
1110,2943,0.018211935017647576
1110,2944,0.244516304038997
1110,3016,0.030563772483607705
1110,3243,0.016629614334926525
1110,3464,0.02100894112416013
1111,1246,0.013089220984920612
1111,1283,0.010615275447446703
1111,1284,0.014202189326895707
1111,1642,0.05213357158803875
1111,1840,0.058161929759186846
1111,1872,0.015839743665253384
1111,1873,0.1390412388999605
1111,2171,0.01762494832281618
1111,2208,0.009631367864481185
1111,2414,0.07982259757632672
1111,2523,0.029875385317957262
1111,2945,0.014518161863640933
1111,3077,0.025277618157473106
1111,3081,0.019025629260843224
1111,3082,0.05286523611383897
1111,3118,0.036037169223464956
1111,3210,0.01713594303711614
1111,3214,0.030035451479547923
1111,3257,0.014760739480757306
1111,3281,0.025499220188416067
1111,3418,0.02543574070847138
1111,3419,0.008656462308051232
1111,3466,0.019066877311190205
1111,3467,0.023570346025736863
1111,3468,0.03787186898832883
1111,3469,0.021531993307152133
1111,3470,0.010731887350921994
1111,3471,0.034649916226222086
1111,3472,0.03894628107131544
1111,3473,0.03652407420454527
1111,3474,0.032695155267510864
1111,3475,0.03512675967217122
1113,1114,0.015416786880912843
1113,1247,0.058144306334486244
1113,1519,0.026873965270190963
1113,1522,0.02116961845412193
1113,1526,0.014934393599275996
1113,1529,0.020403674982068902
1113,1546,0.11754657507643083
1113,1600,0.014141070933058886
1113,1802,0.03213674551992171
1113,1817,0.14602567431340385
1113,1862,0.014711690854339016
1113,1947,0.03730770366479735
1113,2198,0.014660670995100912
1113,2252,0.024608829483349928
1113,2273,0.0977086421218668
1113,2554,0.07994921077798763
1113,2838,0.03253146767253728
1113,2940,0.016178029910550628
1113,2942,0.03371898373938829
1113,2943,0.041753131944676544
1113,3014,0.03138978353551215
1113,3015,0.02816726945945765
1113,3016,0.03206828568159813
1113,3243,0.0484534887949656
1114,1519,0.010861381747930332
1114,1523,0.0906068338155878
1114,1526,0.04814621759236124
1114,1529,0.01747239720266729
1114,1600,0.11077334042635559
1114,1802,0.01000546989913085
1114,1817,0.0077785589939918486
1114,1862,0.20397266469959657
1114,1947,0.06270859644777312
1114,2198,0.013660514435005785
1114,2252,0.021904226675199673
1114,2273,0.024677154065920207
1114,2554,0.00727854117146917
1114,2934,0.008793461077951098
1114,2940,0.21190572028627902
1114,2943,0.06071990362246683
1114,2944,0.00806884224520605
1114,3016,0.027369475742018482
1114,3243,0.0532966998530891
1115,1128,0.08093957220556774
1115,1218,0.08124291330825817
1115,1528,0.05449670648323404
1115,1675,0.01983292794116136
1115,1715,0.04595279906969516
1115,1719,0.07496415245098349
1115,1806,0.03792597151002508
1115,1807,0.04547610792003602
1115,1812,0.22551716583955828
1115,2418,0.07525305513699392
1115,2423,0.026232790364145237
1115,3015,0.021221309844712162
1115,3125,0.03884718423890494
1115,3208,0.03556190489970168
1115,3209,0.02867569262473248
1115,3274,0.021958063162739235
1115,3275,0.022718211464844405
1115,3299,0.06318347153470662
1125,1688,0.039480296397881254
1125,1816,0.07752869279443071
1125,1870,0.2233880283740778
1125,1955,0.013889356751272178
1125,2272,0.014386140437144873
1125,2532,0.029714134890143906
1125,2977,0.14865241004189034
1125,3233,0.014337440609773055
1125,3252,0.015512168535319311
1125,3253,0.012727813333482033
1125,3296,0.18603284330069095
1125,3297,0.22435067453389346
1127,1547,0.05902052893224884
1127,1809,0.00548801612770118
1127,1811,0.07334752638985427
1127,1813,0.050275194590542485
1127,1815,0.00987418424594497
1127,1944,0.024889535061319797
1127,2164,0.026708225228463243
1127,2165,0.023201033984655582
1127,2166,0.009085682990914248
1127,2167,0.00869669344753052
1127,2168,0.015857855753234257
1127,2169,0.014726158364045809
1127,2383,0.008763157421854973
1127,2384,0.009208025631496074
1127,2385,0.0100026346500142
1127,2386,0.0105381991506298
1127,2398,0.005443803947921118
1127,2399,0.006301352209573676
1127,2400,0.006561151467469851
1127,2401,0.007255937315705007
1127,2402,0.007469987497686465
1127,2822,0.012700789264050764
1127,2837,0.1278683629912401
1127,2928,0.031076135953855763
1127,2929,0.03870166170533309
1127,2930,0.01782038583207199
1127,2931,0.013724235936579848
1127,2947,0.006390304939778424
1127,2948,0.006810375415809186
1127,2949,0.007087233539998757
1127,2950,0.00773472236707457
1127,2951,0.007717333836997029
1127,2952,0.007570662007928901
1127,2953,0.007996834948246236
1127,2954,0.008129641352293245
1127,2955,0.006637916584215804
1127,2956,0.005407460327035923
1127,2957,0.006294380670447477
1127,3011,0.11057246182023316
1127,3012,0.11036900027033927
1127,3084,0.02593112505365052
1127,3085,0.03476509986260883
1127,3127,0.005978990911404574
1128,1218,0.1889050695770419
1128,1247,0.01848408212162601
1128,1719,0.10661823955984646
1128,1806,0.10107745058771335
1128,1807,0.12370854054638797
1128,1812,0.17529109143084257
1128,2198,0.05800113790259335
1128,2519,0.018597522767506966
1128,2941,0.018408463821289335
1128,2942,0.026562445345455873
1128,3014,0.029716165209054995
1128,3015,0.033573543280103965
1128,3125,0.06682377738979303
1128,3260,0.016428994794088325
1128,3299,0.01780347566665551
1168,1169,0.03655889988199132
1168,1170,0.028001298005179195
1168,1171,0.024524028541063937
1168,1172,0.021076192832289314
1168,1173,0.01670312511031006
1168,1174,0.012442273518921926
1168,1175,0.003322769442416564
1168,1176,0.0037160182226352824
1168,1177,0.004481260993391717
1168,1178,0.004380822000600418
1168,1182,0.002794107408027033
1168,1184,0.003679687407048899
1168,1528,0.0059561088833438094
1168,1550,0.014680821459360215
1168,1637,0.020339812827174515
1168,1684,0.004016348525998692
1168,1685,0.006083248462310532
1168,1686,0.006744478053680279
1168,1715,0.0030472327021029756
1168,1809,0.004313123018075074
1168,1810,0.004389991555153815
1168,1815,0.002804789981478061
1168,1859,0.035991179861335855
1168,1860,0.03326637411537764
1168,1931,0.006097692598719965
1168,1932,0.005891388266890453
1168,1933,0.005385111571919103
1168,1934,0.005113942541778432
1168,1935,0.005113800931497845
1168,1936,0.005242058594876875
1168,1937,0.029053908894726876
1168,1938,0.03723709579609937
1168,1939,0.052171071773545415
1168,1940,0.0578927832495641
1168,1949,0.012294705358682864
1168,1950,0.012211037101488229
1168,1951,0.00987918072420362
1168,1952,0.008188290447544164
1168,1953,0.007851009155208345
1168,2383,0.0031726226114228775
1168,2384,0.002993939547036138
1168,2387,0.030888555930820145
1168,2388,0.01837116599508967
1168,2389,0.015132219883102782
1168,2390,0.013922233076710833
1168,2391,0.011889157937887626
1168,2392,0.011118674578695175
1168,2393,0.010855971864472841
1168,2394,0.009619713058598024
1168,2395,0.006697796069378885
1168,2396,0.0070258797389009565
1168,2397,0.005641361613189056
1168,2398,0.005245765425313538
1168,2399,0.00452749909637149
1168,2400,0.004336610645090318
1168,2401,0.003883792602766794
1168,2402,0.0037037513652609893
1168,2418,0.00440070872054434
1168,2423,0.008649405277394558
1168,2550,0.004288228584041152
1168,2820,0.004242254419958386
1168,2821,0.0036331978359655276
1168,2822,0.0035661551538563063
1168,2930,0.0028935678206448863
1168,2931,0.003498578581796021
1168,2947,0.00397666760319405
1168,2948,0.003735245320755131
1168,2949,0.003507635148287007
1168,2956,0.005202341257205488
1168,2957,0.004364748233631276
1168,3098,0.0040090007640495315
1168,3100,0.004646120231837323
1168,3101,0.003373637680017239
1168,3121,0.0032977030895180795
1168,3127,0.0043953365906144225
1168,3178,0.031143307212993705
1168,3179,0.02924565312008705
1168,3180,0.028504683971598006
1168,3181,0.02821690317474882
1168,3182,0.02856464365993763
1168,3208,0.00415267411677959
1168,3209,0.005766773856320373
1168,3274,0.007464078807291709
1168,3275,0.007279037974189058
1168,3276,0.011915175889580252
1168,3277,0.010102755047042089
1169,1170,0.07818515408130776
1169,1171,0.06758346101114665
1169,1172,0.05814307273433864
1169,1173,0.045592484184039474
1169,1174,0.03301205379397674
1169,1176,0.0030042151761822005
1169,1177,0.0036962496555245105
1169,1178,0.003654320784639893
1169,1184,0.0029802540873948174
1169,1528,0.004858037713742278
1169,1550,0.020603875691679097
1169,1637,0.017616002596095384
1169,1684,0.0029805737849778954
1169,1685,0.004705395340516386
1169,1686,0.0052770804017769415
1169,1809,0.004104779101714439
1169,1810,0.004086028377984393
1169,1815,0.002874764708804169
1169,1859,0.03748425965782166
1169,1860,0.04311761969120306
1169,1931,0.005182363699375909
1169,1932,0.005027877782062055
1169,1933,0.00452151858298622
1169,1934,0.0045034572802307585
1169,1935,0.0045208503648406
1169,1936,0.0047018727405413714
1169,1937,0.010577795087426803
1169,1938,0.01373506355248308
1169,1939,0.019176678915496168
1169,1940,0.021042843635735133
1169,1949,0.00948092129707621
1169,1950,0.009584306509271605
1169,1951,0.007910397783988695
1169,1952,0.006628186694655306
1169,1953,0.006446736910004404
1169,2383,0.003474154224006535
1169,2384,0.003292923465769537
1169,2385,0.00303439387322237
1169,2386,0.002887917132279432
1169,2387,0.011916512791476734
1169,2388,0.031732305704431744
1169,2389,0.01339058357217537
1169,2390,0.02589943087957001
1169,2391,0.011063160777843722
1169,2392,0.021045767697251597
1169,2393,0.0100618885997781
1169,2394,0.00906568667418298
1169,2395,0.006890566772979447
1169,2396,0.014580523515874374
1169,2397,0.012014111696234859
1169,2398,0.005501185546533509
1169,2399,0.004814829413935305
1169,2400,0.004644026538307112
1169,2401,0.004212262802155682
1169,2402,0.004072039499930272
1169,2418,0.00354816167884805
1169,2423,0.006633620471544965
1169,2550,0.003976825524493722
1169,2820,0.003815985002909481
1169,2821,0.003291664723408451
1169,2822,0.003392525027784759
1169,2930,0.0028789993990348223
1169,2931,0.0033810268096291386
1169,2947,0.009077933046300848
1169,2948,0.004255716999065376
1169,2949,0.00401840066261144
1169,2950,0.0032636012660321504
1169,2951,0.003168109947276355
1169,2952,0.0060617188583229915
1169,2953,0.0029527878492042418
1169,2956,0.011304315880854277
1169,2957,0.004825407239274344
1169,3098,0.005445180175223829
1169,3099,0.003610666521721936
1169,3100,0.00641342712396547
1169,3101,0.004686890877735462
1169,3103,0.0028694565999333415
1169,3121,0.008307915010800183
1169,3127,0.004328661367128504
1169,3178,0.011689402504946088
1169,3179,0.010888956982426515
1169,3180,0.010387983503633052
1169,3181,0.01026763221015426
1169,3182,0.010375942441078447
1169,3208,0.0030546845768728765
1169,3209,0.004238924378523307
1169,3274,0.006652742835584333
1169,3275,0.006462044539368499
1169,3276,0.01650983565887956
1169,3277,0.01376802771644959
1170,1171,0.09325365419569247
1170,1172,0.08065153097589464
1170,1173,0.06301597729307276
1170,1174,0.044945835817433
1170,1177,0.003473510276891887
1170,1178,0.0034690160836354893
1170,1528,0.003994267047995196
1170,1550,0.02849863627718702
1170,1637,0.014483126367688805
1170,1685,0.00415679122312203
1170,1686,0.004706326470011904
1170,1809,0.004352036670120762
1170,1810,0.004252563648827767
1170,1815,0.0032594208013541565
1170,1859,0.0314493931642102
1170,1860,0.03923135355728026
1170,1931,0.0049721514635782975
1170,1932,0.004843857730669477
1170,1933,0.004303455627527786
1170,1934,0.004465129908357157
1170,1935,0.004496829843818045
1170,1936,0.0047309099857398085
1170,1937,0.00853893833150045
1170,1938,0.01102689380980201
1170,1939,0.015418831382071757
1170,1940,0.01708893558952025
1170,1949,0.008263931028654066
1170,1950,0.008477653539330178
1170,1951,0.007149377132225766
1170,1952,0.006069861322707433
1170,1953,0.005979829610404828
1170,2383,0.004145656207253329
1170,2384,0.00394609653476911
1170,2385,0.003632823372148806
1170,2386,0.0034482266376364714
1170,2387,0.010329631697851074
1170,2388,0.029318004476040938
1170,2389,0.012784741071798335
1170,2390,0.025760361732775752
1170,2391,0.011131698159920706
1170,2392,0.021532068525118606
1170,2393,0.010147140131842541
1170,2394,0.009315005873424802
1170,2395,0.00769692383519984
1170,2396,0.01637328299725783
1170,2397,0.013866329273248325
1170,2398,0.00628310626119299
1170,2399,0.005579535909409734
1170,2400,0.005416342944649024
1170,2401,0.0049728272355376
1170,2402,0.004863385112867951
1170,2423,0.00534132379311023
1170,2550,0.0041282957641400825
1170,2820,0.0038633729168396106
1170,2821,0.003360576163169441
1170,2822,0.0036073255405977347
1170,2930,0.003185357653641655
1170,2931,0.0036428658967604527
1170,2947,0.01115468613375591
1170,2948,0.005226902542372538
1170,2949,0.004961059624086074
1170,2950,0.004120984561828465
1170,2951,0.0040177776620476426
1170,2952,0.007746759297498177
1170,2953,0.003756534326354364
1170,2954,0.0035291261118767596
1170,2955,0.0069376188190872256
1170,2956,0.013286565257280445
1170,2957,0.005772231691761269
1170,3098,0.007539887484652924
1170,3099,0.005018271436885164
1170,3100,0.00891994460619305
1170,3101,0.006519515049893316
1170,3103,0.0039914309378394795
1170,3121,0.011014486731827516
1170,3127,0.0047173973079512104
1170,3178,0.009907398950434384
1170,3179,0.00917162754176258
1170,3180,0.008529802371800501
1170,3181,0.008405212309113938
1170,3182,0.008426688231936864
1170,3209,0.003403622669563068
1170,3274,0.0056836686565221095
1170,3275,0.005511678414706111
1170,3276,0.02296762476686099
1170,3277,0.019069164609579144
1171,1172,0.09914045240146684
1171,1173,0.077805620247169
1171,1174,0.05560190108657723
1171,1177,0.003619547534567006
1171,1178,0.003636635026109702
1171,1528,0.0036326358014366665
1171,1550,0.03387688901500455
1171,1637,0.013173867894945264
1171,1685,0.004164903480223276
1171,1686,0.004740753432700555
1171,1809,0.004847586972122632
1171,1810,0.004690209635664215
1171,1815,0.0037653695192443833
1171,1859,0.02860224630531012
1171,1860,0.035730216162433395
1171,1931,0.005232042589678082
1171,1932,0.005110317399086835
1171,1933,0.004512157801860222
1171,1934,0.004791949892858668
1171,1935,0.004834511126701398
1171,1936,0.005117126708495332
1171,1937,0.00796101247452433
1171,1938,0.010186423112925351
1171,1939,0.014268134205685297
1171,1940,0.01595858082558313
1171,1949,0.008166742916195183
1171,1950,0.008452594312248013
1171,1951,0.007236434320514193
1171,1952,0.006202792983397584
1171,1953,0.006158732188216844
1171,2383,0.004903681524585748
1171,2384,0.004677725765404276
1171,2385,0.004305815340399443
1171,2386,0.004082763681357272
1171,2387,0.010145410596498103
1171,2388,0.02964142110948435
1171,2389,0.013221746154002
1171,2390,0.027251008029309257
1171,2391,0.011899472909288819
1171,2392,0.023250742503509055
1171,2393,0.010883061134617511
1171,2394,0.010112006094143778
1171,2395,0.008769170217463996
1171,2396,0.018692464069154122
1171,2397,0.01608589150770291
1171,2398,0.007256239942420039
1171,2399,0.0064968022764889735
1171,2400,0.006328124642596451
1171,2401,0.005847297389286997
1171,2402,0.005750861149949669
1171,2423,0.004879806711511935
1171,2550,0.00454770412178724
1171,2820,0.004199341280903156
1171,2821,0.003672974538254356
1171,2822,0.004029133811884997
1171,2930,0.0036349973860218994
1171,2931,0.004097225424541938
1171,2947,0.01335440980807494
1171,2948,0.006258148922759958
1171,2949,0.0059546088488381995
1171,2950,0.004995522012906883
1171,2951,0.004878907922057179
1171,2952,0.009435059297842116
1171,2953,0.004567771622709701
1171,2954,0.0042991043123551936
1171,2955,0.00851758636799782
1171,2956,0.015560149058925802
1171,2957,0.0068243674291446135
1171,3098,0.009295053388013851
1171,3099,0.006157456871474944
1171,3100,0.010916197111927338
1171,3101,0.007936346844458212
1171,3102,0.00326802313941162
1171,3103,0.004860500307768894
1171,3121,0.013567756259063717
1171,3127,0.005328994561659792
1171,3178,0.009596624736961669
1171,3179,0.008853392457621467
1171,3180,0.008083797421896076
1171,3181,0.007945849538242402
1171,3182,0.007908372985696742
1171,3274,0.005189002403072543
1171,3275,0.005030690847217019
1171,3276,0.028030225854412387
1171,3277,0.023504802981975333
1172,1173,0.09894407925583118
1172,1174,0.06967441788956702
1172,1177,0.003655747080752184
1172,1178,0.0036910079141495938
1172,1528,0.0034706001586307725
1172,1550,0.04257191051197466
1172,1601,0.0037645695222113663
1172,1637,0.012554474895035951
1172,1685,0.004084198145859173
1172,1686,0.004664268937552496
1172,1809,0.00519745785187425
1172,1810,0.004979498449430355
1172,1815,0.004208986389350474
1172,1859,0.027312926838093353
1172,1860,0.034278260108738016
1172,1931,0.005319451851045771
1172,1932,0.005207533875187158
1172,1933,0.004576782642373408
1172,1934,0.004957502934345655
1172,1935,0.0050092905851074196
1172,1936,0.005330084932966026
1172,1937,0.007526578989207069
1172,1938,0.009618795997310478
1172,1939,0.013473546641541654
1172,1940,0.015085370513426151
1172,1949,0.007922354162529604
1172,1950,0.008242967630142248
1172,1951,0.007132382223464767
1172,1952,0.006159410978855125
1172,1953,0.0061513991147074
1172,2383,0.005643951508646301
1172,2384,0.005401119043315934
1172,2385,0.004972414733299231
1172,2386,0.0047089449274033204
1172,2387,0.009798104291232726
1172,2388,0.02903477631746311
1172,2389,0.013169001323683935
1172,2390,0.02760139585685499
1172,2391,0.012180876004852828
1172,2392,0.02401816258301985
1172,2393,0.011184839640859584
1172,2394,0.010514030658004112
1172,2395,0.009593930465015535
1172,2396,0.02048501305612187
1172,2397,0.01799475648331165
1172,2398,0.008079434283945315
1172,2399,0.007313290428798431
1172,2400,0.007155331305453847
1172,2401,0.00667039437822044
1172,2402,0.006611212218246979
1172,2423,0.004618471458826853
1172,2550,0.004823190396092156
1172,2820,0.004398196123246395
1172,2821,0.003869211627593082
1172,2822,0.004336013490464464
1172,2930,0.0040060250357650175
1172,2931,0.004441509478965297
1172,2947,0.01561806441470723
1172,2948,0.007322269818472124
1172,2949,0.00699548577848689
1172,2950,0.0059689229546725335
1172,2951,0.005847909861380696
1172,2952,0.011371401367126789
1172,2953,0.005489172048190762
1172,2954,0.00518454208872449
1172,2955,0.010438577741756246
1172,2956,0.017623326141783965
1172,2957,0.007835842624189656
1172,3098,0.011855001775434446
1172,3099,0.00787269436499273
1172,3100,0.013962534346837818
1172,3101,0.010146990550312976
1172,3102,0.0041800742942397825
1172,3103,0.0062151146508203844
1172,3121,0.01675283050977066
1172,3127,0.005796584484871632
1172,3178,0.00920275230640589
1172,3179,0.008477687624693333
1172,3180,0.007680525218647258
1172,3181,0.007542684317917599
1172,3182,0.0074893389941085
1172,3274,0.005035395322767412
1172,3275,0.004878954411860756
1172,3276,0.03584330059371963
1172,3277,0.029982567253143716
1173,1174,0.09452754141644336
1173,1550,0.04942416034381681
1173,1601,0.005162532886208873
1173,1637,0.01048986780804435
1173,1685,0.0038300914920366682
1173,1686,0.004398913820591742
1173,1809,0.00569524386774843
1173,1810,0.005370753101653538
1173,1815,0.004942161294566727
1173,1859,0.02281992479029032
1173,1860,0.028646130239752796
1173,1931,0.005323826997679945
1173,1932,0.005233906700850421
1173,1933,0.004567898293322248
1173,1934,0.005118041290308316
1173,1935,0.0051847512504272246
1173,1936,0.005562930578348593
1173,1937,0.006441250064002573
1173,1938,0.008149294634943254
1173,1939,0.011418643921662709
1173,1940,0.012872761766840374
1173,1949,0.007235897398985275
1173,1950,0.007605131495932825
1173,1951,0.006725907387867129
1173,1952,0.005898611567190855
1173,1953,0.005954522246656761
1173,2345,0.004339336351336519
1173,2383,0.006913096082201339
1173,2384,0.006650214226613417
1173,2385,0.006128004256514968
1173,2386,0.00579502331868827
1173,2387,0.008850510290500763
1173,2388,0.026773678887281032
1173,2389,0.012530745014370267
1173,2390,0.026982616244629443
1173,2391,0.01216510303840797
1173,2392,0.02436375106745742
1173,2393,0.011270340433464903
1173,2394,0.01081932898687943
1173,2395,0.010760063681674412
1173,2396,0.02300258379388332
1173,2397,0.020948375619779785
1173,2398,0.009353928312281452
1173,2399,0.00862880920295118
1173,2400,0.008504631205733543
1173,2401,0.008045501524531012
1173,2402,0.008069987831078654
1173,2423,0.0038731541566199338
1173,2550,0.00519492248924669
1173,2820,0.004642535971857258
1173,2821,0.004129038813594653
1173,2822,0.004789396195667625
1173,2845,0.003789399785800767
1173,2930,0.00460166755452592
1173,2931,0.004963459203595837
1173,2947,0.019526398192118162
1173,2948,0.00916765479591471
1173,2949,0.008815426489202086
1173,2950,0.0077149081467372755
1173,2951,0.007591829635599797
1173,2952,0.01487353406413801
1173,2953,0.007153441882266969
1173,2954,0.006789726698169616
1173,2955,0.01394416699788344
1173,2956,0.02093198868989606
1173,2957,0.00952638330939447
1173,3084,0.004018977584959303
1173,3098,0.01621653363820574
1173,3099,0.01068695629393509
1173,3100,0.018823048723374335
1173,3101,0.013554114150461113
1173,3102,0.005640596895037791
1173,3103,0.00832496612143071
1173,3121,0.02253377770178364
1173,3127,0.006494884594514495
1173,3178,0.008192664749515527
1173,3179,0.007526647968933153
1173,3180,0.006688228872627561
1173,3181,0.006551215237702293
1173,3182,0.006454362210340721
1173,3274,0.004233292591870237
1173,3275,0.004100501188023685
1173,3276,0.04745274704701039
1173,3277,0.04099112533161381
1174,1550,0.038711764030814916
1174,1601,0.007131840090403796
1174,1637,0.007551983924547146
1174,1686,0.004039477724306149
1174,1809,0.006495005963187201
1174,1810,0.005996192713323368
1174,1815,0.006221885840884954
1174,1859,0.01636823020273701
1174,1860,0.02044911562036976
1174,1931,0.005329353325456837
1174,1932,0.005274489539712036
1174,1933,0.004569352511826894
1174,1934,0.005368606283202593
1174,1935,0.005457333097027901
1174,1936,0.00591691571713689
1174,1937,0.004984540874770954
1174,1938,0.006156610968819958
1174,1939,0.008597406490722279
1174,1940,0.00980466055180747
1174,1949,0.006253748781138058
1174,1950,0.006668844446461948
1174,1951,0.006119320473831795
1174,1952,0.005512406351867393
1174,1953,0.005654644705410143
1174,2345,0.005709247738659137
1174,2346,0.004138163589120729
1174,2349,0.0038984638527042193
1174,2351,0.004579177380178169
1174,2352,0.0048173902865178775
1174,2353,0.004684485798001723
1174,2354,0.00411610163846915
1174,2355,0.0037673968322510607
1174,2383,0.0091483366998431
1174,2384,0.008864602288090315
1174,2385,0.008187613908133958
1174,2386,0.007734744421103861
1174,2387,0.007478236404930543
1174,2388,0.022965440258704804
1174,2389,0.011283153107733994
1174,2390,0.025134351268005783
1174,2391,0.011761842551558177
1174,2392,0.024089232155880616
1174,2393,0.01108738930934372
1174,2394,0.010998173560633349
1174,2395,0.012409510360201048
1174,2396,0.02648145203265906
1174,2397,0.025543794513747137
1174,2398,0.011367013788457333
1174,2399,0.010800905558123923
1174,2400,0.010759668733158
1174,2401,0.010400833132311178
1174,2402,0.01060005829416537
1174,2550,0.005792786925190157
1174,2820,0.005040831389044233
1174,2821,0.004565211134401769
1174,2822,0.005545548323526317
1174,2845,0.004641634798692531
1174,2849,0.004173157638212751
1174,2930,0.005630510424879661
1174,2931,0.005837953302929266
1174,2947,0.026357682321154787
1174,2948,0.012413372978565982
1174,2949,0.012041809330272706
1174,2950,0.010862899330597683
1174,2951,0.010737876990260504
1174,2952,0.02118650281482697
1174,2953,0.010158157577939215
1174,2954,0.0096859642347964
1174,2955,0.020157208581062812
1174,2956,0.026274674428942643
1174,2957,0.012394586533801384
1174,3084,0.005182529277966265
1174,3085,0.004568737366855676
1174,3098,0.021588507571060983
1174,3099,0.013829221628046296
1174,3100,0.02299823998111901
1174,3101,0.016389493287225273
1174,3102,0.007217064137784238
1174,3103,0.010329127531719667
1174,3121,0.032638719647988534
1174,3127,0.0076200234496717105
1174,3178,0.006776480672934446
1174,3179,0.006209042213865916
1174,3180,0.005347411866442121
1174,3181,0.005214836800252394
1174,3182,0.005064190310387924
1174,3276,0.04700301329484362
1174,3277,0.05108448221028337
1175,1176,0.07519869887660208
1175,1177,0.05773254247274906
1175,1178,0.05458214464015638
1175,1179,0.05886947838829645
1175,1180,0.0669250367180301
1175,1181,0.07102803212023132
1175,1182,0.07006709411273743
1175,1183,0.034104215072302754
1175,1184,0.03747512222468371
1175,1185,0.026216517540172176
1175,1680,0.005831411631902329
1175,1681,0.0032146376265039206
1175,1682,0.00799531392775686
1175,1683,0.016642236713211897
1175,1684,0.010238492112120762
1175,1685,0.028821736777233712
1175,1686,0.01377987775716247
1175,1809,0.0074039575619553825
1175,1810,0.00855035719469255
1175,1815,0.004087978550108162
1175,1931,0.013091286120842125
1175,1932,0.013148137357344788
1175,1933,0.030465435640902205
1175,1934,0.011860920144815231
1175,1935,0.011577956021165188
1175,1936,0.010501457173401922
1175,1937,0.003946906322688479
1175,1938,0.003199523858860346
1175,1939,0.003014727663552745
1175,1940,0.003156676233962896
1175,1949,0.00761230180209634
1175,1950,0.00779930806613137
1175,1951,0.009650095914181395
1175,1952,0.011557682764345389
1175,1953,0.011779650331117622
1175,2383,0.0028173736113857777
1175,2384,0.002668049324204786
1175,2385,0.0026078652558168243
1175,2386,0.002617179183752244
1175,2387,0.0061270364594815906
1175,2388,0.00478855735327301
1175,2389,0.005489220300797895
1175,2390,0.005257874348493728
1175,2391,0.005851699960929482
1175,2392,0.005789408483851275
1175,2393,0.006280213443883383
1175,2394,0.006358184170431751
1175,2395,0.004781812545141351
1175,2396,0.004582560812180806
1175,2397,0.003967425693282763
1175,2398,0.0042579979456222284
1175,2399,0.0038175723928257042
1175,2400,0.0036239864761484428
1175,2401,0.0032438593673634417
1175,2402,0.0029361677914289783
1175,2550,0.008761509896217861
1175,2820,0.010777005958275897
1175,2821,0.0102592260501571
1175,2822,0.0072619571392700056
1175,2930,0.0050480207496163615
1175,2931,0.006503671360722073
1175,2947,0.00242166159219261
1175,2948,0.0023802900297255052
1175,2956,0.003506828792914051
1175,2957,0.00302232606255989
1175,3084,0.0033445368855265518
1175,3127,0.005983939241304782
1175,3178,0.005797067718581568
1175,3179,0.005933634178324219
1175,3180,0.0050533923121178275
1175,3181,0.004914764913853847
1175,3182,0.0044152224126026264
1175,3208,0.0026077605904061946
1175,3209,0.0030161917613179897
1176,1177,0.06885450720043046
1176,1178,0.06475394391932163
1176,1179,0.05354174463349225
1176,1180,0.061265865082313596
1176,1181,0.06510966455998803
1176,1182,0.06737214800519736
1176,1183,0.03226135552050067
1176,1184,0.044005224056411205
1176,1185,0.023842863034728125
1176,1680,0.005566915757289609
1176,1681,0.003088400902085619
1176,1682,0.007651733051018936
1176,1683,0.016183128860100246
1176,1684,0.010312384195120499
1176,1685,0.03189460543705934
1176,1686,0.01563219250859598
1176,1809,0.00868316370494654
1176,1810,0.010028252734366099
1176,1815,0.004738788172126509
1176,1931,0.015622234765365462
1176,1932,0.01568911969539458
1176,1933,0.03635524947429624
1176,1934,0.014057355157354892
1176,1935,0.013717007337615236
1176,1936,0.012442477355642119
1176,1937,0.00443140769122812
1176,1938,0.003635212187926378
1176,1939,0.003476944040916457
1176,1940,0.003660866862902596
1176,1949,0.008765275005580518
1176,1950,0.009041258958258067
1176,1951,0.011251625188129244
1176,1952,0.013543316015594768
1176,1953,0.013897154930696832
1176,2383,0.0033080732990357154
1176,2384,0.0031297093214789746
1176,2385,0.003052003310582954
1176,2386,0.0030575495061573015
1176,2387,0.0070920761476270956
1176,2388,0.00563437772960771
1176,2389,0.006488590042292159
1176,2390,0.006240718275326984
1176,2391,0.00696270875958862
1176,2392,0.0068977615340977535
1176,2393,0.007480575105863375
1176,2394,0.007584658181218636
1176,2395,0.005693166232019585
1176,2396,0.005459668599360953
1176,2397,0.0047124263043598754
1176,2398,0.005047822753316011
1176,2399,0.004512608691314623
1176,2400,0.00428093669970546
1176,2401,0.003824832139538828
1176,2402,0.003461863832503166
1176,2550,0.01026026755614175
1176,2820,0.012602175416330097
1176,2821,0.011844597317682276
1176,2822,0.008424515944577797
1176,2930,0.005829877350293764
1176,2931,0.007551483815219711
1176,2947,0.002867193881326008
1176,2948,0.002814765223645824
1176,2949,0.002642359887746612
1176,2956,0.004161686011366068
1176,2957,0.0035774688986129535
1176,3084,0.003846010328437505
1176,3085,0.0026873181660694912
1176,3127,0.007036554925144758
1176,3178,0.006655304694971857
1176,3179,0.006775198238406854
1176,3180,0.005699974445188108
1176,3181,0.005533701091041235
1176,3182,0.004960928426077961
1176,3208,0.0027260592819831277
1176,3209,0.003207046632746016
1177,1178,0.08338072579970623
1177,1179,0.04204478185219096
1177,1180,0.04845900345064925
1177,1181,0.05148032854992017
1177,1182,0.05533317751966378
1177,1183,0.02626158798776123
1177,1184,0.035201866244576226
1177,1185,0.018729595166713627
1177,1637,0.002756469845685618
1177,1681,0.0025969667601800305
1177,1682,0.006388872399577201
1177,1683,0.013743286330405217
1177,1684,0.009192430308452
1177,1685,0.03283654123452585
1177,1686,0.017141948565043672
1177,1809,0.011201368236155062
1177,1810,0.01291949406669905
1177,1815,0.005995745536882754
1177,1859,0.002846039082320804
1177,1860,0.002780782599842415
1177,1931,0.02065627115482297
1177,1932,0.02080859070242498
1177,1933,0.04816834716116335
1177,1934,0.018470275617980054
1177,1935,0.018012626540149446
1177,1936,0.01635507480144842
1177,1937,0.004975001404422831
1177,1938,0.004203243986893044
1177,1939,0.0041686792206186655
1177,1940,0.004448704846738495
1177,1949,0.010336051702468346
1177,1950,0.010849455454787282
1177,1951,0.013645191865582735
1177,1952,0.016565059412024904
1177,1953,0.017396279683650467
1177,2383,0.004294901434846681
1177,2384,0.004056681454120236
1177,2385,0.00393940645194423
1177,2386,0.003933804184179505
1177,2387,0.008516495145968524
1177,2388,0.007097884869423043
1177,2389,0.00828029300879944
1177,2390,0.008073057146043486
1177,2391,0.009084017511872128
1177,2392,0.009048572626032727
1177,2393,0.009800063199881163
1177,2394,0.010009501295978548
1177,2395,0.007553511566620386
1177,2396,0.0072480358031306626
1177,2397,0.006234488457373089
1177,2398,0.006658562662363942
1177,2399,0.005925059287285138
1177,2400,0.005614960033100616
1177,2401,0.005001621309030449
1177,2402,0.004527312507866773
1177,2423,0.0025260029934522595
1177,2550,0.013170161964758445
1177,2820,0.01605954390730788
1177,2821,0.014663191315095107
1177,2822,0.010621444473973377
1177,2930,0.007310148765403148
1177,2931,0.009551315672891712
1177,2947,0.003776386559730393
1177,2948,0.003700200874679269
1177,2949,0.003469812929723995
1177,2950,0.002596790479952609
1177,2956,0.005499352629089382
1177,2957,0.004709162994374943
1177,3084,0.004795256595681803
1177,3085,0.0033408053251359386
1177,3127,0.00913918576354578
1177,3178,0.00783227814681169
1177,3179,0.007863410407978524
1177,3180,0.006443938321657265
1177,3181,0.006233065810930385
1177,3182,0.0055705212211369735
1177,3208,0.002656103984779504
1177,3209,0.003223823813921915
1178,1179,0.04378165974037768
1178,1180,0.050735508822476294
1178,1181,0.05381766238342317
1178,1182,0.058905702679395044
1178,1183,0.027907711365052688
1178,1184,0.03621520989394012
1178,1185,0.019530048281496865
1178,1637,0.002895850300337022
1178,1682,0.006367215697631433
1178,1683,0.01367631638184796
1178,1684,0.009128666982172516
1178,1685,0.032847615553349876
1178,1686,0.017321388936064025
1178,1809,0.013251054930756853
1178,1810,0.015294915117674494
1178,1813,0.002939916891065933
1178,1815,0.0071279220828282175
1178,1859,0.003030582203335522
1178,1860,0.0029868929941812604
1178,1931,0.02302025560122944
1178,1932,0.02341201304946243
1178,1933,0.053500805194471424
1178,1934,0.02161699674954966
1178,1935,0.021093653753398823
1178,1936,0.019133789194590526
1178,1937,0.005113183575532081
1178,1938,0.004363237673365942
1178,1939,0.004387883142834472
1178,1940,0.0047095912140836926
1178,1944,0.0027769997467549387
1178,1949,0.010753755117635192
1178,1950,0.011361875635293162
1178,1951,0.014312318279928448
1178,1952,0.017372296034830845
1178,1953,0.01844877492070052
1178,2383,0.005063383790921862
1178,2384,0.004786060340602069
1178,2385,0.00465574195590348
1178,2386,0.004654616008577859
1178,2387,0.00894030574289889
1178,2388,0.007643887087679209
1178,2389,0.008986130026410697
1178,2390,0.00885658340281361
1178,2391,0.010040589672239681
1178,2392,0.010064301135290716
1178,2393,0.010877680381733573
1178,2394,0.011224325806620705
1178,2395,0.008710709143078829
1178,2396,0.008335837395559513
1178,2397,0.007237921565701995
1178,2398,0.007761374734917108
1178,2399,0.006937408875059461
1178,2400,0.0065797496660672675
1178,2401,0.0058733557144984095
1178,2402,0.00531600218882259
1178,2550,0.015612528665107603
1178,2820,0.019088686321422934
1178,2821,0.017501305414953656
1178,2822,0.012642443064935543
1178,2930,0.008705637413356468
1178,2931,0.011360238708569826
1178,2947,0.004409112537499179
1178,2948,0.004327875451323728
1178,2949,0.004062048269379996
1178,2950,0.003045273953110451
1178,2951,0.002882747151611926
1178,2956,0.006396077305068832
1178,2957,0.005501299527548864
1178,3084,0.005713807972588372
1178,3085,0.003981659208545197
1178,3127,0.010776620465097968
1178,3178,0.008160219128702557
1178,3179,0.008151268147660694
1178,3180,0.006630040495865752
1178,3181,0.0064069589559200115
1178,3182,0.0057232555561663664
1178,3209,0.00323566152909811
1179,1180,0.12046856364086832
1179,1181,0.11404140690711036
1179,1182,0.10084243133787227
1179,1183,0.05288234258582397
1179,1184,0.041854482192334265
1179,1185,0.062491093032898216
1179,1680,0.011177544161396517
1179,1681,0.006019470463628222
1179,1682,0.01510454064945052
1179,1683,0.028965025278738798
1179,1684,0.01576401582014427
1179,1685,0.03510335187812454
1179,1686,0.016197878659623088
1179,1809,0.008733349314524198
1179,1810,0.01006409189583624
1179,1815,0.005008357179949678
1179,1931,0.014590643790548885
1179,1932,0.014685034852787092
1179,1933,0.033997140021280195
1179,1934,0.013537469356839063
1179,1935,0.013230481510740896
1179,1936,0.012011334905253366
1179,1937,0.004855934525250209
1179,1938,0.0038486622559997493
1179,1949,0.008859413737318592
1179,1950,0.008975162356665664
1179,1951,0.010986539774836124
1179,1952,0.013049891725318214
1179,1953,0.013195974485818407
1179,2387,0.007082593273306004
1179,2388,0.005398029191115543
1179,2389,0.006147550236753088
1179,2390,0.005861395550140128
1179,2391,0.006510655843116092
1179,2392,0.006438799285302599
1179,2393,0.006984764071975995
1179,2394,0.0070775337360101664
1179,2395,0.005407572000144977
1179,2396,0.005168309101636691
1179,2397,0.004527187765468276
1179,2398,0.004888946897697157
1179,2399,0.004425299437188179
1179,2400,0.004210409101526457
1179,2550,0.010348163212450872
1179,2820,0.012721448737847571
1179,2821,0.012489235013859469
1179,2822,0.008810833437750454
1179,2930,0.0062316717545583
1179,2931,0.007887404844665701
1179,2956,0.004014926493576012
1179,3084,0.004197086037162781
1179,3127,0.007023605211476929
1179,3178,0.0068014073557015045
1179,3179,0.007029324454946002
1179,3180,0.006141007914847385
1179,3181,0.005996143067406189
1179,3182,0.00541671624987096
1179,3209,0.004220352425518563
1180,1181,0.13271404303132261
1180,1182,0.1178299095263322
1180,1183,0.061498309644951794
1180,1184,0.04828309694069752
1180,1185,0.054235254629432426
1180,1680,0.010028736504942102
1180,1681,0.005440721231026563
1180,1682,0.013624964509991153
1180,1683,0.026967404516202564
1180,1684,0.01537735503321524
1180,1685,0.037859899836992346
1180,1686,0.017777461565211997
1180,1809,0.010223594612802638
1180,1810,0.01178259307010908
1180,1815,0.005841604609285865
1180,1931,0.016886667488291148
1180,1932,0.017031868787440136
1180,1933,0.039382279874088065
1180,1934,0.015822365941183743
1180,1935,0.015466792483862884
1180,1936,0.01404495306589002
1180,1937,0.005180194228910254
1180,1938,0.004153982066407751
1180,1939,0.0038672004341633545
1180,1940,0.004034624477380826
1180,1949,0.009760447855987522
1180,1950,0.009960640241845646
1180,1951,0.012288721137290645
1180,1952,0.014694823561818938
1180,1953,0.01497175945387607
1180,2383,0.0039048120680346024
1180,2387,0.00783449368684003
1180,2388,0.00608594753438259
1180,2389,0.006978228442114379
1180,2390,0.0066972199846803
1180,2391,0.007474574208953814
1180,2392,0.007415217518289403
1180,2393,0.008038350325905778
1180,2394,0.008183110037767893
1180,2395,0.006314089690934488
1180,2396,0.0060304634326831235
1180,2397,0.005294985098980484
1180,2398,0.005721484772328633
1180,2399,0.005181173020479602
1180,2400,0.0049297235201312545
1180,2401,0.004439497098840889
1180,2402,0.004020578674789421
1180,2550,0.012114116148415864
1180,2820,0.014893764274126834
1180,2821,0.014594408681277345
1180,2822,0.010294010372409535
1180,2930,0.007262633190586807
1180,2931,0.009214431770082058
1180,2956,0.004697688455831488
1180,2957,0.004087323852998424
1180,3084,0.0048770866298646996
1180,3127,0.008222903929289973
1180,3178,0.007453085584726154
1180,3179,0.00765950620459762
1180,3180,0.006596569437280338
1180,3181,0.0064272594618340504
1180,3182,0.0057881429736393085
1180,3209,0.004240849555949766
1181,1182,0.13521413514606606
1181,1183,0.06951390503967604
1181,1184,0.056684004228292804
1181,1185,0.05653844979319472
1181,1680,0.010852793965536723
1181,1681,0.005910418459078139
1181,1682,0.014781815371482097
1181,1683,0.029657913043100757
1181,1684,0.017233679142096035
1181,1685,0.043893795495723344
1181,1686,0.020713550957942636
1181,1809,0.011878057710697859
1181,1810,0.013696760244799006
1181,1815,0.006739943352346128
1181,1931,0.019816846740151522
1181,1932,0.019980368386910315
1181,1933,0.046211354738144673
1181,1934,0.018495045965714305
1181,1935,0.01807521120881644
1181,1936,0.016408805920239283
1181,1937,0.005999898490251752
1181,1938,0.004827051805234993
1181,1939,0.004512296060340586
1181,1940,0.004714425498513899
1181,1949,0.01139212873180671
1181,1950,0.011643815134210058
1181,1951,0.0143850252281879
1181,1952,0.01721924297789815
1181,1953,0.017561988911704823
1181,2383,0.004530363779929485
1181,2384,0.004300309854563346
1181,2387,0.009153475933930146
1181,2388,0.0071348557791147465
1181,2389,0.00818729891947674
1181,2390,0.007861519371541333
1181,2391,0.008775109260275511
1181,2392,0.00870491207054739
1181,2393,0.009436674427902842
1181,2394,0.009603552732236417
1181,2395,0.007386964085352722
1181,2396,0.007058493287068072
1181,2397,0.006184274089691881
1181,2398,0.006675305552134169
1181,2399,0.0060345456998700435
1181,2400,0.005739283658756385
1181,2401,0.005162809018474753
1181,2402,0.0046749834847524905
1181,2550,0.014074612275885497
1181,2820,0.017312171840084108
1181,2821,0.016877190434108076
1181,2822,0.011903291138759793
1181,2930,0.008370204205226684
1181,2931,0.010654224939369355
1181,2956,0.005483168374187729
1181,2957,0.0047629675829792256
1181,3084,0.005603537899465797
1181,3127,0.009559515865160363
1181,3178,0.008690076811898017
1181,3179,0.008918578694316151
1181,3180,0.007653532235336619
1181,3181,0.007452937057940404
1181,3182,0.00670663657751551
1181,3209,0.004819895313990382
1182,1183,0.08051644781590228
1182,1184,0.06453059157935942
1182,1185,0.055084694108927836
1182,1680,0.010295042791407907
1182,1681,0.005616080153816133
1182,1682,0.014035874376200033
1182,1683,0.028400963486344848
1182,1684,0.01685921926005093
1182,1685,0.04633721617441224
1182,1686,0.022354181403611856
1182,1809,0.014706837045594431
1182,1810,0.016938159100350094
1182,1815,0.008428455301642563
1182,1931,0.023352711416101114
1182,1932,0.023667814250901236
1182,1933,0.05447132427360176
1182,1934,0.022474672173395657
1182,1935,0.021988331436529143
1182,1936,0.019990659042653788
1182,1937,0.006363400687894856
1182,1938,0.00518792317413588
1182,1939,0.004945226271796118
1182,1940,0.005208960652927603
1182,1949,0.01246911529857935
1182,1950,0.012861347043752839
1182,1951,0.0160230990528613
1182,1952,0.019322508715827993
1182,1953,0.019938531978126665
1182,2383,0.005625118156674854
1182,2384,0.005344410828276289
1182,2385,0.005260464803525183
1182,2386,0.005305160329822311
1182,2387,0.010087702089462896
1182,2388,0.008079897327995425
1182,2389,0.00936118287119056
1182,2390,0.009086732572284751
1182,2391,0.010223443818666283
1182,2392,0.010201780329149927
1182,2393,0.01104104797150666
1182,2394,0.011341733437238351
1182,2395,0.008956107602209721
1182,2396,0.008537522508786397
1182,2397,0.007552280569810993
1182,2398,0.008181020687482648
1182,2399,0.007432226286588021
1182,2400,0.0070760624555296515
1182,2401,0.006381702253575395
1182,2402,0.005780557160185236
1182,2550,0.017424508235012445
1182,2820,0.021407803005589088
1182,2821,0.02105136613520941
1182,2822,0.014849392884896229
1182,2930,0.010477651081776168
1182,2931,0.013292408439970807
1182,2947,0.004694124946406457
1182,2956,0.006711415829918515
1182,2957,0.005858762848548958
1182,3084,0.007029473793309592
1182,3085,0.004957647757287463
1182,3127,0.011822277952460221
1182,3178,0.00947084140570126
1182,3179,0.009654244755594224
1182,3180,0.008164131820971154
1182,3181,0.00793374322106408
1182,3182,0.007120866777819342
1182,3209,0.004853796981797052
1183,1184,0.12141407590219574
1183,1185,0.11409258155416062
1183,1680,0.005210995589395915
1183,1681,0.0056688122355255
1183,1682,0.007091530892367487
1183,1683,0.014209446863297337
1183,1684,0.01662281892067667
1183,1685,0.022139798720550385
1183,1686,0.02121844004291097
1183,1809,0.013754434685193752
1183,1810,0.015834706008202432
1183,1815,0.007921597213835492
1183,1931,0.0217887293538408
1183,1932,0.02207345875118574
1183,1933,0.025414292194181076
1183,1934,0.020952617537169448
1183,1935,0.020500763503990715
1183,1936,0.018640849394591503
1183,1937,0.006063403801812235
1183,1938,0.0049234834857031454
1183,1939,0.004668877906352145
1183,1940,0.004908434856766757
1183,1949,0.011781602939327526
1183,1950,0.012125642352019907
1183,1951,0.015080819651283781
1183,1952,0.018161475902166487
1183,1953,0.018698382819181753
1183,2383,0.005267212909555559
1183,2384,0.005006244750370305
1183,2385,0.004931572319854723
1183,2386,0.0049764056755338135
1183,2387,0.009514129937348851
1183,2388,0.007576292266506955
1183,2389,0.008763776969686766
1183,2390,0.00849315856471557
1183,2391,0.00954655263910226
1183,2392,0.009520430823829015
1183,2393,0.010305518073856186
1183,2394,0.010577654687801587
1183,2395,0.008349586866039517
1183,2396,0.007958437719080306
1183,2397,0.00704526490190928
1183,2398,0.0076353230866629115
1183,2399,0.0069427509550033985
1183,2400,0.006611647678926109
1183,2401,0.005966823389477469
1183,2402,0.005405323535747157
1183,2550,0.016294268071208227
1183,2820,0.040020126988189006
1183,2821,0.03948755038869154
1183,2822,0.027862670114727615
1183,2930,0.019710027960749596
1183,2931,0.024943820047759056
1183,2956,0.006262749587005302
1183,2957,0.005471685340234015
1183,3084,0.013255506856556886
1183,3085,0.009362530689387553
1183,3127,0.011053739889714859
1183,3178,0.008956710070225308
1183,3179,0.009146654847739135
1183,3180,0.007766543299646033
1183,3181,0.007551954662355972
1183,3182,0.006783178850146168
1183,3209,0.004714101506770552
1184,1185,0.08348795173323646
1184,1680,0.0047966532119862754
1184,1681,0.005318924708265403
1184,1682,0.006591573649429889
1184,1683,0.01392417643599416
1184,1684,0.017716208571034894
1184,1685,0.027441448814503593
1184,1686,0.02696474742607323
1184,1809,0.015379882084027638
1184,1810,0.01776278214843888
1184,1815,0.008412450757616978
1184,1931,0.02738747290230945
1184,1932,0.02753914571601832
1184,1933,0.0318950821531643
1184,1934,0.024817227950475057
1184,1935,0.024220056130509777
1184,1936,0.021968331645872877
1184,1937,0.007640450265358391
1184,1938,0.006276708720130832
1184,1939,0.0060171462852347665
1184,1940,0.006341940522258248
1184,1949,0.015160631558607866
1184,1950,0.015657024979069557
1184,1951,0.019506096108719277
1184,1952,0.023504316410766484
1184,1953,0.024168309209377976
1184,2383,0.005856823704548999
1184,2384,0.005542358360208573
1184,2385,0.005407701913691085
1184,2386,0.005419607299975928
1184,2387,0.012279337874765858
1184,2388,0.009794559697788785
1184,2389,0.011296939932628753
1184,2390,0.01088535196972724
1184,2391,0.012162509824963141
1184,2392,0.012062291492779667
1184,2393,0.0130780793808234
1184,2394,0.013284287168008373
1184,2395,0.010023943096420162
1184,2396,0.009607284701550473
1184,2397,0.00830948384080128
1184,2398,0.008909183936145513
1184,2399,0.007973589578790996
1184,2400,0.007565956174904465
1184,2401,0.0067638524039498925
1184,2402,0.006122026233493938
1184,2550,0.018180593381897262
1184,2820,0.044679537391970156
1184,2821,0.042091696885325935
1184,2822,0.029910440742426013
1184,2930,0.020711881156973946
1184,2931,0.026805905062479075
1184,2947,0.0050630097183042115
1184,2948,0.0049727241570531235
1184,2949,0.004669290686345833
1184,2956,0.007341569910019009
1184,2957,0.006317930728055109
1184,3084,0.013671442870951261
1184,3085,0.009555357126688948
1184,3127,0.012454153842931269
1184,3178,0.01150689170288729
1184,3179,0.011704489464878561
1184,3180,0.009832082582079984
1184,3181,0.00954342184866097
1184,3182,0.00855390575052819
1184,3208,0.004681788085931735
1184,3209,0.0055099782191648525
1185,1680,0.013181069539668118
1185,1681,0.014082489742550115
1185,1682,0.017692853915718697
1185,1683,0.03275838426497297
1185,1684,0.03430075034309358
1185,1685,0.03600856218351158
1185,1686,0.03301380803565958
1185,1809,0.01779957577475026
1185,1810,0.020494963823842992
1185,1815,0.010311215614354855
1185,1931,0.02939797480788371
1185,1932,0.02959621241730215
1185,1933,0.03425373238375713
1185,1934,0.027383198014215245
1185,1935,0.026769187636405834
1185,1936,0.02431076259571989
1185,1937,0.010053881127006996
1185,1949,0.018057237151993595
1185,1950,0.01824243142675544
1185,1951,0.022265911455773647
1185,1952,0.026390619020809948
1185,1953,0.02663754941958551
1185,2387,0.014417372193972348
1185,2388,0.01091945609432796
1185,2389,0.01241283655004634
1185,2390,0.011819358365995968
1185,2391,0.013119781007778402
1185,2392,0.012971887039460159
1185,2393,0.014072297868896083
1185,2394,0.014258567871020771
1185,2395,0.010927483820662397
1185,2396,0.010438226970655452
1185,2397,0.009167200432059484
1185,2398,0.00991300060182655
1185,2399,0.00899320090570284
1185,2550,0.02108703874185159
1185,2820,0.051803854615630765
1185,2821,0.051184242887955186
1185,2822,0.03613916169563966
1185,2930,0.025692420836421353
1185,2931,0.03236026576091013
1185,3084,0.017392388756203653
1185,3127,0.014305753626241738
1185,3178,0.013898174182463746
1185,3179,0.01439820341297804
1185,3180,0.012665521673711001
1185,3181,0.012380255627590427
1185,3182,0.011203340381198036
1185,3209,0.00905633738346795
1188,1189,0.04968094272327584
1188,1549,0.03465065112612365
1188,1629,0.1467086850032658
1188,1926,0.22745505893774084
1188,2173,0.11201374588008
1188,2174,0.24310794552318762
1188,2937,0.026799372500303533
1188,3009,0.06875311829913443
1188,3010,0.0660423178617234
1188,3256,0.024788162145164872
1189,1269,0.02719113729916986
1189,1629,0.09574218546227603
1189,1926,0.08433787720193821
1189,2173,0.05460112628806335
1189,2174,0.027902380095818316
1189,2932,0.025650143286939972
1189,3009,0.2121199928117529
1189,3010,0.2648530344100203
1189,3256,0.2076021231440211
1207,1568,0.030185084042695088
1207,2425,0.3764505737956479
1207,2996,0.2734717582445274
1207,2997,0.14570853156214525
1207,2998,0.11553074017646373
1207,2999,0.058653312178520656
1215,1216,0.3310278015997883
1215,1854,0.06730478413110456
1215,2208,0.06794549015508851
1215,2531,0.022658149300803912
1215,3024,0.32585660065773864
1215,3083,0.034212481358293585
1215,3257,0.04561503520901313
1215,3281,0.025808761660483626
1215,3464,0.018567226354728513
1215,3465,0.06100366957295719
1216,1854,0.10882162405045584
1216,2208,0.0797450189944983
1216,2531,0.0358551168941859
1216,3024,0.5080587740125405
1216,3083,0.05520815420411787
1216,3257,0.05405986465395709
1216,3281,0.030570972310294885
1216,3464,0.02935126168278596
1216,3465,0.09832921319716365
1218,1247,0.03718963394330213
1218,1522,0.02213477860843069
1218,1546,0.01579546332236976
1218,1675,0.025957353466221203
1218,1715,0.02123152698702935
1218,1719,0.08058670440348863
1218,1806,0.08534408843705582
1218,1807,0.09886557100795494
1218,1812,0.09198188926810369
1218,2198,0.039751883818144616
1218,2519,0.034873667241270924
1218,2941,0.033416969573487526
1218,2942,0.05944347167535143
1218,3014,0.06577547378741617
1218,3015,0.07437026895244801
1218,3125,0.13292942459298357
1218,3260,0.031109783656656575
1218,3261,0.021758377750818188
1218,3299,0.02748366950746659
1229,1927,0.2137814779553144
1229,2934,0.03269600555278188
1229,2958,0.4241375415676553
1229,3367,0.3293849749242484
1230,2161,0.37673378206663377
1230,2998,0.6232662179333662
1245,1250,0.057986143689619754
1245,1568,0.028391692308005815
1245,2266,0.16167159772976705
1245,2548,0.1728599097095056
1245,2999,0.01347010595318849
1245,3253,0.011391587393068817
1245,3254,0.019824717167876725
1245,3255,0.02257988611660513
1245,3427,0.11986326425526467
1245,3428,0.08718803580695754
1245,3429,0.11155444584699083
1245,3430,0.19321861402314966
1246,1283,0.06020490720471408
1246,1284,0.061729536531171435
1246,1642,0.012104231501565926
1246,1840,0.007224893542274266
1246,1872,0.1127741554722598
1246,1873,0.005755874029447722
1246,2171,0.0335953064900673
1246,2945,0.1313046407959971
1246,3077,0.07461150973628174
1246,3081,0.04251437562816973
1246,3082,0.013585080793203343
1246,3118,0.03297854342720313
1246,3210,0.033386588654073665
1246,3214,0.0550919891740838
1246,3257,0.00653574303855278
1246,3281,0.010407432013880448
1246,3418,0.032991919932055434
1246,3419,0.04857657555745294
1246,3466,0.0356302555330556
1246,3467,0.02955587696230958
1246,3468,0.033596888771986806
1246,3469,0.015552063676030375
1246,3470,0.02122965466188264
1246,3471,0.01425562992884311
1246,3472,0.01638996710816078
1246,3473,0.016338356115271006
1246,3474,0.024123892593632627
1246,3475,0.017954111126372713
1247,1522,0.03048302742810578
1247,1526,0.014261830166998774
1247,1546,0.11685308252634986
1247,1719,0.02586363666929145
1247,1806,0.02719528936827056
1247,1807,0.022264207594900026
1247,1947,0.015856259792673025
1247,2198,0.03585890786378792
1247,2273,0.0372017144702914
1247,2519,0.043522016674691806
1247,2941,0.05290384711763643
1247,2942,0.17029207922542508
1247,2943,0.01924463303026158
1247,3014,0.16101520728256474
1247,3015,0.1450876321711387
1247,3125,0.04047033904130762
1247,3243,0.022074922516829406
1247,3260,0.01955136705947605
1250,2162,0.02089913259015116
1250,2266,0.1550430180507078
1250,2548,0.09759078030414182
1250,3086,0.034822731858789265
1250,3427,0.07386514667188825
1250,3428,0.28456654913918067
1250,3429,0.22497622466324435
1250,3430,0.10823641672189671
1269,1629,0.047593084346884466
1269,2173,0.027094017136411026
1269,2932,0.8148578978282016
1269,3256,0.11045500068850285
1283,1284,0.1517197615961646
1283,1642,0.014369241292551219
1283,1840,0.008546332446292408
1283,1872,0.06796188056500593
1283,1873,0.00680813497097686
1283,2171,0.022040366901375043
1283,2945,0.07802522187520107
1283,3077,0.044059282836078274
1283,3081,0.027367795469729096
1283,3082,0.016938438266185542
1283,3118,0.01947801551798062
1283,3210,0.022003627908188803
1283,3214,0.03267046851433109
1283,3281,0.012470258828234807
1283,3418,0.07847581129573979
1283,3419,0.17473616191353733
1283,3466,0.023067971002925968
1283,3467,0.018639303613606606
1283,3468,0.01983297076396904
1283,3469,0.02225879798015703
1283,3470,0.031209685478139463
1283,3471,0.01872598767974338
1283,3472,0.01935302812762231
1283,3473,0.01929716690047266
1283,3474,0.02861106216894787
1283,3475,0.02133322608684307
1284,1642,0.019159445947146286
1284,1840,0.011672699971731608
1284,1872,0.09837964331107525
1284,1873,0.009311969304677009
1284,2171,0.022649492288482734
1284,2945,0.10024899526124129
1284,3077,0.06176920185003924
1284,3081,0.028986083700972144
1284,3082,0.019440671381741832
1284,3118,0.027532215329284238
1284,3210,0.02242300919936341
1284,3214,0.0469228963658173
1284,3257,0.011542209518308836
1284,3281,0.01813810289895533
1284,3418,0.11316888436553244
1284,3419,0.12447102630338454
1284,3466,0.02428315408925103
1284,3467,0.020807811152314528
1284,3468,0.02746525954829979
1284,3469,0.019818018173325815
1284,3470,0.02663698596391433
1284,3471,0.019262763864619215
1284,3472,0.026744031507292723
1284,3473,0.027244357684239606
1284,3474,0.04112137058874602
1284,3475,0.030799700430243514
1519,1523,0.016370849598079808
1519,1529,0.0663906678227944
1519,1600,0.013885953397239121
1519,1630,0.02091044450962236
1519,1802,0.29512425096382916
1519,1817,0.056025224352842885
1519,1862,0.017890566948253504
1519,1947,0.03554081632013452
1519,2252,0.05972989579324187
1519,2273,0.03652283584210917
1519,2531,0.017666128418395093
1519,2554,0.04886343470282306
1519,2838,0.06044513010602984
1519,2934,0.0312822190525546
1519,2940,0.018572471492343787
1519,2943,0.0309163646636605
1519,2944,0.0758929685679997
1519,3016,0.04733575127663516
1519,3243,0.029529468004512293
1519,3464,0.02110455816689929
1522,1546,0.09215043293977193
1522,1675,0.033353379404037806
1522,1676,0.021511694976555647
1522,1677,0.020541116110784116
1522,1678,0.016590952726861664
1522,1679,0.01583249928841738
1522,1719,0.026822813677065765
1522,1806,0.030839092706666096
1522,1807,0.025982648004199152
1522,2198,0.024625616525050686
1522,2519,0.0928703086529861
1522,2938,0.014807952688117134
1522,2941,0.11068872389547173
1522,2942,0.07094538787553548
1522,3014,0.06465965585555283
1522,3015,0.059750269339551604
1522,3125,0.03216905734232332
1522,3260,0.1828200992667479
1522,3261,0.06303829872430378
1523,1526,0.10935649275694116
1523,1529,0.029738688046070924
1523,1600,0.2651670656288636
1523,1802,0.015459766129646193
1523,1817,0.011197890762913469
1523,1862,0.1647375583391578
1523,1947,0.04216809263936448
1523,2252,0.035680760355646254
1523,2273,0.032406995144911556
1523,2934,0.017107360960260803
1523,2940,0.148889300188371
1523,2943,0.03885144702453633
1523,2944,0.015235016115947892
1523,3016,0.0405325452106161
1523,3243,0.03347102069675245
1524,1547,0.11730378532109999
1524,2161,0.4761312967938145
1524,2928,0.22521961004215504
1524,2929,0.18134530784293051
1525,1819,0.05658136108916709
1525,1820,0.05831213727497864
1525,1821,0.053144407968102186
1525,1871,0.017077238792604924
1525,1943,0.134923339944183
1525,2283,0.004867057024166926
1525,2284,0.012739460331787286
1525,2843,0.04515985082881589
1525,2854,0.048341866385545766
1525,3027,0.08122006193299924
1525,3028,0.057754627699201144
1525,3187,0.13097354367861058
1525,3231,0.029356417902876766
1525,3232,0.02994753052886461
1525,3432,0.07159713660981468
1525,3459,0.02918541902542755
1525,3460,0.01681309226351513
1525,3463,0.1220054507193385
1526,1529,0.01646503093963188
1526,1546,0.017733333631704495
1526,1600,0.2220555769735785
1526,1719,0.0748911018934753
1526,1806,0.03306853372444853
1526,1807,0.030977131158708843
1526,1862,0.08263829729257072
1526,1947,0.040042189354549576
1526,2198,0.14168339862302756
1526,2252,0.021474255441693818
1526,2273,0.03583606842009373
1526,2940,0.08740005894780312
1526,2942,0.01860410212111866
1526,2943,0.0443908954124145
1526,3014,0.01946253987707675
1526,3015,0.019490684257361623
1526,3016,0.030023949282845266
1526,3125,0.020623126689221595
1526,3243,0.04313972595867553
1528,1637,0.030063694387883835
1528,1684,0.009944622466883764
1528,1685,0.008985164738297823
1528,1686,0.008977038873591985
1528,1715,0.027727993075187713
1528,1859,0.02079121793339987
1528,1860,0.016574874009352304
1528,1937,0.029881226782000718
1528,1938,0.030681437463878386
1528,1939,0.023899231303172678
1528,1940,0.020636507768943785
1528,1949,0.013822152394278444
1528,1950,0.012683292608504683
1528,1951,0.010301411153745839
1528,2387,0.015201714245816927
1528,2388,0.012447465776930618
1528,2389,0.010488863505632136
1528,2390,0.009127081083079722
1528,2418,0.2371103856022479
1528,2423,0.06108965164058804
1528,3178,0.017491817768284332
1528,3179,0.018185997161826065
1528,3180,0.02313837302448249
1528,3181,0.0240386682701214
1528,3182,0.02687649365611064
1528,3208,0.031250672047555716
1528,3209,0.036001080521167315
1528,3274,0.05986495394380736
1528,3275,0.12309735353635112
1528,3299,0.02961956325687649
1529,1600,0.020305578891299744
1529,1630,0.012843453403663118
1529,1802,0.0499069269542066
1529,1817,0.029932511205669053
1529,1862,0.02706892951825548
1529,1947,0.06073908502978972
1529,2252,0.253070436678109
1529,2273,0.05433168352545569
1529,2531,0.009285618092162575
1529,2554,0.026379087553716502
1529,2838,0.029751032079066868
1529,2934,0.07865798532763248
1529,2940,0.027500945919307306
1529,2943,0.05040179320425248
1529,2944,0.042390216735714116
1529,3016,0.17105613812760578
1529,3243,0.04515732445481986
1529,3464,0.011221253299273787
1546,1719,0.03048747235636938
1546,1806,0.032604799617414824
1546,1807,0.026640684882029815
1546,1817,0.048683841870843195
1546,1947,0.02018820964544051
1546,2198,0.041738177374003815
1546,2273,0.049725809337566935
1546,2519,0.07926869982432519
1546,2554,0.02665367378775146
1546,2941,0.09777199642350282
1546,2942,0.1564255404881957
1546,2943,0.024275280398805756
1546,3014,0.1419988553034053
1546,3015,0.1256292972255827
1546,3125,0.032659943751011895
1546,3243,0.02836036738899231
1546,3260,0.03688735032475837
1547,1811,0.04848769013659592
1547,1813,0.03759554556838034
1547,1815,0.010563366651777052
1547,1944,0.017548059615572115
1547,2164,0.01283697441259325
1547,2385,0.008288976092874326
1547,2386,0.008775395370386569
1547,2822,0.017380965965702867
1547,2837,0.12196022896738266
1547,2928,0.14815309756170172
1547,2929,0.18224953798643062
1547,2930,0.021495851539265014
1547,2931,0.017905548287296687
1547,3011,0.14546540870786848
1547,3012,0.14570132316287815
1547,3084,0.02630397598331952
1547,3085,0.02928805398997468
1548,1549,0.6895212812859612
1548,2162,0.07894259083507821
1548,2937,0.07191349340475901
1548,3025,0.049962878566678574
1548,3086,0.10965975590752304
1549,2162,0.16860768526951206
1549,2174,0.1232649015863787
1549,2937,0.29692862333451603
1549,3025,0.17546859496132783
1549,3086,0.23573019484826535
1550,1601,0.006638856000474359
1550,1637,0.026233054473584743
1550,1809,0.005357840824412917
1550,1810,0.005054422228850551
1550,1859,0.05677201616884646
1550,1860,0.07124184043074153
1550,1931,0.005096028368341008
1550,1932,0.005001572150106628
1550,1934,0.004849405907084154
1550,1935,0.004909572799401197
1550,1936,0.005258282991401042
1550,1937,0.007222322696565891
1550,1938,0.009379421705518814
1550,1939,0.013077848701072628
1550,1940,0.014445987080613187
1550,1949,0.007360825781991594
1550,1950,0.0076637046898732145
1550,1951,0.006657951297436748
1550,1952,0.005776693366999325
1550,1953,0.005793763750486062
1550,2345,0.0059873303441601985
1550,2351,0.004984079097917936
1550,2352,0.005223730395817077
1550,2353,0.0051822649736885575
1550,2383,0.006720215055618727
1550,2384,0.006488977272994216
1550,2385,0.005986307448426995
1550,2386,0.005657136910601623
1550,2387,0.009106600673219277
1550,2388,0.013504812298613854
1550,2389,0.012344040836209278
1550,2390,0.013087502863948535
1550,2391,0.011679269912556326
1550,2392,0.011626431443157817
1550,2393,0.010779075963070893
1550,2394,0.010275278698662793
1550,2395,0.01013088962028799
1550,2396,0.010828913682465476
1550,2397,0.009928460525804685
1550,2398,0.008857409118217799
1550,2399,0.008221774217031375
1550,2400,0.00812742043924187
1550,2401,0.007743931415895265
1550,2402,0.007819937036221542
1550,2550,0.004889303043453772
1550,2845,0.005646776185416111
1550,2849,0.005619733927340236
1550,2947,0.00960651558668715
1550,2948,0.009037012799063916
1550,2949,0.008742541232504501
1550,2950,0.007877036170989216
1550,2951,0.007798744431863308
1550,2952,0.007726086405322708
1550,2953,0.0073937835531855105
1550,2954,0.0070751906195266005
1550,2955,0.007546669381050855
1550,2956,0.009987492855290802
1550,2957,0.009198355903570933
1550,3098,0.02096703303624331
1550,3099,0.014659236921451936
1550,3100,0.026121388028795666
1550,3101,0.019623028556031236
1550,3102,0.007993064522243536
1550,3103,0.012044644282803928
1550,3121,0.01231148777153097
1550,3127,0.006118000109163091
1550,3178,0.008576020992000706
1550,3179,0.007908101844026022
1550,3180,0.007238010863614501
1550,3181,0.007122819231132591
1550,3182,0.0071246180674576585
1550,3274,0.011542502436282447
1550,3275,0.005582559382233561
1550,3276,0.13088961522165302
1550,3277,0.10194942498043814
1568,2266,0.05105915896898782
1568,2425,0.0434250705955752
1568,2548,0.08823417106138728
1568,2996,0.05988674171157612
1568,2997,0.1105607823408195
1568,2999,0.22089427637307166
1568,3252,0.015620378499188745
1568,3253,0.032523702399513216
1568,3254,0.05168513095259233
1568,3255,0.06666259430880264
1568,3427,0.11767598208024711
1568,3428,0.02766612727207326
1568,3429,0.035206074776877344
1568,3430,0.07889980865928797
1600,1802,0.022940287747106918
1600,1862,0.2405045768347601
1600,1947,0.07291461737280566
1600,2198,0.07493837616097741
1600,2252,0.05013796916721504
1600,2273,0.05784554235000791
1600,2934,0.020532826330942423
1600,2940,0.24379214055593565
1600,2943,0.07154975640226939
1600,2944,0.018708029625842407
1600,3016,0.06283391829729434
1600,3243,0.06330195915484275
1601,2164,0.004312189814632745
1601,2165,0.005805407837089373
1601,2168,0.012800969005526353
1601,2169,0.010131800391532999
1601,2296,0.007742848030422252
1601,2297,0.008113568416179145
1601,2298,0.008090516831729514
1601,2299,0.007713953498912668
1601,2307,0.004917393800063443
1601,2308,0.004566159950973629
1601,2309,0.005170220751050554
1601,2310,0.00512534706341098
1601,2311,0.005289135565597506
1601,2316,0.004035621732628429
1601,2317,0.005100122185358267
1601,2318,0.005184943535199737
1601,2319,0.004171101264065485
1601,2320,0.0041513613748525345
1601,2321,0.005603279062463439
1601,2322,0.004290101376622451
1601,2323,0.004154625129052189
1601,2327,0.00420516668535949
1601,2328,0.004167779584298155
1601,2329,0.005634682159164405
1601,2338,0.007291831835611912
1601,2339,0.0077682787708972575
1601,2340,0.008221841015830305
1601,2341,0.012147107450465953
1601,2342,0.012672303369016064
1601,2343,0.01988802329342864
1601,2344,0.020943184840191035
1601,2345,0.02842420318061457
1601,2346,0.026947575476733095
1601,2347,0.021611964051261385
1601,2348,0.021142574931687003
1601,2349,0.02079148564721848
1601,2351,0.022364012295104017
1601,2352,0.023321764772157378
1601,2353,0.02151340893566053
1601,2354,0.019647873101845032
1601,2355,0.018164551306630614
1601,2356,0.0165877168353506
1601,2357,0.01675921211970987
1601,2358,0.016710879754415126
1601,2359,0.015773102589439973
1601,2360,0.015129870842377324
1601,2361,0.013226903982202564
1601,2362,0.011466044703507329
1601,2364,0.009122301419488619
1601,2365,0.008487225726551171
1601,2366,0.008255858120393068
1601,2367,0.007863518248516397
1601,2368,0.007396849524706711
1601,2369,0.0047220921886258205
1601,2383,0.005346663860769944
1601,2384,0.005506208864179265
1601,2385,0.0053698416731243455
1601,2386,0.0051745882225586156
1601,2397,0.0043893215570660615
1601,2398,0.004059267544427252
1601,2399,0.0044199472798007716
1601,2400,0.004616576254869085
1601,2401,0.005017222356051558
1601,2402,0.005501187524402056
1601,2845,0.015657383648641093
1601,2846,0.00916254131178744
1601,2847,0.007262738766166022
1601,2848,0.007360879522814045
1601,2849,0.010629253046836387
1601,2850,0.0063398150268080804
1601,2851,0.005151481916875836
1601,2852,0.007109162185035926
1601,2947,0.006990823013123937
1601,2948,0.006993876681140434
1601,2949,0.0073428072175235025
1601,2950,0.009255095027597226
1601,2951,0.00971598054590782
1601,2952,0.010628321717212305
1601,2953,0.01009273275362953
1601,2954,0.010670763595576456
1601,2955,0.01447877648249931
1601,2956,0.004948896369906882
1601,2957,0.005619846955412207
1601,3098,0.030103221134631986
1601,3099,0.041106500117689695
1601,3100,0.012009551447536158
1601,3101,0.014507852385385822
1601,3102,0.024574790520608628
1601,3103,0.019567471121290037
1601,3104,0.0077378162379250865
1601,3121,0.01457476643055922
1601,3276,0.007198385244127534
1601,3277,0.008965789062678777
1629,1926,0.33673874491050143
1629,2173,0.2889402042235609
1629,2174,0.11390720014641094
1629,2932,0.027058286807884815
1629,3009,0.07202329419922969
1629,3010,0.08535477869982912
1629,3256,0.07597749101258297
1630,1802,0.03449862865504191
1630,1817,0.02718453789691806
1630,1854,0.04707554465578508
1630,2252,0.019138612901859857
1630,2531,0.26574739240286777
1630,2554,0.024920319751169737
1630,2838,0.06124829356487938
1630,2934,0.029889400455233486
1630,2944,0.03867240814873809
1630,3083,0.09164270470390952
1630,3464,0.3070148703120199
1630,3465,0.05296728655157737
1637,1684,0.007240523775864881
1637,1685,0.009546241538206686
1637,1686,0.010295778448372792
1637,1715,0.00795699250779804
1637,1859,0.0972026329409136
1637,1860,0.07723903160252045
1637,1931,0.008335757360927879
1637,1932,0.008027733965470164
1637,1933,0.007476516744075945
1637,1934,0.0068006590908549335
1637,1935,0.006780331604620636
1637,1936,0.006876535131631941
1637,1937,0.030962450347992065
1637,1938,0.04170810679962295
1637,1939,0.046460566446509186
1637,1940,0.041967423889098715
1637,1949,0.01863563432902855
1637,1950,0.01791908695570884
1637,1951,0.014248650566123223
1637,1952,0.01173451190822878
1637,1953,0.01106251017425728
1637,2387,0.022831311097190575
1637,2388,0.02367059560078705
1637,2389,0.019468587342818044
1637,2390,0.01759946062226153
1637,2391,0.015081821714928162
1637,2392,0.01404185128692379
1637,2393,0.013818019831340133
1637,2394,0.01219344284797505
1637,2395,0.008352631993764004
1637,2396,0.008756776903287357
1637,2397,0.007030628730196351
1637,2398,0.006537036756841333
1637,2418,0.014160210073563677
1637,2423,0.025098266133595077
1637,2956,0.0064921239957146815
1637,3098,0.00590329507310478
1637,3100,0.0071201708709054965
1637,3178,0.024529235739624296
1637,3179,0.02386319662266286
1637,3180,0.02638256123060572
1637,3181,0.026686079344518922
1637,3182,0.02864961723562434
1637,3208,0.010532543103572016
1637,3209,0.014428561334465092
1637,3274,0.05166398278304824
1637,3275,0.025167935122681576
1637,3276,0.0244136889733406
1637,3277,0.019881293465911637
1637,3299,0.0071673980409200965
1642,1840,0.10379428162512414
1642,1872,0.017171690175598144
1642,1873,0.027679482364841645
1642,2171,0.019725299669471827
1642,2208,0.013515128532857044
1642,2414,0.01647866196284867
1642,2523,0.05370669786146535
1642,2945,0.01598298645771778
1642,3077,0.027052319942830187
1642,3081,0.02163018862399146
1642,3082,0.028636927839524803
1642,3118,0.03543370929786261
1642,3210,0.019174022726816366
1642,3214,0.02951548785329055
1642,3257,0.020437761649639532
1642,3281,0.03607854584329757
1642,3418,0.025903301094573852
1642,3419,0.00967926031227808
1642,3466,0.021437710841424967
1642,3467,0.025929383841477086
1642,3468,0.039310783460485166
1642,3469,0.012116489706473655
1642,3470,0.012228998064135766
1642,3471,0.01906735491031541
1642,3472,0.12129038436440988
1642,3473,0.10770890749967535
1642,3474,0.06146587157575072
1642,3475,0.05784836190182246
1675,1676,0.1666705920661826
1675,1677,0.07662258454935927
1675,1678,0.06816544968943587
1675,1679,0.13717957057702135
1675,1680,0.04039238862290036
1675,1681,0.07380959326224965
1675,1682,0.02965717582673034
1675,1683,0.014002591639677918
1675,1715,0.02608018573811388
1675,1719,0.008823075045132573
1675,1806,0.01034866918105367
1675,1807,0.009949360254155177
1675,2519,0.04945875386121731
1675,2941,0.04014378375680786
1675,2942,0.012335073451601102
1675,3014,0.012286659351423477
1675,3015,0.012676817202684277
1675,3125,0.011105670248182807
1675,3208,0.010175966487863227
1675,3260,0.05322309552202536
1675,3261,0.12416688626829751
1675,3299,0.012726057397884164
1676,1677,0.14470980350117751
1676,1678,0.12146297898411727
1676,1679,0.21640617523559555
1676,1680,0.06384764911035294
1676,1681,0.11129935848355985
1676,1682,0.04635649007213136
1676,1683,0.021350894226867253
1676,1684,0.029807081627646274
1676,1715,0.025999478311165516
1676,2519,0.031766404192533466
1676,2941,0.025987811253764474
1676,3208,0.010816296474684375
1676,3260,0.03503235533826468
1676,3261,0.10349659469812475
1676,3299,0.011660628490014755
1677,1678,0.2716400125840529
1677,1679,0.11684885092569851
1677,1680,0.14205171129055155
1677,1681,0.061381975192780346
1677,1682,0.10347282903820623
1677,1683,0.047722872735969056
1677,1684,0.01655073819883719
1677,1715,0.013566054504486733
1677,2519,0.033104664029018564
1677,2941,0.02715183964942375
1677,3208,0.011387773110006265
1677,3260,0.036663795142133734
1677,3261,0.10639481149576117
1677,3299,0.012062072103074176
1678,1679,0.17162696635193503
1678,1680,0.2151834772303824
1678,1681,0.09305986640354552
1678,1682,0.15652201346018602
1678,1683,0.07212155445489635
1678,1684,0.025068843391861956
1678,1715,0.019371900299323726
1678,2519,0.03237823958846314
1678,2941,0.026400823871630494
1678,3208,0.01659012197199559
1678,3209,0.012771505218656614
1678,3260,0.035474661355264205
1678,3261,0.10662645735105337
1678,3299,0.01680356905080548
1679,1680,0.14693225963765869
1679,1681,0.2598276826074311
1679,1682,0.10669111862374328
1679,1683,0.04929386022106127
1679,1684,0.0694245719194308
1679,1715,0.05748041124880982
1679,2519,0.03942078027483355
1679,2941,0.032026982222986305
1679,3208,0.024536842211357088
1679,3209,0.01881600596368241
1679,3260,0.04271812488731346
1679,3261,0.12792266357069773
1679,3299,0.024908696610994385
1680,1681,0.18855390581866444
1680,1682,0.3236583688758406
1680,1683,0.14913551180973128
1680,1684,0.05197754599367156
1680,1685,0.05190595574937809
1680,1686,0.02244421899128008
1680,1715,0.030183555435197653
1680,2519,0.02032511706012937
1680,3208,0.02813409762980928
1680,3209,0.0227802623476959
1680,3260,0.021862073459875283
1680,3261,0.06485200708325319
1680,3299,0.02418737974547306
1681,1682,0.2059819068938673
1681,1683,0.09776263697244819
1681,1684,0.13838476984260087
1681,1685,0.034480792339049576
1681,1686,0.05974414384824795
1681,1715,0.08070008434278034
1681,1937,0.015676802899024712
1681,1949,0.029908816911283474
1681,1951,0.014243814947285882
1681,1952,0.029147656571952354
1681,2423,0.015780927322829184
1681,2519,0.021719121933879013
1681,3179,0.014957771006263968
1681,3180,0.016449367664202692
1681,3181,0.01665702035601635
1681,3182,0.016352339705659677
1681,3208,0.038205793351384486
1681,3209,0.03116312710659169
1681,3260,0.02319170977478341
1681,3261,0.06760156859007135
1681,3299,0.03188982761977749
1682,1683,0.27212284207810933
1682,1684,0.09434850912815003
1682,1685,0.09442517698298969
1682,1686,0.04079665951095646
1682,1715,0.04226250573815819
1682,1933,0.03524612920420301
1682,1937,0.019309689270390548
1682,1949,0.019662968538522268
1682,1950,0.018352000800844474
1682,1951,0.019125989770372175
1682,1952,0.019811954004830865
1682,1953,0.018540405540388986
1682,2387,0.016355545126337523
1682,2423,0.018110234187650773
1682,3178,0.01770139534030064
1682,3179,0.01923651109851676
1682,3180,0.020732311525235587
1682,3181,0.020921667142283447
1682,3182,0.02033266562640921
1682,3208,0.04195207931536676
1682,3209,0.03555441959849034
1682,3261,0.06254688632877833
1682,3299,0.032551454142714674
1683,1684,0.11883167451483148
1683,1685,0.12134120372477593
1683,1686,0.05232608441658092
1683,1715,0.02303612430139479
1683,1809,0.009856189873330617
1683,1810,0.011326726421776163
1683,1931,0.020663081150610257
1683,1932,0.020196555219930197
1683,1933,0.04551414221177895
1683,1934,0.016498167820236463
1683,1935,0.016091024840956654
1683,1936,0.014729876983017361
1683,1937,0.01953834265119801
1683,1938,0.014519471145774189
1683,1939,0.01155181056383353
1683,1940,0.011171875190130116
1683,1949,0.02370105116558367
1683,1950,0.022395696311393352
1683,1951,0.0240268415666927
1683,1952,0.025320276724089246
1683,1953,0.02380027215488205
1683,2387,0.0193136622893831
1683,2388,0.012803260082291242
1683,2389,0.013246953593556819
1683,2390,0.011775842152048665
1683,2391,0.012117019175238997
1683,2392,0.011506016230411803
1683,2393,0.012448102444045877
1683,2394,0.011774888272199588
1683,2423,0.01469658139537845
1683,2550,0.011507174418503761
1683,2820,0.013953474638523769
1683,2821,0.01276438545350792
1683,3178,0.020390277450565118
1683,3179,0.021991045769063168
1683,3180,0.022367134999634376
1683,3181,0.022339000442430715
1683,3182,0.02110634513480354
1683,3208,0.026803148620546394
1683,3209,0.026516035589913334
1683,3261,0.017341242002092465
1683,3299,0.016801920893064138
1684,1685,0.06595277076436523
1684,1686,0.11426266453782752
1684,1715,0.03430584263614027
1684,1809,0.010246432340374473
1684,1810,0.011722538431672955
1684,1859,0.007766762317935691
1684,1931,0.021878678846226303
1684,1932,0.021294383164287778
1684,1933,0.02368223457958852
1684,1934,0.017145873973014612
1684,1935,0.016734198939334328
1684,1936,0.015402242042722312
1684,1937,0.020420555713751447
1684,1938,0.015303050713030496
1684,1939,0.012456745751292344
1684,1940,0.012164294882928854
1684,1949,0.05273396019833532
1684,1950,0.02494388297643889
1684,1951,0.02666746023990631
1684,1952,0.05558530361577767
1684,1953,0.025971042024265773
1684,2387,0.02142172415882574
1684,2388,0.014245497475078644
1684,2389,0.014754159547537308
1684,2390,0.013103760358512706
1684,2391,0.013439824141941191
1684,2392,0.012737133396969549
1684,2393,0.013766482747304767
1684,2394,0.012959279620502506
1684,2395,0.008305025239370866
1684,2396,0.008157988452912091
1684,2418,0.007519306280626258
1684,2423,0.013872790051127694
1684,2550,0.011868936491558355
1684,2820,0.014245575981248206
1684,2821,0.012823083291844584
1684,2822,0.009418862750216438
1684,2931,0.008512475255381742
1684,3127,0.008570615719808777
1684,3178,0.022464236562245
1684,3179,0.02415328242241152
1684,3180,0.02400466224946538
1684,3181,0.023863838289196256
1684,3182,0.022284331165483423
1684,3208,0.021360773655247137
1684,3209,0.023044803870471395
1684,3299,0.012460632135495166
1685,1686,0.07423757726579583
1685,1715,0.006997826198497499
1685,1809,0.013095142527904375
1685,1810,0.014886261969623373
1685,1815,0.006859581535514036
1685,1859,0.007375634303381584
1685,1860,0.006821655875361455
1685,1931,0.028227407622170478
1685,1932,0.02735577658424048
1685,1933,0.05951226700046926
1685,1934,0.021737235902058366
1685,1935,0.0212454571349677
1685,1936,0.01971069965212326
1685,1937,0.015709379961283278
1685,1938,0.012587547228276603
1685,1939,0.011459669235820024
1685,1940,0.01175111849248631
1685,1949,0.028424770542955096
1685,1950,0.02815584516801998
1685,1951,0.03270566879487893
1685,1952,0.035844069336429335
1685,1953,0.033817485656125565
1685,2383,0.005359520563525425
1685,2384,0.005036787631238268
1685,2385,0.004818790008256327
1685,2386,0.004759401817022288
1685,2387,0.02260368102446966
1685,2388,0.01614647384845448
1685,2389,0.017552780255275197
1685,2390,0.015975607096360433
1685,2391,0.0168387780456959
1685,2392,0.016116023542627523
1685,2393,0.01747563484215761
1685,2394,0.01667629454386995
1685,2395,0.01083470047256885
1685,2396,0.010621545657412357
1685,2397,0.008642199824914851
1685,2398,0.008935228378037867
1685,2399,0.007733770450320174
1685,2400,0.007298749797371206
1685,2401,0.006421383427983474
1685,2402,0.005834294702591983
1685,2423,0.008451397379116087
1685,2550,0.01500986302428821
1685,2820,0.017710308146006683
1685,2821,0.015618608343407636
1685,2822,0.011814471148707305
1685,2930,0.00816601695690711
1685,2931,0.010742105060407214
1685,2947,0.005121066496002911
1685,2948,0.004950367851245678
1685,2956,0.007570954265231496
1685,2957,0.006311168165292545
1685,3084,0.005356275559214297
1685,3127,0.011073350268820769
1685,3178,0.02211402215504441
1685,3179,0.022976278323421303
1685,3180,0.02002565398223062
1685,3181,0.01951226432085047
1685,3182,0.017561971068874943
1685,3208,0.009288623333377329
1685,3209,0.011264091369283566
1685,3299,0.005161418863732903
1686,1715,0.011906555561434707
1686,1809,0.013630161451329144
1686,1810,0.015419675287474607
1686,1815,0.007144594509826995
1686,1859,0.007519186523991834
1686,1860,0.007034779898498736
1686,1931,0.029383621461241082
1686,1932,0.02837455867864311
1686,1933,0.03022436455976565
1686,1934,0.022402124203439996
1686,1935,0.02192419589626433
1686,1936,0.020474784815163953
1686,1937,0.01504024540101008
1686,1938,0.012322088015312383
1686,1939,0.011537346666316672
1686,1940,0.011961071280677395
1686,1949,0.058088170789314025
1686,1950,0.029226682705554508
1686,1951,0.03471127340260923
1686,1952,0.07692462554850865
1686,1953,0.036202251824399796
1686,2383,0.005671473124620017
1686,2384,0.005327524728520816
1686,2385,0.005087185311257739
1686,2386,0.005016481025408187
1686,2387,0.023184520824586802
1686,2388,0.01698287195804362
1686,2389,0.01864314108814179
1686,2390,0.017054232178270286
1686,2391,0.018043786556578994
1686,2392,0.017285872151186925
1686,2393,0.018747231370745906
1686,2394,0.01789135897336587
1686,2395,0.011579527816425144
1686,2396,0.011365959675635957
1686,2397,0.009223796499199209
1686,2398,0.009510425142486272
1686,2399,0.008215024177483517
1686,2400,0.0077514703280432504
1686,2401,0.006813948013910774
1686,2402,0.006195522490299728
1686,2423,0.007799657137741415
1686,2550,0.015507462039359056
1686,2820,0.01808635693603946
1686,2821,0.015807502774231593
1686,2822,0.012170717644293661
1686,2930,0.00844779744276677
1686,2931,0.01110847443578493
1686,2947,0.005465013050951743
1686,2948,0.005277702593510415
1686,2949,0.004920851870471234
1686,2956,0.008080109148546462
1686,2957,0.00672525665583462
1686,3084,0.005553040801703288
1686,3127,0.0116212765990025
1686,3178,0.022258378241957772
1686,3179,0.022861058718514512
1686,3180,0.01936394857849622
1686,3181,0.018794531973784428
1686,3182,0.016840414814027743
1686,3208,0.007978935836989887
1686,3209,0.00987077434516091
1686,3299,0.004417026445843834
1687,2272,0.06912316248594429
1687,2283,0.5336739381334534
1687,2284,0.15659919855348253
1687,3185,0.09750273348241625
1687,3233,0.07400954963352178
1687,3460,0.06909141771118173
1688,1870,0.10121367295958451
1688,2532,0.5315421825137739
1688,2977,0.08948864675367411
1688,3233,0.10457438426525154
1688,3296,0.08706062784439636
1688,3297,0.08612048566331941
1715,1812,0.016438737121469073
1715,1937,0.03410988515236328
1715,1938,0.02730949143526871
1715,1939,0.019492928635674204
1715,1940,0.01728049204195429
1715,1949,0.0414190922105144
1715,1950,0.018745140815638616
1715,1951,0.01677460278810427
1715,1952,0.03061470219514451
1715,1953,0.013934976981949695
1715,2387,0.019582324697463835
1715,2418,0.04907547459530437
1715,2423,0.051389442879231376
1715,3178,0.022555494097055276
1715,3179,0.02448039808400483
1715,3180,0.03037533704285684
1715,3181,0.03139960326358015
1715,3182,0.0331351048238882
1715,3208,0.18085255269462822
1715,3209,0.13123795479927222
1715,3261,0.02022742414724347
1715,3274,0.02389973809101491
1715,3275,0.02443479668324228
1715,3299,0.12123430472313312
1719,1806,0.17304919720415837
1719,1807,0.1662283050515157
1719,1812,0.11899830670012783
1719,2198,0.20118274275572695
1719,2519,0.02470978553471121
1719,2941,0.02632144683151099
1719,2942,0.04753527136805063
1719,3014,0.05323181710573713
1719,3015,0.059461523772795906
1719,3125,0.10777350932682842
1719,3260,0.021508094348836975
1802,1817,0.1173994012375418
1802,1862,0.02711792892443822
1802,1947,0.05884210527487374
1802,2252,0.0875788701050964
1802,2273,0.0634739927044229
1802,2531,0.03168273922508692
1802,2554,0.10236195909293815
1802,2838,0.12213219782617604
1802,2934,0.042012356483696
1802,2940,0.028421428848873213
1802,2943,0.0524836720839766
1802,2944,0.10261155877289087
1802,3016,0.07507619568679763
1802,3243,0.05142211925825528
1802,3464,0.037383474474936285
1806,1807,0.32927311836883644
1806,1812,0.056628508485622224
1806,2198,0.09101309269834007
1806,2519,0.028687002844653982
1806,2941,0.030399282592301003
1806,2942,0.05229291322576452
1806,3014,0.05858029959080619
1806,3015,0.06589969226421098
1806,3125,0.25029008827013627
1806,3260,0.024978265229157488
1806,3261,0.011957736430170979
1807,1812,0.11598737091898698
1807,2198,0.13577852399189622
1807,2519,0.042512747006944566
1807,2941,0.04417346566834569
1807,2942,0.07196317133579071
1807,3014,0.08058869076847698
1807,3015,0.09083955327443732
1807,3125,0.36187795962373187
1807,3260,0.03711107396620389
1807,3261,0.019167443445185815
1809,1810,0.05953759035959897
1809,1811,0.004985251723553296
1809,1813,0.004640799547088665
1809,1815,0.01800948849431643
1809,1859,0.0021336758715817055
1809,1860,0.002296898782341622
1809,1931,0.031871085132782195
1809,1932,0.0329162232981551
1809,1933,0.014859818843132967
1809,1934,0.04105392239318416
1809,1935,0.042080268119644305
1809,1936,0.04567715747192934
1809,1937,0.002402885524218522
1809,1938,0.002301446519700378
1809,1939,0.0026585657949442297
1809,1940,0.0029970439085037896
1809,1944,0.004449050303250488
1809,1949,0.0050839823883419115
1809,1950,0.011187608442464013
1809,1951,0.01327141790537064
1809,1952,0.007420849082673662
1809,1953,0.0163053646319708
1809,2383,0.017442323128370726
1809,2384,0.008258825985183809
1809,2385,0.008052128672854176
1809,2386,0.008049283949710113
1809,2387,0.004754543686411619
1809,2388,0.005317445125067572
1809,2389,0.01292602290438903
1809,2390,0.007096749372324146
1809,2391,0.01663019537835431
1809,2392,0.008866352040304793
1809,2393,0.018201289947305018
1809,2394,0.020542584409902778
1809,2395,0.023990620377914426
1809,2396,0.011236384807584703
1809,2397,0.01104785795135867
1809,2398,0.02448331870715131
1809,2399,0.022932695484122512
1809,2400,0.021924634244992778
1809,2401,0.01988145904850741
1809,2402,0.009007026947589753
1809,2550,0.0580303628840331
1809,2820,0.023583705256202517
1809,2821,0.023274622182989837
1809,2822,0.02840553900281682
1809,2930,0.021120183816882722
1809,2931,0.02740271396023849
1809,2947,0.007242505584623553
1809,2948,0.007193977036754856
1809,2949,0.006794907211930782
1809,2950,0.005154292640661556
1809,2951,0.004879963121334859
1809,2952,0.0044310656714902
1809,2953,0.004579141986712535
1809,2954,0.004226635637074808
1809,2955,0.0032198749826998097
1809,2956,0.010039028050793791
1809,2957,0.009018172875080098
1809,3084,0.01398418859747777
1809,3085,0.006518935200159995
1809,3098,0.001990094073528274
1809,3121,0.0034312174613249035
1809,3127,0.05521176667909307
1809,3178,0.004124426501530552
1809,3179,0.00393422810797839
1809,3180,0.0030667923002822457
1809,3181,0.0029474567311941918
1809,3182,0.002651795297335483
1809,3276,0.0022693008710259126
1809,3277,0.0024909695686026806
1810,1811,0.004762171998111876
1810,1813,0.004392646039867939
1810,1815,0.016799519890108642
1810,1859,0.002289882706331416
1810,1860,0.0024318159949922417
1810,1931,0.03839367930903683
1810,1932,0.039756249450968596
1810,1933,0.018110905445367656
1810,1934,0.050016228000168174
1810,1935,0.051224396450837435
1810,1936,0.055061140403578165
1810,1937,0.0027451937208043445
1810,1938,0.0025845176899004416
1810,1939,0.0029286583896821618
1810,1940,0.0032816715788730284
1810,1944,0.004194843044306867
1810,1949,0.005871721585932274
1810,1950,0.012883442995975453
1810,1951,0.015488710620339104
1810,1952,0.008783796605610194
1810,1953,0.01931449027545124
1810,2383,0.016074403962774382
1810,2384,0.007610035215462351
1810,2385,0.007421214264601874
1810,2386,0.007423119134698605
1810,2387,0.0053939030139209445
1810,2388,0.0058052310540252505
1810,2389,0.014120820162828248
1810,2390,0.007634873681157226
1810,2391,0.017913597557776318
1810,2392,0.009469719851345699
1810,2393,0.019671449097038475
1810,2394,0.02198479920755032
1810,2395,0.023451788329835035
1810,2396,0.01101674823502182
1810,2397,0.010481499509199957
1810,2398,0.023070218594230096
1810,2399,0.021328905208592135
1810,2400,0.020346471583119762
1810,2401,0.01837961898749516
1810,2402,0.008323254272997141
1810,2550,0.0706731282649317
1810,2820,0.028945251347383592
1810,2821,0.027774373646925223
1810,2822,0.028594093046139538
1810,2930,0.020045098201018546
1810,2931,0.026350901940768456
1810,2947,0.006730653014136672
1810,2948,0.006669623788261076
1810,2949,0.006291257859128753
1810,2950,0.004760873181680183
1810,2951,0.004507194511211236
1810,2952,0.004092911987598226
1810,2953,0.00422662952405958
1810,2954,0.003899916714430091
1810,2955,0.0029765382575799356
1810,2956,0.009444651995600285
1810,2957,0.008391761333188898
1810,3084,0.013163898870616081
1810,3085,0.006119091640911893
1810,3121,0.0032085469292380915
1810,3127,0.051068785060279856
1810,3178,0.00469889393808457
1810,3179,0.004507306033079421
1810,3180,0.0035211918664592302
1810,3181,0.0033850758831072986
1810,3182,0.0030387746417217896
1810,3276,0.002243661146559247
1810,3277,0.002432562255985524
1811,1813,0.0843525042190004
1811,1815,0.024564044005526548
1811,1934,0.00832256471135082
1811,1935,0.008501387326689357
1811,1936,0.009045548626391477
1811,1944,0.041394850219723986
1811,2164,0.016149157570115504
1811,2165,0.015734690499979376
1811,2166,0.005179291192563244
1811,2168,0.0104852267165149
1811,2169,0.00902411589345076
1811,2383,0.014670219305527506
1811,2384,0.015391944087186984
1811,2385,0.016721448921429082
1811,2386,0.017632430222951478
1811,2395,0.00711573689995507
1811,2396,0.006810050332650338
1811,2397,0.00847719559467677
1811,2398,0.009129003601691246
1811,2399,0.010574258324101696
1811,2400,0.011011468991791565
1811,2401,0.012170816864991378
1811,2402,0.01250533704792742
1811,2550,0.011991902296722708
1811,2820,0.020538286582109593
1811,2821,0.023118659107490103
1811,2822,0.030607023536278685
1811,2837,0.05325241285969304
1811,2928,0.017848866122504314
1811,2929,0.02225207774250269
1811,2930,0.043583022132037144
1811,2931,0.03332753172723376
1811,2947,0.010600661253770096
1811,2948,0.01128821272062849
1811,2949,0.011701453432938456
1811,2950,0.012438403248021595
1811,2951,0.012330627866668394
1811,2952,0.011953126816371503
1811,2953,0.012661239871409963
1811,2954,0.01271926136469556
1811,2955,0.010054668480050271
1811,2956,0.009071755319359293
1811,2957,0.010536270430582284
1811,3011,0.049361815131727646
1811,3012,0.04928597287071685
1811,3084,0.06452160567779053
1811,3085,0.058333914396201544
1811,3121,0.006857243457447715
1811,3127,0.014800694378860757
1812,2198,0.3058275150832368
1812,2418,0.06445101348526419
1812,2519,0.05761883419500658
1812,2941,0.05553276763246767
1812,2942,0.07330085204535008
1812,3014,0.08183123405218831
1812,3015,0.09260693868989797
1812,3125,0.18218933303567447
1812,3299,0.08664151178091387
1813,1815,0.021718063011356873
1813,1931,0.005410191971068942
1813,1932,0.005604639999051684
1813,1933,0.005165660673142009
1813,1934,0.007085157007661704
1813,1935,0.007245884035986901
1813,1936,0.007760691465556201
1813,1944,0.05224264130287529
1813,2164,0.012829835108432414
1813,2165,0.013492072278839837
1813,2168,0.009078672477508142
1813,2169,0.007478506208266766
1813,2383,0.019895886767563882
1813,2384,0.02084837842221801
1813,2385,0.022648045783990038
1813,2386,0.023899252935078285
1813,2391,0.005039057202699084
1813,2392,0.00546864595481799
1813,2393,0.005388344056805281
1813,2394,0.006132856931488486
1813,2395,0.009616268390409032
1813,2396,0.009215843733731334
1813,2397,0.011497164733890073
1813,2398,0.012357185665193027
1813,2399,0.014336977753445003
1813,2400,0.014940389158741728
1813,2401,0.016523188041218162
1813,2402,0.01696126139876378
1813,2550,0.010253070669814322
1813,2820,0.017317784664879637
1813,2821,0.019236993690149827
1813,2822,0.02607990395130648
1813,2837,0.034343973818974353
1813,2928,0.013750024852297723
1813,2929,0.017002847066785343
1813,2930,0.03763578218362025
1813,2931,0.02863171334694742
1813,2947,0.014269662698471628
1813,2948,0.015180679888620782
1813,2949,0.015675028647868322
1813,2950,0.016206956543105253
1813,2951,0.015959826407204433
1813,2952,0.015288061022745584
1813,2953,0.016223162837449085
1813,2954,0.016092404044229475
1813,2955,0.012379674431288495
1813,2956,0.012315743068903911
1813,2957,0.014290660234341916
1813,3011,0.03244929129607856
1813,3012,0.032404493446410734
1813,3084,0.05683482525037481
1813,3085,0.11845613990015129
1813,3121,0.008793798818201956
1813,3127,0.013046734749978129
1815,1931,0.014617563784537458
1815,1932,0.015095449518007311
1815,1933,0.013682076711458468
1815,1934,0.018895585028648312
1815,1935,0.019356899760220026
1815,1936,0.020949634241703593
1815,1940,0.003302567364473784
1815,1944,0.014723692123189318
1815,1949,0.004897955916542432
1815,1950,0.005407587872296699
1815,1951,0.006266257118572068
1815,1952,0.006885063480053588
1815,1953,0.00755334166566594
1815,2164,0.003795884163021253
1815,2165,0.0043215286138245206
1815,2383,0.024086885901522477
1815,2384,0.023517836798959683
1815,2385,0.023979109221909798
1815,2386,0.024619033857524987
1815,2387,0.004744697673233748
1815,2388,0.005788336382898068
1815,2389,0.006953585581131575
1815,2390,0.00789569866459289
1815,2391,0.009100510151103105
1815,2392,0.009852587113141853
1815,2393,0.009795829106254102
1815,2394,0.011159700451930618
1815,2395,0.01672016354851814
1815,2396,0.015825603034430577
1815,2397,0.018769235822262857
1815,2398,0.02081541128361625
1815,2399,0.022984868706468216
1815,2400,0.023204550581738374
1815,2401,0.0235748899237058
1815,2402,0.022274343474975467
1815,2550,0.027274559842996003
1815,2820,0.022474538833827194
1815,2821,0.02397268056879072
1815,2822,0.033862548242945566
1815,2837,0.005061366048463643
1815,2928,0.0033331173369634164
1815,2929,0.003946187610053382
1815,2930,0.04817061627619541
1815,2931,0.03775977684479244
1815,2947,0.01702979345548869
1815,2948,0.01754558199557445
1815,2949,0.017099638274482656
1815,2950,0.013992548450519561
1815,2951,0.013318261579979748
1815,2952,0.012145497539517429
1815,2953,0.012736522617735242
1815,2954,0.01191073547065251
1815,2955,0.008821065418823524
1815,2956,0.018923593146731817
1815,2957,0.01980164179910148
1815,3011,0.005039040684892376
1815,3012,0.005034427652714988
1815,3084,0.04583194880791253
1815,3085,0.021695189275995494
1815,3098,0.004028575967304333
1815,3100,0.003416421412743681
1815,3121,0.008104095344503391
1815,3127,0.03616319054135459
1815,3178,0.004091726429934796
1815,3179,0.003862273518965678
1815,3276,0.0037535858960313813
1815,3277,0.004385288471878698
1816,1870,0.14790471930251395
1816,2937,0.05862926773036005
1816,2977,0.10110231349572928
1816,3025,0.13335471349206862
1816,3296,0.2980283396320987
1816,3297,0.26098064634722945
1817,1862,0.02114717775893538
1817,1947,0.052841817686251374
1817,2252,0.05979038927164194
1817,2273,0.12644339591459625
1817,2531,0.03364768405001402
1817,2554,0.28270283817060127
1817,2838,0.14366700170284444
1817,2934,0.025092242147010575
1817,2940,0.022589611082000097
1817,2943,0.050602724075420234
1817,2944,0.030831000733803727
1817,3016,0.059739506533144277
1817,3243,0.05290149776316266
1817,3464,0.03800311311057356
1819,1820,0.2253968384689818
1819,1821,0.22499568097986486
1819,1871,0.030349743676822433
1819,1943,0.0718133634734854
1819,2283,0.009710504870605124
1819,2284,0.02741343703754644
1819,2843,0.024217424857385456
1819,2854,0.03219124952872483
1819,3027,0.06308805947593289
1819,3028,0.04267204701639066
1819,3187,0.07311677783009518
1819,3231,0.01689859202748074
1819,3232,0.01664929412248971
1819,3432,0.03871159748821496
1819,3459,0.017986795910292966
1819,3460,0.011908791716086909
1819,3463,0.0728798015195998
1820,1821,0.2833743166096733
1820,1871,0.04069072601798341
1820,1943,0.09709594017126168
1820,2283,0.011361545048060116
1820,2284,0.032770646263087
1820,2843,0.030093536652188467
1820,2854,0.04455749625715365
1820,3027,0.08687868004578646
1820,3028,0.058813417212611796
1820,3187,0.09947814618498077
1820,3231,0.02061814363858711
1820,3232,0.020474809751185142
1820,3432,0.04812224349927062
1820,3459,0.021659399440023937
1820,3460,0.014039434219628784
1820,3463,0.0899715189885178
1821,1871,0.061175268751434156
1821,1943,0.12877813422036222
1821,2283,0.017914072433719914
1821,2284,0.052534004370723454
1821,2843,0.04105868204117816
1821,2854,0.062127906260111616
1821,3027,0.12366770431774253
1821,3028,0.08365479179338764
1821,3187,0.13223448250742229
1821,3231,0.028601412640148278
1821,3232,0.02818493292961506
1821,3432,0.06564698998268448
1821,3459,0.030496423060841927
1821,3460,0.020429700312069202
1821,3463,0.12349549437855904
1840,1872,0.014292085291493443
1840,1873,0.06431799522269271
1840,2171,0.016275164225159733
1840,2208,0.022087001422778234
1840,2414,0.036326106302587785
1840,2523,0.12436409346006548
1840,2945,0.013057186118706026
1840,3077,0.022834372117405567
1840,3081,0.017301942623762823
1840,3082,0.024842980092305372
1840,3118,0.03306199767613655
1840,3210,0.015828865061300768
1840,3214,0.02771470022448879
1840,3257,0.0339745010000711
1840,3281,0.0566580872404762
1840,3418,0.02328390191601928
1840,3419,0.007768280649593505
1840,3466,0.01753142290970408
1840,3467,0.021982197915592847
1840,3468,0.03426135243436281
1840,3469,0.009912116638490582
1840,3470,0.0097329711021552
1840,3471,0.016206002592171594
1840,3472,0.10563193985760681
1840,3473,0.10048380059482541
1840,3474,0.061081798433210883
1840,3475,0.06918713687683636
1854,2208,0.047770366490325254
1854,2531,0.11683340985991982
1854,3024,0.16232824859596845
1854,3083,0.19918162348161317
1854,3257,0.03298072289707021
1854,3464,0.09573629526981832
1854,3465,0.34516933340528494
1859,1860,0.15814572809931723
1859,1931,0.008449586053173004
1859,1932,0.008168033493931142
1859,1933,0.0074514968182071975
1859,1934,0.0071321794428028835
1859,1935,0.007138917779468175
1859,1936,0.007347879687352902
1859,1937,0.02324858653159302
1859,1938,0.03118881817782647
1859,1939,0.041317269205281275
1859,1940,0.041645797198429285
1859,1949,0.017167633520533396
1859,1950,0.016953224523907507
1859,1951,0.013676838080847494
1859,1952,0.01132722515809507
1859,1953,0.010855444937177803
1859,2387,0.021514061863010785
1859,2388,0.02569807342408867
1859,2389,0.02125712016841327
1859,2390,0.019897538200028986
1859,2391,0.016961377787559566
1859,2392,0.01596700830266823
1859,2393,0.015448901334724839
1859,2394,0.013771147806571443
1859,2395,0.010014731441188088
1859,2396,0.010564029825745646
1859,2397,0.008619972673040044
1859,2398,0.0079314123244264
1859,2399,0.006906909837430297
1859,2400,0.006647116452686753
1859,2401,0.006006246539189237
1859,2402,0.00578637256348721
1859,2418,0.009195840221472242
1859,2423,0.016456724215565047
1859,2550,0.006076182126583443
1859,2820,0.005948463700998664
1859,2947,0.006407057298772404
1859,2948,0.006008210364790722
1859,2949,0.005668829532347549
1859,2956,0.008061835029388762
1859,2957,0.00685074886582227
1859,3098,0.008059915346986905
1859,3100,0.009701708414441543
1859,3101,0.007204172631922338
1859,3121,0.00588731807341351
1859,3127,0.00640011303276577
1859,3178,0.022034401576406116
1859,3179,0.020885629988306512
1859,3180,0.021331852524520502
1859,3181,0.02130610365635379
1859,3182,0.022166942262263244
1859,3208,0.007148861024115275
1859,3209,0.009869337926203875
1859,3274,0.03531820537681434
1859,3275,0.0171493202078022
1859,3276,0.04993888617652985
1859,3277,0.04071666117320992
1860,1931,0.009617872211215428
1860,1932,0.009324919524907606
1860,1933,0.008406668369459228
1860,1934,0.008321392904008032
1860,1935,0.008350946188164284
1860,1936,0.008677405727245234
1860,1937,0.02203416515959564
1860,1938,0.029216495744785433
1860,1939,0.03999177646831711
1860,1940,0.042339873536956896
1860,1949,0.018128771411039107
1860,1950,0.018188210991538972
1860,1951,0.014896895966430302
1860,1952,0.0124357749050743
1860,1953,0.012050035770973444
1860,2383,0.006547302988613053
1860,2384,0.006214052012931273
1860,2387,0.022802373767344262
1860,2388,0.029516176363201974
1860,2389,0.024794265173632212
1860,2390,0.023889011034746836
1860,2391,0.02040381157550358
1860,2392,0.01940329886934405
1860,2393,0.0185572930818169
1860,2394,0.016716404579135008
1860,2395,0.01279391180091117
1860,2396,0.013550408144667387
1860,2397,0.011225445915268504
1860,2398,0.010253648015234856
1860,2399,0.009002579956470212
1860,2400,0.008697078331533055
1860,2401,0.00791416443600483
1860,2402,0.007678043493396743
1860,2418,0.008340752207123952
1860,2423,0.014924447369963362
1860,2550,0.007332938051841959
1860,2820,0.007040700179141172
1860,2822,0.006259657895898151
1860,2931,0.006244023041536238
1860,2947,0.00865077553524893
1860,2948,0.008108525450955086
1860,2949,0.007672556131211955
1860,2950,0.006297406388015511
1860,2956,0.01061161489813699
1860,2957,0.009105928985094783
1860,3098,0.011551042176276461
1860,3099,0.007793721718055272
1860,3100,0.013903332473116262
1860,3101,0.010304659864997841
1860,3103,0.006319619219053829
1860,3121,0.00828553780055765
1860,3127,0.008004227617260667
1860,3178,0.022717679773172992
1860,3179,0.021292453114376924
1860,3180,0.02091195124225486
1860,3181,0.020769294449678906
1860,3182,0.02129229511408731
1860,3208,0.006576193548924862
1860,3209,0.009099605779763981
1860,3274,0.03281629061513943
1860,3275,0.015914918397796594
1860,3276,0.07158425849149445
1860,3277,0.05833311805035653
1862,1947,0.12218483648657795
1862,2198,0.02131888405743752
1862,2252,0.04811328157889332
1862,2273,0.04713778545055901
1862,2554,0.014643859673311877
1862,2934,0.020706160081301994
1862,2940,0.43824308066899476
1862,2943,0.11367709467854162
1862,2944,0.0188274600050144
1862,3016,0.05698297733576741
1862,3243,0.0981645799836003
1870,1955,0.02728652304259907
1870,2272,0.02902887698770913
1870,2532,0.04914214297638138
1870,2977,0.2992234063302433
1870,3185,0.019812757346668958
1870,3186,0.019347219635832188
1870,3233,0.027266862083057456
1870,3252,0.027381796034989487
1870,3253,0.019917681968345674
1870,3254,0.012524681618159922
1870,3296,0.21357780453640304
1870,3297,0.2554902474396104
1871,1943,0.09669543589429967
1871,2265,0.02981818106023075
1871,2284,0.055450560918853475
1871,2854,0.1556337483069994
1871,2938,0.032747577667865645
1871,3027,0.17739044957368924
1871,3028,0.20580591172556342
1871,3187,0.10253090150609209
1871,3211,0.04182197968986068
1871,3432,0.03635212234941292
1871,3463,0.0657531313071326
1872,1873,0.00862252246565934
1872,2171,0.038375674897458995
1872,2208,0.007998948103251231
1872,2523,0.00557415792979068
1872,2945,0.15670769832427434
1872,3077,0.11454339377533641
1872,3081,0.04930097379085588
1872,3082,0.017106939751857377
1872,3118,0.05119559984691693
1872,3210,0.037896253382264496
1872,3214,0.08732059353881365
1872,3257,0.010607876196092941
1872,3281,0.016795036097335903
1872,3418,0.05263278383389791
1872,3419,0.04613987214963964
1872,3466,0.04140787399700231
1872,3467,0.036265060540952555
1872,3468,0.05089157359690362
1872,3469,0.01606819703148913
1872,3470,0.02118955931519569
1872,3471,0.016369424459393413
1872,3472,0.024768687208468195
1872,3473,0.02532672485292647
1872,3474,0.038259159111857066
1872,3475,0.02863541580236587
1873,2171,0.02096268492387211
1873,2208,0.01705419054134925
1873,2414,0.2100488553866257
1873,2523,0.08155764874916219
1873,2945,0.016308645963518026
1873,3077,0.02857222840613379
1873,3081,0.021958893120104284
1873,3082,0.06479965976868055
1873,3118,0.04166508786612723
1873,3210,0.020396863172948435
1873,3214,0.03507749784417313
1873,3257,0.026153374166875416
1873,3281,0.041465436371124056
1873,3418,0.02935072785469293
1873,3466,0.022482815943581078
1873,3467,0.028513476887827717
1873,3468,0.04287670843636844
1873,3469,0.02550605660919808
1873,3470,0.012331642327313874
1873,3471,0.04225270206870016
1873,3472,0.04405057981588208
1873,3473,0.04219753105972567
1873,3474,0.038912523467079484
1873,3475,0.045504169248936306
1926,2173,0.38001523991555186
1926,2174,0.25745660686844246
1926,3009,0.1322020951522271
1926,3010,0.14691863378239647
1926,3256,0.0834074242813821
1927,2934,0.1278789129561638
1927,2944,0.0545764367698448
1927,2958,0.3245874752250515
1927,3367,0.4929571750489399
1931,1932,0.0808442706672969
1931,1933,0.03613725496610662
1931,1934,0.06381439892008896
1931,1935,0.06260979091582156
1931,1936,0.05875044817286736
1931,1937,0.005420031970939975
1931,1938,0.004813408609187623
1931,1939,0.005042412007057213
1931,1940,0.005483364889792324
1931,1944,0.00253678044022938
1931,1949,0.011713439002415017
1931,1950,0.025256448537142644
1931,1951,0.03153190717583013
1931,1952,0.018670492385432606
1931,1953,0.04086104386185773
1931,2383,0.010534506856966722
1931,2384,0.00495641874161943
1931,2385,0.0047609076989659944
1931,2386,0.004714165069460135
1931,2387,0.010094243019321538
1931,2388,0.009152021188282893
1931,2389,0.02170986208360094
1931,2390,0.0107918493463614
1931,2391,0.02451591527150863
1931,2392,0.012275104008767905
1931,2393,0.026551374344206576
1931,2394,0.02723714545142084
1931,2395,0.019985597328822994
1931,2396,0.009647566850883115
1931,2397,0.00812142684533164
1931,2398,0.01710652076467845
1931,2399,0.014980853065690768
1931,2400,0.014156389723459187
1931,2401,0.012506529254238199
1931,2402,0.0056690814685249336
1931,2423,0.002631597371343626
1931,2550,0.04444378521840507
1931,2820,0.025486985790285223
1931,2821,0.02194137183051414
1931,2822,0.017419889458606397
1931,2930,0.01211812908293765
1931,2931,0.015931459163842025
1931,2947,0.004850397005367921
1931,2948,0.0047215228052756575
1931,2949,0.004413874940295612
1931,2950,0.0032857837200319403
1931,2951,0.0031121380377814732
1931,2952,0.002834775890511776
1931,2953,0.00289717210998083
1931,2954,0.002663257676709128
1931,2956,0.007133205212318828
1931,2957,0.0060246322055092
1931,3084,0.00796678337741781
1931,3085,0.00370762176627695
1931,3121,0.002486946269388772
1931,3127,0.03301445087665896
1931,3178,0.009016770133921369
1931,3179,0.008846980246913381
1931,3180,0.007023665346348153
1931,3181,0.006765265780502122
1931,3182,0.006045494480201185
1931,3208,0.0023853783646904368
1931,3209,0.003017058547370014
1931,3276,0.0024123547037754535
1931,3277,0.0024482816826405583
1932,1933,0.03942432198629148
1932,1934,0.07193737554311666
1932,1935,0.07051205297051083
1932,1936,0.06583773130889677
1932,1937,0.005633807863090151
1932,1938,0.005009613227074215
1932,1939,0.005262876005558953
1932,1940,0.005731221697845119
1932,1944,0.002845910603875889
1932,1949,0.012177940024686893
1932,1950,0.026273672126011977
1932,1951,0.032779278950809995
1932,1952,0.019403513619216783
1932,1953,0.0424625990436355
1932,2383,0.011684850194681778
1932,2384,0.005500171050462794
1932,2385,0.005290773551481644
1932,2386,0.005244397300064218
1932,2387,0.010513361658982201
1932,2388,0.009609117843931118
1932,2389,0.022853170549296857
1932,2390,0.01141975636129784
1932,2391,0.026038921553461786
1932,2392,0.013086767559896142
1932,2393,0.02826638652713376
1932,2394,0.02919237094980052
1932,2395,0.021839838825398784
1932,2396,0.010519398195857716
1932,2397,0.00891175707829585
1932,2398,0.018835024073886673
1932,2399,0.016543504449086203
1932,2400,0.015639653705299954
1932,2401,0.013834021680533985
1932,2402,0.006268302699924728
1932,2423,0.0027347301667476217
1932,2550,0.04993876016456024
1932,2820,0.028768729094687424
1932,2821,0.024788517575230214
1932,2822,0.01958709490636595
1932,2930,0.013600454584293917
1932,2931,0.017886029073171578
1932,2947,0.005336518140809668
1932,2948,0.005201548699208878
1932,2949,0.004865242561370684
1932,2950,0.0036245175835131313
1932,2951,0.0034325229188150994
1932,2952,0.0031253223545114448
1932,2953,0.0031971030865359353
1932,2954,0.0029395968891327688
1932,2956,0.007834195294232491
1932,2957,0.006635444613284895
1932,3084,0.008933199083716372
1932,3085,0.00415504279800457
1932,3121,0.0027167714731830142
1932,3127,0.03677472835528842
1932,3178,0.009381302710819793
1932,3179,0.009198939043572605
1932,3180,0.007300155327122425
1932,3181,0.007031346238317513
1932,3182,0.0062834532697129955
1932,3209,0.003140261667008518
1932,3276,0.002577876880741384
1932,3277,0.0026271346666446762
1933,1934,0.05511639961221864
1933,1935,0.05377851531188171
1933,1936,0.049282339226820134
1933,1937,0.009160884510639572
1933,1938,0.007967467557207515
1933,1939,0.00816359340739308
1933,1940,0.008811713555116122
1933,1944,0.004354249729518891
1933,1949,0.019599991044836725
1933,1950,0.02090594524166251
1933,1951,0.026306918859050153
1933,1952,0.03175420616742693
1933,1953,0.03420340532541852
1933,2383,0.008598808426415954
1933,2384,0.008104132393994337
1933,2385,0.007822608381624808
1933,2386,0.0077753731203922
1933,2387,0.016537331147141975
1933,2388,0.01445757632341659
1933,2389,0.01703777770004676
1933,2390,0.01680429926329835
1933,2391,0.01902142500605042
1933,2392,0.0190146225223213
1933,2393,0.0205739159580833
1933,2394,0.02108988423787983
1933,2395,0.015742615821515597
1933,2396,0.015147847883880102
1933,2397,0.012892352917399104
1933,2398,0.013675504525410838
1933,2399,0.01206590820804306
1933,2400,0.01141568473832887
1933,2401,0.010121528694258438
1933,2402,0.0091669434490905
1933,2423,0.0045167547561351246
1933,2550,0.03814402679957941
1933,2820,0.045319885654376696
1933,2821,0.03981610893899233
1933,2822,0.030148774409173563
1933,2930,0.020783052720212986
1933,2931,0.027324632517997657
1933,2947,0.007746700775547131
1933,2948,0.007564219604867629
1933,2949,0.007081011382745117
1933,2950,0.0052823508394083465
1933,2951,0.005001690342490397
1933,2952,0.004551425277617646
1933,2953,0.004662719025286453
1933,2954,0.004288858017853321
1933,2956,0.011345100903561311
1933,2957,0.009643870390752367
1933,3084,0.013614185013214168
1933,3085,0.006321505350664929
1933,3127,0.02728120536873336
1933,3178,0.014943259821097532
1933,3179,0.014802874943673768
1933,3180,0.01188731635565411
1933,3181,0.011466980622710708
1933,3182,0.010240221424791519
1933,3208,0.0043422515542384625
1933,3209,0.00540724692084103
1934,1935,0.09318810826081309
1934,1936,0.08459412656181968
1934,1937,0.004757677050051358
1934,1938,0.004310761641899904
1934,1939,0.004654972055517164
1934,1940,0.005127006816841375
1934,1944,0.0037561277822941407
1934,1949,0.01029600481877347
1934,1950,0.02237506681075397
1934,1951,0.027607723853186803
1934,1952,0.01611516031245458
1934,1953,0.0353805644688075
1934,2383,0.014774829195725642
1934,2384,0.006970892695957491
1934,2385,0.0067481332822804
1934,2386,0.006718981849376329
1934,2387,0.009082664970627981
1934,2388,0.008842023399879101
1934,2389,0.021320293537850837
1934,2390,0.011009302041659421
1934,2391,0.025558132691162055
1934,2392,0.013128928864068782
1934,2393,0.028020666026994993
1934,2394,0.030026163373077144
1934,2395,0.025391410309719187
1934,2396,0.012095029773972482
1934,2397,0.010643129842444072
1934,2398,0.022873188305802494
1934,2399,0.020431052997349406
1934,2400,0.019367150066720285
1934,2401,0.017252920880038526
1934,2402,0.007808577620747234
1934,2550,0.06598899305355452
1934,2820,0.03808484492889956
1934,2821,0.03259411041300264
1934,2822,0.025952792564702603
1934,2930,0.01795115609948984
1934,2931,0.023613504715817864
1934,2947,0.006497971076300446
1934,2948,0.00637567301328334
1934,2949,0.005981597777582583
1934,2950,0.0044789025986084075
1934,2951,0.004240013098326311
1934,2952,0.003854510444599048
1934,2953,0.003959996867183177
1934,2954,0.0036457157468076386
1934,2955,0.0028220137180653823
1934,2956,0.0094175563025098
1934,2957,0.008107128127936784
1934,3084,0.011768791716955941
1934,3085,0.005467293913209931
1934,3121,0.0032039495048471595
1934,3127,0.04707694761805317
1934,3178,0.00802222336753405
1934,3179,0.007803171529910568
1934,3180,0.006151070330446905
1934,3181,0.005919889334021033
1934,3182,0.005295560441208575
1934,3276,0.002689298599317282
1934,3277,0.002808550939158568
1935,1936,0.0942945872642263
1935,1937,0.005118214768103601
1935,1938,0.004653401773445592
1935,1939,0.005045733668664818
1935,1940,0.0055656125288507975
1935,1944,0.004180066838896351
1935,1949,0.011072405980334042
1935,1950,0.024090280117865195
1935,1951,0.02965400073287177
1935,1952,0.017253056932760982
1935,1953,0.037897563168900035
1935,2383,0.016482854202999865
1935,2384,0.007776765958662514
1935,2385,0.007527955561040905
1935,2386,0.007494911322891802
1935,2387,0.009804677132847673
1935,2388,0.009626100752768214
1935,2389,0.023238663216571996
1935,2390,0.012042317274962456
1935,2391,0.027994974515198764
1935,2392,0.014410986243222469
1935,2393,0.030711198390552707
1935,2394,0.03301803393484148
1935,2395,0.028223846231534476
1935,2396,0.013435354737749762
1935,2397,0.011851539578710811
1935,2398,0.025489039353644258
1935,2399,0.02278288240280986
1935,2400,0.0215984865667227
1935,2401,0.019244240998551137
1935,2402,0.008709755909512078
1935,2550,0.07344736365993852
1935,2820,0.04200783068970879
1935,2821,0.03586557511944141
1935,2822,0.028855347613745377
1935,2930,0.019979482503906104
1935,2931,0.02628232450004689
1935,2947,0.007243454404510347
1935,2948,0.007108736149074792
1935,2949,0.006670031115338855
1935,2950,0.004995218048126402
1935,2951,0.004728768466988528
1935,2952,0.004298698807611586
1935,2953,0.0044167665905041845
1935,2954,0.004066361949889267
1935,2955,0.0031466797189032905
1935,2956,0.010491021565711463
1935,2957,0.00903780186355387
1935,3084,0.013102367981797976
1935,3085,0.0060877950644968775
1935,3121,0.0035671677408733215
1935,3127,0.0525181739887204
1935,3178,0.008646946784827065
1935,3179,0.008399157184194303
1935,3180,0.00661337827155625
1935,3181,0.006363916528192506
1935,3182,0.005694252555242914
1935,3276,0.0029689876097899093
1935,3277,0.003106885462593351
1936,1937,0.005275624182753198
1936,1938,0.004865239757701894
1936,1939,0.005361317596335732
1936,1940,0.005946450894282773
1936,1944,0.004714209662665014
1936,1949,0.011374114082364883
1936,1950,0.024855505940790182
1936,1951,0.03026217684629378
1936,1952,0.017345807339378665
1936,1953,0.03814276657693717
1936,2383,0.019009645574612224
1936,2384,0.008963942110662206
1936,2385,0.00866286985155211
1936,2386,0.008612969519608877
1936,2387,0.010233555705348629
1936,2388,0.010383297460004657
1936,2389,0.02515979050994524
1936,2390,0.013205964740776914
1936,2391,0.030829950860601685
1936,2392,0.015987510530673474
1936,2393,0.033875870787445535
1936,2394,0.03683249445945004
1936,2395,0.032559477619096354
1936,2396,0.015476574885527644
1936,2397,0.01371536875238978
1936,2398,0.029513205112585674
1936,2399,0.02636601129762714
1936,2400,0.02498933000596334
1936,2401,0.022247484648095513
1936,2402,0.010069657143591215
1936,2550,0.08228942955658469
1936,2820,0.04417846917111162
1936,2821,0.037750326188551536
1936,2822,0.03222653660085393
1936,2930,0.022513442715861483
1936,2931,0.02958470314935552
1936,2947,0.00838650774154362
1936,2948,0.00822861652103502
1936,2949,0.007719393832326067
1936,2950,0.005778441988224549
1936,2951,0.005470309634664189
1936,2952,0.004973311386105697
1936,2953,0.005108021922355197
1936,2954,0.004702065718017773
1936,2955,0.0036420291426344986
1936,2956,0.012145496145707204
1936,2957,0.01046353152694818
1936,3084,0.0148054874751879
1936,3085,0.0068890739275748476
1936,3121,0.004127648092667876
1936,3127,0.06043551565843757
1936,3178,0.008974399151321151
1936,3179,0.008668479591019218
1936,3180,0.006797256335778781
1936,3181,0.006537452669486836
1936,3182,0.0058571455360353734
1936,3276,0.003365817780726321
1936,3277,0.003542906384821546
1937,1938,0.10641496709374322
1937,1939,0.0790923630628619
1937,1940,0.07178000922825212
1937,1949,0.02215984018447748
1937,1950,0.020358593502502634
1937,1951,0.016484265322791243
1937,1952,0.013814480187096446
1937,1953,0.0127047940826719
1937,2387,0.04826347413934342
1937,2388,0.018028752949083782
1937,2389,0.01574484321905233
1937,2390,0.013522311844896407
1937,2391,0.012170855980453647
1937,2392,0.011197218149615919
1937,2393,0.01150976997735626
1937,2394,0.01013519160024461
1937,2395,0.00626025586102157
1937,2396,0.00642059884587358
1937,2397,0.005027733598033165
1937,2398,0.004848364816689966
1937,2399,0.004123241890867061
1937,2418,0.010456188721983931
1937,2423,0.022719020186724823
1937,2550,0.005335442931162796
1937,2820,0.005728292570987182
1937,2821,0.004888026136621753
1937,2822,0.004237513531204944
1937,2931,0.004008094807031621
1937,2956,0.004497341190856338
1937,3127,0.004719979563220015
1937,3178,0.05585551791396255
1937,3179,0.05837848565113396
1937,3180,0.07392514662581659
1937,3181,0.07655667976111923
1937,3182,0.08565767587431918
1937,3208,0.0134741765437593
1937,3209,0.018690090083137878
1937,3274,0.01192359351360197
1937,3275,0.011826553148677973
1937,3276,0.0048311675685113195
1937,3277,0.004154863087854814
1937,3299,0.00807422505138306
1938,1939,0.11854604950862013
1938,1940,0.1042274498198106
1938,1949,0.022461716601028386
1938,1950,0.021076471357878237
1938,1951,0.016769193514439423
1938,1952,0.01386587335130205
1938,1953,0.012887056746949012
1938,2387,0.05255733441520815
1938,2388,0.022440278007698156
1938,2389,0.018922204039323025
1938,2390,0.016467814784204286
1938,2391,0.014460468353710449
1938,2392,0.013327975740483161
1938,2393,0.013468530578853203
1938,2394,0.011822377134708663
1938,2395,0.007523946602734211
1938,2396,0.007785528296558942
1938,2397,0.006128443533120985
1938,2398,0.005825777326854851
1938,2399,0.004971032314200929
1938,2400,0.004728145074016025
1938,2418,0.011863974755281139
1938,2423,0.02480798831244142
1938,2550,0.0057741788609199885
1938,2820,0.006037723495070221
1938,2821,0.005144377555393803
1938,2822,0.004641921013897542
1938,2956,0.005538011025957744
1938,2957,0.004582326602400835
1938,3127,0.00536639975140066
1938,3178,0.059035788455694474
1938,3179,0.05918328920992367
1938,3180,0.06910481711211106
1938,3181,0.07030402666757905
1938,3182,0.07604230035256597
1938,3208,0.0123132751354378
1938,3209,0.01708829649913105
1938,3274,0.016135212560633147
1938,3275,0.01590279109799188
1938,3276,0.007127348251752884
1938,3277,0.006030363148045083
1938,3299,0.007711923034667687
1939,1940,0.15318162628847434
1939,1949,0.02342384735986616
1939,1950,0.022683741712420016
1939,1951,0.018068189246560194
1939,1952,0.014884493389955759
1939,1953,0.014061901062477506
1939,2387,0.0578616059873125
1939,2388,0.029419983404813332
1939,2389,0.02428274364236384
1939,2390,0.021630396616747316
1939,2391,0.01865606027824214
1939,2392,0.01729226760686537
1939,2393,0.017167851404101177
1939,2394,0.015104172169887563
1939,2395,0.010017592728357843
1939,2396,0.010442988311475151
1939,2397,0.008291325915696096
1939,2398,0.0077885526596553605
1939,2399,0.006679867416346746
1939,2400,0.006375495915735839
1939,2401,0.005674974962057568
1939,2402,0.005373048339708087
1939,2418,0.009658980248751557
1939,2423,0.019429010029570235
1939,2550,0.0069596007033674336
1939,2820,0.007061379604562112
1939,2821,0.006025369097184255
1939,2822,0.005689868295754604
1939,2931,0.005518274486922891
1939,2947,0.005652295887069299
1939,2948,0.005316663290326777
1939,2949,0.004981250766324509
1939,2956,0.007568191577548494
1939,2957,0.0063024870074015115
1939,3098,0.005372138729933309
1939,3100,0.006230100034958577
1939,3127,0.006817363781932062
1939,3178,0.06125504523996386
1939,3179,0.0587799016022589
1939,3180,0.06107182361168731
1939,3181,0.06095070613825131
1939,3182,0.06295356091809147
1939,3208,0.009399686150019168
1939,3209,0.013050330988355183
1939,3274,0.015169549877835323
1939,3275,0.014847905314420616
1939,3276,0.01066180045661737
1939,3277,0.009024136046536766
1939,3299,0.005889853695235215
1940,1949,0.026984689101127626
1940,1950,0.026520647840873667
1940,1951,0.021275665760869072
1940,1952,0.01756761925029771
1940,1953,0.01672140086502523
1940,2383,0.005906483968086402
1940,2384,0.005564381007051799
1940,2387,0.06749515437586498
1940,2388,0.036931654227323224
1940,2389,0.030388103708844694
1940,2390,0.02732008483382114
1940,2391,0.023473449990079852
1940,2392,0.021808692118837267
1940,2393,0.021538610110405865
1940,2394,0.01898322846912475
1940,2395,0.012747765011701958
1940,2396,0.01330830467603394
1940,2397,0.01058768855589696
1940,2398,0.009924554449456587
1940,2399,0.008521969977586648
1940,2400,0.00813914672457731
1940,2401,0.0072525955951195185
1940,2402,0.0068748773689261975
1940,2418,0.009239217482435938
1940,2423,0.018667062422988576
1940,2550,0.008629692516579272
1940,2820,0.008668925332565844
1940,2821,0.007406246110906322
1940,2822,0.007097277829678803
1940,2930,0.005642422823447045
1940,2931,0.006910343804694852
1940,2947,0.007250108831108271
1940,2948,0.006818719742115681
1940,2949,0.006389656018012635
1940,2956,0.009681039933356887
1940,2957,0.008070274137173832
1940,3098,0.00674850882071639
1940,3100,0.00775753697529878
1940,3101,0.0056160647042654485
1940,3121,0.005752310403604664
1940,3127,0.008585765114110341
1940,3178,0.0692933324886982
1940,3179,0.065447982871885
1940,3180,0.06451473753403485
1940,3181,0.06388134244556065
1940,3182,0.06458110650207924
1940,3208,0.009271139687492004
1940,3209,0.012876692480008476
1940,3274,0.014715522739681072
1940,3275,0.014387330529267973
1940,3276,0.0132259373449871
1940,3277,0.011304964327951151
1940,3299,0.005731970058362307
1943,2284,0.0166572449890255
1943,2843,0.05960781311862284
1943,2854,0.09004535058566066
1943,3027,0.13893674103435513
1943,3028,0.10361461765802517
1943,3187,0.24048559994151406
1943,3231,0.03738988481206503
1943,3232,0.03887460268126547
1943,3432,0.09252153315916002
1943,3459,0.036108239463313825
1943,3463,0.14575837255699212
1944,2164,0.021089456495343644
1944,2165,0.022399392700523837
1944,2168,0.015105363013115002
1944,2169,0.012389598566559362
1944,2383,0.030778320666762816
1944,2384,0.03237276191126764
1944,2385,0.035163925707102105
1944,2386,0.037024043223341956
1944,2391,0.007579167253262975
1944,2392,0.008229814831556097
1944,2393,0.008083810265482147
1944,2394,0.009194210265432783
1944,2395,0.01455322364773939
1944,2396,0.013984096166025745
1944,2397,0.017539373868116548
1944,2398,0.01874880155083092
1944,2399,0.021837012674883766
1944,2400,0.022817200684543782
1944,2401,0.025381887853523844
1944,2402,0.026240219249811788
1944,2550,0.01494372924202675
1944,2820,0.012558420047531592
1944,2821,0.01388285210252047
1944,2822,0.018960810502297823
1944,2837,0.025480303419498865
1944,2928,0.00969808410851625
1944,2929,0.01200935442923536
1944,2930,0.027466270866827347
1944,2931,0.020879883691519618
1944,2947,0.022402904896947243
1944,2948,0.023860337273633674
1944,2949,0.024741358087001442
1944,2950,0.026073699109363187
1944,2951,0.025758493521045863
1944,2952,0.02479708812193886
1944,2953,0.026298540960748833
1944,2954,0.026209451251426704
1944,2955,0.02031306175984586
1944,2956,0.018910377072973782
1944,2957,0.022115040544082427
1944,3011,0.023807283934302998
1944,3012,0.023772626961334496
1944,3084,0.041768216810152956
1944,3085,0.05923750695291511
1944,3121,0.014235704462748182
1944,3127,0.019306919274337912
1947,2198,0.01074134231986254
1947,2252,0.07865789179674064
1947,2273,0.12519491726041113
1947,2554,0.025238298845978467
1947,2838,0.020385291075030815
1947,2934,0.014613110329895235
1947,2940,0.08980937369341857
1947,2943,0.2701997817060237
1947,2944,0.01513288723959607
1947,3016,0.11649338148274983
1947,3243,0.23353372425029298
1949,1950,0.07625727989417164
1949,1951,0.06262371868372187
1949,1952,0.1040215280939413
1949,1953,0.04813431565539657
1949,2383,0.006241350791457488
1949,2384,0.005851229089741432
1949,2385,0.005497255275899101
1949,2386,0.005347287968183852
1949,2387,0.044683723798110975
1949,2388,0.030360909729816463
1949,2389,0.03068942467924787
1949,2390,0.026669653379937257
1949,2391,0.025908591937970342
1949,2392,0.024045268648878182
1949,2393,0.025467762487245752
1949,2394,0.022873032544735158
1949,2395,0.013870072838992458
1949,2396,0.013982565562836584
1949,2397,0.010982253696206095
1949,2398,0.010868401689524231
1949,2399,0.009244619452559737
1949,2400,0.008732568634569489
1949,2401,0.0076546708829363964
1949,2402,0.007047972730718611
1949,2418,0.0057405152867640264
1949,2423,0.012464010400633755
1949,2550,0.013404522159091537
1949,2820,0.014517039399335435
1949,2821,0.012392428603387686
1949,2822,0.010590581143241455
1949,2930,0.0077085511611063055
1949,2931,0.00994077624386589
1949,2947,0.0066648905261973744
1949,2948,0.006352478261211942
1949,2949,0.0059132965772660685
1949,2956,0.009691042483141347
1949,2957,0.00796001140719935
1949,3084,0.005232121149588614
1949,3127,0.011415150314015621
1949,3178,0.042577166322246826
1949,3179,0.042424167898904346
1949,3180,0.033566403790462836
1949,3181,0.03229329754012475
1949,3182,0.02890398485123689
1949,3208,0.009618048797460223
1949,3209,0.012784164111487755
1949,3274,0.006682810111397621
1949,3275,0.006600690175230351
1949,3276,0.006292980921343791
1949,3277,0.0058304555686766535
1949,3299,0.00538295664858269
1950,1951,0.10832900863524583
1950,1952,0.044625473115500754
1950,1953,0.0834041625520696
1950,2383,0.011166733386090606
1950,2384,0.00523435214891253
1950,2385,0.004918462886796078
1950,2386,0.004784712601342255
1950,2387,0.035664337250849554
1950,2388,0.025799789203233857
1950,2389,0.053548172512952644
1950,2390,0.023437286856390658
1950,2391,0.046022648422939585
1950,2392,0.021395201597274694
1950,2393,0.04542459967316494
1950,2394,0.04087887815957053
1950,2395,0.02479488891583472
1950,2396,0.012487286623115098
1950,2397,0.00981332483666731
1950,2398,0.019441941450299295
1950,2399,0.01653885825818577
1950,2400,0.015621811829887998
1950,2401,0.013692802208735994
1950,2402,0.006301795705329905
1950,2418,0.004242057001427446
1950,2423,0.009218431633452375
1950,2550,0.023783147148602177
1950,2820,0.012791819585788084
1950,2821,0.0109105752874617
1950,2822,0.00941164670689633
1950,2930,0.006874701052844966
1950,2931,0.008850829211232846
1950,2947,0.005944911177295192
1950,2948,0.005669098359145675
1950,2949,0.005277015397150841
1950,2950,0.0039496043661340526
1950,2951,0.0037607369700109173
1950,2956,0.008655478273243273
1950,2957,0.007110434280395579
1950,3084,0.004674421949696461
1950,3127,0.020398027267975613
1950,3178,0.03247348646289211
1950,3179,0.03171696178859176
1950,3180,0.0248601835523264
1950,3181,0.023902146614613644
1950,3182,0.021435022772226458
1950,3208,0.0070446428212162454
1950,3209,0.009359818371754675
1950,3274,0.005052125186024188
1950,3275,0.004984723167683975
1950,3276,0.005364345163011924
1950,3277,0.0050157956772972
1950,3299,0.003941283923217711
1951,1952,0.06177766971274117
1951,1953,0.11524755686436833
1951,2383,0.013549301245604025
1951,2384,0.006352581129682088
1951,2385,0.00600260415583186
1951,2386,0.005867500356848145
1951,2387,0.03121116437608368
1951,2388,0.024372618766870104
1951,2389,0.05367336018422263
1951,2390,0.02434165512567772
1951,2391,0.05040614829550306
1951,2392,0.02382873528101686
1951,2393,0.05137257086730786
1951,2394,0.047588061159940916
1951,2395,0.029364887632068886
1951,2396,0.014617637283823575
1951,2397,0.011608595208011831
1951,2398,0.023388775926846822
1951,2399,0.019975284457896713
1951,2400,0.01884672128499562
1951,2401,0.016514403779190143
1951,2402,0.0075571254086547026
1951,2423,0.008300119367624694
1951,2550,0.03155059957593835
1951,2820,0.017292570488553174
1951,2821,0.014779297799491591
1951,2822,0.012410989535658883
1951,2930,0.008907426467022004
1951,2931,0.011570445779984641
1951,2947,0.006926752955617133
1951,2948,0.006639408733845696
1951,2949,0.006181267130424998
1951,2950,0.004602557057165598
1951,2951,0.004373469265633244
1951,2956,0.010191367370340262
1951,2957,0.008401235739614828
1951,3084,0.005976144923353258
1951,3085,0.004226961748415274
1951,3127,0.025969477574717643
1951,3178,0.028408078298305457
1951,3179,0.028045806360329363
1951,3180,0.022258966492726965
1951,3181,0.021430848263965192
1951,3182,0.01915923636491132
1951,3208,0.006886170475162878
1951,3209,0.008972775809406384
1951,3274,0.004426340797588314
1951,3275,0.004369936987830431
1951,3276,0.005252195982259694
1951,3277,0.005024594150925895
1952,1953,0.10188418747529077
1952,2383,0.010614695807817076
1952,2384,0.009961277831532521
1952,2385,0.009466324241621405
1952,2386,0.009296938775983378
1952,2387,0.0383832761270722
1952,2388,0.030890465407400324
1952,2389,0.03492854034976806
1952,2390,0.03253668581658784
1952,2391,0.03486291050773324
1952,2392,0.03351290484160231
1952,2393,0.03636540857600499
1952,2394,0.034719804038301084
1952,2395,0.022218765997715818
1952,2396,0.021890713692260328
1952,2397,0.017640220567290713
1952,2398,0.018046551594152204
1952,2399,0.015510332538827715
1952,2400,0.014630898361276139
1952,2401,0.012838201055069531
1952,2402,0.011699523023051522
1952,2423,0.010512041703969518
1952,2550,0.026843417907432294
1952,2820,0.030108106837403396
1952,2821,0.02584491546139035
1952,2822,0.021037185712368858
1952,2930,0.014857481651228873
1952,2931,0.019435894725782207
1952,2947,0.010458479000283816
1952,2948,0.010074639077713879
1952,2949,0.009387246104640248
1952,2950,0.006974444672917359
1952,2951,0.006617689598429951
1952,2953,0.0061383875799848
1952,2956,0.015455905099585198
1952,2957,0.012815666097522545
1952,3084,0.009860788490352598
1952,3085,0.006926267458408622
1952,3127,0.021159086824476057
1952,3178,0.03504189523542482
1952,3179,0.034810751357117725
1952,3180,0.02790501289857115
1952,3181,0.02690198831310912
1952,3182,0.02402745841917974
1952,3208,0.009315684705041112
1952,3209,0.011927925140549208
1952,3276,0.006925743846722987
1952,3277,0.00673726945403439
1953,2383,0.018764801904886583
1953,2384,0.008807239609000329
1953,2385,0.008381174526378465
1953,2386,0.008239858064417812
1953,2387,0.029321751327484772
1953,2388,0.024587496133173507
1953,2389,0.05653137130325632
1953,2390,0.026782490356188855
1953,2391,0.058346828792077046
1953,2392,0.028290642318959957
1953,2393,0.06147627347616102
1953,2394,0.05953822799600049
1953,2395,0.038807864565021506
1953,2396,0.019051325871613012
1953,2397,0.01544213588460088
1953,2398,0.031739677936196344
1953,2399,0.027338475677735567
1953,2400,0.02579042806459878
1953,2401,0.022644787193778427
1953,2402,0.010308223312056124
1953,2423,0.007816211854175569
1953,2550,0.0479638371837918
1953,2820,0.026853150754028145
1953,2821,0.02302767978650136
1953,2822,0.018794392179436094
1953,2930,0.013265238577410712
1953,2931,0.017359039364027988
1953,2947,0.009149777267823912
1953,2948,0.008828164269390358
1953,2949,0.0082289100153987
1953,2950,0.006112496852301348
1953,2951,0.005797675427426052
1953,2952,0.005300708375895881
1953,2953,0.005380343591008535
1953,2956,0.013527568513698462
1953,2957,0.011242424057196767
1953,3084,0.008796882197941044
1953,3085,0.006174902725860871
1953,3127,0.03766568947234285
1953,3178,0.026492888884581976
1953,3179,0.026152338055387407
1953,3180,0.020839867272731245
1953,3181,0.020078529985073496
1953,3182,0.01793867759644986
1953,3208,0.006887227635269914
1953,3209,0.008814940750482768
1953,3276,0.0057099458214961785
1953,3277,0.00560941721928484
1955,2272,0.2216428240689272
1955,2843,0.0279487153261441
1955,2977,0.03384070672133037
1955,3185,0.16868973267770865
1955,3186,0.19336298061993895
1955,3231,0.048166629122461335
1955,3232,0.04150553067177194
1955,3252,0.0588997104787789
1955,3253,0.021138236942557127
1955,3254,0.012060393774540218
1955,3255,0.010698563635708633
1955,3432,0.021061071865938807
1955,3459,0.056568983157395926
1955,3460,0.08441592093679785
2161,2928,0.5543407534134615
2161,2929,0.4456592465865385
2162,3086,0.9010088888796749
2162,3428,0.055111928513938854
2162,3429,0.04387918260638626
2164,2165,0.23105802756342247
2164,2166,0.05001932788766503
2164,2167,0.04786638914099423
2164,2168,0.09028690254425797
2164,2169,0.08575442247221998
2164,2182,0.01767308733611382
2164,2383,0.011718490264644566
2164,2384,0.024994643859505738
2164,2385,0.026658796723904164
2164,2386,0.02739440221246087
2164,2401,0.009528463250456155
2164,2402,0.020545837377016558
2164,2837,0.03233505349371065
2164,2947,0.010109064574626042
2164,2948,0.021482104669568892
2164,2949,0.02294389304730414
2164,2950,0.02897622779534597
2164,2951,0.02986978161188879
2164,2952,0.015547061153152712
2164,2953,0.032023786084838926
2164,2954,0.03412626715225619
2164,2955,0.01654744125570112
2164,2957,0.01780724863603439
2164,3011,0.027194953319289006
2164,3012,0.027146653660803727
2164,3084,0.012426246194700818
2164,3085,0.017827169528359582
2164,3121,0.010138257189757664
2165,2166,0.04955455208648405
2165,2167,0.04753402372340787
2165,2168,0.10904831642697192
2165,2169,0.09007016098804772
2165,2182,0.0191753446103741
2165,2307,0.009668754195566688
2165,2343,0.010374728909393302
2165,2344,0.010584447038384057
2165,2346,0.011297434962041454
2165,2347,0.010013923963166969
2165,2363,0.009440082507115996
2165,2383,0.014780173572941199
2165,2384,0.031530402241897126
2165,2385,0.0334047624174671
2165,2386,0.03410432749363114
2165,2399,0.009988934957228395
2165,2400,0.010577773460404965
2165,2401,0.012068967939108924
2165,2402,0.02618855723403043
2165,2837,0.028532288464058947
2165,2930,0.009609843077658175
2165,2947,0.013227975466125965
2165,2948,0.02804180616122619
2165,2949,0.030022818421876384
2165,2950,0.03856555054509676
2165,2951,0.039927948748176095
2165,2952,0.020953655969709682
2165,2953,0.04293762420954834
2165,2954,0.045998705888873226
2165,2955,0.02288485185939092
2165,2956,0.009418806236307796
2165,2957,0.022924633488480586
2165,3011,0.02415460959219551
2165,3012,0.024110498264747104
2165,3084,0.014549257631529179
2165,3085,0.020701320061675025
2165,3121,0.014032137185660735
2166,2167,0.32515636344206056
2166,2168,0.14377621734680618
2166,2169,0.18647998751381847
2166,2180,0.01905531890244615
2166,2181,0.01906721644000308
2166,2182,0.05606310088336227
2166,2183,0.038456604443754164
2166,2307,0.021064981173217003
2166,2315,0.014828162057602472
2166,2321,0.016811322137054257
2166,2329,0.014608297221748202
2166,2338,0.01326880353259671
2166,2339,0.012502337069349065
2166,2340,0.011092041676393353
2166,2341,0.010155332411414298
2166,2342,0.010258314674659126
2166,2343,0.010314623784497715
2166,2344,0.010254992425668016
2166,2346,0.009627373754830876
2166,2347,0.009468125191232368
2166,2350,0.02353210444756444
2166,2363,0.024158379469921422
2167,2168,0.20300632158227924
2167,2169,0.26243456942637294
2167,2180,0.029141683575005215
2167,2181,0.029152008692570737
2167,2182,0.08557452449666562
2167,2183,0.05889865382347331
2167,2307,0.031822132425983106
2167,2315,0.022647430832703673
2167,2321,0.02531371694399553
2167,2329,0.021982554736566184
2167,2330,0.013935479217110113
2167,2338,0.01986617297125612
2167,2339,0.018693288225864847
2167,2340,0.01656069192970145
2167,2341,0.015052166077797854
2167,2342,0.015193580306792218
2167,2343,0.015151750485069794
2167,2344,0.01504990099554092
2167,2346,0.014065559627786288
2167,2347,0.013887677985477265
2167,2350,0.035845913367514255
2167,2363,0.0367242222744734
2168,2169,0.3016769880685961
2168,2182,0.0350882723476454
2168,2183,0.02177158449906924
2168,2307,0.01762137586861943
2168,2321,0.015393618881542503
2168,2329,0.013715803269520349
2168,2338,0.0139755675607776
2168,2339,0.013608395173513305
2168,2340,0.012551201544025973
2168,2341,0.013413299260836838
2168,2342,0.01374147778599048
2168,2343,0.016231516272890895
2168,2344,0.01644028377091877
2168,2345,0.011816349023400995
2168,2346,0.01687006166785548
2168,2347,0.015414650374158586
2168,2348,0.013248395156040446
2168,2350,0.016098358964016166
2168,2358,0.01149227534739367
2168,2359,0.011862900692680185
2168,2360,0.011811074997746349
2168,2361,0.011322978994086344
2168,2363,0.01735100129588049
2168,2383,0.013345936908355104
2168,2384,0.01422403237014982
2168,2385,0.014949044716714401
2168,2386,0.015158361814444654
2168,2401,0.010980705581698582
2168,2402,0.011989465240939757
2168,2837,0.02427283526856228
2168,2947,0.012551139783964202
2168,2948,0.013241752118897953
2168,2949,0.014212234430118357
2168,2950,0.01867678471518697
2168,2951,0.019475157162813547
2168,2952,0.020750441231231424
2168,2953,0.021024131343218976
2168,2954,0.022717517387014788
2168,2955,0.02416800566908201
2168,3011,0.020458520008848752
2168,3012,0.020421680120966217
2168,3084,0.012360656554358116
2168,3085,0.017447232634332375
2168,3121,0.015056934121896185
2169,2182,0.08232612292243292
2169,2183,0.05269148844606696
2169,2307,0.037263013789760824
2169,2315,0.022026630662503266
2169,2321,0.03150321722725397
2169,2329,0.027780796297583024
2169,2338,0.027262542767452956
2169,2339,0.026250429486173968
2169,2340,0.023876470608135962
2169,2341,0.02429952945485919
2169,2342,0.024791146413427917
2169,2343,0.027899106305421237
2169,2344,0.028100018683024964
2169,2346,0.02806722309613108
2169,2347,0.02619905574080455
2169,2348,0.022418942496019303
2169,2350,0.03638486320985426
2169,2363,0.038613129027590905
2169,2385,0.023022543078756497
2169,2386,0.023411209292544706
2169,2837,0.04637731140900712
2169,2950,0.028207701797086947
2169,2951,0.02938726970919057
2169,2952,0.03126163954686612
2169,2953,0.031714064548488526
2169,2954,0.03424014240396255
2169,2955,0.03631340063328266
2169,3011,0.0389289155812004
2169,3012,0.03886116890200394
2169,3085,0.027880365168325656
2169,3121,0.02264054129478711
2171,2414,0.005809900131768963
2171,2523,0.005699424086125363
2171,2945,0.03451898678049473
2171,3077,0.035576394290682246
2171,3081,0.11939088068250726
2171,3082,0.048753340204860274
2171,3118,0.044076004237388076
2171,3210,0.1492284205842193
2171,3214,0.0276485490661988
2171,3281,0.00565703197353135
2171,3418,0.01454187323474235
2171,3419,0.014158893961656293
2171,3466,0.13931289015783935
2171,3467,0.11178336094073635
2171,3468,0.050122360597175376
2171,3469,0.04669836750820938
2171,3470,0.027652537709866518
2171,3471,0.0651397705439145
2171,3472,0.01670556623694913
2171,3473,0.014734352964755162
2171,3474,0.012767936811197379
2171,3475,0.010023157295182078
2173,2174,0.5670014417400676
2173,2932,0.043156114769371576
2173,3009,0.1262468219879079
2173,3010,0.1463442213295915
2173,3256,0.11725140017306147
2174,3009,0.40178018388140246
2174,3010,0.40781952494874524
2174,3256,0.19040029116985233
2180,2181,0.1445791060239117
2180,2182,0.05059756137667427
2180,2183,0.07038969584352965
2180,2184,0.03219056946520828
2180,2185,0.01695015675772538
2180,2186,0.014865880863733695
2180,2187,0.012170089832654872
2180,2188,0.009526734177880521
2180,2189,0.007188489624268951
2180,2190,0.0065163366403933635
2180,2191,0.006689316684454906
2180,2196,0.025614847043008277
2180,2197,0.025834829854530332
2180,2307,0.03270104376821638
2180,2315,0.07890223956947497
2180,2319,0.004907268315705237
2180,2320,0.005665531441310798
2180,2321,0.027689143338046115
2180,2322,0.00588032635114325
2180,2323,0.0064291620531300355
2180,2324,0.007095309218392122
2180,2325,0.008637945083745989
2180,2326,0.008671654615755605
2180,2327,0.008718046212682462
2180,2328,0.012012131702144433
2180,2329,0.02609305004052641
2180,2330,0.013754612196544702
2180,2331,0.01639790822034165
2180,2332,0.019284792099045014
2180,2333,0.02053543808605378
2180,2334,0.020730395446943706
2180,2335,0.02039975907516844
2180,2336,0.022354730595455383
2180,2337,0.02217703428759899
2180,2338,0.019335499630491113
2180,2339,0.017628070913572103
2180,2340,0.015524938940943634
2180,2341,0.010412923289819248
2180,2342,0.010122035488792478
2180,2350,0.04781091783928631
2180,2362,0.004477259261668028
2180,2363,0.04255025831067936
2180,2364,0.005370486818238235
2180,3320,0.00588815842843122
2180,3322,0.004537596465927307
2180,3323,0.004190718706751359
2181,2182,0.05755660588023673
2181,2183,0.07839615011796859
2181,2184,0.03704165764369467
2181,2185,0.018974719445513825
2181,2186,0.01663115836748245
2181,2187,0.013605377774994381
2181,2188,0.010647562045117671
2181,2189,0.008032545694877847
2181,2190,0.007315966341013916
2181,2191,0.007560376009402926
2181,2196,0.02910141572487077
2181,2197,0.02929458586048062
2181,2307,0.03830410064905132
2181,2315,0.09223819451386726
2181,2319,0.005809323898881829
2181,2320,0.006706998913224161
2181,2321,0.032600317910386346
2181,2322,0.006961861551787699
2181,2323,0.007611266608443353
2181,2324,0.008395729565300764
2181,2325,0.010219792154202042
2181,2326,0.01026225285204351
2181,2327,0.010322775073406962
2181,2328,0.014224539887957712
2181,2329,0.030784696893954647
2181,2330,0.016288043710824103
2181,2331,0.019413388800000212
2181,2332,0.022768496343175904
2181,2333,0.024162233919871823
2181,2334,0.024321982082625423
2181,2335,0.023820747589197028
2181,2336,0.02592592012756552
2181,2337,0.02565009522928063
2181,2338,0.022815074703644207
2181,2339,0.020806153246307066
2181,2340,0.018335816037772824
2181,2341,0.01228426334867886
2181,2342,0.011938003816779586
2181,2350,0.05525910768799462
2181,2361,0.0047847832592075295
2181,2362,0.005289312217738633
2181,2363,0.04936741399006808
2181,2364,0.006350190675844162
2181,2365,0.004874379437080002
2181,3320,0.006856390347318085
2181,3322,0.0052470847471886226
2181,3323,0.0048411473036751255
2182,2183,0.1293303674032665
2182,2184,0.01684943272640366
2182,2196,0.012689610847136178
2182,2197,0.012725455328375799
2182,2307,0.06609534320248263
2182,2315,0.058115951803131366
2182,2320,0.006569350056673483
2182,2321,0.04979150701505211
2182,2322,0.006904767885579735
2182,2323,0.007395842871047032
2182,2324,0.00751577530482009
2182,2325,0.008796603203789898
2182,2326,0.009069155609265559
2182,2327,0.010011144984698631
2182,2328,0.014007832632941043
2182,2329,0.04324456688548278
2182,2330,0.015360687690200405
2182,2331,0.01583029816286766
2182,2332,0.014818908598537073
2182,2333,0.014064129542700863
2182,2334,0.013372764558757891
2182,2335,0.012261928476234342
2182,2336,0.012367241677312572
2182,2337,0.012005354286099678
2182,2338,0.03479863456164943
2182,2339,0.03187007827635989
2182,2340,0.027589126770090636
2182,2341,0.02117382305994515
2182,2342,0.0209693879030486
2182,2343,0.01711779999887407
2182,2344,0.01662979577185096
2182,2346,0.0070231314440287376
2182,2347,0.0076380748561924
2182,2348,0.006617043389196114
2182,2350,0.0904838692531039
2182,2358,0.006772816126529626
2182,2359,0.0073891090830299445
2182,2360,0.007610307503845779
2182,2361,0.00809650322450695
2182,2362,0.008446707537996416
2182,2363,0.08865204653549133
2182,2364,0.009214426152742726
2182,2365,0.006668437086107843
2182,2366,0.0060448607125526055
2183,2184,0.031478996342898566
2183,2185,0.017693146564370172
2183,2186,0.015609702066704232
2183,2196,0.02519578242683138
2183,2197,0.02551124973743054
2183,2307,0.07028464772127714
2183,2315,0.10416806993445894
2183,2321,0.05358031575516552
2183,2323,0.008938814796448744
2183,2324,0.009427793139926161
2183,2325,0.011294657707828119
2183,2326,0.011517687691829405
2183,2327,0.012243037779585374
2183,2328,0.017317156719206174
2183,2329,0.04750035324382721
2183,2330,0.019486663250366243
2183,2331,0.021522285693511566
2183,2332,0.022354904493525316
2183,2333,0.022411340172741514
2183,2334,0.021940413678502368
2183,2335,0.020867405865407956
2183,2336,0.022186958803008267
2183,2337,0.021859214606677
2183,2338,0.036309386228080776
2183,2339,0.03302355881019089
2183,2340,0.028571856254396785
2183,2341,0.020662051675593044
2183,2342,0.020325107490090952
2183,2350,0.11509521933264885
2183,2363,0.10209648673391132
2183,2364,0.009525735283559215
2184,2185,0.02572502565238107
2184,2186,0.02269347147800502
2184,2187,0.01871026570252615
2184,2188,0.01483961339648882
2184,2189,0.011320620781257784
2184,2190,0.011046620683145344
2184,2191,0.012300417041167072
2184,2192,0.011690734982192481
2184,2193,0.010708582294607027
2184,2194,0.010435204457828232
2184,2195,0.01041934016429226
2184,2196,0.046018146035531046
2184,2197,0.04485153778112312
2184,2307,0.008964629022722917
2184,2315,0.016930265334611887
2184,2318,0.003836526268091346
2184,2319,0.005723948110801557
2184,2320,0.006534836426070201
2184,2321,0.008786831815915436
2184,2322,0.006666495994724044
2184,2323,0.0072961142978687716
2184,2324,0.008488827888447176
2184,2325,0.020472100258042795
2184,2326,0.020029980951649033
2184,2327,0.01847602081300513
2184,2328,0.022577501592643504
2184,2329,0.008969026163246388
2184,2330,0.02532889231052185
2184,2331,0.031569679580400536
2184,2332,0.042882430348682145
2184,2333,0.05066396700348834
2184,2334,0.0556818251600583
2184,2335,0.06306811986726751
2184,2336,0.07462353067811263
2184,2337,0.07894182665310671
2184,2338,0.006948747160259106
2184,2339,0.006476053375789807
2184,2340,0.005958391002554525
2184,2341,0.003906508138954665
2184,2342,0.0037621760869739006
2184,2350,0.010499929609937828
2184,2362,0.0036325274510245298
2184,2363,0.009826796514194323
2184,2364,0.004552944036545078
2184,2365,0.003803066429524257
2184,3309,0.004033680181353818
2184,3315,0.004217939909352494
2184,3317,0.00535392291964206
2184,3318,0.007022863340554948
2184,3319,0.007685919350750827
2184,3320,0.011411841620685372
2184,3322,0.009236131539515791
2184,3323,0.008555439409268194
2184,3324,0.008221764256040107
2184,3325,0.007468755215376413
2184,3326,0.007617211694878561
2184,3356,0.003930657089870439
2184,3357,0.0039660556267067685
2184,3358,0.0040752982023878085
2184,3359,0.0042499853979109875
2184,3360,0.006312437449923953
2185,2186,0.1151007383659342
2185,2187,0.09400855173503826
2185,2188,0.07359950313456602
2185,2189,0.055533087352728924
2185,2190,0.050226588764795854
2185,2191,0.048009103483633034
2185,2192,0.03994272528593531
2185,2193,0.031390800941851864
2185,2194,0.027743794112767176
2185,2195,0.02646516800109811
2185,2196,0.07311773878039743
2185,2197,0.0754014443554421
2185,2307,0.003674723675447938
2185,2315,0.008030728736631377
2185,2324,0.003601745464139002
2185,2325,0.004272217921363632
2185,2326,0.004144480734408525
2185,2327,0.003733591591782967
2185,2328,0.0044234894420695624
2185,2330,0.00493999817364551
2185,2331,0.006149481040923823
2185,2332,0.00836328937767699
2185,2333,0.00988660674173433
2185,2334,0.010891634745642097
2185,2335,0.012451376835632919
2185,2336,0.014505518969763806
2185,2337,0.015342683484962349
2185,2350,0.004764015721909431
2185,2363,0.0043267945695984935
2185,3317,0.004132112674716797
2185,3318,0.0056369042138496965
2185,3319,0.005895827674126745
2185,3320,0.008039784246090332
2185,3322,0.01734263063761864
2185,3323,0.016866646150288322
2185,3324,0.016521253502995253
2185,3325,0.016760006586750097
2185,3326,0.018234213453943632
2185,3356,0.004546706228353109
2185,3357,0.004760903251485671
2185,3358,0.0050674964526669294
2185,3359,0.00576490424978168
2185,3360,0.009168924449316829
2185,3361,0.007931422209677057
2185,3362,0.007181196947949967
2185,3363,0.006592088180761123
2185,3364,0.005515357348107061
2186,2187,0.11865976914767343
2186,2188,0.09288515066680765
2186,2189,0.07007585944144332
2186,2190,0.06285490392070443
2186,2191,0.05851310891744114
2186,2192,0.047756352871801105
2186,2193,0.036808769861675576
2186,2194,0.032125187685853776
2186,2195,0.030460668459313063
2186,2196,0.07148000011120628
2186,2197,0.07350642886659163
2186,2315,0.007768713335399925
2186,2325,0.0042468846063073865
2186,2326,0.004114065726074283
2186,2328,0.0043358571072461
2186,2330,0.004832478151185709
2186,2331,0.006010477808696097
2186,2332,0.008175943471410168
2186,2333,0.009664191329918054
2186,2334,0.010651602494966116
2186,2335,0.012192490155470961
2186,2336,0.014142520442422193
2186,2337,0.014954906136026819
2186,2350,0.0046079010616489465
2186,2363,0.0041836301743234956
2186,3317,0.004485329167096933
2186,3318,0.00612336790018949
2186,3319,0.006359252633868616
2186,3320,0.008515299753289908
2186,3322,0.019076565937847498
2186,3323,0.01870035264312916
2186,3324,0.018379368811244204
2186,3325,0.01894924516061741
2186,3326,0.020775272651789328
2186,3356,0.005222502432172419
2186,3357,0.005494856438677561
2186,3358,0.005874077307356512
2186,3359,0.006756978753832837
2186,3360,0.010848501670394703
2186,3361,0.009549793594421641
2186,3362,0.008716108553651776
2186,3363,0.008065848980779191
2186,3364,0.0067884709914301285
2186,3365,0.006310944666603093
2187,2188,0.1270806776424878
2187,2189,0.09586034348156833
2187,2190,0.08443607553126152
2187,2191,0.0745373849761167
2187,2192,0.058989763938030924
2187,2193,0.04418898690771111
2187,2194,0.03785535973610865
2187,2195,0.03557397043499314
2187,2196,0.06600559853664772
2187,2197,0.06767471951807233
2187,2315,0.007097020427022182
2187,2330,0.004484182966925607
2187,2331,0.00556960303484389
2187,2332,0.007575417656683355
2187,2333,0.00895085724697078
2187,2334,0.00986951451732839
2187,2335,0.011311879438264
2187,2336,0.013046792998283669
2187,2337,0.013790302702161004
2187,3317,0.004823649630447825
2187,3318,0.006579095020284619
2187,3319,0.006759368887168745
2187,3320,0.008794223043468137
2187,3322,0.020790762897934592
2187,3323,0.02062933273108879
2187,3324,0.020383482899163422
2187,3325,0.021536158223623786
2187,3326,0.02386790292875417
2187,3356,0.006117419810088327
2187,3357,0.006483241921998001
2187,3358,0.006975284240349372
2187,3359,0.00815956134697452
2187,3360,0.013296554247602158
2187,3361,0.012059073332088298
2187,3362,0.01116016029517825
2187,3363,0.010471760486815505
2187,3364,0.008905992031885638
2187,3365,0.00830852433360445
2188,2189,0.13550465473364243
2188,2190,0.11565835678646584
2188,2191,0.09368011586416712
2188,2192,0.07177213148879988
2188,2193,0.05229484567209024
2188,2194,0.04392435707376273
2188,2195,0.040873939438890665
2188,2196,0.057923091327898496
2188,2197,0.05920753092723689
2188,2315,0.006142601422902791
2188,2331,0.004928887590152582
2188,2332,0.006699187490112597
2188,2333,0.007908830670636016
2188,2334,0.008722562930950572
2188,2335,0.010007839887491158
2188,2336,0.011463552938553983
2188,2337,0.012108955895436624
2188,3317,0.00508137342117735
2188,3318,0.006901102657927258
2188,3319,0.006998838500964089
2188,3320,0.008779072962384647
2188,3322,0.022026275748405162
2188,3323,0.022174430745062392
2188,3324,0.022054931642880995
2188,3325,0.02397527401075178
2188,3326,0.02686431791363247
2188,3356,0.007131076015176416
2188,3357,0.007621071481617482
2188,3358,0.008258501135201995
2188,3359,0.009848444906927545
2188,3360,0.01633997800262639
2188,3361,0.015425680654449258
2188,3362,0.014548111553723075
2188,3363,0.013906418534551114
2188,3364,0.011997763096323198
2188,3365,0.011245894877026754
2189,2190,0.1623704023628896
2189,2191,0.11662625284763672
2189,2192,0.08810550356009082
2189,2193,0.06323139254696694
2189,2194,0.05223782604012778
2189,2195,0.048170337144522526
2189,2196,0.05228244432499006
2189,2197,0.05331704804195667
2189,2332,0.006105627489284401
2189,2333,0.007199831407367659
2189,2334,0.007940385480339497
2189,2335,0.009115463914634244
2189,2336,0.010374949371371449
2189,2337,0.010951495715360398
2189,3318,0.007456754688674124
2189,3319,0.007456701603054398
2189,3320,0.008976304702471924
2189,3322,0.023853134687332158
2189,3323,0.024386578474772817
2189,3324,0.02443267454023477
2189,3325,0.027353372574357968
2189,3326,0.030927654308303933
2189,3356,0.008679182139906672
2189,3357,0.009358715847053235
2189,3358,0.010215243760379382
2189,3359,0.012430219225397705
2189,3360,0.02105019486426863
2189,3361,0.02097333826241044
2189,3362,0.02031508339390362
2189,3363,0.01993758033039148
2189,3364,0.017576015666801156
2189,3365,0.01659229068274688
2190,2191,0.14251977404848531
2190,2192,0.10842790582767083
2190,2193,0.07786057237315261
2190,2194,0.06405654070838872
2190,2195,0.05889621981715622
2190,2196,0.04830213779930204
2190,2197,0.048855366940982685
2190,2332,0.00587992073735674
2190,2333,0.006903586993952765
2190,2334,0.007605517241976646
2190,2335,0.008729290920029803
2190,2336,0.009751434591671397
2190,2337,0.010264798993286018
2190,3317,0.006552031788917868
2190,3318,0.008756610975736675
2190,3319,0.00867043714933084
2190,3320,0.010072823265392062
2190,3322,0.027913123665939545
2190,3323,0.028824599879010707
2190,3324,0.02901153881511097
2190,3325,0.032986623682488975
2190,3326,0.03741475752862205
2190,3353,0.0057761018458309015
2190,3354,0.0060672181324380224
2190,3355,0.006397325932490718
2190,3356,0.010772511951251491
2190,3357,0.011639775089227195
2190,3358,0.012723062408201457
2190,3359,0.015531867512580115
2190,3360,0.026356364855880228
2190,3361,0.026160565303747066
2190,3362,0.025127629215584486
2190,3363,0.024324132498814547
2190,3364,0.021090948702049025
2190,3365,0.01977688280794328
2191,2192,0.1334688895974297
2191,2193,0.09582021646645444
2191,2194,0.07911116308551713
2191,2195,0.07285628802447548
2191,2196,0.045461472447239665
2191,2197,0.045460995177092844
2191,2332,0.0060135824873384985
2191,2333,0.00700327303203825
2191,2334,0.007690233983039477
2191,2335,0.008796957282731681
2191,2336,0.009570996636964417
2191,2337,0.010024263267152072
2191,3315,0.005560959737567541
2191,3317,0.008098309755877105
2191,3318,0.01078593642120347
2191,3319,0.010626560769601221
2191,3320,0.01202663599740273
2191,3322,0.034267081254234014
2191,3323,0.035560620045501305
2191,3324,0.03585687166361335
2191,3325,0.04090538508770947
2191,3326,0.046398097793317536
2191,3352,0.006194336519006253
2191,3353,0.007135137418498503
2191,3354,0.007494235050977453
2191,3355,0.007904216441235566
2191,3356,0.01311711291526682
2191,3357,0.014109480527012115
2191,3358,0.015361683602240408
2191,3359,0.018499795190756035
2191,3360,0.03082450681056672
2191,3361,0.028594122009416113
2191,3362,0.02631994993502487
2191,3363,0.024261529657058526
2191,3364,0.02017482166334427
2191,3365,0.018644282246095004
2192,2193,0.1171415776827235
2192,2194,0.09644504824171711
2192,2195,0.08860864952564182
2192,2196,0.03859921793247885
2192,2197,0.038263850097809374
2192,2332,0.005614925997624719
2192,2333,0.006473666130617077
2192,2334,0.007075038385973112
2192,2335,0.00804559318863271
2192,2336,0.008536024470250038
2192,2337,0.00889154282127482
2192,3314,0.005263587352362358
2192,3315,0.00656903581756801
2192,3317,0.009582768497856503
2192,3318,0.012622504293234778
2192,3319,0.012291777853076008
2192,3320,0.013249021871875585
2192,3322,0.03957351895740165
2192,3323,0.041612934097775646
2192,3324,0.04221744955862307
2192,3325,0.04904840819628211
2192,3326,0.05576994617609964
2192,3348,0.004746188349521633
2192,3350,0.005502181457706324
2192,3351,0.005817652967286273
2192,3352,0.007550452998283104
2192,3353,0.008697098692750926
2192,3354,0.00913541861316972
2192,3355,0.009632454934156891
2192,3356,0.016038131252224124
2192,3357,0.017232521800441
2192,3358,0.01873445415660814
2192,3359,0.022391794250372424
2192,3360,0.03679702955147607
2192,3361,0.032326744310359014
2192,3362,0.028776399562282683
2192,3363,0.025534290013210923
2192,3364,0.020665175088184176
2192,3365,0.01892592485506795
2193,2194,0.11872429062627081
2193,2195,0.10864196377509296
2193,2196,0.029960411471229045
2193,2197,0.029440147806727487
2193,2332,0.004967168950124408
2193,2333,0.005642593490671615
2193,2334,0.006119984703576353
2193,2335,0.006889113958872539
2193,2336,0.007089349148251077
2193,2337,0.007330572542713569
2193,3312,0.004423780010981987
2193,3313,0.0051202533914773635
2193,3314,0.006292981334424608
2193,3315,0.00781919304156427
2193,3317,0.011403442375887947
2193,3318,0.014735568816249605
2193,3319,0.014111699527323439
2193,3320,0.014137289685178599
2193,3322,0.04461156676973833
2193,3323,0.04787453276300183
2193,3324,0.04907244744179108
2193,3325,0.0586544624451089
2193,3326,0.06662252962987747
2193,3345,0.004510198475344563
2193,3346,0.004731786132283919
2193,3347,0.004920086260786945
2193,3348,0.005812504411061089
2193,3350,0.006781825824768919
2193,3351,0.00715923289925679
2193,3352,0.00932764024130033
2193,3353,0.0107435320383665
2193,3354,0.011285395198772856
2193,3355,0.011896290912926395
2193,3356,0.01974213179718388
2193,3357,0.02111570840058081
2193,3358,0.022832599515441164
2193,3359,0.026596034164944108
2193,3360,0.0418768838619941
2193,3361,0.033121029927945404
2193,3362,0.02814699281182443
2193,3363,0.023810066620995128
2193,3364,0.018808415230199608
2193,3365,0.01709630156788793
2194,2195,0.12864852258634019
2194,2196,0.02746798510701049
2194,2197,0.026859555933898965
2194,2325,0.004147612689321467
2194,2326,0.003944691541787052
2194,2331,0.003917794812214892
2194,2332,0.0049744723092655894
2194,2333,0.0055932331748529285
2194,2334,0.006032927274904936
2194,2335,0.0067392202972844815
2194,2336,0.0068063666886608665
2194,2337,0.007003584710376612
2194,3309,0.003962003080043134
2194,3310,0.00401495901489647
2194,3311,0.004278767934859184
2194,3312,0.005184746194158346
2194,3313,0.006018333035411733
2194,3314,0.007423806418982079
2194,3315,0.00920712865228957
2194,3317,0.01341528898858337
2194,3318,0.017154321168336806
2194,3319,0.0162836319778873
2194,3320,0.015603089369267615
2194,3322,0.050369927045978834
2194,3323,0.054707136005166565
2194,3324,0.05645276075923754
2194,3325,0.06850633698081579
2194,3326,0.07705119020553289
2194,3341,0.004004279021620508
2194,3342,0.004159041465692224
2194,3343,0.004339906389353941
2194,3345,0.005346593487629706
2194,3346,0.00560896229131178
2194,3347,0.00583190482971326
2194,3348,0.006890503824201759
2194,3350,0.008026825004274783
2194,3351,0.008479854020763474
2194,3352,0.011016717126454434
2194,3353,0.012689935584985533
2194,3354,0.01332917182442145
2194,3355,0.014055806143372623
2194,3356,0.022740804101706303
2194,3357,0.024062912533967667
2194,3358,0.02570732521737079
2194,3359,0.02850633915163801
2194,3360,0.04231558039754577
2194,3361,0.03126760904383312
2194,3362,0.02602578023587635
2194,3363,0.021555004989932635
2194,3364,0.016919406104115606
2194,3365,0.015350343252852557
2195,2196,0.029511064502055238
2195,2197,0.028796546450209917
2195,2324,0.004459688553370214
2195,2325,0.004780023550246962
2195,2326,0.004544205248336339
2195,2331,0.004420955128316872
2195,2332,0.005573058811973133
2195,2333,0.00623582517898358
2195,2334,0.0067079288081527706
2195,2335,0.007464875454886906
2195,2336,0.007475726447208414
2195,2337,0.007674597536175694
2195,3309,0.004697335937431383
2195,3310,0.004774409642073318
2195,3311,0.00510157217592506
2195,3312,0.006189849724885782
2195,3313,0.0071894730147095
2195,3314,0.008873330317549428
2195,3315,0.01100199060110139
2195,3317,0.016026955740423465
2195,3318,0.020427774265598542
2195,3319,0.019328739116061706
2195,3320,0.018172767247114016
2195,3322,0.05905524974602715
2195,3323,0.06446402714092436
2195,3324,0.0667256845929056
2195,3325,0.08142338786141015
2195,3326,0.09028804210688089
2195,3341,0.004785913808894682
2195,3342,0.004970533372395609
2195,3343,0.005183581891631923
2195,3345,0.006382426635615634
2195,3346,0.006689032277484205
2195,3347,0.006953868753911192
2195,3348,0.008219809794594234
2195,3350,0.009547304843207075
2195,3351,0.010096405784427243
2195,3352,0.013070959939800108
2195,3353,0.015055810835833497
2195,3354,0.015812593876770576
2195,3355,0.01668030314917463
2195,3356,0.02636462292926254
2195,3357,0.027655163846260655
2195,3358,0.0292560048969232
2195,3359,0.03133837885901426
2195,3360,0.045157055247013266
2195,3361,0.03270853904894907
2195,3362,0.027075948306225034
2195,3363,0.022285543647626332
2195,3364,0.01747515227037742
2195,3365,0.015849961083669675
2196,2197,0.22438219862139402
2196,2307,0.011271424305630152
2196,2315,0.022767799471083133
2196,2319,0.00763381125885017
2196,2320,0.008661458459430602
2196,2321,0.01093449108517768
2196,2322,0.008793009862433488
2196,2323,0.00960338808933626
2196,2324,0.011274795676169253
2196,2325,0.013470428089639375
2196,2326,0.013107516423326799
2196,2327,0.011902458884321315
2196,2328,0.014212928901026852
2196,2329,0.011142126606484705
2196,2330,0.015871967526099692
2196,2331,0.019751263446841555
2196,2332,0.026865444827372877
2196,2333,0.031757939679533026
2196,2334,0.03499393678791794
2196,2335,0.040009689160572966
2196,2336,0.046441988336960636
2196,2337,0.04908635999199991
2196,2338,0.008638610536263192
2196,2339,0.00805858397702732
2196,2340,0.007433448653273523
2196,2350,0.01373774738075467
2196,2363,0.012694782864524431
2196,3315,0.007156010129681172
2196,3317,0.009490687006853396
2196,3318,0.012742963094318677
2196,3319,0.013711355599138025
2196,3320,0.019869892789986097
2196,3322,0.03612735011573325
2196,3323,0.0340098179107805
2196,3324,0.03287535133680215
2196,3325,0.03101897159143836
2196,3326,0.03239878798741225
2196,3355,0.006514470659871322
2196,3356,0.008117463812772036
2196,3357,0.008300808824339347
2196,3358,0.008639695757044787
2196,3359,0.009287093766912578
2196,3360,0.014101438689990153
2196,3361,0.011288113127239093
2196,3362,0.009850128896241223
2197,2307,0.01487786951049605
2197,2315,0.030515633406939146
2197,2319,0.009803641096080729
2197,2320,0.011130032328181065
2197,2321,0.014344715605420541
2197,2322,0.01130445265885318
2197,2323,0.012349405217946885
2197,2324,0.01448730191503234
2197,2325,0.017325891578307287
2197,2326,0.016868800868681415
2197,2327,0.015348486470960024
2197,2328,0.01841674575514376
2197,2329,0.01457388801795652
2197,2330,0.020598480457988247
2197,2331,0.02565115535102776
2197,2332,0.034879288349891784
2197,2333,0.04123143151736924
2197,2334,0.045405651539859045
2197,2335,0.05182995367572227
2197,2336,0.060513024895095024
2197,2337,0.06399797403168117
2197,2338,0.011266543967419771
2197,2339,0.01049859747161506
2197,2340,0.009666012305977054
2197,2350,0.018339441766469563
2197,2363,0.016898311935188644
2197,3315,0.009172748509388397
2197,3317,0.012188397994311553
2197,3318,0.01638191859204452
2197,3319,0.01760832648004211
2197,3320,0.025474696461976868
2197,3322,0.046666560789311876
2197,3323,0.04400053291338127
2197,3324,0.0425594557913354
2197,3325,0.04031964988148699
2197,3326,0.042228188224851325
2197,3356,0.010556350142569787
2197,3357,0.01081104525191842
2197,3358,0.011269348204440657
2197,3359,0.012161445142161127
2197,3360,0.018526434801443715
2197,3361,0.014908404237105951
2197,3362,0.013043764886926705
2198,2273,0.04246494615648881
2198,2519,0.05458645263031455
2198,2940,0.05887402319999542
2198,2941,0.06213279505101766
2198,2942,0.14280285884564412
2198,2943,0.0484833714994932
2198,3014,0.15448799907395971
2198,3015,0.1605974829881888
2198,3125,0.17555617273540303
2198,3243,0.052411043792604056
2198,3260,0.04760285402689063
2208,2414,0.01370437720123244
2208,2523,0.03691020320266953
2208,3024,0.06542977389590582
2208,3077,0.025632846216060975
2208,3118,0.02260721868358305
2208,3214,0.035053415322420074
2208,3257,0.2941343055145053
2208,3281,0.169277751367289
2208,3418,0.03123965404671614
2208,3465,0.024669893732988595
2208,3468,0.01987308993383577
2208,3472,0.03967288520296661
2208,3473,0.04510077370027747
2208,3474,0.07745350458075777
2208,3475,0.0992403073987915
2252,2273,0.11491684976469943
2252,2554,0.04484585358925575
2252,2838,0.04577925775285836
2252,2934,0.09919629112750082
2252,2940,0.05565777872812594
2252,2943,0.10816185572917009
2252,2944,0.052320899755528845
2252,3016,0.3674869019068504
2252,3243,0.096347470509663
2252,3464,0.015286841136347531
2265,2284,0.0333036596719681
2265,2938,0.28245277736039065
2265,3211,0.6842435629676412
2266,2548,0.1860325218725883
2266,2999,0.014497585988827546
2266,3253,0.01476660879202154
2266,3254,0.025906700036847516
2266,3255,0.028405466886899947
2266,3427,0.1298071642983319
2266,3428,0.1715430858630056
2266,3429,0.22074852631562095
2266,3430,0.20829233994585672
2272,2843,0.03328973642643634
2272,2977,0.05144485805432634
2272,3185,0.35109175746400795
2272,3186,0.16445195363360782
2272,3231,0.05584145505605274
2272,3232,0.04676820853818287
2272,3233,0.032004477528955334
2272,3252,0.05231556082721225
2272,3459,0.07148345200314894
2272,3460,0.14130854046806943
2273,2554,0.0642342850734051
2273,2838,0.04878877061029291
2273,2934,0.02632715585482708
2273,2940,0.07266040172895706
2273,2943,0.2736739387478852
2273,2944,0.028127139738153055
2273,3016,0.20925951905066756
2273,3243,0.27692878919581204
2283,2284,0.7321312638220951
2283,3185,0.08007013096403301
2283,3460,0.10093041341650574
2283,3463,0.08686819179736623
2284,2843,0.058996479866490564
2284,2854,0.0778625828003496
2284,3027,0.15458564513477932
2284,3028,0.1127598405182643
2284,3187,0.1365933225685107
2284,3211,0.0927469923498633
2284,3432,0.09007681466603937
2284,3459,0.06018733043879139
2284,3460,0.05871461661530491
2284,3463,0.15747637504160655
2296,2297,0.04190086964278042
2296,2298,0.03777744588012689
2296,2299,0.03299485113238232
2296,2300,0.0075579630314135254
2296,2301,0.008506360180218425
2296,2302,0.008193474653093924
2296,2303,0.008709743532442185
2296,2304,0.009321940352998019
2296,2305,0.010500244037814743
2296,2306,0.0113876494234962
2296,2307,0.0020313179303745733
2296,2308,0.012907392511547485
2296,2309,0.0135555984570195
2296,2310,0.012294121151366124
2296,2311,0.011479524595991742
2296,2312,0.009659003520791134
2296,2313,0.00833805547763766
2296,2314,0.008093994507606407
2296,2316,0.00963018087998523
2296,2317,0.01095921356257549
2296,2318,0.010337054932639466
2296,2319,0.006895175605213697
2296,2320,0.006190809783128688
2296,2321,0.002673758810559085
2296,2322,0.0061427249819732445
2296,2323,0.0056400864966935724
2296,2324,0.004768483629799935
2296,2325,0.004028037317957222
2296,2326,0.004142362460088132
2296,2327,0.0044958995612863215
2296,2328,0.0034523666751814447
2296,2329,0.0030016063186147006
2296,2330,0.0030164103422067445
2296,2331,0.0024543645194455704
2296,2338,0.003942597812538768
2296,2339,0.004330905627749056
2296,2340,0.005008714634618054
2296,2341,0.006454570276398076
2296,2342,0.006442514390277218
2296,2343,0.006136226546331872
2296,2344,0.006049976092802972
2296,2345,0.012631648593089451
2296,2346,0.011195432612772161
2296,2347,0.012833460396051617
2296,2348,0.014767669318293196
2296,2349,0.01714047792928884
2296,2351,0.016239625816390733
2296,2352,0.015527909288561138
2296,2353,0.01671255780739143
2296,2354,0.018500478214152048
2296,2355,0.019994408600397123
2296,2356,0.02077505005800118
2296,2357,0.018984698228150396
2296,2358,0.01733001560911634
2296,2359,0.016652380303097975
2296,2360,0.016578838057601457
2296,2361,0.016557724127811063
2296,2362,0.016442203909599894
2296,2364,0.015037117664560791
2296,2365,0.020374136377860338
2296,2366,0.022298884124677176
2296,2367,0.02947972237562235
2296,2368,0.03273840276361144
2296,2369,0.01304333001244054
2296,2845,0.006466905287165318
2296,2846,0.015004710804122287
2296,2847,0.01637812139831098
2296,2848,0.020078261093513405
2296,2849,0.006475019109596183
2296,2850,0.00617563443593338
2296,2851,0.006446831697023704
2296,2852,0.006795842154569546
2296,2853,0.00405889860036803
2296,3098,0.0013514802561407668
2296,3099,0.0021129242333941855
2296,3100,0.0012974289921480738
2296,3101,0.0018203085566929804
2296,3102,0.003929321950549312
2296,3103,0.002907069301014415
2296,3104,0.007597779407193101
2296,3300,0.003811303107404341
2296,3301,0.004256113223440819
2296,3302,0.004269654584887087
2296,3303,0.00440784643129617
2296,3304,0.004658715593892247
2296,3305,0.0048832932685345075
2296,3306,0.005123037227099222
2296,3307,0.004694927538687963
2296,3308,0.004117104552724274
2296,3309,0.003145368083584161
2296,3310,0.002746311329280722
2296,3311,0.0022046518175683075
2296,3312,0.0017224777761750756
2296,3313,0.0014541021465724515
2296,3316,0.003616085947387658
2296,3321,0.003837337532377735
2296,3328,0.0021663292853770725
2296,3329,0.002348526460445635
2296,3330,0.0024119236916837006
2296,3331,0.0025603902804067985
2296,3332,0.002687407225553312
2296,3333,0.003030775630399204
2296,3334,0.0032620569885631764
2296,3335,0.0032072525686654223
2296,3336,0.0031263883905372227
2296,3337,0.0025761596575462667
2296,3338,0.002283822464500645
2296,3339,0.0018477612524799404
2296,3340,0.0017219018759692805
2296,3344,0.0017915100258085765
2296,3349,0.001956273298112968
2296,3366,0.001936889999597906
2297,2298,0.04477653655818406
2297,2299,0.03884842888392976
2297,2300,0.00832313414072208
2297,2301,0.009091683504509653
2297,2302,0.00859797972512277
2297,2303,0.009068337629919786
2297,2304,0.009555671615045027
2297,2305,0.010516094482465032
2297,2306,0.011179850406747422
2297,2308,0.012413341785642478
2297,2309,0.012893737016236695
2297,2310,0.011658545171706891
2297,2311,0.010881055926912988
2297,2312,0.00919174027568105
2297,2313,0.008028536040261445
2297,2314,0.00778056660125386
2297,2316,0.00914798451059245
2297,2317,0.010387403943654262
2297,2318,0.009805130604421963
2297,2319,0.006547869770136571
2297,2320,0.005889658653020351
2297,2321,0.0026414497287446472
2297,2322,0.005850681102706862
2297,2323,0.005376416555709365
2297,2324,0.00454021986237265
2297,2325,0.0038435711620046047
2297,2326,0.003956526117472923
2297,2327,0.004311721555500664
2297,2328,0.0033345682223206016
2297,2329,0.002954634061890056
2297,2330,0.002915168095601628
2297,2331,0.002366821713622447
2297,2338,0.003901491533433516
2297,2339,0.004289611173182037
2297,2340,0.004958071884722694
2297,2341,0.006532729945443893
2297,2342,0.006542480670912446
2297,2343,0.006469371480904269
2297,2344,0.006405553281722673
2297,2345,0.014149941414688446
2297,2346,0.012094868479790705
2297,2347,0.013657092186841255
2297,2348,0.015817943565818664
2297,2349,0.018751854246732994
2297,2351,0.01809017218691154
2297,2352,0.017344508330421077
2297,2353,0.018746347646771497
2297,2354,0.020563087020129604
2297,2355,0.022086788418455093
2297,2356,0.02233890811583952
2297,2357,0.020135732058318742
2297,2358,0.018209649748121032
2297,2359,0.017327897437073404
2297,2360,0.017164924450765666
2297,2361,0.016895814737585006
2297,2362,0.016544173016379848
2297,2364,0.014854394390387611
2297,2365,0.01990866523237603
2297,2366,0.02170374434521212
2297,2367,0.02841684730379266
2297,2368,0.031267096794767524
2297,2369,0.012489054326494022
2297,2845,0.007506275233718509
2297,2846,0.017859082411046414
2297,2847,0.019310234808393556
2297,2848,0.02355162831446754
2297,2849,0.007694857305182632
2297,2850,0.007267570821076105
2297,2851,0.007432033585636816
2297,2852,0.008032760109375718
2297,2853,0.0044990416516196355
2297,3098,0.0015693105675598227
2297,3099,0.0024478531547978163
2297,3100,0.0015179233799325418
2297,3101,0.0021309826324750194
2297,3102,0.004505631276774089
2297,3103,0.0033853094016122252
2297,3104,0.009004689043649918
2297,3300,0.0039877412685100245
2297,3301,0.004359762378697975
2297,3302,0.004308786618080545
2297,3303,0.004400674147247521
2297,3304,0.00462379001109563
2297,3305,0.004798755062993666
2297,3306,0.004970229031869065
2297,3307,0.004515032587877875
2297,3308,0.0039381925512141395
2297,3309,0.003002558890681527
2297,3310,0.002633199260464666
2297,3311,0.0021215141959624938
2297,3312,0.0016554824867288666
2297,3313,0.0013956693927416758
2297,3316,0.003927325469726649
2297,3321,0.004118818749837572
2297,3328,0.0022450683195031147
2297,3329,0.0024263784281989536
2297,3330,0.002480118233748613
2297,3331,0.002599558016236335
2297,3332,0.002696588407581669
2297,3333,0.003019368033201314
2297,3334,0.003230658976970642
2297,3335,0.0031529792220773424
2297,3336,0.003056189109988873
2297,3337,0.0025142626893815993
2297,3338,0.0022355128190061887
2297,3339,0.0018101017597855079
2297,3340,0.001682870253653344
2297,3344,0.0019087057201721738
2297,3349,0.00211643590676806
2297,3366,0.0020186074545694784
2298,2299,0.04655475286461608
2298,2300,0.009554334732050997
2298,2301,0.010156286248603314
2298,2302,0.009448501469346213
2298,2303,0.009885935656700663
2298,2304,0.010255488670966257
2298,2305,0.011014700368177532
2298,2306,0.011461239498711282
2298,2308,0.012418127936555126
2298,2309,0.012696878620402204
2298,2310,0.011405555441948477
2298,2311,0.010590270287597597
2298,2312,0.009070997860627705
2298,2313,0.008067206559274178
2298,2314,0.007801767536094494
2298,2316,0.008995455176438568
2298,2317,0.010113121977534384
2298,2318,0.009523676124710318
2298,2319,0.006350643642095771
2298,2320,0.005705297447772556
2298,2321,0.0025852106343836386
2298,2322,0.005665036204053879
2298,2323,0.005204657235633969
2298,2324,0.004396592141427238
2298,2325,0.003720072576736834
2298,2326,0.0038290138304519043
2298,2327,0.0041732168313458875
2298,2328,0.003232248718416401
2298,2329,0.0028861778783178
2298,2330,0.0028262591032414065
2298,2331,0.0022933113366660324
2298,2338,0.003820625467861372
2298,2339,0.004202285908995468
2298,2340,0.0048548257128684805
2298,2341,0.006475299293072
2298,2342,0.006498757164840689
2298,2343,0.0066026360328634865
2298,2344,0.006560300953950803
2298,2345,0.015274997366296833
2298,2346,0.012607780184451457
2298,2347,0.014041040010276134
2298,2348,0.016336198569467317
2298,2349,0.01970857030195432
2298,2351,0.019369661869951996
2298,2352,0.018633553873538773
2298,2353,0.020215329399692186
2298,2354,0.02193130583202934
2298,2355,0.02338190670269457
2298,2356,0.02305995697903877
2298,2357,0.02057956307090155
2298,2358,0.018493726045480826
2298,2359,0.017477356616355518
2298,2360,0.017251778356709276
2298,2361,0.016816796475496207
2298,2362,0.016327260863066753
2298,2364,0.014520649012451611
2298,2365,0.019358953315936803
2298,2366,0.021072144539651283
2298,2367,0.027513921227160364
2298,2368,0.03026406516681341
2298,2369,0.012423446736885328
2298,2845,0.008434856512340461
2298,2846,0.021255007046512606
2298,2847,0.023177078620025156
2298,2848,0.028188896027229016
2298,2849,0.009060654365665215
2298,2850,0.008720741167986523
2298,2851,0.008824675194395374
2298,2852,0.00964361606991724
2298,2853,0.005199014209526183
2298,3098,0.0017768244616482721
2298,3099,0.0027604982277474066
2298,3100,0.0017376715269884337
2298,3101,0.002440685371252567
2298,3102,0.005001168960848841
2298,3103,0.0038424781709246
2298,3104,0.010804747771914132
2298,3300,0.004382456268726311
2298,3301,0.004692026896338271
2298,3302,0.004568663034425211
2298,3303,0.004613829901165586
2298,3304,0.00481607288676277
2298,3305,0.004943237027940512
2298,3306,0.005043432654895491
2298,3307,0.0045321287363069935
2298,3308,0.00392412651718817
2298,3309,0.0029833889683074724
2298,3310,0.002635034457626049
2298,3311,0.002134733147388493
2298,3312,0.001663373382718423
2298,3316,0.004464256458293858
2298,3321,0.004632715152233299
2298,3328,0.0024508099462258047
2298,3329,0.0026402363015111873
2298,3330,0.0026861330360007977
2298,3331,0.002779695598711159
2298,3332,0.0028483342070423187
2298,3333,0.003163835133067067
2298,3334,0.0033628012865165595
2298,3335,0.003255208767973947
2298,3336,0.0031350289944896592
2298,3337,0.002575465648864126
2298,3338,0.0022985487768179247
2298,3339,0.001863630501434388
2298,3340,0.0017280304310800753
2298,3344,0.0021386014716094025
2298,3349,0.0024027389333961934
2298,3366,0.0022160841083688457
2299,2300,0.011667364736221465
2299,2301,0.011958400716683897
2299,2302,0.010897228855875633
2299,2303,0.011272104583637248
2299,2304,0.011443799387705208
2299,2305,0.011881596081559795
2299,2306,0.012007553527116533
2299,2308,0.012576941775783368
2299,2309,0.012582121295928981
2299,2310,0.011204396711563178
2299,2311,0.010318587916046963
2299,2312,0.00904428387156687
2299,2313,0.008262979076899515
2299,2314,0.007969691109288626
2299,2316,0.008920659369227764
2299,2317,0.009861260992769369
2299,2318,0.00924630365105773
2299,2319,0.006149672290126958
2299,2320,0.005506663220510132
2299,2321,0.002479723290042794
2299,2322,0.005459402877969131
2299,2323,0.005011152745862181
2299,2324,0.004239092527329357
2299,2325,0.0035783467181183496
2299,2326,0.00368004604755586
2299,2327,0.004000918976928725
2299,2328,0.003092389511403567
2299,2329,0.0027654994876075874
2299,2330,0.0027037233982850034
2299,2338,0.0036655897019384097
2299,2339,0.004032517605070166
2299,2340,0.0046571843321308315
2299,2341,0.0062614791424595246
2299,2342,0.006294378015575748
2299,2343,0.006550246065727221
2299,2344,0.006530787220355448
2299,2345,0.01611056441343819
2299,2346,0.012786749422391882
2299,2347,0.014027140832603766
2299,2348,0.016379061497365482
2299,2349,0.020090474529714457
2299,2351,0.020169561582450594
2299,2352,0.019491348495221283
2299,2353,0.021216221118198854
2299,2354,0.022687726296238137
2299,2355,0.023959372271577028
2299,2356,0.023030556079159922
2299,2357,0.020386748060752063
2299,2358,0.018229528184039667
2299,2359,0.01712797206973586
2299,2360,0.016856556568301595
2299,2361,0.01630385804546176
2299,2362,0.015732840331597296
2299,2364,0.013914983506937924
2299,2365,0.018516617802975904
2299,2366,0.02015329703259881
2299,2367,0.026350646481012364
2299,2368,0.029091752611244887
2299,2369,0.012487388473242312
2299,2845,0.009305520921255589
2299,2846,0.025974605964634988
2299,2847,0.02946694674149509
2299,2848,0.035933340614361674
2299,2849,0.010831736546566478
2299,2850,0.0111008526875937
2299,2851,0.011192373610344662
2299,2852,0.01222170383232971
2299,2853,0.0064111152998792935
2299,3098,0.002013302276672465
2299,3099,0.0031039332128767016
2299,3100,0.0020026057328952056
2299,3101,0.002811757434708789
2299,3102,0.0054725867536011994
2299,3103,0.0043543466975890415
2299,3104,0.01361087555099951
2299,3300,0.0050759805155143065
2299,3301,0.005282908321800253
2299,3302,0.005044097857523534
2299,3303,0.005016874715218156
2299,3304,0.005188392843152628
2299,3305,0.005244422125003226
2299,3306,0.0052401144774381694
2299,3307,0.004641139821121416
2299,3308,0.003978751075041891
2299,3309,0.003015208680474422
2299,3310,0.0026928835476435035
2299,3311,0.0022009067300522546
2299,3312,0.0017123266790599419
2299,3316,0.005399405018760748
2299,3321,0.005527205374956909
2299,3328,0.0028238253321076164
2299,3329,0.003028333342745286
2299,3330,0.0030618993811107396
2299,3331,0.0031147705961823958
2299,3332,0.003139250191781698
2299,3333,0.003447317647588952
2299,3334,0.0036297047553144604
2299,3335,0.00347494783562544
2299,3336,0.003317529343084913
2299,3337,0.0027224682397305705
2299,3338,0.002443709625987987
2299,3339,0.0019865001215359467
2299,3340,0.0018354981146352519
2299,3344,0.0025486543127051613
2299,3349,0.002909128053267979
2299,3366,0.002573188905840932
2300,2301,0.0546769947909762
2300,2302,0.046390778886914764
2300,2303,0.04335400844579047
2300,2304,0.03792791468511142
2300,2305,0.03141554172353064
2300,2306,0.026774204344181363
2300,2308,0.02273257012991069
2300,2309,0.020049958616773045
2300,2310,0.017466259062310762
2300,2311,0.01541667673816438
2300,2312,0.016516646930609537
2300,2313,0.01854149019356303
2300,2314,0.00886825294913452
2300,2316,0.007863772616614062
2300,2317,0.007480944303847459
2300,2318,0.0068364449640525024
2300,2319,0.00467603535973069
2300,2320,0.004071433300944611
2300,2322,0.003959359570353791
2300,2323,0.003612300315155767
2300,2324,0.0031540301379205126
2300,2341,0.003273447508481257
2300,2342,0.003266702362657354
2300,2343,0.003229481948864802
2300,2344,0.0032112873451714285
2300,2345,0.0040722907412502184
2300,2346,0.0031331093980704475
2300,2347,0.0034420397886111356
2300,2348,0.004014254969922243
2300,2349,0.004926105747838893
2300,2351,0.005009056592061267
2300,2352,0.004863868243990231
2300,2353,0.005304648461325745
2300,2354,0.005598629320588398
2300,2355,0.005881297736821649
2300,2356,0.005655065973248731
2300,2357,0.0050328208307056695
2300,2358,0.004524853031317629
2300,2359,0.004290417595432374
2300,2360,0.004248228895288848
2300,2361,0.004202270582523435
2300,2362,0.004175069155494094
2300,2364,0.0038981851599508024
2300,2365,0.005371572752183029
2300,2366,0.005920162643870692
2300,2367,0.00790450887963588
2300,2368,0.008997360341603698
2300,2369,0.02169120393723996
2300,2845,0.004931867757706691
2300,2846,0.008269874426995246
2300,2847,0.010626450039457884
2300,2848,0.010380061295019722
2300,2849,0.0068646928574396335
2300,2850,0.011037559145016642
2300,2851,0.01444757945796207
2300,2852,0.010280539846422307
2300,2853,0.039344616578975415
2300,3102,0.002952478708869669
2300,3103,0.002622930911142997
2300,3104,0.009806744267951209
2300,3300,0.025875011158381284
2300,3301,0.02220284582772824
2300,3302,0.018932014785946187
2300,3303,0.01708306894593036
2300,3304,0.016463436360259265
2300,3305,0.015019335920156104
2300,3306,0.013100438236473716
2300,3307,0.0054259525160769905
2300,3308,0.004470811311641645
2300,3309,0.0034510584677858187
2300,3310,0.0033982697800616934
2300,3311,0.003031583656326123
2300,3312,0.002388914624893293
2300,3316,0.03388679279951546
2300,3321,0.03287967708285313
2300,3328,0.007556329721163714
2300,3329,0.007871801461918944
2300,3330,0.007689084417090527
2300,3331,0.007077008507462188
2300,3332,0.006441519645477284
2300,3333,0.006482870879740332
2300,3334,0.006362192692673967
2300,3335,0.00570961379376138
2300,3336,0.005183771815156611
2300,3337,0.004350481230592958
2300,3338,0.004113656890530873
2300,3339,0.0034785392320058144
2300,3340,0.0031637078769478537
2300,3341,0.002155531706019419
2300,3342,0.0020539692130765617
2300,3344,0.007831203010153944
2300,3349,0.00919544839310175
2300,3366,0.007185104736396956
2301,2302,0.05445048041841653
2301,2303,0.05133414328436008
2301,2304,0.04481763271185924
2301,2305,0.036652855346890334
2301,2306,0.03084303900038301
2301,2308,0.025550983140264143
2301,2309,0.022170993310986743
2301,2310,0.019406590295382546
2301,2311,0.017085733536744366
2301,2312,0.018961179707137756
2301,2313,0.021761082893035036
2301,2314,0.01041102929826759
2301,2316,0.008993481691919384
2301,2317,0.008331179342732932
2301,2318,0.007600263360943077
2301,2319,0.005288991259646314
2301,2320,0.004592917898743162
2301,2322,0.0044512320242542465
2301,2323,0.004062732011892494
2301,2324,0.0035775701952835692
2301,2325,0.0029394167976913607
2301,2326,0.0029668559301600705
2301,2327,0.0030247339240683365
2301,2340,0.0027225821431359153
2301,2341,0.0033005769362645463
2301,2342,0.0032779476743697838
2301,2343,0.003072785259026011
2301,2344,0.003036602469850528
2301,2345,0.0035400081999898314
2301,2346,0.002872792301845454
2301,2347,0.0032331753411309855
2301,2348,0.0037444777389757985
2301,2349,0.0044852750284600125
2301,2351,0.004440614307961919
2301,2352,0.0042858905390728095
2301,2353,0.004663085083043533
2301,2354,0.0050102210767470606
2301,2355,0.005324751080230668
2301,2356,0.0052889608418407105
2301,2357,0.004772473037634634
2301,2358,0.004335139521042831
2301,2359,0.004160201311760078
2301,2360,0.004145591837214952
2301,2361,0.004177782937457714
2301,2362,0.004228549173094811
2301,2364,0.004060540823021874
2301,2365,0.005625568871278094
2301,2366,0.006207503775594193
2301,2367,0.00823502185569012
2301,2368,0.009384384666781348
2301,2369,0.024280537715927464
2301,2845,0.004160480116964041
2301,2846,0.006669796651702362
2301,2847,0.008648379745814633
2301,2848,0.009070538169248053
2301,2849,0.005462227712029113
2301,2850,0.008211515037189856
2301,2851,0.010762758082648054
2301,2852,0.007909194368360404
2301,2853,0.026331323582005486
2301,3102,0.002452821074243741
2301,3103,0.002068868768627965
2301,3104,0.00782107488377083
2301,3300,0.027088867966413615
2301,3301,0.025323939320505952
2301,3302,0.022018126151869665
2301,3303,0.02008192565289784
2301,3304,0.019451772938633455
2301,3305,0.017786874203825003
2301,3306,0.01547696510320386
2301,3307,0.006402243468679376
2301,3308,0.005274123882577137
2301,3309,0.004081408935963304
2301,3310,0.004024181944953957
2301,3311,0.0035792829979542683
2301,3312,0.002815255606874221
2301,3313,0.0023543774514897405
2301,3314,0.0018261835348797673
2301,3316,0.026854653076180974
2301,3321,0.02918593960744117
2301,3328,0.007540240437244527
2301,3329,0.008013239002292578
2301,3330,0.007986246330788392
2301,3331,0.007694275114351442
2301,3332,0.0072345743159345334
2301,3333,0.007442626521442805
2301,3334,0.007395945173149737
2301,3335,0.006682671293049452
2301,3336,0.006091005896284566
2301,3337,0.005088909380860157
2301,3338,0.00477580055383038
2301,3339,0.004004226946885555
2301,3340,0.0036476741273965313
2301,3341,0.002483790185418126
2301,3342,0.0023681262036725804
2301,3343,0.002029697730248459
2301,3344,0.006797064491559194
2301,3349,0.007400891452147004
2301,3366,0.006939735876990184
2302,2303,0.05811807486067253
2302,2304,0.0500766969564774
2302,2305,0.04003810911026105
2302,2306,0.03323886697377187
2302,2308,0.02687375292775123
2302,2309,0.023019521920235462
2302,2310,0.02030317865703692
2302,2311,0.017870891563311037
2302,2312,0.02056372274676456
2302,2313,0.024342056860510868
2302,2314,0.01165673491581047
2302,2316,0.009715791188393191
2302,2317,0.0087582517087211
2302,2318,0.007986723788989894
2302,2319,0.005673645798702807
2302,2320,0.004918347374742429
2302,2322,0.004751468227384627
2302,2323,0.004340872310433278
2302,2324,0.003857492598219087
2302,2325,0.003164871689109151
2302,2326,0.0031839414530305055
2302,2327,0.0032090552662141386
2302,2340,0.0027479631240605435
2302,2341,0.003239538860162816
2302,2342,0.0032071964708733727
2302,2343,0.002909775744653249
2302,2344,0.0028653498074799914
2302,2345,0.0031906871187124255
2302,2346,0.0026651376407464205
2302,2347,0.0030378106387239927
2302,2348,0.0035004444390161205
2302,2349,0.004131366615391961
2302,2351,0.0040344317879705245
2302,2352,0.003883265861469517
2302,2353,0.0042169605011057425
2302,2354,0.004568591948644428
2302,2355,0.004881607968856965
2302,2356,0.004935440464010843
2302,2357,0.004493777909269647
2302,2358,0.004110638631955888
2302,2359,0.003974982177312349
2302,2360,0.003976721907277567
2302,2361,0.004054926855991004
2302,2362,0.004154604213085852
2302,2364,0.004070504807756291
2302,2365,0.0056439950324685085
2302,2366,0.0062259927878240175
2302,2367,0.008183731287257384
2302,2368,0.00930872011998543
2302,2369,0.025462395280773112
2302,2845,0.0036803854052558736
2302,2846,0.005758597794650662
2302,2847,0.0074511869541543435
2302,2848,0.008021371505707456
2302,2849,0.004705837399326665
2302,2850,0.006897735881612472
2302,2851,0.00900475089978788
2302,2852,0.006706327994630844
2302,2853,0.022486588979894712
2302,3102,0.0021644280874672894
2302,3103,0.0017884245569288924
2302,3104,0.006707361411318295
2302,3300,0.029534192087208557
2302,3301,0.029437759862869513
2302,3302,0.025757249000766154
2302,3303,0.023439883556617143
2302,3304,0.022590771755953334
2302,3305,0.02047152741035502
2302,3306,0.01757028822280528
2302,3307,0.007251122657905584
2302,3308,0.005975668025793043
2302,3309,0.004660563074071233
2302,3310,0.004643827415026539
2302,3311,0.004162368051801931
2302,3312,0.003279726821263343
2302,3313,0.0027439051459208323
2302,3314,0.002128834146760782
2302,3315,0.0018313137081507026
2302,3316,0.02462239009422401
2302,3321,0.027934069423381985
2302,3328,0.00824766641886687
2302,3329,0.008850159555278608
2302,3330,0.008920754697966217
2302,3331,0.008806793565347559
2302,3332,0.008399808024361098
2302,3333,0.008695294113363387
2302,3334,0.008652101110933352
2302,3335,0.0078112524924329385
2302,3336,0.007109581352780334
2302,3337,0.005948652842089757
2302,3338,0.005586945896989975
2302,3339,0.0046821372662934424
2302,3340,0.004266020666036541
2302,3341,0.0029048749686416348
2302,3342,0.0027697481427403606
2302,3343,0.0023733359659760317
2302,3344,0.0068846856802543205
2302,3345,0.00197288262140721
2302,3346,0.0017434649434944066
2302,3349,0.0071586328396696965
2302,3366,0.007468120604086329
2303,2304,0.055546535228303925
2303,2305,0.04444203079934529
2303,2306,0.03688670590715175
2303,2308,0.029766395555907627
2303,2309,0.025456899552151555
2303,2310,0.022484343361977514
2303,2311,0.019793403281694443
2303,2312,0.02282479141351043
2303,2313,0.026922503965719477
2303,2314,0.012888784950137367
2303,2316,0.010784463021500485
2303,2317,0.009706590215813951
2303,2318,0.008851822194247981
2303,2319,0.006297456363479423
2303,2320,0.00545896437076626
2303,2322,0.005273239966074671
2303,2323,0.004817760487964342
2303,2324,0.004281749814855994
2303,2325,0.003512977923124022
2303,2326,0.0035341144485254183
2303,2327,0.003560600377845069
2303,2340,0.0030279270440425362
2303,2341,0.003543919545943177
2303,2342,0.003505312833839284
2303,2343,0.0031453560499116206
2303,2344,0.0030931392978345734
2303,2345,0.0033715953993941586
2303,2346,0.002857002295589931
2303,2347,0.0032734388370607302
2303,2348,0.003763218135966967
2303,2349,0.0044110326318207915
2303,2351,0.0042789889885785715
2303,2352,0.004113228188783412
2303,2353,0.004461389821126603
2303,2354,0.004853043555093352
2303,2355,0.005198375765582896
2303,2356,0.005298139190326629
2303,2357,0.004843214942046209
2303,2358,0.004443293614467833
2303,2359,0.004309185670377889
2303,2360,0.004317181136476009
2303,2361,0.0044194462693978335
2303,2362,0.004544946653921905
2303,2364,0.00447685751846728
2303,2365,0.006206156245531758
2303,2366,0.0068445715440038375
2303,2367,0.008969712389794087
2303,2368,0.010193163442683544
2303,2369,0.02819525501531163
2303,2845,0.003842151782880994
2303,2846,0.005901271022144381
2303,2847,0.007609634654467809
2303,2848,0.008333354415517531
2303,2849,0.0048191505970290776
2303,2850,0.006885472710595367
2303,2851,0.008927109788870399
2303,2852,0.006761825899382461
2303,2853,0.02100886642958982
2303,3102,0.0022590479273918557
2303,3103,0.0018408197818835282
2303,3104,0.006830708015430541
2303,3300,0.028194688245373137
2303,3301,0.029962579202392387
2303,3302,0.027043393897869344
2303,3303,0.025053985009255705
2303,3304,0.02440922227203649
2303,3305,0.022346285832791638
2303,3306,0.01933836777838347
2303,3307,0.007987076254302755
2303,3308,0.0065801491234538665
2303,3309,0.005112371551120821
2303,3310,0.005056614313355072
2303,3311,0.00449179948471072
2303,3312,0.0035286058636991523
2303,3313,0.0029499529190723218
2303,3314,0.0022877122861427817
2303,3315,0.0019778441659229523
2303,3316,0.022754749135942318
2303,3321,0.025830909124850428
2303,3328,0.00798399372889368
2303,3329,0.008613831347810954
2303,3330,0.0087524307463833
2303,3331,0.008841184175943664
2303,3332,0.008614822880112498
2303,3333,0.009068132689119237
2303,3334,0.009133699012246784
2303,3335,0.008315977553966042
2303,3336,0.0076103297126814224
2303,3337,0.006334661568501313
2303,3338,0.005904804073241868
2303,3339,0.004915628037215229
2303,3340,0.004486115786883648
2303,3341,0.0030565566526483336
2303,3342,0.0029159782536171746
2303,3343,0.002493897638342369
2303,3344,0.0064581078286155644
2303,3345,0.002083371411510638
2303,3346,0.001840217761489673
2303,3347,0.0017848321481619429
2303,3349,0.00664539479474148
2303,3366,0.007170087488542121
2304,2305,0.050301919040974724
2304,2306,0.04165426904839372
2304,2308,0.033347217621262096
2304,2309,0.028389371801169967
2304,2310,0.02519742417028418
2304,2311,0.022197725078396464
2304,2312,0.02587781261920631
2304,2313,0.030512914151172466
2304,2314,0.014603829891690118
2304,2316,0.012219056463915957
2304,2317,0.010909579104080486
2304,2318,0.009951302766602563
2304,2319,0.0071295176083262584
2304,2320,0.006178671629107516
2304,2322,0.005964181609277434
2304,2323,0.0054507204511117634
2304,2324,0.004853513001670949
2304,2325,0.003981454554007664
2304,2326,0.00400300557164742
2304,2327,0.004022227309539213
2304,2328,0.0028860345894870087
2304,2338,0.0026808956108815532
2304,2339,0.002914786835919473
2304,2340,0.0033536618285923423
2304,2341,0.0038606585380060454
2304,2342,0.003811085624703772
2304,2343,0.0033436206697680594
2304,2344,0.003279439611874728
2304,2345,0.00343324813713323
2304,2346,0.0029890193970429552
2304,2347,0.00345796155895713
2304,2348,0.003955974036640744
2304,2349,0.004573927520374517
2304,2351,0.004382968712787721
2304,2352,0.004203657236406936
2304,2353,0.004548157724402984
2304,2354,0.004982589729189604
2304,2355,0.005360089468404296
2304,2356,0.005546947923955798
2304,2357,0.005112098905222604
2304,2358,0.004718793950946989
2304,2359,0.004603784024913294
2304,2360,0.004625692001180567
2304,2361,0.004774036923178332
2304,2362,0.004948771254159873
2304,2364,0.00493427286281207
2304,2365,0.006832697013434156
2304,2366,0.007529632180637515
2304,2367,0.009787386890909121
2304,2368,0.011089776043684753
2304,2369,0.031563647892715575
2304,2845,0.0038201452381003737
2304,2846,0.005667495682737253
2304,2847,0.007243981713736115
2304,2848,0.008147618114345561
2304,2849,0.0046316459958802665
2304,2850,0.006338654689252423
2304,2851,0.00810795143723555
2304,2852,0.006320094557904379
2304,2853,0.017788341233031288
2304,3102,0.0022506161692717017
2304,3103,0.001792380466935878
2304,3104,0.00648345863831556
2304,3300,0.02488155323588764
2304,3301,0.028768455889545946
2304,3302,0.02768173993425404
2304,3303,0.02664438213389717
2304,3304,0.02652580589465123
2304,3305,0.024795000221251598
2304,3306,0.021775918594967525
2304,3307,0.009008572536248604
2304,3308,0.007421100587366965
2304,3309,0.005738238715482648
2304,3310,0.00561572545579824
2304,3311,0.004922338286725786
2304,3312,0.0038516388428117857
2304,3313,0.003217830200262009
2304,3314,0.0024951171485957466
2304,3315,0.002173854715907773
2304,3316,0.01916633911349062
2304,3321,0.021835596502520312
2304,3328,0.007297227530314053
2304,3329,0.007931113213254504
2304,3330,0.008158559100164022
2304,3331,0.00854624759912911
2304,3332,0.008628503156076776
2304,3333,0.009329566858309424
2304,3334,0.009592705244352212
2304,3335,0.008874859757614527
2304,3336,0.008205482475824198
2304,3337,0.006783219784721644
2304,3338,0.006248896766529031
2304,3339,0.005152857605234737
2304,3340,0.004717881062865745
2304,3341,0.0032232968778396543
2304,3342,0.003078266243470517
2304,3343,0.002626108926996141
2304,3344,0.005618762972591704
2304,3345,0.0022120872757565423
2304,3346,0.0019529920129099608
2304,3347,0.0018970328368024575
2304,3348,0.0018328051220459231
2304,3349,0.005672604111053598
2304,3366,0.006476303329570572
2305,2306,0.0496859805928167
2305,2308,0.03950147060785553
2305,2309,0.03348978409788082
2305,2310,0.029913727894958334
2305,2311,0.026380502092540406
2305,2312,0.0308275314278886
2305,2313,0.035377329943886766
2305,2314,0.016918534373608116
2305,2316,0.014569675373479484
2305,2317,0.012989113917693487
2305,2318,0.011851675025194363
2305,2319,0.008506163145804579
2305,2320,0.007372599201779017
2305,2322,0.007118287876999095
2305,2323,0.006504931925978708
2305,2324,0.005784234632507329
2305,2325,0.004745909977931499
2305,2326,0.004774355908054063
2305,2327,0.004800936129641556
2305,2328,0.003443606491591968
2305,2329,0.0025391639433106176
2305,2330,0.003018050160720986
2305,2331,0.0025532429981209672
2305,2338,0.0031638219412150575
2305,2339,0.003434575547412363
2305,2340,0.003945979350837815
2305,2341,0.004455409027026427
2305,2342,0.004387616265490201
2305,2343,0.0037397481369480447
2305,2344,0.003655176983890153
2305,2345,0.0036133893968126186
2305,2346,0.0032724337291138044
2305,2347,0.003833935528745095
2305,2348,0.0043530172023236065
2305,2349,0.004930619173712652
2305,2351,0.004643345265542296
2305,2352,0.004440375418646995
2305,2353,0.004783357987389075
2305,2354,0.005290039802017589
2305,2355,0.005722227151350929
2305,2356,0.006052190243940384
2305,2357,0.005647021020073615
2305,2358,0.005260583710706965
2305,2359,0.005175488406091255
2305,2360,0.005220423961125111
2305,2361,0.0054458296767510355
2305,2362,0.005702486766338981
2305,2364,0.005770439239574272
2305,2365,0.007971163994449
2305,2366,0.00877158588764941
2305,2367,0.011255906015208636
2305,2368,0.012678369511527818
2305,2369,0.037375370178688465
2305,2845,0.0038607202004964252
2305,2846,0.005395384361041872
2305,2847,0.006755388810259564
2305,2848,0.007869863405556801
2305,2849,0.004433303472629496
2305,2850,0.005646728619025793
2305,2851,0.00702810814630918
2305,2852,0.005759831197992214
2305,2853,0.013832591354067128
2305,3102,0.0022942240064521393
2305,3103,0.0017687354256362168
2305,3104,0.006041856124319498
2305,3300,0.01919164353713573
2305,3301,0.02337356248293789
2305,3302,0.02433485626214837
2305,3303,0.025121348134088894
2305,3304,0.026208907238344483
2305,3305,0.026171764908493902
2305,3306,0.02443423485166237
2305,3307,0.010235765418984867
2305,3308,0.00845745113666865
2305,3309,0.006458037770359703
2305,3310,0.006141919490233586
2305,3311,0.005227392748984174
2305,3312,0.00406835684405007
2305,3313,0.0034001114451090047
2305,3314,0.002640983679389246
2305,3315,0.0023405093426495877
2305,3316,0.014594670904674313
2305,3317,0.0017278623860061235
2305,3321,0.01658523118731356
2305,3328,0.005853533741708105
2305,3329,0.006398910098875278
2305,3330,0.006662176221160323
2305,3331,0.007263218324060336
2305,3332,0.007682476759522163
2305,3333,0.008614582464682233
2305,3334,0.009156065519221407
2305,3335,0.008768705386385623
2305,3336,0.00830771442696626
2305,3337,0.00681884741592536
2305,3338,0.006157121967276206
2305,3339,0.005013932648432019
2305,3340,0.004624778345462593
2305,3341,0.003192346575399803
2305,3342,0.0030559271822030516
2305,3343,0.0025995862000828774
2305,3344,0.004326010369252625
2305,3345,0.0022255843193244246
2305,3346,0.001964987024783015
2305,3347,0.0019141966920570243
2305,3348,0.0018781695835611751
2305,3349,0.0043169369161231725
2305,3366,0.005144112663671435
2306,2308,0.046303259556281694
2306,2309,0.0391617047737875
2306,2310,0.035237716252046185
2306,2311,0.031108229934350317
2306,2312,0.03607094439502526
2306,2313,0.03906685335207418
2306,2314,0.018715670168730134
2306,2316,0.01709695148794699
2306,2317,0.015333342503899648
2306,2318,0.013992683259062423
2306,2319,0.0100086324524719
2306,2320,0.008678850907706263
2306,2321,0.002610350683213813
2306,2322,0.008387296006768505
2306,2323,0.0076618819363198235
2306,2324,0.006789544494041287
2306,2325,0.005573711702460949
2306,2326,0.005614227444830217
2306,2327,0.005662856370400168
2306,2328,0.004065287589341003
2306,2329,0.002993041820683508
2306,2330,0.0035622286897370415
2306,2331,0.003009851354744318
2306,2332,0.0024341837313769715
2306,2338,0.0037176156099779614
2306,2339,0.0040313711034589
2306,2340,0.004626415882551058
2306,2341,0.005143697246657268
2306,2342,0.005055497508894771
2306,2343,0.004206903797689565
2306,2344,0.004099872159855122
2306,2345,0.003857377249571979
2306,2346,0.003616461134595838
2306,2347,0.004279994305944277
2306,2348,0.004824233161652083
2306,2349,0.005361756599155216
2306,2351,0.004975414927838807
2306,2352,0.004747627141596282
2306,2353,0.005091456150026317
2306,2354,0.005672143637265134
2306,2355,0.006160438195831917
2306,2356,0.006639980489043351
2306,2357,0.006268258123607071
2306,2358,0.005890140600349189
2306,2359,0.005838358483580509
2306,2360,0.005908952439132371
2306,2361,0.006220722388146691
2306,2362,0.006569818537079822
2306,2364,0.006730521037331923
2306,2365,0.00926989323796051
2306,2366,0.010183461033225842
2306,2367,0.01288116128840773
2306,2368,0.014391629398476474
2306,2369,0.04383638274608446
2306,2845,0.003960211709654165
2306,2846,0.005227635125983519
2306,2847,0.00639603553585488
2306,2848,0.007626221281298289
2306,2849,0.004331912077661474
2306,2850,0.005179538533556596
2306,2851,0.006279451961710621
2306,2852,0.005377041562945426
2306,2853,0.01143410225568197
2306,3102,0.0023835911354324803
2306,3103,0.001790860081572174
2306,3104,0.005735819706613812
2306,3300,0.015566727369053481
2306,3301,0.019255402861999414
2306,3302,0.020707773108684515
2306,3303,0.022178293572167346
2306,3304,0.023761860538980033
2306,3305,0.025159147567423587
2306,3306,0.025555018967152093
2306,3307,0.011062269709988328
2306,3308,0.009252687087452702
2306,3309,0.007004171180942352
2306,3310,0.006459329878302291
2306,3311,0.005352905311055387
2306,3312,0.004161549197990815
2306,3313,0.0034870321561647787
2306,3314,0.0027196264868809645
2306,3315,0.0024522078504566965
2306,3316,0.011862073761770044
2306,3317,0.0018433284884495568
2306,3319,0.0017134839104702053
2306,3320,0.001697299825492099
2306,3321,0.013436643474212844
2306,3328,0.0048445830836372295
2306,3329,0.005308692363748065
2306,3330,0.005561042957685023
2306,3331,0.006195058307944707
2306,3332,0.006737766014319451
2306,3333,0.00771262311686803
2306,3334,0.008372819408348841
2306,3335,0.00826167985720149
2306,3336,0.00801624107674384
2306,3337,0.0065895789412819365
2306,3338,0.0058661891457647344
2306,3339,0.004749744439710683
2306,3340,0.004414875438571656
2306,3341,0.003090463362024691
2306,3342,0.0029658553065317777
2306,3343,0.0025208685365409123
2306,3344,0.0035115974496622827
2306,3345,0.002191665226746122
2306,3346,0.001936927322744157
2306,3347,0.0018919854699021904
2306,3348,0.0018822195706287663
2306,3349,0.0034911803778162995
2306,3366,0.004238233470233585
2307,2308,0.0041455264173912345
2307,2309,0.00487020221310518
2307,2310,0.005477903047435338
2307,2311,0.006204991532963644
2307,2312,0.0049383049376873055
2307,2315,0.04075297931834672
2307,2316,0.005262637201665888
2307,2317,0.006272492337810836
2307,2318,0.0068566034959885325
2307,2319,0.008550971412736887
2307,2320,0.009707038795488213
2307,2321,0.07396106518379301
2307,2322,0.010210092340563632
2307,2323,0.010895891323949723
2307,2324,0.010903225313330557
2307,2325,0.012549537331398119
2307,2326,0.013014695928135535
2307,2327,0.014621505252377771
2307,2328,0.020129600184162745
2307,2329,0.06433586406098149
2307,2330,0.02152792625788304
2307,2331,0.02064521250903225
2307,2332,0.017188327620497594
2307,2333,0.015290984149007154
2307,2334,0.014082684988849787
2307,2335,0.012432032183137107
2307,2336,0.011576372318261844
2307,2337,0.01103791124277537
2307,2338,0.0506498622536552
2307,2339,0.04611947214223067
2307,2340,0.039878995102916016
2307,2341,0.028704806363009507
2307,2342,0.028149491054010933
2307,2343,0.02074689247948396
2307,2344,0.019931060514341608
2307,2345,0.005075889138422124
2307,2346,0.008021878030210337
2307,2347,0.009209794350633387
2307,2348,0.008165796420938658
2307,2349,0.006406922715255393
2307,2350,0.059451462904357634
2307,2351,0.005447531308743274
2307,2352,0.005304156523468435
2307,2353,0.0050774713195439036
2307,2354,0.005493122160959816
2307,2355,0.005696532263299888
2307,2356,0.006796661912768402
2307,2357,0.007814424150940401
2307,2358,0.008818414523164914
2307,2359,0.00970079040548087
2307,2360,0.010066810489741935
2307,2361,0.010985577386969937
2307,2362,0.011761868338067994
2307,2363,0.06766629941316622
2307,2364,0.01328003744477371
2307,2365,0.009684677873830821
2307,2366,0.008789150929258879
2307,2367,0.006581076858858748
2307,2368,0.005783195908122272
2307,2369,0.00438071420209863
2307,3320,0.00291658421851896
2308,2309,0.04876218994109255
2308,2310,0.0435501134997045
2308,2311,0.038340334491294405
2308,2312,0.04058644203214149
2308,2313,0.03724645180910277
2308,2314,0.01806858407351897
2308,2316,0.01961584469933282
2308,2317,0.018773614393211412
2308,2318,0.01712005937449952
2308,2319,0.011860137129347349
2308,2320,0.010323283220767625
2308,2321,0.003231736979730616
2308,2322,0.01002622784290094
2308,2323,0.00914855569080883
2308,2324,0.007998459996002929
2308,2325,0.006587554774262306
2308,2326,0.006667317867232152
2308,2327,0.006825618619585766
2308,2328,0.004937054064461728
2308,2329,0.0037009794964727822
2308,2330,0.004319243854821467
2308,2331,0.0036214428725533485
2308,2332,0.0028922442815296915
2308,2333,0.0025290415662952382
2308,2338,0.004617934855490611
2308,2339,0.0050118183760034475
2308,2340,0.0057552516471960895
2308,2341,0.006387155547431593
2308,2342,0.006271811867316374
2308,2343,0.005134785107385573
2308,2344,0.00499241108148005
2308,2345,0.004476074146582493
2308,2346,0.00434765099764667
2308,2347,0.005189499036648641
2308,2348,0.005807285101321278
2308,2349,0.0063285156593417295
2308,2351,0.00578460066050746
2308,2352,0.0055091517382864965
2308,2353,0.005875153399403854
2308,2354,0.006590677414745011
2308,2355,0.007183201075046585
2308,2356,0.007894494372553124
2308,2357,0.007544781592609066
2308,2358,0.007150555564540049
2308,2359,0.0071345272446090855
2308,2360,0.007240588133112936
2308,2361,0.007674327826821532
2308,2362,0.008147469689061236
2308,2364,0.008380955232694387
2308,2365,0.011536837943243394
2308,2366,0.012666069018098247
2308,2367,0.01585109405468741
2308,2368,0.017527735352527333
2308,2369,0.05455497707475867
2308,2845,0.0043702924519831415
2308,2846,0.005346463522419571
2308,2847,0.006311387528214944
2308,2848,0.007681238612744029
2308,2849,0.0044984334649106165
2308,2850,0.004945929030515989
2308,2851,0.005765668329672435
2308,2852,0.005244400078566635
2308,2853,0.009464194769323907
2308,3102,0.0026858814526660143
2308,3103,0.0019636252072385485
2308,3104,0.005701830982425581
2308,3300,0.012125502033088846
2308,3301,0.014932437946595607
2308,3302,0.016157590000458254
2308,3303,0.01753112450157758
2308,3304,0.01897068016984144
2308,3305,0.020713291474395743
2308,3306,0.022657631932365196
2308,3307,0.010483033299725036
2308,3308,0.009105475931978305
2308,3309,0.006909387295257964
2308,3310,0.006112471973892602
2308,3311,0.004923322834577058
2308,3312,0.003844132352098949
2308,3313,0.0032412999167085906
2308,3314,0.0025497713664532112
2308,3315,0.0023546667590513067
2308,3316,0.009512591207422936
2308,3317,0.0018202312632224192
2308,3318,0.0016171869563563746
2308,3319,0.0017538954319973263
2308,3320,0.001804563500876573
2308,3321,0.010673472701523499
2308,3328,0.003760014334292618
2308,3329,0.004122003898617373
2308,3330,0.00432462668707857
2308,3331,0.004856796392753562
2308,3332,0.005357618169287132
2308,3333,0.00619930114784128
2308,3334,0.006813723870941224
2308,3335,0.006880867928136957
2308,3336,0.006824129193021912
2308,3337,0.005655249511885333
2308,3338,0.004981860234857996
2308,3339,0.00402830233506109
2308,3340,0.003776128458564101
2308,3341,0.0026935444463369045
2308,3342,0.0025929584243375224
2308,3343,0.0022056034938710226
2308,3344,0.0027331899077085104
2308,3345,0.0019524221908349534
2308,3346,0.0017291623525799338
2308,3347,0.0016945315380458958
2308,3348,0.0017130357277485295
2308,3349,0.0027445524519022317
2308,3366,0.003287347642327395
2309,2310,0.05135061977920122
2309,2311,0.045397846532149774
2309,2312,0.042069135588959944
2309,2313,0.034725886146841405
2309,2314,0.017024679415205836
2309,2316,0.020912519545449593
2309,2317,0.02199772144967816
2309,2318,0.02012805223350483
2309,2319,0.013570331822882954
2309,2320,0.011887553839829881
2309,2321,0.003887462597238233
2309,2322,0.011607415847979629
2309,2323,0.0105912293705114
2309,2324,0.009156463770155629
2309,2325,0.007577088855282815
2309,2326,0.007701459428002095
2309,2327,0.007992079971433459
2309,2328,0.005829018298171536
2309,2329,0.00444624551006448
2309,2330,0.005094030345440081
2309,2331,0.004243757417059604
2309,2332,0.0033547948449439455
2309,2333,0.0029194405723977123
2309,2334,0.0027096572452705177
2309,2335,0.002450009573390981
2309,2338,0.0055729982088896625
2309,2339,0.006053767044930833
2309,2340,0.006956803417450672
2309,2341,0.007721787887676693
2309,2342,0.007577275334661261
2309,2343,0.006125724714721207
2309,2344,0.005944976662398147
2309,2345,0.005130101420802987
2309,2346,0.005126000187155895
2309,2347,0.006157786737085839
2309,2348,0.006847771088014385
2309,2349,0.007338617503524747
2309,2351,0.006629573711417067
2309,2352,0.0063062213164968815
2309,2353,0.006691651763627981
2309,2354,0.007541926140556242
2309,2355,0.008237487600464447
2309,2356,0.009195956343187482
2309,2357,0.008884819023323887
2309,2358,0.008484525766918919
2309,2359,0.00851295230464027
2309,2360,0.008659131618201176
2309,2361,0.009228946289192737
2309,2362,0.00983916271470182
2309,2364,0.010147364448851243
2309,2365,0.013967035818092837
2309,2366,0.015327425256173508
2309,2367,0.018946328417983233
2309,2368,0.020624890717653357
2309,2369,0.05268945902020726
2309,2845,0.004798005311432167
2309,2846,0.00552131035055437
2309,2847,0.006328127452407312
2309,2848,0.007764524430789414
2309,2849,0.0047125660889394076
2309,2850,0.004873934440947728
2309,2851,0.005520644216066367
2309,2852,0.005237958657524783
2309,2853,0.00852510729274293
2309,3102,0.003010200133510797
2309,3103,0.0021592824996049084
2309,3104,0.005761063200056847
2309,3300,0.010534816086585392
2309,3301,0.012932659224755448
2309,3302,0.014017267073309943
2309,3303,0.0152786472924041
2309,3304,0.016586066368678185
2309,3305,0.018296306791572937
2309,3306,0.0205610156328121
2309,3307,0.00989771791688813
2309,3308,0.008879444259384882
2309,3309,0.006825574840971911
2309,3310,0.005893433009258817
2309,3311,0.004680493054576144
2309,3312,0.0036762910028097402
2309,3313,0.0031178121962237224
2309,3314,0.0024715258311058994
2309,3315,0.002320872095897641
2309,3316,0.008410458650613588
2309,3317,0.00183237828352589
2309,3318,0.0016612054992790946
2309,3319,0.0018118680734439032
2309,3320,0.0019168527950954013
2309,3321,0.009381035249217864
2309,3328,0.0032566435591188337
2309,3329,0.0035706348666394738
2309,3330,0.003748274341548485
2309,3331,0.004224210528717421
2309,3332,0.004690235396243119
2309,3333,0.005452066438178396
2309,3334,0.006024176406296179
2309,3335,0.006152370721662325
2309,3336,0.006171274393840133
2309,3337,0.005149938850528461
2309,3338,0.00451636064575248
2309,3339,0.0036553981898598212
2309,3340,0.0034450091246598672
2309,3341,0.0024906592002021818
2309,3342,0.0024027578492283757
2309,3343,0.002046520846926507
2309,3344,0.0023744555606685872
2309,3345,0.0018334492535023684
2309,3346,0.0016269290874636507
2309,3348,0.0016321381815980309
2309,3349,0.002400154451021531
2309,3366,0.0028469083233074416
2310,2311,0.05351544038565082
2310,2312,0.04617190359047917
2310,2313,0.03565490765015488
2310,2314,0.017671821102093345
2310,2316,0.02352231018186942
2310,2317,0.026040776529657098
2310,2318,0.023795034532651655
2310,2319,0.016060379256048116
2310,2320,0.014076885007706088
2310,2321,0.0045037865561596
2310,2322,0.01374427960667874
2310,2323,0.012540672204761068
2310,2324,0.010840586232227244
2310,2325,0.008972755426922694
2310,2326,0.009119416881845288
2310,2327,0.009445359340362674
2310,2328,0.006867769540372445
2310,2329,0.005161617655437498
2310,2330,0.006004451338068099
2310,2331,0.005013209014876085
2310,2332,0.0039706729209846026
2310,2333,0.0034567439590214577
2310,2334,0.0032087205639147144
2310,2335,0.0029011804501750758
2310,2338,0.006409954951315486
2310,2339,0.006943198114051314
2310,2340,0.007955462776078254
2310,2341,0.008544006216730281
2310,2342,0.00835552494856207
2310,2343,0.006522211024234106
2310,2344,0.006307384720019307
2310,2345,0.00515441522520867
2310,2346,0.005348108043399143
2310,2347,0.006488142080434219
2310,2348,0.0071330950386559715
2310,2349,0.007459172192041312
2310,2351,0.006649327118987002
2310,2352,0.006318726552323069
2310,2353,0.006665288133819815
2310,2354,0.007543189687857634
2310,2355,0.008251523992528674
2310,2356,0.009381016732492413
2310,2357,0.00921370383623456
2310,2358,0.008917411533788049
2310,2359,0.00904623586248301
2310,2360,0.009246349848903273
2310,2361,0.00999208186310049
2310,2362,0.010809706229235515
2310,2364,0.011443793456547755
2310,2365,0.01556842517729386
2310,2366,0.016962107152905144
2310,2367,0.01980881493656605
2310,2368,0.02073673361967
2310,2369,0.048487738206596874
2310,2845,0.0046166386971231545
2310,2846,0.005101677848644583
2310,2847,0.005766308612076386
2310,2848,0.007087071525894127
2310,2849,0.004392554408834625
2310,2850,0.004418880720565798
2310,2851,0.004965321081502032
2310,2852,0.004770315456665238
2310,2853,0.007651643878046638
2310,3102,0.002957486136256623
2310,3103,0.0020891173883827606
2310,3104,0.005268484305326423
2310,3300,0.009690502502247133
2310,3301,0.012052210043833838
2310,3302,0.013267259345102944
2310,3303,0.014643962197824616
2310,3304,0.01598722952484642
2310,3305,0.017900802687777412
2310,3306,0.020700565478722267
2310,3307,0.010371034104397013
2310,3308,0.009605338670137848
2310,3309,0.007505257105375541
2310,3310,0.006369941909572465
2310,3311,0.005011370776169876
2310,3312,0.003964296689274616
2310,3313,0.0033820206711787514
2310,3314,0.0027008780236822626
2310,3315,0.0025696719914878297
2310,3316,0.007597726228755841
2310,3317,0.002060551831730749
2310,3318,0.0018922612698974558
2310,3319,0.002070282833298209
2310,3320,0.002222021561762918
2310,3321,0.008507074573091494
2310,3328,0.003058515920799812
2310,3329,0.0033582928347693475
2310,3330,0.0035404878394732237
2310,3331,0.004042934473271788
2310,3332,0.004555576622980807
2310,3333,0.005334859288759993
2310,3334,0.00593941971982831
2310,3335,0.006159832107026104
2310,3336,0.006264625446846842
2310,3337,0.005280408173085471
2310,3338,0.00461281935332688
2310,3339,0.0037433599278579224
2310,3340,0.0035507357177900346
2310,3341,0.0026085701550501825
2310,3342,0.0025223447177159224
2310,3343,0.0021526263563348184
2310,3344,0.002185670124703362
2310,3345,0.0019517567196923645
2310,3346,0.0017356943804445267
2310,3347,0.0017081691586579549
2310,3348,0.0017609180197133297
2310,3349,0.0021864215493391697
2310,3366,0.0026646721128646667
2311,2312,0.04626878051550392
2311,2313,0.034567854943409915
2311,2314,0.017275392358605583
2311,2316,0.02415745050557057
2311,2317,0.030284882139592434
2311,2318,0.02811635012077262
2311,2319,0.018727583730505704
2311,2320,0.016509522246770294
2311,2321,0.005325850983467484
2311,2322,0.016171187803797966
2311,2323,0.01476103457946489
2311,2324,0.012690866822019331
2311,2325,0.010538511765767719
2311,2326,0.010732445200601702
2311,2327,0.011175989064767505
2311,2328,0.008143026577590941
2311,2329,0.006108234289112096
2311,2330,0.00711816850535299
2311,2331,0.005934665400333765
2311,2332,0.004685429553596446
2311,2333,0.004071741870932843
2311,2334,0.0037747540429362487
2311,2335,0.0034061213913999236
2311,2336,0.0028390411407632947
2311,2337,0.0026982075484717123
2311,2338,0.007552602153594579
2311,2339,0.008167593462840255
2311,2340,0.009340327801611401
2311,2341,0.009800981431135294
2311,2342,0.009560682579609297
2311,2343,0.007264340951367886
2311,2344,0.007005515158906952
2311,2345,0.005462508040914254
2311,2346,0.005860802081195156
2311,2347,0.007162809536402732
2311,2348,0.007792108290547517
2311,2349,0.007969028114812673
2311,2351,0.007024128798832617
2311,2352,0.006671179757644178
2311,2353,0.006995749832048847
2311,2354,0.007939656306797318
2311,2355,0.008690275122670595
2311,2356,0.01003176333714908
2311,2357,0.010001505903020923
2311,2358,0.009798563509539822
2311,2359,0.010033890814450056
2311,2360,0.01029639559964967
2311,2361,0.011249136220908663
2311,2362,0.012308141252874175
2311,2363,0.0028281990546348214
2311,2364,0.013292702957755828
2311,2365,0.017847598942212356
2311,2366,0.019277067243904673
2311,2367,0.02112646766517236
2311,2368,0.021239344445577627
2311,2369,0.044554382547559994
2311,2845,0.004686080761016863
2311,2846,0.0049604338254715125
2311,2847,0.005511324326047789
2311,2848,0.006780062821202498
2311,2849,0.0043158483342168215
2311,2850,0.004199031305976589
2311,2851,0.004657397844754556
2311,2852,0.004559562092482191
2311,2853,0.007048189784860023
2311,3102,0.003071309906841969
2311,3103,0.0021400104765255945
2311,3104,0.0050601066712496895
2311,3300,0.008930643912719562
2311,3301,0.011156589780796795
2311,3302,0.012363095718495698
2311,3303,0.01372621594217077
2311,3304,0.015021488166139524
2311,3305,0.01694126826838669
2311,3306,0.019889695092626638
2311,3307,0.010260814818309507
2311,3308,0.009800583033381098
2311,3309,0.00782793165404855
2311,3310,0.0065429486158541045
2311,3311,0.0051130864232506
2311,3312,0.004079178146843175
2311,3313,0.0035034438437785437
2311,3314,0.00282169878446594
2311,3315,0.002722482832908132
2311,3316,0.006981259100542851
2311,3317,0.0022231252324045646
2311,3318,0.002074108853099304
2311,3319,0.0022777541683529426
2311,3320,0.0024933163419827097
2311,3321,0.007816817820870873
2311,3328,0.002844017743462456
2311,3329,0.003124635338156828
2311,3330,0.0033009910633109945
2311,3331,0.003795317180660306
2311,3332,0.004312357598924973
2311,3333,0.005069904669237941
2311,3334,0.005668383424855747
2311,3335,0.005938536924204571
2311,3336,0.006099170416295118
2311,3337,0.005187910140953048
2311,3338,0.004522424268715815
2311,3339,0.003681881866963621
2311,3340,0.0035115171190033536
2311,3341,0.002618319331851402
2311,3342,0.002537229773526216
2311,3343,0.0021702745703687646
2311,3344,0.0020155444150241194
2311,3345,0.0019898744428072253
2311,3346,0.0017737811449812615
2311,3347,0.0017491096150953824
2311,3348,0.001818882968335262
2311,3349,0.002010370976887192
2311,3366,0.0024741182878541736
2312,2313,0.04971708093618069
2312,2314,0.02501520534487889
2312,2316,0.03155295976809441
2312,2317,0.025072369819018375
2312,2318,0.023525500292967853
2312,2319,0.01846256966990902
2312,2320,0.01599143104608001
2312,2321,0.00447970660939224
2312,2322,0.015385804325563367
2312,2323,0.014088661726362127
2312,2324,0.012613391141402565
2312,2325,0.010346266555737348
2312,2326,0.010392641440488806
2312,2327,0.010333842716126166
2312,2328,0.007355420026351278
2312,2329,0.005162157360560996
2312,2330,0.006467664447019042
2312,2331,0.005524139725163514
2312,2332,0.0045143263079504455
2312,2333,0.00398319023223625
2312,2334,0.0037287972331931443
2312,2335,0.003411862892560902
2312,2336,0.002842084757834766
2312,2338,0.0062071189974663606
2312,2339,0.006663749323926155
2312,2340,0.007560818157482704
2312,2341,0.007633828919712501
2312,2342,0.007433370044021687
2312,2343,0.0056090340757863205
2312,2344,0.005410746422649457
2312,2345,0.004329219176134339
2312,2346,0.004542471843322453
2312,2347,0.005538918069129672
2312,2348,0.006048653383825217
2312,2349,0.0062730352766416555
2312,2351,0.005584009683361029
2312,2352,0.005306247284940763
2312,2353,0.005597679920216214
2312,2354,0.006334340441730677
2312,2355,0.006929165630033024
2312,2356,0.007892395778305535
2312,2357,0.007790561182291694
2312,2358,0.007589940517690864
2312,2359,0.007752692128692351
2312,2360,0.00795112493347827
2312,2361,0.008688038011983949
2312,2362,0.009535534599521493
2312,2364,0.010476210951921767
2312,2365,0.013848729631129542
2312,2366,0.01489934901079926
2312,2367,0.016692453619529486
2312,2368,0.017427298877728165
2312,2369,0.048469594630865726
2312,2845,0.003915477536380151
2312,2846,0.004502591053269233
2312,2847,0.005229950103850337
2312,2848,0.006393355643123117
2312,2849,0.0038294612384298246
2312,2850,0.004072499328107876
2312,2851,0.0047346130506071395
2312,2852,0.004337145420547859
2312,2853,0.008065964806857881
2312,3102,0.0024879337778479656
2312,3104,0.004740374215956382
2312,3300,0.011460883953209391
2312,3301,0.01470762756435717
2312,3302,0.016747726665516886
2312,3303,0.018900965598999335
2312,3304,0.02077490883454141
2312,3305,0.023744901962342555
2312,3306,0.02844171729816466
2312,3307,0.014913903561551983
2312,3308,0.013990088465785082
2312,3309,0.01087265143001942
2312,3310,0.009275633329568177
2312,3311,0.007298740277489153
2312,3312,0.0057729071572898225
2312,3313,0.004920051850628068
2312,3314,0.003919986227305368
2312,3315,0.0037036139008712475
2312,3316,0.008393969233589182
2312,3317,0.002928486717344672
2312,3318,0.0026425206308342973
2312,3319,0.0028756411303542634
2312,3320,0.0029879855124910677
2312,3321,0.009561948822186089
2312,3322,0.0019055393683681799
2312,3328,0.0038583635546481877
2312,3329,0.004245585451031603
2312,3330,0.004515613483869587
2312,3331,0.005285850862072731
2312,3332,0.006101159818075154
2312,3333,0.007209169339494606
2312,3334,0.008099725597355922
2312,3335,0.008568637749541542
2312,3336,0.008847928088785616
2312,3337,0.007540577597625311
2312,3338,0.006572616739193671
2312,3339,0.005351631958906435
2312,3340,0.005101057142304722
2312,3341,0.003782067864502899
2312,3342,0.0036603377639077925
2312,3343,0.003126302098777146
2312,3344,0.002622052932139768
2312,3345,0.0028418813912132294
2312,3346,0.0025278170945730455
2312,3347,0.002487992814337726
2312,3348,0.0025636929713250263
2312,3349,0.0025282388796384328
2312,3350,0.0020347888253758944
2312,3351,0.0021517614104364967
2312,3366,0.0033399780036917244
2313,2314,0.034148473906356856
2313,2316,0.02485813225241565
2313,2317,0.019760837342503747
2313,2318,0.018466791587877993
2313,2319,0.015218261563279484
2313,2320,0.0132216885417923
2313,2321,0.003566001159832619
2313,2322,0.012646696186676286
2313,2323,0.011648170534147415
2313,2324,0.010709556083985732
2313,2325,0.008792184183073846
2313,2326,0.008760007579473433
2313,2327,0.008502230012314088
2313,2328,0.006019244775331441
2313,2329,0.00411436646658296
2313,2330,0.005317143682548435
2313,2331,0.00461060787619398
2313,2332,0.0038577249026523885
2313,2333,0.0034436771856717467
2313,2334,0.0032480205930523758
2313,2335,0.003004738098652526
2313,2338,0.004899913718922158
2313,2339,0.005250184183845263
2313,2340,0.005946335898010442
2313,2341,0.006011130481569943
2313,2342,0.005858907968787309
2313,2343,0.0044923186044883165
2313,2344,0.004343014290106331
2313,2345,0.0036496631247633364
2313,2346,0.0036898391649554624
2313,2347,0.004468201554641025
2313,2348,0.00492502085555498
2313,2349,0.005224148488601713
2313,2351,0.004716760784278773
2313,2352,0.0044873391606217
2313,2353,0.004766744229531239
2313,2354,0.005367324369762656
2313,2355,0.005860818808412731
2313,2356,0.006553164454208641
2313,2357,0.006374687478204913
2313,2358,0.0061443942280596875
2313,2359,0.00622881105637182
2313,2360,0.0063694750568034945
2313,2361,0.0069095182611529195
2313,2362,0.007537788282396209
2313,2364,0.008226369468167728
2313,2365,0.010932950322855888
2313,2366,0.011814060020452629
2313,2367,0.013707967966070036
2313,2368,0.014695349251939315
2313,2369,0.045368720021587476
2313,2845,0.00349714537428118
2313,2846,0.004351798557742429
2313,2847,0.005244793009572427
2313,2848,0.006313688859359159
2313,2849,0.0036362710284981357
2313,2850,0.004207350754825701
2313,2851,0.005089067613919949
2313,2852,0.004389453449017357
2313,2853,0.009759815912896177
2313,3102,0.002158920692373951
2313,3104,0.00471390028420049
2313,3300,0.015288940343499032
2313,3301,0.01997269485535888
2313,3302,0.023238346677021574
2313,3303,0.02653060962568403
2313,3304,0.02919455378743065
2313,3305,0.03364524856571695
2313,3306,0.040805716785126143
2313,3307,0.02005179633448961
2313,3308,0.016911775463208895
2313,3309,0.012798959615219966
2313,3310,0.011635544524178363
2313,3311,0.009434402200245716
2313,3312,0.007359144595138227
2313,3313,0.006194963948828924
2313,3314,0.004858769613220211
2313,3315,0.004437105847384817
2313,3316,0.010627150207490325
2313,3317,0.003362746180591451
2313,3318,0.002911933065451328
2313,3319,0.0031289687476998523
2313,3320,0.0030642374869975855
2313,3321,0.012259906594168212
2313,3322,0.00201429502092087
2313,3328,0.005416679747103907
2313,3329,0.005962791237463376
2313,3330,0.006368361161795334
2313,3331,0.007529765609902937
2313,3332,0.008748086683863576
2313,3333,0.010348289237485197
2313,3334,0.011633127002310919
2313,3335,0.012266828847234703
2313,3336,0.012545595731145031
2313,3337,0.010552590698038903
2313,3338,0.009229835348016866
2313,3339,0.007482066311234582
2313,3340,0.007072797502577486
2313,3341,0.005117885829203184
2313,3342,0.004934324735172231
2313,3343,0.004200578104615942
2313,3344,0.0035791039213755394
2313,3345,0.003738146454198074
2313,3346,0.00331209611554137
2313,3347,0.0032470700408058434
2313,3348,0.003283391865546278
2313,3349,0.0033589121867228654
2313,3350,0.0025730169944747617
2313,3351,0.002701970686879156
2313,3352,0.002150736279299818
2313,3353,0.0020750459883398693
2313,3354,0.0020395837296575932
2313,3355,0.0020286163440591393
2313,3366,0.004677213914637765
2314,2316,0.04669175543449678
2314,2317,0.03686046779825508
2314,2318,0.034606198708903226
2314,2319,0.029099106747226374
2314,2320,0.0253124083399283
2314,2321,0.0033873439499795396
2314,2322,0.02418965908834103
2314,2323,0.022309842298995502
2314,2324,0.020600907671697883
2314,2325,0.00846097673200515
2314,2326,0.008420704724652723
2314,2327,0.008140857112351406
2314,2328,0.005759980872287144
2314,2329,0.003909845720449046
2314,2330,0.005093485170408348
2314,2331,0.0044289963889682605
2314,2332,0.0037184547199955015
2314,2333,0.003324006756708513
2314,2334,0.0031376788341368933
2314,2335,0.002905756333589923
2314,2338,0.004634114253445101
2314,2339,0.004958215306299083
2314,2340,0.005605817413251879
2314,2341,0.005608414328265047
2314,2342,0.005461841174033309
2314,2343,0.004153244866642501
2314,2344,0.004011923748098868
2314,2345,0.0033292710584507572
2314,2346,0.003395295886261183
2314,2347,0.004120594745713406
2314,2348,0.004529503782466552
2314,2349,0.004778667042016772
2314,2351,0.004301866559641385
2314,2352,0.0040915624858425285
2314,2353,0.004341016006101625
2314,2354,0.004892899830977709
2314,2355,0.005345029621488656
2314,2356,0.005999513458764598
2314,2357,0.005856164484102684
2314,2358,0.0056611958868489284
2314,2359,0.0057530051646883
2314,2360,0.005889185385800935
2314,2361,0.00640772994429996
2314,2362,0.0070128183740628776
2314,2364,0.00770364542882491
2314,2365,0.010181202732868067
2314,2366,0.010975124890469676
2314,2367,0.012598551049540784
2314,2368,0.013437514078986518
2314,2369,0.02055272451547053
2314,2845,0.0031619626677366146
2314,2846,0.003902615326975859
2314,2847,0.004691089932997783
2314,2848,0.0056551814835236105
2314,2849,0.00326548718469309
2314,2850,0.0037553448068783422
2314,2851,0.004534544176960917
2314,2852,0.0039228567181280125
2314,2853,0.004343308945645502
2314,3102,0.0019593396987999155
2314,3104,0.004218224384256657
2314,3300,0.006845161221326694
2314,3301,0.008959644573066507
2314,3302,0.010464653933987846
2314,3303,0.011979476761968571
2314,3304,0.013178745268424823
2314,3305,0.015218127917451316
2314,3306,0.01858794153443157
2314,3307,0.038520190208232365
2314,3308,0.032824994322641056
2314,3309,0.02482420978534809
2314,3310,0.022424986349156503
2314,3311,0.018089207029157173
2314,3312,0.01413015254613952
2314,3313,0.011910771135793405
2314,3314,0.00935632978784978
2314,3315,0.008572938332262584
2314,3316,0.004737906071755722
2314,3317,0.0065164357833281455
2314,3318,0.005654361636552652
2314,3319,0.006078808919910301
2314,3320,0.0059596182114854505
2314,3321,0.0054696946339328175
2314,3322,0.001957968459259867
2314,3323,0.001817931082554125
2314,3328,0.004903348335184701
2314,3329,0.0053978418095489865
2314,3330,0.005773070102947946
2314,3331,0.006857225918020417
2314,3332,0.00801143426127633
2314,3333,0.009494503025275134
2314,3334,0.01069955377535225
2314,3335,0.011373377266926048
2314,3336,0.011723386445006862
2314,3337,0.00992209394749
2314,3338,0.00866372016502513
2314,3339,0.007034076793378226
2314,3340,0.006668690765582498
2314,3341,0.004856666408001725
2314,3342,0.004686475375316993
2314,3343,0.003991912420900506
2314,3344,0.003219067919468164
2314,3345,0.0035672355323306095
2314,3346,0.0031625488095145945
2314,3347,0.0031025289313877584
2314,3348,0.0031466328359319195
2314,3349,0.0030088708308762565
2314,3350,0.002469812210587701
2314,3351,0.0025960437916547107
2314,3352,0.002072063160850345
2314,3353,0.0020021367694532098
2314,3354,0.001968851931624945
2314,3355,0.001959314277214053
2314,3366,0.004231218444157176
2315,2318,0.007162398211113913
2315,2319,0.009944938950290038
2315,2320,0.011477449033394687
2315,2321,0.060701959825896774
2315,2322,0.011949386980832397
2315,2323,0.01303441064640908
2315,2324,0.01417009563157297
2315,2325,0.01717914644887389
2315,2326,0.01735177287169285
2315,2327,0.017790731456488795
2315,2328,0.024837221975035996
2315,2329,0.05678164988913155
2315,2330,0.02836200929251509
2315,2331,0.03301619924063719
2315,2332,0.03656391713144523
2315,2333,0.03731056537196593
2315,2334,0.03665418413637838
2315,2335,0.03476597182903573
2315,2336,0.03634487215277636
2315,2337,0.03551625734281476
2315,2338,0.04207628947518691
2315,2339,0.03831324198159151
2315,2340,0.0336224908965289
2315,2341,0.022697056469522553
2315,2342,0.022087268175557454
2315,2343,0.015541491043161378
2315,2344,0.014887099505355219
2315,2350,0.10317355878830625
2315,2359,0.007589530663096731
2315,2360,0.007912201870941413
2315,2361,0.008804465338991957
2315,2362,0.009686051514398658
2315,2363,0.09279339464774082
2315,2364,0.011530948008272895
2315,2365,0.008757465455811301
2315,2366,0.008018829661054022
2315,3320,0.006668698405713709
2315,3322,0.004924779680466569
2316,2317,0.051794416230297124
2316,2318,0.04899319018175331
2316,2319,0.03854377439229783
2316,2320,0.033388665385831066
2316,2321,0.0046932828044262504
2316,2322,0.03215497001246453
2316,2323,0.02942650297539604
2316,2324,0.026245936380115874
2316,2325,0.010768638262983193
2316,2326,0.01083018898507602
2316,2327,0.010803866000106
2316,2328,0.007696102063036802
2316,2329,0.0054084971414389985
2316,2330,0.006764564323300523
2316,2331,0.00576842188421143
2316,2332,0.004699959828758326
2316,2333,0.0041404421778559585
2316,2334,0.0038718775464574935
2316,2335,0.0035370840884975992
2316,2336,0.002946123388767274
2316,2337,0.002808456806477382
2316,2338,0.006497698991673548
2316,2339,0.006972375531147304
2316,2340,0.007905438283966127
2316,2341,0.007924357693537793
2316,2342,0.007710450187617446
2316,2343,0.005768316291653312
2316,2344,0.005559188393787624
2316,2345,0.004371240629036683
2316,2346,0.00464529227536906
2316,2347,0.005678616207448793
2316,2348,0.00617748606325209
2316,2349,0.006354586487897701
2316,2351,0.00563193309776714
2316,2352,0.005350425592306539
2316,2353,0.005631466564810991
2316,2354,0.006380448844342397
2316,2355,0.006981833061373664
2316,2356,0.00799844957886486
2316,2357,0.007937545819097452
2316,2358,0.007766245790115959
2316,2359,0.007958143924321056
2316,2360,0.008172407510733186
2316,2361,0.008960738077636376
2316,2362,0.009868566386918149
2316,2364,0.0109080465987484
2316,2365,0.014337114268676237
2316,2366,0.015375150467146142
2316,2367,0.01691514253881414
2316,2368,0.017466321855811054
2316,2369,0.02320696461466476
2316,2845,0.0038852440596052347
2316,2846,0.004379962059278882
2316,2847,0.005043582778104616
2316,2848,0.006178377588315884
2316,2849,0.0037425764181242605
2316,2850,0.003907997730367808
2316,2851,0.004507013854532295
2316,2852,0.004178178714537549
2316,2853,0.003769866007389706
2316,3102,0.002491115298525738
2316,3104,0.004581680582603044
2316,3300,0.005297514815339352
2316,3301,0.006789289350399007
2316,3302,0.007725361741735331
2316,3303,0.008719230893696368
2316,3304,0.009584378283846569
2316,3305,0.010960507566097129
2316,3306,0.013158275658479998
2316,3307,0.027948511733738166
2316,3308,0.026763475156109395
2316,3309,0.021083717038749113
2316,3310,0.01780027577619535
2316,3311,0.013947476750710775
2316,3312,0.01108166436013026
2316,3313,0.009478037445030818
2316,3314,0.007584955621859652
2316,3315,0.007222248021979061
2316,3316,0.0039007863150948086
2316,3317,0.005767789431137117
2316,3318,0.005251527539416644
2316,3319,0.00572858347793748
2316,3320,0.006023674727687995
2316,3321,0.004436558116721247
2316,3322,0.0019110133469179083
2316,3328,0.0035595078136240106
2316,3329,0.003916765400780979
2316,3330,0.004166273632383568
2316,3331,0.004880570326635575
2316,3332,0.005642207485044814
2316,3333,0.006671567761993864
2316,3334,0.007502591049839331
2316,3335,0.007962553196805272
2316,3336,0.008253355910782094
2316,3337,0.007065581907937448
2316,3338,0.006154512720373025
2316,3339,0.005020125923005485
2316,3340,0.0047972840876123034
2316,3341,0.0035828651222256694
2316,3342,0.003471248641365303
2316,3343,0.0029682220815829357
2316,3344,0.002421143578691222
2316,3345,0.002713324657643994
2316,3346,0.0024163158051490694
2316,3347,0.002380643070196339
2316,3348,0.0024642042083608835
2316,3349,0.002339307362281315
2316,3350,0.0019625749803237466
2316,3351,0.0020786128927025283
2316,3366,0.003081239634179714
2317,2318,0.06164286248434322
2317,2319,0.04152416057314098
2317,2320,0.036493634455455226
2317,2321,0.005731208968571043
2317,2322,0.03566720720220524
2317,2323,0.03254581207309119
2317,2324,0.02807746956299097
2317,2325,0.011635023949954288
2317,2326,0.011832376155504384
2317,2327,0.012252152750649933
2317,2328,0.008887431470807327
2317,2329,0.006581210088981095
2317,2330,0.007773667461145611
2317,2331,0.006501624443177948
2317,2332,0.005153705643464692
2317,2333,0.004485674612357229
2317,2334,0.004162510594288886
2317,2335,0.00376097077625004
2317,2336,0.0031341779731336775
2317,2337,0.002979606888373186
2317,2338,0.0080848585661505
2317,2339,0.008726460559314829
2317,2340,0.009958021678648642
2317,2341,0.010280328149566224
2317,2342,0.010015613953827027
2317,2343,0.007527042920055831
2317,2344,0.00725217298786436
2317,2345,0.00558730833880882
2317,2346,0.006042633501301363
2317,2347,0.007400079858626304
2317,2348,0.008024174758144523
2317,2349,0.008161882741885064
2317,2351,0.007179108996997159
2317,2352,0.0068179447527963516
2317,2353,0.007142212362605256
2317,2354,0.008108932039988649
2317,2355,0.0088757147087883
2317,2356,0.010273669388275293
2317,2357,0.010278288290678558
2317,2358,0.01010389904692304
2317,2359,0.010376639269817104
2317,2360,0.010661862215590985
2317,2361,0.011693771302390268
2317,2362,0.012854576721605362
2317,2363,0.0030528158604306585
2317,2364,0.014037450274505904
2317,2365,0.018668887998460625
2317,2366,0.02006374118778578
2317,2367,0.021567304037018505
2317,2368,0.021588094757784154
2317,2369,0.023191772659745476
2317,2845,0.004765102289648334
2317,2846,0.00504187780161065
2317,2847,0.005612147056244159
2317,2848,0.006903671817411699
2317,2849,0.004384639352002615
2317,2850,0.004279787588305058
2317,2851,0.004762737501697436
2317,2852,0.004642694416864235
2317,2853,0.003643720535640023
2317,3102,0.003131212432392462
2317,3103,0.0021782878987868662
2317,3104,0.0051490862588921115
2317,3300,0.004693727988186198
2317,3301,0.005894665372100431
2317,3302,0.0065692517012907094
2317,3303,0.007322275210909328
2317,3304,0.00802373635092228
2317,3305,0.009083389545752359
2317,3306,0.010734867751751438
2317,3307,0.022399100219404187
2317,3308,0.021597211257108295
2317,3309,0.017349105347432482
2317,3310,0.014458256032081961
2317,3311,0.011284571787504421
2317,3312,0.009022541963338161
2317,3313,0.007760954665890181
2317,3314,0.006261584079117698
2317,3315,0.006055206871370907
2317,3316,0.003631579512930274
2317,3317,0.004955467954159251
2317,3318,0.00462837522844877
2317,3319,0.005083501801084857
2317,3320,0.005563933384116064
2317,3321,0.004076814997930283
2317,3328,0.003019575978218852
2317,3329,0.0033189687204345153
2317,3330,0.0035119353309258053
2317,3331,0.004056704510363496
2317,3332,0.004631472252631191
2317,3333,0.005455234328959036
2317,3334,0.006110949789334726
2317,3335,0.00643116680271773
2317,3336,0.0066311911136662256
2317,3337,0.005661086162605254
2317,3338,0.004932165556502981
2317,3339,0.004021011374678224
2317,3340,0.0038422076977057415
2317,3341,0.0028785666280203375
2317,3342,0.0027911540636935592
2317,3343,0.0023891698061031747
2317,3344,0.0021214234472364535
2317,3345,0.0021969092697388406
2317,3346,0.0019595174456554726
2317,3347,0.001933154154592399
2317,3348,0.0020140400454126124
2317,3349,0.002103905313722305
2317,3366,0.002623654220487957
2318,2319,0.046838371336132806
2318,2320,0.04141857454790298
2318,2321,0.006541525141955962
2318,2322,0.040600731579590675
2318,2323,0.03706241404888125
2318,2324,0.0318271953095457
2318,2325,0.013227155769097039
2318,2326,0.013473842554272569
2318,2327,0.01401114368005227
2318,2328,0.01017675466929781
2318,2329,0.00751631979312528
2318,2330,0.008900424891658576
2318,2331,0.007436864929496543
2318,2332,0.005881032968773305
2318,2333,0.005111839294757664
2318,2334,0.004738953184686629
2318,2335,0.00427527670136444
2318,2336,0.003563677664052906
2318,2337,0.003386654284922049
2318,2338,0.00919396205980264
2318,2339,0.009907298825524144
2318,2340,0.01128172473507969
2318,2341,0.011408147824103305
2318,2342,0.011092580208412067
2318,2343,0.008171025325320104
2318,2344,0.00785720852355749
2318,2345,0.005853983705347451
2318,2346,0.006485810385145696
2318,2347,0.007979632763511489
2318,2348,0.00858004207852617
2318,2349,0.008585023556100503
2318,2350,0.003158396637089907
2318,2351,0.007496132995390367
2318,2352,0.007118050059206773
2318,2353,0.007423934615118086
2318,2354,0.00843968724569039
2318,2355,0.009236141068171803
2318,2356,0.010795095295264786
2318,2357,0.010918751832700278
2318,2358,0.010833828401691815
2318,2359,0.011204355936349672
2318,2360,0.011545167083608213
2318,2361,0.012762782718077558
2318,2362,0.014148883220855639
2318,2363,0.003490014102292962
2318,2364,0.015715366552834363
2318,2365,0.020541427226014774
2318,2366,0.021839499394410735
2318,2367,0.022230111135780176
2318,2368,0.021702359114963248
2318,2369,0.02209111944062687
2318,2845,0.004840392175826389
2318,2846,0.004978109960950909
2318,2847,0.005479977573930705
2318,2848,0.006741567570645555
2318,2849,0.004360213844378942
2318,2850,0.004165514028520308
2318,2851,0.004597108870233082
2318,2852,0.004535055890435099
2318,2853,0.0034764834587536347
2318,3102,0.0032358859695104845
2318,3103,0.0022317344863897314
2318,3104,0.005044157735768642
2318,3300,0.004476838456625315
2318,3301,0.005635359382666215
2318,3302,0.0063028968192180325
2318,3303,0.007046969721703129
2318,3304,0.0077300055620070736
2318,3305,0.008780853438827006
2318,3306,0.010450310569981995
2318,3307,0.02217547183858314
2318,3308,0.021839868764438195
2318,3309,0.01789002769288148
2318,3310,0.0147730929429146
2318,3311,0.011496703589797982
2318,3312,0.009259576488166745
2318,3313,0.00800895682888995
2318,3314,0.006506874771689714
2318,3315,0.006358635486657156
2318,3316,0.003458829466881458
2318,3317,0.005277844354877105
2318,3318,0.004989594416430076
2318,3319,0.005494989697900308
2318,3320,0.006105360137671997
2318,3321,0.0038825361030166163
2318,3328,0.002896437796990968
2318,3329,0.003184555600801262
2318,3330,0.003373889146387771
2318,3331,0.00391323289507143
2318,3332,0.00449001920077953
2318,3333,0.005299278888120573
2318,3334,0.005949545022672991
2318,3335,0.006299990713666573
2318,3336,0.006536005398101877
2318,3337,0.005618520995784584
2318,3338,0.004891361637511644
2318,3339,0.003999678690252549
2318,3340,0.0038367478799575415
2318,3341,0.0029069878102152336
2318,3342,0.0028232434593242336
2318,3343,0.0024215017516395674
2318,3344,0.002024682554306035
2318,3345,0.002244927873742973
2318,3346,0.0020062479484468506
2318,3347,0.00198213576507641
2318,3348,0.0020779482731998517
2318,3349,0.0020044057938026663
2318,3366,0.002514560390842399
2319,2320,0.06111899117760659
2319,2321,0.008078391277901005
2319,2322,0.05863617599015049
2319,2323,0.0538331572350501
2319,2324,0.04756302018692809
2319,2325,0.01959414320461409
2319,2326,0.019787168202734868
2319,2327,0.019686446499951573
2319,2328,0.013952354226766219
2319,2329,0.009337770005421738
2319,2330,0.012307593376014721
2319,2331,0.0105565104210042
2319,2332,0.008576584099763272
2319,2333,0.0075204154087601255
2319,2334,0.007005344271406659
2319,2335,0.006356835306702358
2319,2336,0.00529530178310863
2319,2337,0.005038484237784244
2319,2338,0.010679266198503812
2319,2339,0.011254382102674852
2319,2340,0.012437628463009208
2319,2341,0.010799862316856472
2319,2342,0.010404789492556101
2319,2343,0.007053165938731601
2319,2344,0.006734438605536093
2319,2345,0.004470191801781575
2319,2346,0.005380327496716385
2319,2347,0.006701523599924777
2319,2348,0.006956248719158869
2319,2349,0.006581892312387181
2319,2350,0.004112943415611453
2319,2351,0.005639027672331524
2319,2352,0.005358015720025493
2319,2353,0.00551367431136264
2319,2354,0.006274354138307967
2319,2355,0.006848753761959373
2319,2356,0.008191600502679927
2319,2357,0.008571587877758495
2319,2358,0.008790203583747713
2319,2359,0.009321611645113003
2319,2360,0.009699582367020051
2319,2361,0.011014967180450919
2319,2362,0.012591559280698423
2319,2363,0.004478782540054494
2319,2364,0.015214091825784811
2319,2365,0.01727646910051418
2319,2366,0.01739268843299699
2319,2367,0.015508788167652124
2319,2368,0.014668746181509918
2319,2369,0.0151958564019139
2319,2845,0.0033979301702986523
2319,2846,0.0033350155257055314
2319,2847,0.0036387278796225077
2319,2848,0.004475905231374178
2319,2849,0.002948720070190117
2319,2850,0.002763123973850825
2319,2851,0.0030545604952276
2319,2852,0.003012177660131581
2319,2853,0.0023833682247767964
2319,3102,0.0023793779483412643
2319,3104,0.0033556805466953455
2319,3300,0.003304074256680785
2319,3301,0.004259635699949756
2319,3302,0.004903901843892992
2319,3303,0.005587659838284892
2319,3304,0.0061487727792591
2319,3305,0.007089292505787396
2319,3306,0.008653804182318503
2319,3307,0.01977143660650996
2319,3308,0.021466826224782617
2319,3309,0.019738159743037068
2319,3310,0.01592813213882941
2319,3311,0.012430470547329407
2319,3312,0.010448495147659548
2319,3313,0.00930537597996808
2319,3314,0.007830703043809074
2319,3315,0.00798677278927244
2319,3316,0.0024334319241136842
2319,3317,0.007010120661960202
2319,3318,0.006905450204602442
2319,3319,0.0076614489065506995
2319,3320,0.008867354677578232
2319,3321,0.0027620917161979438
2319,3322,0.0027333472485719223
2319,3323,0.002492661817603426
2319,3324,0.0023951355328392346
2319,3325,0.001955784542631409
2319,3328,0.002282767588492704
2319,3329,0.0025129757031516404
2319,3330,0.0026875088086696915
2319,3331,0.00320590033072914
2319,3332,0.0037908070062590733
2319,3333,0.004507885175140213
2319,3334,0.005107051248343936
2319,3335,0.005584797036023095
2319,3336,0.005975815013703935
2319,3337,0.005363655735655654
2319,3338,0.004679051386898675
2319,3339,0.003912595856689295
2319,3340,0.003832682033426796
2319,3341,0.003090161044394809
2319,3342,0.0030259907176043177
2319,3343,0.002628408093225393
2319,3345,0.0025327305213531147
2319,3346,0.002287414886588877
2319,3347,0.0022748195252006035
2319,3348,0.0024475763401884476
2319,3350,0.002022431305180842
2319,3351,0.0021675869757795583
2319,3355,0.0019323172110814813
2319,3366,0.001970434102984677
2320,2321,0.009586683162583782
2320,2322,0.07027981735090319
2320,2323,0.06519343989387953
2320,2324,0.05687537035968701
2320,2325,0.023592387464632048
2320,2326,0.023907245347690002
2320,2327,0.02380521003844242
2320,2328,0.016847987504348728
2320,2329,0.011084171755065039
2320,2330,0.014884754536016731
2320,2331,0.01278809138652819
2320,2332,0.010364458056698176
2320,2333,0.009067431272399878
2320,2334,0.008431697320748862
2320,2335,0.007629476080175671
2320,2336,0.006357343007454674
2320,2337,0.0060447220061355
2320,2338,0.012428260908942727
2320,2339,0.012997612058032846
2320,2340,0.014194475037693513
2320,2341,0.011761292962915894
2320,2342,0.011306794189909096
2320,2343,0.007503488578456934
2320,2344,0.0071509993909543565
2320,2345,0.004559091355057498
2320,2346,0.005660584323352229
2320,2347,0.007063813091775791
2320,2348,0.007232407234638385
2320,2349,0.006699023983048023
2320,2350,0.004945447886450877
2320,2351,0.0057032775273446
2320,2352,0.005423083865863346
2320,2353,0.0055466841970228525
2320,2354,0.006306976847251055
2320,2355,0.006870202512238649
2320,2356,0.008277909145830003
2320,2357,0.008772972528922616
2320,2358,0.009106273958112565
2320,2359,0.009735026147710093
2320,2360,0.010156777327211994
2320,2361,0.011607061976590036
2320,2362,0.013352251527136328
2320,2363,0.005371086206858692
2320,2364,0.016467757688054196
2320,2365,0.017650198312823225
2320,2366,0.017438175869612348
2320,2367,0.01492445040706737
2320,2368,0.013920244540918426
2320,2369,0.013895821266228212
2320,2845,0.0033287066865332194
2320,2846,0.003166309353978254
2320,2847,0.0034128638358795057
2320,2848,0.00419541135451063
2320,2849,0.002823519934677093
2320,2850,0.0025842102695394567
2320,2851,0.002829898491594136
2320,2852,0.002827858053401714
2320,2853,0.0021758983593007323
2320,3102,0.0023900746832038263
2320,3104,0.00315909618870944
2320,3300,0.0030030490559750495
2320,3301,0.0038738256224689644
2320,3302,0.004465914913207869
2320,3303,0.005094048575467583
2320,3304,0.005605372103284164
2320,3305,0.006466814927456871
2320,3306,0.007901359792721956
2320,3307,0.018165249032367776
2320,3308,0.019983798931184515
2320,3309,0.01893516946793895
2320,3310,0.015273036163798772
2320,3311,0.011986091028635749
2320,3312,0.010235870367779015
2320,3313,0.009221808420053504
2320,3314,0.007878379875522805
2320,3315,0.008177619894244861
2320,3316,0.0022141915840811063
2320,3317,0.007381084834430657
2320,3318,0.007442770054644673
2320,3319,0.00828970634424816
2320,3320,0.009877094017150319
2320,3321,0.002511596820116911
2320,3322,0.0030309648435379046
2320,3323,0.0027580331319191514
2320,3324,0.0026466660809400687
2320,3325,0.0021640530815647332
2320,3328,0.0020834232877352033
2320,3329,0.0022935252359571807
2320,3330,0.002454853033716987
2320,3331,0.002936523079394251
2320,3332,0.003484071685082606
2320,3333,0.004144524726949754
2320,3334,0.004698371902537869
2320,3335,0.005159589464281603
2320,3336,0.005546138963639781
2320,3337,0.005024482279337694
2320,3338,0.004390506219130386
2320,3339,0.0036949015692838796
2320,3340,0.0036381738921887935
2320,3341,0.0029875581418945148
2320,3342,0.0029330674315582997
2320,3343,0.0025599161465961143
2320,3345,0.00249818288992614
2320,3346,0.002265783952003888
2320,3347,0.0022585357527898685
2320,3348,0.002451821608936445
2320,3350,0.002048172417972793
2320,3351,0.002200650745601711
2321,2322,0.013626979652112367
2321,2323,0.01447905732353307
2321,2324,0.01427611851363543
2321,2325,0.016163967722773096
2321,2326,0.016838556247665643
2321,2327,0.019206218095511547
2321,2328,0.025768971611790658
2321,2329,0.08648203824791001
2321,2330,0.026704037599464915
2321,2331,0.024043047921188537
2321,2332,0.018774772849862006
2321,2333,0.016261041039719093
2321,2334,0.014824234354227634
2321,2335,0.012956719893584146
2321,2336,0.011679528708561105
2321,2337,0.01108188563895507
2321,2338,0.06762326278116348
2321,2339,0.061441510581998336
2321,2340,0.05324017123164142
2321,2341,0.037119131337847396
2321,2342,0.03621591932488296
2321,2343,0.025511862929191442
2321,2344,0.02440322268249241
2321,2345,0.006218521706641326
2321,2346,0.009659864302649776
2321,2347,0.011336236072804888
2321,2348,0.010194020715572514
2321,2349,0.008082102770745059
2321,2350,0.046481573054686885
2321,2351,0.006831072365704829
2321,2352,0.006624822050166671
2321,2353,0.006386172447090681
2321,2354,0.006968849091849152
2321,2355,0.007276908801678989
2321,2356,0.008747981768280495
2321,2357,0.01002934246586111
2321,2358,0.01127998692616869
2321,2359,0.012438236095385276
2321,2360,0.012947575060174604
2321,2361,0.014291135902844063
2321,2362,0.015490388168829352
2321,2363,0.052369281688604045
2321,2364,0.017773244182625117
2321,2365,0.013021436685579093
2321,2366,0.011825076310078246
2321,2367,0.008851276216934349
2321,2368,0.007782727629545664
2321,2369,0.005922415404293375
2321,2845,0.0031078963112274407
2321,3102,0.0029793330907281292
2321,3306,0.0028576879050503504
2321,3307,0.0032151678988358756
2321,3308,0.003495221987134141
2321,3309,0.0033786558661620825
2321,3320,0.0034135327663560246
2322,2323,0.07330187654521979
2322,2324,0.062328177600436935
2322,2325,0.026163410206419088
2322,2326,0.026654182009849457
2322,2327,0.026963639688844188
2322,2328,0.019118083309134355
2322,2329,0.01265990155950492
2322,2330,0.016859105199765148
2322,2331,0.014405745980550966
2322,2332,0.011586333491720507
2322,2333,0.010103391535060563
2322,2334,0.009375769910218735
2322,2335,0.008459206147691892
2322,2336,0.007051878110079813
2322,2337,0.006700724491038027
2322,2338,0.014207047829306013
2322,2339,0.01485163594856859
2322,2340,0.016199259574438463
2322,2341,0.013312357730912808
2322,2342,0.012792586817065658
2322,2343,0.008450749330731403
2322,2344,0.008050314865676828
2322,2345,0.005074881265830896
2322,2346,0.006358351776862704
2322,2347,0.007936596086292646
2322,2348,0.008094093071933612
2322,2349,0.0074484667718581025
2322,2350,0.0056276911744371294
2322,2351,0.006329429643590216
2322,2352,0.006020351613297302
2322,2353,0.006144586134803092
2322,2354,0.006983728327635004
2322,2355,0.007600916184420459
2322,2356,0.00917862380765844
2322,2357,0.009767465046580784
2322,2358,0.010176115005497657
2322,2359,0.010903327404062683
2322,2360,0.01138340817101684
2322,2361,0.013027852873083227
2322,2362,0.015006531752755231
2322,2363,0.006119000638573751
2322,2364,0.01859318477254603
2322,2365,0.01958187915262194
2322,2366,0.019223143755553396
2322,2367,0.016207617848573642
2322,2368,0.015026702231929605
2322,2369,0.01466307218397347
2322,2845,0.003651829607046192
2322,2846,0.0034263122862692075
2322,2847,0.0036695366227969804
2322,2848,0.004508378330558401
2322,2849,0.0030681119002427207
2322,2850,0.00277470655904377
2322,2851,0.003020661903898865
2322,2852,0.0030426008307026624
2322,2853,0.0022946022767328573
2322,3102,0.002647518575656261
2322,3104,0.0034037756330983957
2322,3300,0.003132662424203475
2322,3301,0.004033162686951244
2322,3302,0.004639965247968066
2322,3303,0.005287086611519265
2322,3304,0.00581799703810608
2322,3305,0.006708792126966528
2322,3306,0.008191855198856892
2322,3307,0.018781458600273724
2322,3308,0.02060765278342613
2322,3309,0.01950809438915288
2322,3310,0.01573567965095661
2322,3311,0.01235332181709001
2322,3312,0.010564315954177393
2322,3313,0.009531602002008123
2322,3314,0.008162605704562743
2322,3315,0.00850027277181023
2322,3316,0.0023234747183640474
2322,3317,0.007722525378840951
2322,3318,0.007837914441936527
2322,3319,0.008739082733219548
2322,3320,0.010513373718306301
2322,3321,0.0026313254561589573
2322,3322,0.003222851932174861
2322,3323,0.002930575012748177
2322,3324,0.0028110267157249024
2322,3325,0.002299902089562716
2322,3329,0.0023783412622328933
2322,3330,0.002544239838239038
2322,3331,0.0030390604908572512
2322,3332,0.003601204088326547
2322,3333,0.0042834859106566595
2322,3334,0.004855055778863398
2322,3335,0.005326168593519481
2322,3336,0.00572063987700506
2322,3337,0.00517749593880795
2322,3338,0.0045237050746860805
2322,3339,0.0038061314201178974
2322,3340,0.003747636321989794
2322,3341,0.0030800373153172726
2322,3342,0.0030244979868664663
2322,3343,0.002640933739026194
2322,3345,0.0025810302673563434
2322,3346,0.0023423303879755377
2322,3347,0.0023356177786332164
2322,3348,0.0025389617065907913
2322,3351,0.002284419914197453
2323,2324,0.07307447301865005
2323,2325,0.031070363257461254
2323,2326,0.03170623031267437
2323,2327,0.03182547946762884
2323,2328,0.022508744809905983
2323,2329,0.014600139269158525
2323,2330,0.01990631358119931
2323,2331,0.017097071233387648
2323,2332,0.013785173124335656
2323,2333,0.012020426443980804
2323,2334,0.011151657141207154
2323,2335,0.010054524194579554
2323,2336,0.008383114357184453
2323,2337,0.007964206587378536
2323,2338,0.016059731983865497
2323,2339,0.016665917084793997
2323,2340,0.01797434502107472
2323,2341,0.014284083510095141
2323,2342,0.01371172107936437
2323,2343,0.00895942198650254
2323,2344,0.008526961375347293
2323,2345,0.005257655960817029
2323,2346,0.006703286789708355
2323,2347,0.008368626557287592
2323,2348,0.008463694600712482
2323,2349,0.007697871915069837
2323,2350,0.006590526692726049
2323,2351,0.006522928879314354
2323,2352,0.006207905476205765
2323,2353,0.006314939114033855
2323,2354,0.007171302366587719
2323,2355,0.007794228060436707
2323,2356,0.009440400210104104
2323,2357,0.010111961530552738
2323,2358,0.010604551719161092
2323,2359,0.011410581701001758
2323,2360,0.01192792091454882
2323,2361,0.013686410139466212
2323,2362,0.015800611486956148
2323,2363,0.007143260410643528
2323,2364,0.019768237183037853
2323,2365,0.02009723324579916
2323,2366,0.019557870602754813
2323,2367,0.016245730386925124
2323,2368,0.014996142401673702
2323,2369,0.014522380081328364
2323,2845,0.003704369511532818
2323,2846,0.003428636767270216
2323,2847,0.0036553709926501303
2323,2848,0.004489110737203099
2323,2849,0.00308134046104438
2323,2850,0.0027619268349888754
2323,2851,0.002998097182083766
2323,2852,0.0030323179580108352
2323,3102,0.0027218142744438343
2323,3104,0.0033952780652596916
2323,3300,0.0031155969388780833
2323,3301,0.004018136754479368
2323,3302,0.004633540768423102
2323,3303,0.005287233362528369
2323,3304,0.00581779569306346
2323,3305,0.0067134106606116335
2323,3306,0.008205444684025915
2323,3307,0.01891859279344684
2323,3308,0.020957384427553065
2323,3309,0.020238568121187767
2323,3310,0.016343526436340922
2323,3311,0.012892644719570719
2323,3312,0.011147670003078784
2323,3313,0.010137527875961228
2323,3314,0.008771135978154508
2323,3315,0.009234682346661988
2323,3317,0.008540501747175579
2323,3318,0.008792665688379395
2323,3319,0.00982258765312634
2323,3320,0.012015464813949982
2323,3321,0.0026102092954824294
2323,3322,0.0036797195196738106
2323,3323,0.0033425237704973387
2323,3324,0.0032040340429046396
2323,3325,0.0026246371676165413
2323,3326,0.0024223568141851825
2323,3330,0.0025504024362856797
2323,3331,0.0030552596938882084
2323,3332,0.0036318401830727313
2323,3333,0.0043208225774983315
2323,3334,0.004899705813507318
2323,3335,0.005393866115630406
2323,3336,0.005813884657317149
2323,3337,0.005299698272718935
2323,3338,0.0046373073073318425
2323,3339,0.003921071443237074
2323,3340,0.0038751662009430744
2323,3341,0.0032267463075381173
2323,3342,0.003174226176937476
2323,3343,0.0027813981888045007
2323,3345,0.0027415078140494114
2323,3346,0.002495416283967123
2323,3347,0.0024920722512580505
2323,3348,0.0027243477663453693
2323,3351,0.002473048381595764
2324,2325,0.039432454041015016
2324,2326,0.03926890990232663
2324,2327,0.03573289852343814
2324,2328,0.02579329309296765
2324,2329,0.015833907294674626
2324,2330,0.02322165895518316
2324,2331,0.020639958019623334
2324,2332,0.01720734695665541
2324,2333,0.015167433814866333
2324,2334,0.014153977108637066
2324,2335,0.012854771974517702
2324,2336,0.010708128584784503
2324,2337,0.01018850497685535
2324,2338,0.016616747626406515
2324,2339,0.016994472574540544
2324,2340,0.01795544406621692
2324,2341,0.01368661477595956
2324,2342,0.013126762889127497
2324,2343,0.00849709251987815
2324,2344,0.008080759459198086
2324,2345,0.004896998138374694
2324,2346,0.006327791312259885
2324,2347,0.007897277685133626
2324,2348,0.00793055693927906
2324,2349,0.007157055537449568
2324,2350,0.007541451860503743
2324,2351,0.006056185151850694
2324,2352,0.005765579490222274
2324,2353,0.0058553587235231925
2324,2354,0.006646524490331796
2324,2355,0.007219500749216401
2324,2356,0.008754216910221288
2324,2357,0.0094079874348822
2324,2358,0.00990719520897737
2324,2359,0.010691422689938305
2324,2360,0.011185524180996128
2324,2361,0.012854636937061587
2324,2362,0.014857210673042014
2324,2363,0.00808459387682007
2324,2364,0.018710278944509558
2324,2365,0.018603916708190744
2324,2366,0.018072873614371442
2324,2367,0.01505957178464174
2324,2368,0.013956611569027796
2324,2369,0.013962511092784641
2324,2845,0.003422795171481308
2324,2846,0.003182029190868899
2324,2847,0.0034116821187050238
2324,2848,0.004192775889713445
2324,2849,0.0028526356401336484
2324,2851,0.0028241867584775137
2324,2852,0.0028279634982823136
2324,3104,0.00316223685735959
2324,3300,0.0031086400463062516
2324,3301,0.0040391316766652365
2324,3302,0.004700730456216297
2324,3303,0.00538928713105546
2324,3304,0.005925591077439311
2324,3305,0.0068492947849700695
2324,3306,0.008385661981675119
2324,3307,0.0196458635549539
2324,3308,0.022298606210487803
2324,3309,0.022576509464875334
2324,3310,0.018343754986515082
2324,3311,0.014661701888600357
2324,3312,0.012979289769551568
2324,3313,0.011989146017458898
2324,3314,0.010573689779760635
2324,3315,0.011332368947555347
2324,3317,0.01076176602661295
2324,3318,0.011276863106917277
2324,3319,0.0126215586800833
2324,3320,0.01567943488560201
2324,3322,0.0048009763490232055
2324,3323,0.004357906712111644
2324,3324,0.0041753110906080845
2324,3325,0.0034240092049273472
2324,3326,0.003167201021754308
2324,3331,0.0031786914516779364
2324,3332,0.0038132598150408276
2324,3333,0.00453574550861052
2324,3334,0.00514710087417308
2324,3335,0.005719306621469547
2324,3336,0.006220618987250777
2324,3337,0.0057788162254056846
2324,3338,0.005079479307100503
2324,3339,0.004349982686731324
2324,3340,0.004335877943253955
2324,3341,0.003715938988603549
2324,3342,0.003668927204091425
2324,3343,0.003239048640321291
2324,3345,0.003244598505822553
2324,3346,0.002970439147933634
2324,3347,0.0029745908337853897
2324,3348,0.0032829570269170046
2324,3350,0.002804223203479193
2324,3351,0.003025048336321954
2324,3352,0.0027552930566646424
2324,3353,0.0028512921957292653
2324,3354,0.002871270267076502
2324,3355,0.0029329243353087998
2325,2326,0.08267045588636136
2325,2327,0.06934367348938275
2325,2328,0.05431199740330211
2325,2329,0.016151863868053583
2325,2330,0.049841260991948154
2325,2331,0.04528626403201283
2325,2332,0.03801024910488236
2325,2333,0.03343507546908802
2325,2334,0.03113104977855451
2325,2335,0.028156809251877316
2325,2336,0.023466766852330397
2325,2337,0.022305036474329375
2325,2338,0.016120508530647677
2325,2339,0.01619891599131699
2325,2340,0.016652806141096807
2325,2341,0.01203447848593803
2325,2342,0.011533844694194955
2325,2343,0.007379107617634366
2325,2344,0.00701000049647241
2325,2345,0.004083671580618671
2325,2346,0.005454903715725019
2325,2347,0.006792327004459676
2325,2348,0.006709436078963492
2325,2349,0.0059223075182765665
2325,2350,0.00809407116308212
2325,2351,0.0049891893855428145
2325,2352,0.004756818608907688
2325,2353,0.004797539541635596
2325,2354,0.005432009778452147
2325,2355,0.005880348469315228
2325,2356,0.007162220231196082
2325,2357,0.007790014644820529
2325,2358,0.00830225168815909
2325,2359,0.00902127119370224
2325,2360,0.009453022865868584
2325,2361,0.010885021778732684
2325,2362,0.012584696005715764
2325,2363,0.008611141729430399
2325,2364,0.01597745891567286
2325,2365,0.014988032903727962
2325,2366,0.01435984283866164
2325,2367,0.011662759946776478
2325,2368,0.010708482557423465
2325,2369,0.01042630657433467
2325,2845,0.0027300248736298774
2325,2846,0.002460388447350401
2325,2847,0.0026067602089131334
2325,2848,0.0031998174097974835
2325,3104,0.002425220900754978
2325,3301,0.0030021573740671354
2325,3302,0.003498102608332877
2325,3303,0.004013468490394223
2325,3304,0.004411824610399141
2325,3305,0.005100321347222425
2325,3306,0.006244530316155483
2325,3307,0.007338172922192572
2325,3308,0.008387841847405772
2325,3309,0.008688189301835306
2325,3310,0.007104490941531583
2325,3311,0.0057438469369827565
2325,3312,0.005190077970481787
2325,3313,0.004869717754699503
2325,3314,0.004389998589712182
2325,3315,0.004807892891895978
2325,3317,0.004756268720201488
2325,3318,0.005157563021461233
2325,3319,0.005790981931630271
2325,3320,0.007502013263498512
2325,3322,0.004611295707319399
2325,3323,0.004177544708263058
2325,3324,0.0039967546192364424
2325,3325,0.0032935549277465876
2325,3326,0.0030736878629735974
2325,3332,0.0028652154236020896
2325,3333,0.0034067603495575196
2325,3334,0.0038659429785696977
2325,3335,0.004310050523555433
2325,3336,0.004704678251682153
2325,3337,0.004413232827333856
2325,3338,0.0038912100192267365
2325,3339,0.003360611037184953
2325,3340,0.0033689471019989026
2325,3341,0.0029544284278682697
2325,3342,0.0029265559470355693
2325,3343,0.002602768136534418
2325,3345,0.0026488422613807367
2325,3346,0.002440942950903998
2325,3347,0.002451641040564661
2325,3348,0.00273384029637821
2325,3351,0.0025675587885973968
2325,3352,0.002394580892527545
2325,3353,0.0025049025992769963
2325,3354,0.002532341281193501
2325,3355,0.0025971270803167206
2326,2327,0.07927319955184757
2326,2328,0.06105078321782419
2326,2329,0.018279102960198915
2326,2330,0.05554704525215579
2326,2331,0.04966878359477186
2326,2332,0.04096279706001717
2326,2333,0.035817964276223226
2326,2334,0.03324019087497305
2326,2335,0.029938594938029632
2326,2336,0.024970774794865078
2326,2337,0.023714477994113255
2326,2338,0.018379682845581724
2326,2339,0.01849487087006523
2326,2340,0.019035002178331557
2326,2341,0.01374638775241792
2326,2342,0.01317440446115882
2326,2343,0.0084251661684105
2326,2344,0.008003374069706765
2326,2345,0.004647195909012568
2326,2346,0.0062259410216650365
2326,2347,0.007750543627134029
2326,2348,0.007645336690580447
2326,2349,0.00673176174782635
2326,2350,0.00900824167847199
2326,2351,0.005668227928629929
2326,2352,0.00540547938239798
2326,2353,0.005446286106788024
2326,2354,0.0061637018718530365
2326,2355,0.0066684586338920816
2326,2356,0.008126679221369783
2326,2357,0.008853760130117318
2326,2358,0.009449476095712443
2326,2359,0.010274854417319764
2326,2360,0.010767914699569168
2326,2361,0.012399897432559695
2326,2362,0.01433408394188115
2326,2363,0.00961581876625476
2326,2364,0.01820598135060596
2326,2365,0.016940178707699996
2326,2366,0.01618440101735396
2326,2367,0.013059733454995125
2326,2368,0.011953887696752307
2326,2369,0.0114596488088937
2326,2845,0.0030844863449139663
2326,2846,0.0027570948373947164
2326,2847,0.0029080525171331253
2326,2848,0.0035674137092670576
2326,3104,0.002709733455215659
2326,3301,0.0032492580306782647
2326,3302,0.0037760232322988237
2326,3303,0.004327047530701079
2326,3304,0.004758186794554139
2326,3305,0.005499348137609817
2326,3306,0.00673259306396306
2326,3307,0.00788147523556578
2326,3308,0.008959175870096899
2326,3309,0.009180164653649401
2326,3310,0.007488411301158531
2326,3311,0.006031715726990657
2326,3312,0.005421551973166606
2326,3313,0.005070356159004387
2326,3314,0.004553860162383666
2326,3315,0.004973588120730345
2326,3317,0.00490295743774481
2326,3318,0.0053099925202700965
2326,3319,0.005961935633573328
2326,3320,0.00772793878526884
2326,3322,0.004751834849208101
2326,3323,0.004304537910153744
2326,3324,0.004117998229971461
2326,3325,0.0033945027757518805
2326,3326,0.003169782409164666
2326,3332,0.0030623280713382027
2326,3333,0.003642206937650324
2326,3334,0.004133182800680852
2326,3335,0.004597739254810168
2326,3336,0.00500819448599511
2326,3337,0.004675503366556689
2326,3338,0.004116845007705913
2326,3339,0.0035438525672532874
2326,3340,0.0035457493813342692
2326,3341,0.003089420101038496
2326,3342,0.0030579150155577795
2326,3343,0.0027150278248891362
2326,3345,0.0027546149195542572
2326,3348,0.0028340935649635223
2326,3351,0.0026552664435439462
2326,3354,0.002610377901138653
2326,3355,0.0026765717483776185
2327,2328,0.07027231333074582
2327,2329,0.022021531133120973
2327,2330,0.06214351880659723
2327,2331,0.05273778610945029
2327,2332,0.041331921148347564
2327,2333,0.03556999313845452
2327,2334,0.03271174877399236
2327,2335,0.029119774467914892
2327,2336,0.024390949779011205
2327,2337,0.02311207235070974
2327,2338,0.022813238009418337
2327,2339,0.02308415934811156
2327,2340,0.023861028509134484
2327,2341,0.017164463818469356
2327,2342,0.01644996104561528
2327,2343,0.01050342433808531
2327,2344,0.009975947068343514
2327,2345,0.005720261893224144
2327,2346,0.007751219437197615
2327,2347,0.009638867620401859
2327,2348,0.009455057841511282
2327,2349,0.008246093684114015
2327,2350,0.010258010385850459
2327,2351,0.006931306019600659
2327,2352,0.0066162286955720375
2327,2353,0.006640636208209163
2327,2354,0.007500804685247103
2327,2355,0.008095532425264928
2327,2356,0.009883186428380155
2327,2357,0.01083586060681882
2327,2358,0.011629578879325678
2327,2359,0.012678468654513818
2327,2360,0.013292452634233447
2327,2361,0.015307083905609496
2327,2362,0.017678069763648593
2327,2363,0.0110764863819487
2327,2364,0.022475090382449398
2327,2365,0.020213100538429098
2327,2366,0.019102149471801576
2327,2367,0.015065799142708482
2327,2368,0.013642024392542659
2327,2369,0.012377467671183794
2327,2845,0.0036952948438308793
2327,2846,0.0032061950584603167
2327,2847,0.0033274147808272604
2327,2848,0.004070160812444836
2327,2849,0.002938700272440896
2327,2852,0.0027715823419707793
2327,3102,0.002881354713969204
2327,3104,0.0031182978645337834
2327,3301,0.0033490588381592384
2327,3302,0.0038557842201954466
2327,3303,0.004398026699421832
2327,3304,0.004839431259354575
2327,3305,0.005583966598849799
2327,3306,0.0068248875765799105
2327,3307,0.007880712855501746
2327,3308,0.0087920654406318
2327,3309,0.008714155354906834
2327,3310,0.007066066105659
2327,3311,0.005633662051878149
2327,3312,0.0049860577811396386
2327,3313,0.0046188440851237115
2327,3314,0.004103712358483317
2327,3315,0.004445787983734177
2327,3317,0.004339696125130288
2327,3318,0.004685050785127741
2327,3319,0.005259954362890121
2327,3320,0.006833719731821171
2327,3322,0.004207305559183967
2327,3323,0.0038103775915247196
2327,3324,0.00364452725016852
2327,3325,0.0030073895616083146
2327,3326,0.0028138852220591514
2327,3332,0.0030299141248711376
2327,3333,0.0036049405414233125
2327,3334,0.0040890357066066954
2327,3335,0.00451424866426073
2327,3336,0.004882710959719527
2327,3337,0.004491554583682854
2327,3338,0.003939871481329398
2327,3339,0.003358497239910687
2327,3340,0.003340057349117742
2327,3341,0.0028535410572978204
2327,3342,0.002817833278859417
2328,2329,0.03149565134983442
2328,2330,0.09361317032368976
2328,2331,0.07584406027829695
2328,2332,0.05639951265539674
2328,2333,0.04778693090763261
2328,2334,0.043469029847610544
2328,2335,0.038098101427788945
2328,2336,0.032405034879395896
2328,2337,0.030636256415060084
2328,2338,0.029081528276849834
2328,2339,0.028182948279444446
2328,2340,0.027182846940772193
2328,2341,0.0180974723000707
2328,2342,0.017381813481791346
2328,2343,0.011136856446224119
2328,2344,0.0105782105988822
2328,2345,0.005710295070998063
2328,2346,0.008191976904636604
2328,2347,0.010061849415215441
2328,2348,0.009559465648160627
2328,2349,0.008020248952455556
2328,2350,0.015629197440390506
2328,2351,0.006719501611847801
2328,2352,0.006441454588118297
2328,2353,0.006376213784524473
2328,2354,0.007140398787554381
2328,2355,0.007636233800281877
2328,2356,0.009335199632841103
2328,2357,0.010436946212323855
2328,2358,0.011429367530657467
2328,2359,0.012571417411412012
2328,2360,0.01318394202955917
2328,2361,0.015094743355772504
2328,2362,0.01723055716733207
2328,2363,0.016805733107951578
2328,2364,0.021627311453062126
2328,2365,0.017682106486128685
2328,2366,0.01639738093566167
2328,2367,0.012559342387872515
2328,2368,0.01123026818452423
2328,2369,0.009675422037053396
2328,2845,0.003377298371702591
2328,2848,0.003386484126897407
2328,3302,0.0029477066250142145
2328,3303,0.0033590276308309987
2328,3304,0.003696288755298412
2328,3305,0.004263436170109721
2328,3306,0.0052090606349414394
2328,3307,0.006011423536682315
2328,3308,0.006722970290888001
2328,3309,0.006756140831360639
2328,3310,0.00549946897004643
2328,3311,0.004421879853588932
2328,3312,0.003983416348076392
2328,3313,0.003745155510448295
2328,3314,0.003403475233002357
2328,3315,0.0037725328728967626
2328,3317,0.003863864994371002
2328,3318,0.004354156243353533
2328,3319,0.004897290112629183
2328,3320,0.006694542002380158
2328,3322,0.0042094099297300324
2328,3323,0.0038093832590077076
2328,3324,0.0036388322764058863
2328,3325,0.0030380002443009774
2328,3334,0.0031208097407661004
2328,3335,0.00344953577977736
2328,3336,0.003737590167945342
2328,3337,0.0034569764806583443
2328,3338,0.0030378446618125215
2329,2330,0.03542189049492355
2329,2331,0.030898930933319073
2329,2332,0.023515662868339053
2329,2333,0.02016250763516115
2329,2334,0.018322152033322946
2329,2335,0.01597219403091278
2329,2336,0.014185840019476606
2329,2337,0.01343658811882339
2329,2338,0.08779605264119093
2329,2339,0.07994441687019083
2329,2340,0.06987913402622259
2329,2341,0.047283956470770015
2329,2342,0.045934068890942044
2329,2343,0.03137278033430893
2329,2344,0.029934587206757342
2329,2345,0.007674309368989262
2329,2346,0.011745924367900788
2329,2347,0.013970085289960582
2329,2348,0.012705589104204901
2329,2349,0.010170467173456257
2329,2350,0.048902926245618795
2329,2351,0.008566242312171825
2329,2352,0.008284719181253645
2329,2353,0.00802903713732616
2329,2354,0.008815386896653017
2329,2355,0.009253210260087389
2329,2356,0.011181874028523175
2329,2357,0.012777910183593921
2329,2358,0.014317968181533846
2329,2359,0.01580593258369663
2329,2360,0.016490724637755545
2329,2361,0.018373245951283847
2329,2362,0.02014747234114206
2329,2363,0.05467968171306845
2329,2364,0.023550007390259434
2329,2365,0.01740506811224563
2329,2366,0.015827883002327365
2329,2367,0.011848084286407478
2329,2368,0.010430059475937175
2329,2369,0.008036512069768787
2329,2845,0.0039656609053030974
2329,2848,0.0033416330549716033
2329,3102,0.003690833208114864
2329,3306,0.003908172231721118
2329,3307,0.004402404164008912
2329,3308,0.004788954226550388
2329,3309,0.004625330659884335
2329,3310,0.0037433773274133143
2329,3320,0.004482550352205111
2330,2331,0.09914901555210322
2330,2332,0.07304721779328761
2330,2333,0.06179675265613221
2330,2334,0.05610438849261901
2330,2335,0.049021327320976395
2330,2336,0.04196984057816614
2330,2337,0.039671158677283366
2330,2338,0.03199164427742043
2330,2339,0.030493707704373155
2330,2340,0.02876228247643441
2330,2341,0.018951710403420502
2330,2342,0.018225230568822536
2330,2343,0.01175237346867773
2330,2344,0.01116814009285955
2330,2345,0.005951060170742342
2330,2346,0.008657005259835714
2330,2347,0.010579956309329066
2330,2348,0.00996949591666906
2330,2349,0.008293325477755216
2330,2350,0.020060563407763736
2330,2351,0.006948157969715669
2330,2352,0.006668420789594994
2330,2353,0.006579862725623453
2330,2354,0.007351353149302896
2330,2355,0.00784448800843945
2330,2356,0.009584690650533896
2330,2357,0.010754185700338714
2330,2358,0.011823195018594329
2330,2359,0.013021999244999765
2330,2360,0.013651885773256423
2330,2361,0.015590263743575224
2330,2362,0.017726725981552005
2330,2363,0.02136891254238786
2330,2364,0.02212896445307188
2330,2365,0.017879932724119783
2330,2366,0.01655443099797122
2330,2367,0.012656974536175541
2330,2368,0.011310877117946108
2330,2369,0.009760507035217483
2330,2845,0.0034513475124101096
2330,2848,0.0034144988283978752
2330,3303,0.0034232770943320276
2330,3304,0.0037667182246449295
2330,3305,0.004347368149108731
2330,3306,0.005315495816673595
2330,3307,0.006159865644347945
2330,3308,0.006932636330197538
2330,3309,0.007064918244698784
2330,3310,0.005771534551769293
2330,3311,0.004671613571038997
2330,3312,0.004257102960357085
2330,3313,0.004037468801051943
2330,3314,0.0037148177872466516
2330,3315,0.004162759816174248
2330,3317,0.004358419835479276
2330,3318,0.004999067020804807
2330,3319,0.005621938474195982
2330,3320,0.007822131121259027
2330,3322,0.004980406566006577
2330,3323,0.004508796829272257
2330,3324,0.004305977473893275
2330,3325,0.0036150899191399037
2330,3326,0.0034589688885119135
2330,3335,0.0035555044976247584
2330,3336,0.0038633175457904443
2330,3337,0.00359693372848394
2331,2332,0.10366915532381259
2331,2333,0.08770466682250783
2331,2334,0.07956885040493976
2331,2335,0.0694264312725757
2331,2336,0.05964726540502921
2331,2337,0.05637935562606253
2331,2338,0.03013641343364477
2331,2339,0.028424720405320295
2331,2340,0.026494853603341344
2331,2341,0.017405517570166278
2331,2342,0.01674915791176924
2331,2343,0.01084662074523939
2331,2344,0.010311265207388048
2331,2346,0.008000750588732106
2331,2347,0.00974643531141807
2331,2348,0.00914775210388958
2331,2349,0.007587659032659813
2331,2350,0.02423734917090248
2331,2351,0.006357220164530249
2331,2352,0.00610338446068257
2331,2353,0.006017302174194991
2331,2354,0.006719800839233119
2331,2355,0.007168718364828446
2331,2356,0.008758630416010505
2331,2357,0.009831020969366496
2331,2358,0.010816957935196644
2331,2359,0.011917478757744538
2331,2360,0.012492449504711461
2331,2361,0.01425654434981768
2331,2362,0.016200323813717665
2331,2363,0.025156535403786092
2331,2364,0.020224848724626956
2331,2365,0.016446198286123436
2331,2366,0.01526756836981354
2331,2367,0.011735000738154202
2331,2368,0.010521679820246514
2331,2369,0.009316521560007134
2331,3305,0.004314058523149996
2331,3306,0.005281137880650591
2331,3307,0.006182759408050321
2331,3308,0.007059583703819063
2331,3309,0.007415184012871607
2331,3310,0.006113437195665343
2331,3311,0.005023022130158858
2331,3312,0.0046834558864815865
2331,3313,0.0045159879165005004
2331,3314,0.004250808728726759
2331,3315,0.0048501867794566965
2331,3317,0.005264377363812369
2331,3318,0.006201246933224375
2331,3319,0.006965539923672269
2331,3320,0.009919150998623063
2331,3322,0.006456993198998381
2331,3323,0.005852273521667632
2331,3324,0.0055888051734020155
2331,3325,0.004732366190893715
2331,3326,0.004567604736971967
2331,3336,0.003969615201011606
2332,2333,0.13379346780149398
2332,2334,0.12139314642178602
2332,2335,0.10587238904794445
2332,2336,0.09082613515122367
2332,2337,0.08585720198396413
2332,2338,0.025061462446068543
2332,2339,0.02353249704614284
2332,2340,0.021852220931465178
2332,2341,0.014350953578892189
2332,2342,0.013810617817057034
2332,2343,0.00895444829719178
2332,2344,0.00851385739434409
2332,2346,0.006609452079524807
2332,2347,0.008041329298381547
2332,2348,0.007542236432023101
2332,2350,0.02589284361617884
2332,2356,0.007248623074811003
2332,2357,0.008123002355582293
2332,2358,0.00892719817413677
2332,2359,0.009832979203133141
2332,2360,0.01030829838761438
2332,2361,0.011772381413137276
2332,2362,0.013397360928877328
2332,2363,0.025874983414695216
2332,2364,0.01677654114791368
2332,2365,0.013849718078407555
2332,2366,0.012919929366983296
2332,2367,0.010028476653461897
2332,2368,0.00904342004001972
2332,2369,0.008324940384777081
2332,3306,0.004998267583078388
2332,3307,0.005922431072321904
2332,3308,0.006881792512324416
2332,3309,0.007521741671304757
2332,3310,0.006301776076382509
2332,3311,0.005302081903841835
2332,3312,0.005107837932722791
2332,3313,0.005042204923647271
2332,3314,0.004903115347423148
2332,3315,0.00572605179073642
2332,3317,0.006529155065985126
2332,3318,0.007965814071181528
2332,3319,0.008913491270019905
2332,3320,0.013024235154470282
2332,3322,0.008827921626113787
2332,3323,0.008024056811103695
2332,3324,0.007666478193277799
2332,3325,0.006580208697586079
2332,3326,0.00642922632924552
2333,2334,0.16332804111133187
2333,2335,0.14227350273501682
2333,2336,0.12214951889052225
2333,2337,0.1154850830617668
2333,2338,0.024251726077416342
2333,2339,0.022728779144595045
2333,2340,0.02106428260850067
2333,2341,0.013829216610582444
2333,2342,0.013309785361410668
2333,2343,0.008637989465037264
2333,2344,0.00821387239005455
2333,2347,0.007753972239232217
2333,2350,0.0279596221944459
2333,2357,0.007828751998222578
2333,2358,0.008601448127592077
2333,2359,0.00947378007364215
2333,2360,0.009931860102984063
2333,2361,0.01134401299932436
2333,2362,0.012914584745453423
2333,2363,0.027425447661661603
2333,2364,0.0161854664143366
2333,2365,0.0134326652791497
2333,2366,0.012554690062042698
2333,2367,0.009785966473096463
2333,2368,0.008846767988500273
2333,2369,0.008280872858191672
2333,3306,0.00510472051942771
2333,3307,0.0060776200781646715
2333,3308,0.007113881451872886
2333,3309,0.007919361277082534
2333,3310,0.0066970289779226455
2333,3311,0.0057094739267768285
2333,3312,0.005595513752514408
2333,3313,0.005593206696756511
2333,3314,0.005536672534897232
2333,3315,0.0065421269378606655
2333,3317,0.007664516635766586
2333,3318,0.009531288601328337
2333,3319,0.010628002943483499
2333,3320,0.015699419439170862
2333,3322,0.01097590289619143
2333,3323,0.010002679153109314
2333,3324,0.009563067404253986
2333,3325,0.008288819064457364
2333,3326,0.008164991034852163
2334,2335,0.188357372336481
2334,2336,0.16088895236450254
2334,2337,0.15220816827452632
2334,2338,0.026405392296236858
2334,2339,0.024742508933880494
2334,2340,0.022936228819954663
2334,2341,0.015061464919631045
2334,2342,0.014494491884326732
2334,2343,0.009403636224958656
2334,2344,0.00894180617407959
2334,2350,0.031823328444446686
2334,2358,0.00937734499789931
2334,2359,0.010326706435041088
2334,2360,0.010826586987448142
2334,2361,0.01237057780229068
2334,2362,0.01409217314455985
2334,2363,0.03093917318487505
2334,2364,0.017679126503746017
2334,2365,0.01474167338758979
2334,2366,0.013798595670140084
2334,2367,0.010790011400963547
2334,2368,0.009772221711344283
2334,2369,0.009249923698894996
2334,3307,0.006921144612394943
2334,3308,0.008134725481778593
2334,3309,0.009153297941823261
2334,3310,0.0077867088867042255
2334,3311,0.0066930459157426726
2334,3312,0.006626613984290531
2334,3313,0.0066728833808426345
2334,3314,0.006674963406654082
2334,3315,0.007938076341279125
2334,3317,0.009443859077100922
2334,3318,0.011867188801910311
2334,3319,0.013200500128476893
2334,3320,0.019587091866293517
2334,3322,0.01396716824401511
2334,3323,0.012751327456170122
2334,3324,0.012196812906612078
2334,3325,0.010633869371640965
2334,3326,0.010523256598452596
2335,2336,0.22079157985696343
2335,2337,0.20998155092342422
2335,2338,0.028189394551430467
2335,2339,0.026421520448040615
2335,2340,0.02452090421549831
2335,2341,0.016111306999548002
2335,2342,0.015501675925800281
2335,2350,0.03556078678185238
2335,2359,0.01106640406306053
2335,2360,0.011603158943242074
2335,2361,0.013266811670397817
2335,2362,0.015129590380803427
2335,2363,0.03422259429595275
2335,2364,0.019011191005085328
2335,2365,0.015970971091307302
2335,2366,0.01498337441273947
2335,2367,0.011774720480572945
2335,3307,0.007909835807211604
2335,3308,0.009347213443698238
2335,3309,0.010672636245110455
2335,3310,0.009159745643061669
2335,3311,0.00796769995870856
2335,3312,0.008002707088657985
2335,3313,0.008142534734296452
2335,3314,0.00826629238101363
2335,3315,0.00991510473305303
2335,3317,0.012048381194350104
2335,3318,0.015353291728243332
2335,3319,0.01701021010942396
2335,3320,0.025339593561218614
2335,3322,0.018634344271895878
2335,3323,0.01706156153518227
2335,3324,0.016333353341215707
2335,3325,0.01436576506965572
2335,3326,0.01430959082675784
2335,3355,0.007312959674039436
2335,3356,0.007726836028183495
2335,3357,0.007693600515113169
2335,3358,0.007801622923755786
2335,3359,0.007885053685159956
2335,3360,0.0076325294552738844
2336,2337,0.35661120633713844
2336,2338,0.03508883605546344
2336,2339,0.032722182126631694
2336,2340,0.03012334556054738
2336,2341,0.0197504278613996
2336,2342,0.019020384261423152
2336,2350,0.05027953308478751
2336,2361,0.01613417243176773
2336,2362,0.0183526656375433
2336,2363,0.04754345370464368
2336,2364,0.022988033289187568
2336,2365,0.019131726746224802
2336,2366,0.017913945464213793
2336,3308,0.01113811132000016
2336,3309,0.012790759019852169
2336,3310,0.011028391625803978
2336,3314,0.010333641483355678
2336,3315,0.012487698625938915
2336,3317,0.01550281746678543
2336,3318,0.02005838603752308
2336,3319,0.022096296749607943
2336,3320,0.032937642836231906
2336,3322,0.025401229431941136
2336,3323,0.023390186753140127
2336,3324,0.022432824189455434
2336,3325,0.02006517210208708
2336,3326,0.02024630134293188
2336,3356,0.010645328727507697
2336,3357,0.010675601209628672
2336,3358,0.01090402401858507
2336,3359,0.011213134523607027
2336,3360,0.010992539975044471
2337,2338,0.0550279697726428
2337,2339,0.05129994896793077
2337,2340,0.04720813961235213
2337,2341,0.030950721457595993
2337,2342,0.029807521560476787
2337,2350,0.08052586795585695
2337,2362,0.028759774482563658
2337,2363,0.07584530679246378
2337,2364,0.036028692978292635
2337,2365,0.030014758258559066
2337,2366,0.028115184698564742
2337,3308,0.01772620812974306
2337,3309,0.020441470799705586
2337,3310,0.017676319201795788
2337,3315,0.020430605338363366
2337,3317,0.025560691826425758
2337,3318,0.0332344775065209
2337,3319,0.03653236655101977
2337,3320,0.05441116465373214
2337,3322,0.04264523517122452
2337,3323,0.03934493728539767
2337,3324,0.037758861500090814
2337,3325,0.03394931072484949
2337,3326,0.034381357575583624
2337,3356,0.017954891172598342
2337,3357,0.018043872276052978
2337,3358,0.01846813816647252
2337,3359,0.019083607766176344
2337,3360,0.018772597816947956
2338,2339,0.1134099719359571
2338,2340,0.09824161660169045
2338,2341,0.0672012119082738
2338,2342,0.06521992162418674
2338,2343,0.04386263132572566
2338,2344,0.0417813600517706
2338,2345,0.010790713187099418
2338,2346,0.016297281020816495
2338,2347,0.019579502431311225
2338,2348,0.017944103106435568
2338,2349,0.014428524977128048
2338,2350,0.0392773533970882
2338,2351,0.01214053718430204
2338,2352,0.0117293134512441
2338,2353,0.011389979853190237
2338,2354,0.012524352872939242
2338,2355,0.013155984102454242
2338,2356,0.015900542701281405
2338,2357,0.018168717351346602
2338,2358,0.020348592037108124
2338,2359,0.02246562995732937
2338,2360,0.02344519113208232
2338,2361,0.026117694958096987
2338,2362,0.028530799183242573
2338,2363,0.04438226834694646
2338,2364,0.03273157726387924
2338,2365,0.02384143868809243
2338,2366,0.021625611390323138
2338,2367,0.01620218920616603
2338,2368,0.014231288245842182
2338,2369,0.010567942727406538
2338,2845,0.005639195098910881
2338,2846,0.004127847047582497
2338,2847,0.0039271998393335845
2338,2848,0.004668071788221457
2338,2849,0.004035002248161554
2338,3102,0.005204483325850279
2338,3103,0.0034297439291464575
2338,3104,0.0038047440203236578
2338,3304,0.0035670310823220563
2338,3305,0.0040684268696338614
2338,3306,0.004896115618762719
2338,3307,0.005415440830826548
2338,3308,0.005758470426606524
2338,3309,0.005360626263054746
2338,3310,0.004324493373952876
2338,3320,0.004239266016553716
2339,2340,0.11175522386366646
2339,2341,0.07612873858831717
2339,2342,0.07375197205178963
2339,2343,0.04897218359114771
2339,2344,0.04660369230651227
2339,2345,0.012114551829528324
2339,2346,0.01812538657328122
2339,2347,0.021907057555353073
2339,2348,0.020199999577830363
2339,2349,0.016316833753115625
2339,2350,0.03696705001402491
2339,2351,0.013716290420644667
2339,2352,0.013238739022921078
2339,2353,0.01288166174108707
2339,2354,0.014191771614377728
2339,2355,0.014930067018641989
2339,2356,0.018066995961456226
2339,2357,0.0206228569642365
2339,2358,0.02306540214780322
2339,2359,0.025468993990903105
2339,2360,0.026597356539054148
2339,2361,0.02970495696478324
2339,2362,0.032513113287916895
2339,2363,0.04180422049813997
2339,2364,0.0372091319401567
2339,2365,0.02702930934100794
2339,2366,0.02450758216174877
2339,2367,0.01837558929355196
2339,2368,0.01613478466887055
2339,2369,0.011874861844462362
2339,2845,0.006407125655636885
2339,2846,0.004704420534312641
2339,2847,0.0044754092539260005
2339,2848,0.005317370029639272
2339,2849,0.004594975780737353
2339,2852,0.003825241070774412
2339,3102,0.005856648647370398
2339,3103,0.0038554287295697242
2339,3104,0.004336623415158465
2339,3303,0.003621631233478575
2339,3304,0.003973698050084244
2339,3305,0.00452456633471105
2339,3306,0.005431337927978802
2339,3307,0.005973809918673788
2339,3308,0.006307735916277156
2339,3309,0.005807535565854753
2339,3310,0.004683759396407006
2339,3311,0.003673809926504698
2339,3320,0.004308636333899863
2339,3336,0.0035438611526740754
2340,2341,0.08533690659028909
2340,2342,0.08224633910307061
2340,2343,0.05322185475460562
2340,2344,0.050570068749980594
2340,2345,0.013395037329229116
2340,2346,0.01959213197308813
2340,2347,0.02395350814012127
2340,2348,0.02242408958642858
2340,2349,0.01834786254478078
2340,2350,0.03225356752115789
2340,2351,0.015393378879670967
2340,2352,0.0148218576645653
2340,2353,0.014498611325445583
2340,2354,0.016053822830881966
2340,2355,0.01696310936131849
2340,2356,0.020600355891429282
2340,2357,0.023423425345190076
2340,2358,0.026070237417960156
2340,2359,0.028782840793348526
2340,2360,0.030114017683505863
2340,2361,0.03392442044676075
2340,2362,0.03752523691299417
2340,2363,0.0364434106084378
2340,2364,0.04337347671944415
2340,2365,0.03148424407181821
2340,2366,0.02854209479565402
2340,2367,0.021410370900481066
2340,2368,0.018797119663318436
2340,2369,0.013741236573644108
2340,2845,0.007311782314688358
2340,2846,0.005442913324121038
2340,2847,0.005201106042578605
2340,2848,0.006188183865615573
2340,2849,0.005290378291593061
2340,2850,0.003939913395466044
2340,2851,0.0038636367717648965
2340,2852,0.004438742436193408
2340,3099,0.003668952520125751
2340,3102,0.006516332081969541
2340,3103,0.004282498982776368
2340,3104,0.00503176193779345
2340,3302,0.003732914396382523
2340,3303,0.004158341090177952
2340,3304,0.004559465484064696
2340,3305,0.005181083815894158
2340,3306,0.00620003016600194
2340,3307,0.0067720617600571026
2340,3308,0.0070861640503729045
2340,3309,0.00643061136294557
2340,3310,0.005187187410385656
2340,3311,0.004055877891409289
2340,3320,0.004351817765068011
2340,3335,0.0037990654135855732
2340,3336,0.004004543250347874
2341,2342,0.10111868819059697
2341,2343,0.06443260506246046
2341,2344,0.061181048794556235
2341,2345,0.01654803921034799
2341,2346,0.023707929791771595
2341,2347,0.02929523922128355
2341,2348,0.0277150299783975
2341,2349,0.02260468438407726
2341,2350,0.018622163592152564
2341,2351,0.018986931633607904
2341,2352,0.018302663584606513
2341,2353,0.017848093316375657
2341,2354,0.01966309214276734
2341,2355,0.020640840945853646
2341,2356,0.024866007803791147
2341,2357,0.02848737335896546
2341,2358,0.031948391993717795
2341,2359,0.035269803783876195
2341,2360,0.03677954268116793
2341,2361,0.040294131258773506
2341,2362,0.041135217941262334
2341,2363,0.02123747352555939
2341,2364,0.03743021812136871
2341,2365,0.028938930795247543
2341,2366,0.026534939278586207
2341,2367,0.020809367231215323
2341,2368,0.018339424017416877
2341,2369,0.012315552254679202
2341,2845,0.008829557176136565
2341,2846,0.006268569709958949
2341,2847,0.005791539951864294
2341,2848,0.006757964712370057
2341,2849,0.006233994663216994
2341,2850,0.004433599685671649
2341,2851,0.0042004023928300825
2341,2852,0.005018333018336831
2341,2955,0.003129333405184225
2341,3098,0.0030093678612399056
2341,3099,0.004516779783960115
2341,3101,0.003335887410622639
2341,3102,0.00805654933854056
2341,3103,0.0052948941634182595
2341,3104,0.005687156779950695
2341,3301,0.0030493992745288362
2341,3302,0.003276106531927947
2341,3303,0.0035818502521563675
2341,3304,0.0039024989984640037
2341,3305,0.004365427665125503
2341,3306,0.005103482179634676
2341,3307,0.00535598420940959
2341,3308,0.005365594307327516
2341,3309,0.004612514647617769
2341,3310,0.003742623045364241
2341,3311,0.0029076172330293752
2341,3334,0.0029090835865417755
2341,3335,0.003053145055390679
2341,3336,0.00315731906569713
2342,2343,0.07389650699127394
2342,2344,0.07016648108207438
2342,2345,0.018893136308577536
2342,2346,0.027184738318714666
2342,2347,0.03356162155240755
2342,2348,0.03162543943865788
2342,2349,0.025660043607048228
2342,2350,0.02008349926553476
2342,2351,0.02157456339984425
2342,2352,0.020816801141781374
2342,2353,0.02025659245227531
2342,2354,0.022260070672183097
2342,2355,0.023306210478791365
2342,2356,0.02798385913321867
2342,2357,0.032120714899288035
2342,2358,0.03611925451476335
2342,2359,0.03984120895332091
2342,2360,0.04145206424019908
2342,2361,0.04476336942324642
2342,2362,0.044626456478973155
2342,2363,0.022925149131009476
2342,2364,0.03966768205834085
2342,2365,0.031067506480017444
2342,2366,0.02856380150225221
2342,2367,0.022577044289742276
2342,2368,0.019926641685079936
2342,2369,0.013289673486832866
2342,2845,0.009954307930082788
2342,2846,0.0069965973355764965
2342,2847,0.006427336002077784
2342,2848,0.007474353090369086
2342,2849,0.0069899094391836485
2342,2850,0.0049309804957991645
2342,2851,0.004646801187700057
2342,2852,0.005584702649184857
2342,2955,0.003586371634213989
2342,3098,0.0034457424565529186
2342,3099,0.005165087852549461
2342,3101,0.0038093609749029365
2342,3102,0.009181438324932236
2342,3103,0.006036367975011622
2342,3104,0.006327415096820184
2342,3121,0.003201105794891518
2342,3301,0.003300671503173928
2342,3302,0.003536122348573737
2342,3303,0.0038589410849250226
2342,3304,0.004201397822658248
2342,3305,0.004692365113861351
2342,3306,0.005473244878380734
2342,3307,0.0057254956895414644
2342,3308,0.005717956543200124
2342,3309,0.004899683825325928
2342,3310,0.003978073638079706
2342,3335,0.003270805891218927
2342,3336,0.0033772324357630814
2343,2344,0.10576454212333843
2343,2345,0.027148020239328097
2343,2346,0.04095173664343548
2343,2347,0.049446122712690145
2343,2348,0.042967974541522874
2343,2349,0.03322650882681477
2343,2350,0.01441703574429003
2343,2351,0.028861523242300603
2343,2352,0.028287670137570175
2343,2353,0.026788277082467605
2343,2354,0.028217728988741878
2343,2355,0.028381066680399213
2343,2356,0.03160387875655366
2343,2357,0.03573704870776736
2343,2358,0.03942288404622538
2343,2359,0.04007523902424598
2343,2360,0.03927716668723804
2343,2361,0.03548211313339085
2343,2362,0.031196672829472784
2343,2363,0.01653926819104492
2343,2364,0.025241606092025956
2343,2365,0.02199890416864225
2343,2366,0.020833366154415615
2343,2367,0.018005290863908337
2343,2368,0.016272479947427462
2343,2369,0.010379598612697532
2343,2845,0.012319829432692999
2343,2846,0.007833635465554807
2343,2847,0.006778740811369781
2343,2848,0.007554572392307448
2343,2849,0.00823897435731301
2343,2850,0.005366886558676567
2343,2851,0.004781906245476538
2343,2852,0.006098007446682514
2343,2950,0.0032676445437414096
2343,2951,0.003444103910382215
2343,2952,0.0037879636045329043
2343,2953,0.0036249645407124874
2343,2954,0.0038828695918831277
2343,2955,0.005231039264200397
2343,3098,0.005147241788774984
2343,3099,0.007623014084427323
2343,3100,0.0042785743162105355
2343,3101,0.005551932426388158
2343,3102,0.012989991020768882
2343,3103,0.008623286923953474
2343,3104,0.006863069885426405
2343,3121,0.004795146486501334
2343,3277,0.003054061226788097
2343,3304,0.0032643886185825897
2343,3305,0.0035812065248263104
2343,3306,0.004071704790662388
2343,3307,0.004120355687624985
2343,3308,0.003988350224270099
2343,3309,0.0033128136513130768
2344,2345,0.03163480244719162
2344,2346,0.04813540179801914
2344,2347,0.0570776964428707
2344,2348,0.04882641212647473
2344,2349,0.037851920624466975
2344,2350,0.015496222173448608
2344,2351,0.03317549503036559
2344,2352,0.03261622491430453
2344,2353,0.030762755542363986
2344,2354,0.03214916100992179
2344,2355,0.03212249238145556
2344,2356,0.035253039948398
2344,2357,0.039550901041401264
2344,2358,0.043185893699097366
2344,2359,0.04334467390302649
2344,2360,0.04228448092521762
2344,2361,0.03791736661224086
2344,2362,0.03323586103211169
2344,2363,0.017781139699061227
2344,2364,0.026811978398383254
2344,2365,0.023551851130461262
2344,2366,0.02236562346849402
2344,2367,0.01950603736220225
2344,2368,0.017683097033447857
2344,2369,0.011255442689367267
2344,2845,0.014055036599783646
2344,2846,0.008842209690402877
2344,2847,0.007600091423323824
2344,2848,0.008422515381115226
2344,2849,0.009359282570044
2344,2850,0.00604559596352849
2344,2851,0.005352293619786075
2344,2852,0.006868861624464576
2344,2950,0.003823442558268103
2344,2951,0.004029335335022201
2344,2952,0.004430907084174633
2344,2953,0.004238539044847467
2344,2954,0.00453772592568018
2344,2955,0.006117710083178008
2344,3098,0.006044316132943778
2344,3099,0.008935759835837477
2344,3100,0.005017463735283001
2344,3101,0.006497618785737953
2344,3102,0.015117971161881913
2344,3103,0.010059599050036273
2344,3104,0.007720659072357023
2344,3121,0.005630819485273328
2344,3277,0.0035859859510854884
2344,3304,0.0035445215481113026
2344,3305,0.003880654701853242
2344,3306,0.004399592047795649
2344,3307,0.004437195013262185
2344,3308,0.004281912216379998
2344,3309,0.0035464129247483995
2345,2346,0.04722443844379833
2345,2347,0.041619486820708
2345,2348,0.045290549104550326
2345,2349,0.05151984690018462
2345,2351,0.05870131556479053
2345,2352,0.06163275069204338
2345,2353,0.057269713395965184
2345,2354,0.05152836782966116
2345,2355,0.04724549758907237
2345,2356,0.04112153401916929
2345,2357,0.03942179286224899
2345,2358,0.03731095245093296
2345,2359,0.03419612972799807
2345,2360,0.032604489189482375
2345,2361,0.028329080200536826
2345,2362,0.02454956455313742
2345,2364,0.01930912007122955
2345,2365,0.019569875931622748
2345,2366,0.019460466250224056
2345,2367,0.019594733195082672
2345,2368,0.01877012695226058
2345,2369,0.0060659884140113335
2345,2845,0.013692466435788718
2345,2846,0.015988349131148674
2345,2847,0.012802378988696137
2345,2848,0.013085905091689394
2345,2849,0.009098890158328305
2345,2850,0.005478717584049972
2345,2851,0.004518110910825762
2345,2852,0.006173894105068334
2345,2853,0.002367316419570518
2345,2947,0.0023605013494186616
2345,2948,0.0023437246540285723
2345,2949,0.002445482661249319
2345,2950,0.0030189590457201628
2345,2951,0.0031607516381371536
2345,2952,0.0034443456354166864
2345,2953,0.0032624023513699724
2345,2954,0.003430070118699188
2345,2955,0.004644551813728736
2345,3098,0.006683091125494316
2345,3099,0.010258449071535846
2345,3100,0.005759203979046933
2345,3101,0.007647386450793603
2345,3102,0.018105806592245862
2345,3103,0.012043370101077278
2345,3104,0.006773563724729471
2345,3121,0.005039102324307358
2345,3276,0.0033527714397357344
2345,3277,0.004006821772233374
2345,3305,0.0021465096514574305
2345,3306,0.002316957503476304
2345,3307,0.0022143280122213613
2346,2347,0.06490252995833368
2346,2348,0.0606509226997862
2346,2349,0.051509640495463305
2346,2350,0.004109499471175929
2346,2351,0.04833762155207256
2346,2352,0.04849024629233351
2346,2353,0.04485221775611417
2346,2354,0.044666931819685785
2346,2355,0.043096831191372455
2346,2356,0.04365950600485795
2346,2357,0.046691251846678404
2346,2358,0.04845838884930837
2346,2359,0.046633077822038765
2346,2360,0.04492362836575136
2346,2361,0.039506224041204886
2346,2362,0.03433065681502963
2346,2363,0.00471743766619822
2346,2364,0.027403222496282843
2346,2365,0.02493001453784881
2346,2366,0.02397314791496475
2346,2367,0.021806400212885692
2346,2368,0.020077032366960713
2346,2369,0.0063609855488777805
2346,2845,0.010061428307944903
2346,2846,0.012108290794582198
2346,2847,0.010085190951055083
2346,2848,0.01085508558343376
2346,2849,0.006613443247421486
2346,2850,0.0041178568054740525
2346,2851,0.0035357777274988397
2346,2852,0.004670810883555968
2346,2947,0.0022821866296952255
2346,2948,0.002294374208149277
2346,2949,0.0024189895820809926
2346,2950,0.0031048775973151928
2346,2951,0.0032687023921692464
2346,2952,0.003589978756804566
2346,2953,0.0034256378910728852
2346,2954,0.0036546355329928628
2346,2955,0.004945824987922628
2346,3098,0.005074085988992638
2346,3099,0.007441758985584328
2346,3100,0.00418897358621272
2346,3101,0.005372823317523963
2346,3102,0.01206906569604491
2346,3103,0.008170779525210635
2346,3104,0.005208315967831935
2346,3121,0.004684081941590448
2346,3276,0.0024585453444439195
2346,3277,0.00300962320783377
2346,3306,0.0024529402689563943
2346,3307,0.002433970861663173
2346,3308,0.0023145277037161954
2347,2348,0.06703132956068282
2347,2349,0.05210911483894874
2347,2350,0.004520440384750217
2347,2351,0.04570091113987588
2347,2352,0.04489156684914952
2347,2353,0.04238276578953276
2347,2354,0.04426808130073308
2347,2355,0.04411981610009341
2347,2356,0.047870627311205595
2347,2357,0.05315823703219291
2347,2358,0.0570742366111823
2347,2359,0.05600644154005766
2347,2360,0.05416420248714215
2347,2361,0.04782568278312089
2347,2362,0.04159624895129682
2347,2363,0.005186173768687076
2347,2364,0.033194385369134854
2347,2365,0.030006147036738942
2347,2366,0.028705022729711843
2347,2367,0.02553538328639307
2347,2368,0.02328356035272909
2347,2369,0.00738984972218751
2347,2845,0.00968078741594788
2347,2846,0.012137894135007524
2347,2847,0.010390516599035672
2347,2848,0.011462892262418225
2347,2849,0.0064405908200214
2347,2850,0.00414548877165759
2347,2851,0.0036548402779838377
2347,2852,0.004709683169841611
2347,2950,0.0024273623814396058
2347,2951,0.0025564971167867435
2347,2952,0.0028092614649354304
2347,2953,0.0026832798404419498
2347,2954,0.00286699709707558
2347,2955,0.003874413182662042
2347,3098,0.004035230439114359
2347,3099,0.006013947708413412
2347,3100,0.003372401713230114
2347,3101,0.0043949069077905195
2347,3102,0.010328051821738736
2347,3103,0.006849213949182874
2347,3104,0.005289436825636993
2347,3121,0.0036418655190552816
2347,3277,0.0023959691851954306
2347,3303,0.002169009494728145
2347,3304,0.0023345201051079446
2347,3305,0.0025465780070125167
2347,3306,0.002871248012491805
2347,3307,0.0028756213841290255
2347,3308,0.002755581301994741
2347,3309,0.002265688144375971
2348,2349,0.05894897787956009
2348,2350,0.0038629430027097874
2348,2351,0.05082500642274152
2348,2352,0.04949885654254473
2348,2353,0.04727781432230156
2348,2354,0.050062415303003684
2348,2355,0.05014886068108581
2348,2356,0.053966483652223014
2348,2357,0.05866154165092791
2348,2358,0.06023469984773873
2348,2359,0.056541295673052765
2348,2360,0.05404116807123816
2348,2361,0.046967103598119224
2348,2362,0.04061376348831685
2348,2363,0.004428671471608012
2348,2364,0.032011746727703946
2348,2365,0.030601459712489124
2348,2366,0.02969291602141844
2348,2367,0.02738830569287898
2348,2368,0.025234133469323544
2348,2369,0.007994925694351172
2348,2845,0.010928540291827516
2348,2846,0.013799824641780872
2348,2847,0.011810394424947102
2348,2848,0.012992682161201986
2348,2849,0.007300183556506506
2348,2850,0.004714286800136907
2348,2851,0.004152520912961053
2348,2852,0.00535595272760941
2348,2853,0.002273524594818535
2348,2950,0.0022197540432894844
2348,2951,0.002334988643082084
2348,2952,0.002561906834534793
2348,2953,0.002441165030158478
2348,2954,0.002599048233594189
2348,2955,0.0035221887400390083
2348,3098,0.00407406100790455
2348,3099,0.0061809426651069
2348,3100,0.003464744535196205
2348,3101,0.004586558736962607
2348,3102,0.011051097452473395
2348,3103,0.007271797083745361
2348,3104,0.0060154221080693125
2348,3121,0.0034392251377936985
2348,3277,0.0024285573142749364
2348,3301,0.0021898698797963743
2348,3302,0.0022420366405476936
2348,3303,0.002369520108027298
2348,3304,0.002543139938708654
2348,3305,0.002758318770577123
2348,3306,0.003082365899395417
2348,3307,0.003052255478660035
2348,3308,0.0028910931925132423
2348,3309,0.0023489434884221417
2349,2351,0.06325414227728611
2349,2352,0.06055640333585852
2349,2353,0.05960191689469307
2349,2354,0.06411467050538013
2349,2355,0.06315266855442461
2349,2356,0.05997698081923834
2349,2357,0.057395290047512
2349,2358,0.0529606169653689
2349,2359,0.04805091107614554
2349,2360,0.04585374042681527
2349,2361,0.0401143751533917
2349,2362,0.03499358492543482
2349,2363,0.0034280543699830067
2349,2364,0.02758487475378145
2349,2365,0.028641328966053287
2349,2366,0.02851920530058401
2349,2367,0.028358816094204067
2349,2368,0.026840439992567067
2349,2369,0.008573572575645007
2349,2845,0.013997278060814364
2349,2846,0.01748190412403665
2349,2847,0.014736829649505815
2349,2848,0.015909634366032002
2349,2849,0.009331672885549553
2349,2850,0.005955505888728787
2349,2851,0.0051687230057742275
2349,2852,0.00676281157503048
2349,2853,0.002786413372696441
2349,2950,0.002127862219492109
2349,2951,0.0022327430687686415
2349,2952,0.002441295204015666
2349,2953,0.00231792282398278
2349,2954,0.002451609410274274
2349,2955,0.003326967650394488
2349,3098,0.004544577784239022
2349,3099,0.007037340872913367
2349,3100,0.003976093363075106
2349,3101,0.005370712167559692
2349,3102,0.013181120127620516
2349,3103,0.008674812580268598
2349,3104,0.007570210605567287
2349,3121,0.003459776246000626
2349,3276,0.0023152482169196886
2349,3277,0.0027399418132565915
2349,3300,0.0022706984452090405
2349,3301,0.002498970773994727
2349,3302,0.0025144489770537186
2349,3303,0.002622200419336946
2349,3304,0.0027948156128022234
2349,3305,0.00299094616994733
2349,3306,0.003275635216045366
2349,3307,0.0031699795522282335
2349,3308,0.002937756680482879
2349,3309,0.002339868016799043
2349,3316,0.0023240020795617894
2349,3321,0.002390077939654988
2350,2356,0.027572843540356152
2350,2357,0.03171257848632181
2350,2358,0.03580408054880723
2350,2359,0.039365627902221784
2350,2360,0.04083179563412324
2350,2361,0.044535163635925
2350,2362,0.04777695435670145
2350,2363,0.5743333339152572
2350,2364,0.054478731672387974
2350,2365,0.04000859587810405
2350,2366,0.03636308885809722
2350,2367,0.027217205571696754
2351,2352,0.08009472309487456
2351,2353,0.07813089810077553
2351,2354,0.07398839752047039
2351,2355,0.067884161649749
2351,2356,0.0580631322501461
2351,2357,0.053953227999353384
2351,2358,0.04956962231390608
2351,2359,0.04498626207317619
2351,2360,0.042923017551852585
2351,2361,0.0375480646761318
2351,2362,0.032778313955179876
2351,2364,0.02585733619056968
2351,2365,0.027252961294329567
2351,2366,0.02734710365455582
2351,2367,0.028034580185043446
2351,2368,0.02694693394186477
2351,2369,0.008716321607680162
2351,2845,0.01755322137301235
2351,2846,0.020997137165319073
2351,2847,0.017220779006538976
2351,2848,0.01805345397322313
2351,2849,0.011540515838165498
2351,2850,0.00714255502448251
2351,2851,0.00604266415815829
2351,2852,0.008091147414434756
2351,2853,0.0032019050958601997
2351,2950,0.002601570682056752
2351,2951,0.0027249603123007298
2351,2952,0.0029716774637746296
2351,2953,0.0028161224635245173
2351,2954,0.002965272958700349
2351,2955,0.004018771684518392
2351,3098,0.005962116639858711
2351,3099,0.009277880451513803
2351,3100,0.005264205371295009
2351,3101,0.00713926178187031
2351,3102,0.01753118281905535
2351,3103,0.011556377566879
2351,3104,0.008981077477984083
2351,3121,0.004335875702214493
2351,3276,0.0030673926547899544
2351,3277,0.0036129187048205605
2351,3300,0.002478390239111254
2351,3301,0.0026748415691310603
2351,3302,0.002654814813138474
2351,3303,0.00274086452283159
2351,3304,0.0029058560197278743
2351,3305,0.0030804554784653157
2351,3306,0.003329161175886307
2351,3307,0.0031801643615159223
2351,3308,0.0029148130882176953
2351,3316,0.002626186596670037
2351,3321,0.0026693502912940744
2352,2353,0.08665756484893009
2352,2354,0.07903661197814445
2352,2355,0.07237423623800197
2352,2356,0.06184790891390357
2352,2357,0.05772350997384547
2352,2358,0.05328995861096807
2352,2359,0.048421061651459596
2352,2360,0.04618307151566429
2352,2361,0.04033145591020915
2352,2362,0.035153626391851496
2352,2364,0.027707902728653807
2352,2365,0.02905202920386217
2352,2366,0.029127407541700564
2352,2367,0.02984962689428485
2352,2368,0.02871666961946728
2352,2369,0.009301303499580103
2352,2845,0.01955363254605522
2352,2846,0.023148497803039004
2352,2847,0.018849967713162732
2352,2848,0.01961279384155647
2352,2849,0.012843518960481169
2352,2850,0.007882092945426893
2352,2851,0.0066214815700308734
2352,2852,0.008918925680189682
2352,2853,0.003495923606652222
2352,2950,0.003056991555442279
2352,2951,0.0032010968300962687
2352,2952,0.003489429445282339
2352,2953,0.0033058714596252473
2352,2954,0.003478421234569129
2352,2955,0.004712461738179281
2352,3098,0.007031976269812533
2352,3099,0.010933711447677675
2352,3100,0.00619530489784319
2352,3101,0.008384699690617683
2352,3102,0.020581702055644358
2352,3103,0.013541650963570327
2352,3104,0.009871265099460907
2352,3121,0.005109921388603833
2352,3276,0.0036088310328429027
2352,3277,0.004256985956862382
2352,3300,0.0026751449684790773
2352,3301,0.002876496200551954
2352,3302,0.0028483847740410234
2352,3303,0.0029361044477396623
2352,3304,0.0031103935425262604
2352,3305,0.0032930250781235773
2352,3306,0.003553276564834475
2352,3307,0.003390085158464116
2352,3308,0.003104770369661915
2352,3316,0.0028560720328781584
2352,3321,0.002895145609448313
2353,2354,0.088772700610769
2353,2355,0.08118761866430262
2353,2356,0.06757603503579498
2353,2357,0.061675848293678226
2353,2358,0.05613135127215323
2353,2359,0.050870224576583266
2353,2360,0.048576241937992135
2353,2361,0.04264026979467255
2353,2362,0.037354792787356594
2353,2364,0.029538531421503172
2353,2365,0.03170023776338663
2353,2366,0.032007404609315546
2353,2367,0.03345318934779578
2353,2368,0.03243310495101425
2353,2369,0.010579732866858116
2353,2845,0.02266252211631862
2353,2846,0.02695561106080585
2353,2847,0.021976425655012403
2353,2848,0.02283943064944728
2353,2849,0.01489026338433576
2353,2850,0.00917480224696635
2353,2851,0.007719171753659348
2353,2852,0.010385662800030667
2353,2853,0.004075596309813137
2353,2950,0.0030417779761272223
2353,2951,0.003183113917632338
2353,2952,0.0034665331851780013
2353,2953,0.0032824160491501412
2353,2954,0.0034489197961564766
2353,2955,0.004668932228391318
2353,3098,0.007295369303793208
2353,3099,0.011401522258201149
2353,3100,0.006515008554234896
2353,3101,0.008893010397669548
2353,3102,0.02176566163948619
2353,3103,0.014463190940645743
2353,3104,0.011503164360229282
2353,3121,0.005131389702885945
2353,3276,0.0038022997910360417
2353,3277,0.004449623273627333
2353,3300,0.0031050447107119727
2353,3301,0.003326613442064913
2353,3302,0.0032837024743571012
2353,3303,0.0033756089209082563
2353,3304,0.0035701986274866266
2353,3305,0.0037681631560639054
2353,3306,0.004046084696198914
2353,3307,0.003839742102977731
2353,3308,0.003498622264157364
2353,3316,0.0033275540407704434
2353,3321,0.003369962280292494
2354,2355,0.09342286048313286
2354,2356,0.07755428608475057
2354,2357,0.06988567581247124
2354,2358,0.06291378203533032
2354,2359,0.05697363145067791
2354,2360,0.05450484094101288
2354,2361,0.04813500646324079
2354,2362,0.04237494199716439
2354,2364,0.03361393777112279
2354,2365,0.03645877293465999
2354,2366,0.03685915344595288
2354,2367,0.03842965492672509
2354,2368,0.037106607866966373
2354,2369,0.012033873414381585
2354,2845,0.02231857350542899
2354,2846,0.027666208334713616
2354,2847,0.023057138707561105
2354,2848,0.024507510789074392
2354,2849,0.014869318847106116
2354,2850,0.009413034033642187
2354,2851,0.008083091370139503
2354,2852,0.010682317647559763
2354,2853,0.004316527045349872
2354,2951,0.002897685821378569
2354,2952,0.0031600955975651115
2354,2953,0.0029947761464872093
2354,2954,0.003153891333039534
2354,2955,0.004274866817528673
2354,3098,0.006488056792120977
2354,3099,0.010140184864501347
2354,3100,0.005801058936863851
2354,3101,0.007934567833608479
2354,3102,0.019374142383896415
2354,3103,0.01292580684667421
2354,3104,0.011922919378261874
2354,3121,0.0046200990682822626
2354,3276,0.00338755484476843
2354,3277,0.003958582284271348
2354,3300,0.0034012715605180556
2354,3301,0.0036858095114824093
2354,3302,0.0036649727527349497
2354,3303,0.0037868593594277667
2354,3304,0.004015756185116678
2354,3305,0.004257220658288768
2354,3306,0.0045971969016289915
2354,3307,0.0043833169583799665
2354,3308,0.004007432411190561
2354,3309,0.0031563001331172385
2354,3316,0.0035648485851879318
2354,3321,0.0036389076299705803
2354,3334,0.0028212677100589332
2354,3335,0.0028038047854837458
2355,2356,0.08786437352246446
2355,2357,0.0777796686657976
2355,2358,0.06930995281602205
2355,2359,0.0628487333197753
2355,2360,0.06028742104735939
2355,2361,0.05366679257531463
2355,2362,0.04754136002567059
2355,2364,0.03787876482706988
2355,2365,0.041662698644492034
2355,2366,0.0422426323391094
2355,2367,0.04419577051034397
2355,2368,0.042629046553622124
2355,2369,0.01379272747367785
2355,2845,0.022893099482947526
2355,2846,0.02955678272936701
2355,2847,0.025059109798240133
2355,2848,0.027043274494546653
2355,2849,0.01556837877272672
2355,2850,0.010085950003411996
2355,2851,0.0087907696134693
2355,2852,0.011456793270853154
2355,2853,0.004739067767895064
2355,2952,0.003056043776020552
2355,2954,0.0030544417293522593
2355,2955,0.004141882287698591
2355,3098,0.0062368181984022025
2355,3099,0.00975472845978201
2355,3100,0.005594652777187208
2355,3101,0.007671364983799151
2355,3102,0.018663605583698343
2355,3103,0.012513328913744928
2355,3104,0.012845054060472988
2355,3121,0.004445018064482283
2355,3276,0.0032700279396267536
2355,3277,0.003811989831008282
2355,3300,0.003817741767336874
2355,3301,0.004165767228354882
2355,3302,0.004160075549571415
2355,3303,0.004310803733059947
2355,3304,0.004577881620710526
2355,3305,0.004864436720391271
2355,3306,0.005267481915918938
2355,3307,0.005032619195942285
2355,3308,0.004606328905050491
2355,3309,0.003629656422242045
2355,3310,0.0030562864937752556
2355,3316,0.003944708083117729
2355,3321,0.004047227159940966
2355,3333,0.002972372364811737
2355,3334,0.0032198871027625782
2355,3335,0.0032061290490941123
2355,3336,0.003168471828466461
2356,2357,0.09341637708084129
2356,2358,0.0825297097367194
2356,2359,0.07536883940783282
2356,2360,0.07266510513003037
2356,2361,0.06536711963729275
2356,2362,0.05817149288547805
2356,2363,0.0051438390662924705
2356,2364,0.04640570252080563
2356,2365,0.05045617244809812
2356,2366,0.05069590872199316
2356,2367,0.05088340215991447
2356,2368,0.0479877790674253
2356,2369,0.015277026840122722
2356,2845,0.01908729888628
2356,2846,0.026212832529860057
2356,2847,0.023043829788367536
2356,2848,0.025714026821535348
2356,2849,0.01337979954772151
2356,2850,0.009049858019723335
2356,2851,0.008140379251207546
2356,2852,0.010279626640002912
2356,2853,0.0045099992738907345
2356,2955,0.0037916451604262176
2356,3098,0.00523777921972814
2356,3099,0.008158274918897968
2356,3100,0.004645128921257903
2356,3101,0.006339009653334818
2356,3102,0.01551772989858575
2356,3103,0.010320996613653724
2356,3104,0.01159993807963217
2356,3121,0.003918424680202014
2356,3277,0.0031787141513797503
2356,3300,0.003873028398263748
2356,3301,0.004328505648852629
2356,3302,0.004397942959289851
2356,3303,0.004615362813891689
2356,3304,0.004933700847956545
2356,3305,0.005305834407442215
2356,3306,0.0058439364778566346
2356,3307,0.005678289262251006
2356,3308,0.005271631275686012
2356,3309,0.004198959771243981
2356,3310,0.003508311809715154
2356,3316,0.003834931188312971
2356,3321,0.00399027603543103
2356,3333,0.0032036600415624723
2356,3334,0.003495912357392317
2356,3335,0.003518321446427446
2356,3336,0.003507628499890315
2357,2358,0.10136762620751741
2357,2359,0.0924299916124171
2357,2360,0.08887101704884195
2357,2361,0.07901422956975211
2357,2362,0.06948403551752305
2357,2363,0.006308246768615444
2357,2364,0.054937227187781754
2357,2365,0.0568773437388901
2357,2366,0.05612901514934034
2357,2367,0.05333570601393584
2357,2368,0.04932473734581267
2357,2369,0.01562804862650796
2357,2845,0.017778235542366346
2357,2846,0.024278085347553817
2357,2847,0.02148370840535615
2357,2848,0.024179068422964602
2357,2849,0.012379439502237844
2357,2850,0.00840055898628266
2357,2851,0.007611630932374027
2357,2852,0.009539938040899441
2357,2853,0.004260763320830145
2357,2955,0.004132900743396264
2357,3098,0.005260057779349251
2357,3099,0.008132409051617525
2357,3100,0.004593545519145508
2357,3101,0.00621280024541977
2357,3102,0.015255583049714203
2357,3103,0.010060240913448773
2357,3104,0.010774157918149644
2357,3121,0.004140194107566948
2357,3277,0.0031667280767661023
2357,3300,0.0037671901695109137
2357,3301,0.004265360051477326
2357,3302,0.004379826270267445
2357,3303,0.004633845158159959
2357,3304,0.004974343075871513
2357,3305,0.0053938223804810255
2357,3306,0.00601591924068493
2357,3307,0.005930395126461795
2357,3308,0.005581003366570429
2357,3309,0.0044987921122983995
2357,3310,0.0037320951794049683
2357,3316,0.0036551489533554146
2357,3321,0.003826497258281594
2357,3333,0.0032361336269175964
2357,3334,0.003548727997375365
2357,3335,0.0035999166731473567
2357,3336,0.0036137126673591088
2358,2359,0.11459866646242474
2358,2360,0.10951445914543745
2358,2361,0.09574460447550065
2358,2362,0.08319642447256453
2358,2363,0.007857772868013565
2358,2364,0.06544995642217126
2358,2365,0.06426379444194405
2358,2366,0.06235841544330041
2358,2367,0.056588440995870126
2358,2368,0.0516150175162349
2358,2369,0.016385136782214087
2358,2845,0.017412479407051835
2358,2846,0.02366644398542908
2358,2847,0.02102740185821451
2358,2848,0.02379513028537822
2358,2849,0.012066258099536811
2358,2850,0.008200182101646783
2358,2851,0.007466621242320113
2358,2852,0.009310776164842357
2358,2853,0.004212671724251176
2358,2955,0.004631833933748556
2358,3098,0.005488468449588976
2358,3099,0.008418501457127237
2358,3100,0.0047336026101088315
2358,3101,0.006349687592238003
2358,3102,0.015545641081895658
2358,3103,0.010217061057781456
2358,3104,0.010520295744042714
2358,3121,0.004515043660408583
2358,3300,0.0038095669302933327
2358,3301,0.004356992859277969
2358,3302,0.004511678238979075
2358,3303,0.004804102135492156
2358,3304,0.005173702358974772
2358,3305,0.005646399075615213
2358,3306,0.006360528220412582
2358,3307,0.006346829544645844
2358,3308,0.006044154575340161
2358,3309,0.004927025746262062
2358,3310,0.00406453557011543
2358,3316,0.003638593360464213
2358,3321,0.0038268705585639538
2358,3334,0.0037150230423936654
2358,3335,0.003793381097145228
2358,3336,0.0038298272047376145
2359,2360,0.13248973059385916
2359,2361,0.11510864676502866
2359,2362,0.09962015389015962
2359,2363,0.00948337149624681
2359,2364,0.07838906846652753
2359,2365,0.07429669257429154
2359,2366,0.07122974460052581
2359,2367,0.06244027677795751
2359,2368,0.056374475655313665
2359,2369,0.01799703867585332
2359,2845,0.017357982041127366
2359,2846,0.02390303305926796
2359,2847,0.02145716646109727
2359,2848,0.02448875103037633
2359,2849,0.012099411859009396
2359,2850,0.008321991649222213
2359,2851,0.0076530829867714235
2359,2852,0.009443600304061411
2359,2853,0.004371343681000704
2359,2955,0.0048853083415399175
2359,3098,0.005543362781938713
2359,3099,0.008468828842130353
2359,3100,0.004755604765108267
2359,3101,0.0063579778194025474
2359,3102,0.015535376513118223
2359,3103,0.010205654811352874
2359,3104,0.010681800209062455
2359,3121,0.004674222797052348
2359,3300,0.0040582023424742516
2359,3301,0.0046875660204649
2359,3302,0.004892727411148118
2359,3303,0.005240038874689278
2359,3304,0.005658569824829088
2359,3305,0.006209562368426125
2359,3306,0.0070522632292865485
2359,3307,0.007107913785085543
2359,3308,0.006833705134994403
2359,3309,0.0056211480384832195
2359,3310,0.004619460288649037
2359,3316,0.0038090214455312552
2359,3321,0.004027739312452223
2359,3334,0.0040893681084875465
2359,3335,0.004199106061749342
2359,3336,0.004259908304845543
2360,2361,0.13709774200778357
2360,2362,0.1185930363645398
2360,2363,0.011168770429482881
2360,2364,0.09335281783900809
2360,2365,0.08746514779890971
2360,2366,0.08345494064185491
2360,2367,0.07209411981171981
2360,2368,0.06481312132578852
2360,2369,0.02077067513482229
2360,2845,0.01894798040972196
2360,2846,0.026380031214041772
2360,2847,0.02384116584332764
2360,2848,0.02734265372097017
2360,2849,0.01328255824256321
2360,2850,0.009216592939792066
2360,2851,0.008528938244405933
2360,2852,0.010453823241491368
2360,2853,0.004908259300885395
2360,2955,0.0053567113305636
2360,3098,0.006007404697332724
2360,3099,0.00917343744544162
2360,3100,0.00515084683414371
2360,3101,0.0068859507145634935
2360,3102,0.016828252591895177
2360,3103,0.011055526035401225
2360,3104,0.011831431675285158
2360,3121,0.0050946657752370195
2360,3300,0.004620675146903878
2360,3301,0.0053629939000998965
2360,3302,0.005618933093288227
2360,3303,0.006033828360962308
2360,3304,0.006523606206472198
2360,3305,0.007176265623048806
2360,3306,0.008179037024443152
2360,3307,0.008279298237297937
2360,3308,0.007991714767701703
2360,3309,0.006598069348724051
2360,3310,0.005414700335197335
2360,3321,0.004557627865482608
2360,3334,0.0047292887295555365
2360,3335,0.004868258915263218
2360,3336,0.004949100834586183
2361,2362,0.14740888114834808
2361,2363,0.01312246498505641
2361,2364,0.11607582735060319
2361,2365,0.10558275062586112
2361,2366,0.09934988311111621
2361,2367,0.08231810570979903
2361,2368,0.07320174294516846
2361,2369,0.023833105298794025
2361,2845,0.018365348547409052
2361,2846,0.02650932616901505
2361,2847,0.024469974643722435
2361,2848,0.02845693931973031
2361,2849,0.013128309654439568
2361,2850,0.009376128842557865
2361,2851,0.008846727439715056
2361,2852,0.010614329689238505
2361,2853,0.00521622025711154
2361,2955,0.005123527571355539
2361,3098,0.005632310094843735
2361,3099,0.00860544935115976
2361,3100,0.004833615300396669
2361,3101,0.006472734016172065
2361,3102,0.015844010729277477
2361,3103,0.010414290411284924
2361,3104,0.01202839691875696
2361,3121,0.004813692538856555
2361,3300,0.005118715775423178
2361,3301,0.006022666860353421
2361,3302,0.00637860663856931
2361,3303,0.0069008144800869415
2361,3304,0.007485162598617916
2361,3305,0.008289102620943971
2361,3306,0.009538853441640096
2361,3307,0.009772838391804919
2361,3308,0.009537854265921413
2361,3309,0.00795513024013502
2361,3310,0.006506034454046113
2361,3311,0.005054390686662744
2361,3321,0.004957720225372851
2361,3333,0.004935179144403223
2361,3334,0.005478457023617503
2361,3335,0.0056784350703473095
2361,3336,0.005806216550330196
2361,3337,0.004939728861934359
2362,2363,0.015848501612230465
2362,2364,0.15144146983030807
2362,2365,0.13253039197127173
2362,2366,0.1226750489880842
2362,2367,0.09734941379554372
2362,2368,0.08583434330015091
2362,2369,0.02864658089190156
2362,2845,0.01858955675007267
2362,2846,0.027854333324931986
2362,2847,0.026273082027502608
2362,2848,0.03094125119571336
2362,2849,0.013571727732960833
2362,2850,0.009994641414972342
2362,2851,0.009620429090291753
2362,2852,0.011284782599600862
2362,2853,0.005828746080861328
2362,3098,0.005505671477798423
2362,3099,0.008424221580264353
2362,3101,0.006356570503094136
2362,3102,0.015584073229960893
2362,3103,0.010253275256534678
2362,3104,0.012794099254212413
2362,3300,0.005970201846960573
2362,3301,0.007120253066376282
2362,3302,0.007624436690605164
2362,3303,0.008310323825803326
2362,3304,0.00904158900159885
2362,3305,0.010078454318879212
2362,3306,0.011708754259920389
2362,3307,0.01214799353801505
2362,3308,0.011994655617091829
2362,3309,0.010114289861138052
2362,3310,0.008246268052260477
2362,3311,0.0064040737219387845
2362,3321,0.005675327439875918
2362,3333,0.006005548139198961
2362,3334,0.006690725243863955
2362,3335,0.006983819653213031
2362,3336,0.007183304074383885
2362,3337,0.006145957851740733
2362,3338,0.005351811888872279
2363,2364,0.3456161640795397
2363,2365,0.25285888799338635
2363,2366,0.22963966420289797
2363,2367,0.17188528372417602
2364,2365,0.16680706816489085
2364,2366,0.1511857081235895
2364,2367,0.11386222111717696
2364,2368,0.09991858123013206
2364,2369,0.035502642546571234
2364,2845,0.018037358386051524
2364,2846,0.028279939527239017
2364,2847,0.027456005977259352
2364,2848,0.032820336169598924
2364,2849,0.01351039114076008
2364,2850,0.010371878638397065
2364,2851,0.010268237104818001
2364,2852,0.01165688772750434
2364,2853,0.0065060870602609636
2364,3099,0.00795983784291543
2364,3102,0.014753054017674344
2364,3103,0.009714433525242146
2364,3104,0.01320754425380741
2364,3300,0.007142832347687362
2364,3301,0.008707192666389734
2364,3302,0.009502194040919738
2364,3303,0.010489994937855601
2364,3304,0.011467558149177215
2364,3305,0.012925264060581428
2364,3306,0.01526663368369166
2364,3307,0.016242201843176273
2364,3308,0.016444117776975284
2364,3309,0.01423418757729265
2364,3310,0.011540112734986696
2364,3311,0.008967857847943232
2364,3312,0.007431674739533769
2364,3313,0.0065843175822981525
2364,3320,0.007379670582070176
2364,3321,0.006584299036935611
2364,3332,0.006583607251059792
2364,3333,0.007752263167318277
2364,3334,0.008689010676732155
2364,3335,0.009190789603142693
2364,3336,0.009562510218158357
2364,3337,0.008284396204566277
2364,3338,0.007209100717618548
2365,2366,0.17901319532045662
2365,2367,0.13423074018757458
2365,2368,0.11790800446876688
2365,2369,0.04170445273775425
2365,2845,0.017983659736707566
2365,2846,0.03077668511351018
2365,2847,0.03087330643586376
2365,2848,0.037303150237787075
2365,2849,0.0142936396184223
2365,2850,0.011620278751558414
2365,2851,0.011780906004485557
2365,2852,0.012982583391845659
2365,2853,0.00764844469568605
2365,3099,0.007020400738026178
2365,3101,0.005469116748640118
2365,3102,0.013352879727768241
2365,3103,0.008921998239259604
2365,3104,0.014676552933178074
2365,3300,0.008444975695690714
2365,3301,0.010247902087116846
2365,3302,0.011110687397044731
2365,3303,0.01219560671378971
2365,3304,0.013300872529577247
2365,3305,0.014897755997348891
2365,3306,0.017399414697329908
2365,3307,0.01810649875469613
2365,3308,0.01782040932429505
2365,3309,0.014871707316213166
2365,3310,0.012171588977556809
2365,3311,0.00945617642895356
2365,3312,0.007690599338526933
2365,3313,0.00671415295593756
2365,3314,0.005534093158693599
2365,3315,0.005541678616537509
2365,3316,0.007128859276700041
2365,3320,0.006299848681099733
2365,3321,0.007795520291488108
2365,3329,0.0056518084696910486
2365,3330,0.005936131715319538
2365,3331,0.006732960476928794
2365,3332,0.007580583481299401
2365,3333,0.008891056124187236
2365,3334,0.009924930653416921
2365,3335,0.010391511839313416
2365,3336,0.010703617570127258
2365,3337,0.00915983783129586
2365,3338,0.007976565636314183
2365,3339,0.00651540302184884
2365,3340,0.0062472498543701595
2366,2367,0.16530640096144636
2366,2368,0.14532406079018875
2366,2369,0.05116501163164141
2366,2845,0.02091026931920309
2366,2846,0.03692313656249287
2366,2847,0.03746344513539802
2366,2848,0.04541159495109289
2366,2849,0.016988182654380117
2366,2850,0.014093102732348763
2366,2851,0.014401407482738694
2366,2852,0.015709463601033785
2366,2853,0.009422622298760248
2366,3099,0.007898190192465621
2366,3101,0.006216861333603443
2366,3102,0.015086773164128956
2366,3103,0.010152577731686884
2366,3104,0.017739003119278562
2366,3300,0.010404382852220962
2366,3301,0.012596277586222374
2366,3302,0.013615601685548095
2366,3303,0.014906487180392359
2366,3304,0.016239239940032783
2366,3305,0.01813635597817609
2366,3306,0.021071497470864654
2366,3307,0.021722129809740243
2366,3308,0.02113969789892936
2366,3309,0.017420527486785718
2366,3310,0.014323117123722737
2366,3311,0.01113842955145996
2366,3312,0.00900544377872307
2366,3313,0.007825690601980774
2366,3314,0.006410327335045815
2366,3315,0.006363859008638141
2366,3316,0.008794625739648473
2366,3320,0.00694061404854547
2366,3321,0.009617697409212572
2366,3328,0.0063299988014781945
2366,3329,0.006937625500616482
2366,3330,0.007279654362138178
2366,3331,0.00823111166155017
2366,3332,0.009233011814975583
2366,3333,0.010810218623696051
2366,3334,0.012045800382663051
2366,3335,0.012560089942233696
2366,3336,0.012885727595286571
2366,3337,0.010979667266078979
2366,3338,0.009566756917461417
2366,3339,0.007798791435924622
2366,3340,0.007457439548118903
2367,2368,0.18459538588293295
2367,2369,0.060611461130658
2367,2845,0.02284271069829036
2367,2846,0.04437595328112785
2367,2847,0.04642667461730006
2367,2848,0.0566580818104581
2367,2849,0.01990028646494345
2367,2850,0.01746888018535214
2367,2851,0.018166230670515652
2367,2852,0.01935094903641298
2367,2853,0.011987452311076202
2367,3099,0.007970481596274708
2367,3101,0.00648070081967432
2367,3102,0.015261103272037703
2367,3103,0.010559720109860744
2367,3104,0.021767366947866074
2367,3300,0.012896934682134585
2367,3301,0.015354251434488314
2367,3302,0.016300315590528414
2367,3303,0.017588800683358313
2367,3304,0.019033882206392506
2367,3305,0.02092177432993442
2367,3306,0.023643825338893868
2367,3307,0.023379473912922586
2367,3308,0.021793336128243832
2367,3309,0.017272518164985574
2367,3310,0.01449164756708646
2367,3311,0.011356341962608672
2367,3312,0.009024544694600496
2367,3313,0.007735417557304808
2367,3314,0.006223301175708413
2367,3315,0.006014236220341597
2367,3316,0.011131558217556434
2367,3320,0.005829599930861004
2367,3321,0.012118707761101022
2367,3328,0.00769034593572381
2367,3329,0.008409793140186179
2367,3330,0.008777239840873056
2367,3331,0.009762802126540548
2367,3332,0.010753012741883845
2367,3333,0.012474768490381942
2367,3334,0.01377591670438113
2367,3335,0.014102131645446386
2367,3336,0.014224449034209198
2367,3337,0.011938419845559723
2367,3338,0.010441675263348037
2367,3339,0.00846398638313725
2367,3340,0.008013995155589563
2367,3341,0.005880876690434469
2367,3344,0.005856953722601413
2367,3349,0.006136229044622124
2367,3366,0.006763497841248818
2368,2369,0.07536666256304195
2368,2845,0.026226290588762625
2368,2846,0.05405283774972933
2368,2847,0.05786319702123501
2368,2848,0.07091998524670289
2368,2849,0.023857235006154758
2368,2850,0.021812328913394376
2368,2851,0.023032777034816328
2368,2852,0.024030603260050985
2368,2853,0.0154225122858276
2368,3099,0.008894595802751145
2368,3101,0.00735199317027492
2368,3102,0.01696121424189942
2368,3103,0.011932428480167644
2368,3104,0.026928616762893227
2368,3300,0.016542103946343728
2368,3301,0.019570957450393035
2368,3302,0.020621676078366683
2368,3303,0.022104962995187532
2368,3304,0.023838233150851523
2368,3305,0.02599091527403958
2368,3306,0.028942662000363367
2368,3307,0.028051709093891784
2368,3308,0.025649593399376877
2368,3309,0.02003748779782599
2368,3310,0.017003656110518458
2368,3311,0.013400506343366748
2368,3312,0.010582910227571301
2368,3313,0.009023394457084364
2368,3314,0.007208854947471289
2368,3315,0.006883987180222704
2368,3316,0.014344629508775773
2368,3321,0.015610133818460192
2368,3328,0.009801068579870304
2368,3329,0.010708071623597729
2368,3330,0.011152804918997516
2368,3331,0.012322662404151951
2368,3332,0.01346638026008968
2368,3333,0.015552129120728106
2368,3334,0.017097957183386962
2368,3335,0.017356773852739846
2368,3336,0.0173722923995048
2368,3337,0.014498422327666112
2368,3338,0.01271236522634941
2368,3339,0.010289400008904477
2368,3340,0.009702294616366755
2368,3341,0.007041702858009303
2368,3342,0.006799226030607043
2368,3344,0.0075258147782399365
2368,3349,0.007903622411799135
2368,3366,0.00863535949117766
2369,2845,0.012903605195958432
2369,2846,0.015470403240319355
2369,2847,0.018094607547500648
2369,2848,0.022092736646058705
2369,2849,0.013074300047381438
2369,2850,0.01409510812180707
2369,2851,0.016287985689221535
2369,2852,0.015011189239715382
2369,2853,0.026257777497568698
2369,3102,0.007984180414937977
2369,3103,0.005797240783512368
2369,3104,0.016383918787384353
2369,3300,0.03338772904749946
2369,3301,0.041146440089146585
2369,3302,0.04463528514890936
2369,3303,0.04858096634681686
2369,3304,0.05266929041617016
2369,3305,0.057822571989786485
2369,3306,0.06406574264299805
2369,3307,0.030117077258771743
2369,3308,0.026455265611598146
2369,3309,0.02014518777854063
2369,3310,0.017664636573319913
2369,3311,0.014150318159808677
2369,3312,0.01106932512903344
2369,3313,0.00935144938363768
2369,3314,0.007375012712186869
2369,3315,0.006849921992134404
2369,3316,0.026269579516274698
2369,3317,0.005332141603584575
2369,3318,0.004768400997957854
2369,3319,0.005181101824836847
2369,3320,0.005377380930126689
2369,3321,0.029438477911963235
2369,3328,0.010368827488801755
2369,3329,0.011369657603729997
2369,3330,0.011936681761924275
2369,3331,0.01344069557319992
2369,3332,0.014881783944438173
2369,3333,0.0172608423183272
2369,3334,0.01902114894718244
2369,3335,0.019307760261361648
2369,3336,0.019242416730337684
2369,3337,0.01598908042819838
2369,3338,0.01405758561193272
2369,3339,0.01136963533796639
2369,3340,0.010680635122158234
2369,3341,0.00765748556766584
2369,3342,0.007377408667041135
2369,3343,0.006278005114400233
2369,3344,0.007525848179631922
2369,3345,0.005582139856675232
2369,3346,0.00494709660432415
2369,3347,0.004851879264256423
2369,3348,0.0049234664291904805
2369,3349,0.007562286330208179
2369,3366,0.00906127658057936
2383,2384,0.04286737624213518
2383,2385,0.03985765757502666
2383,2386,0.03800842762409766
2383,2387,0.005191388325029743
2383,2388,0.006920735912540845
2383,2389,0.016199918742357027
2383,2390,0.00939405328417037
2383,2391,0.02098076491250227
2383,2392,0.011401521952164886
2383,2393,0.022018369556257227
2383,2394,0.0248261643316615
2383,2395,0.04076121969214651
2383,2396,0.01988747862717511
2383,2397,0.025348427811142504
2383,2398,0.05245877150559692
2383,2399,0.06172093772963468
2383,2400,0.06527038113578368
2383,2401,0.07421818162351732
2383,2402,0.038977609315588566
2383,2550,0.01959155957922687
2383,2820,0.007960178103540824
2383,2821,0.008104895098143852
2383,2822,0.011415886109920522
2383,2837,0.003189626182533585
2383,2930,0.014958518706971399
2383,2931,0.01270682289552299
2383,2947,0.020830488152337963
2383,2948,0.02179410067629309
2383,2949,0.02152967828426983
2383,2950,0.017535615327832103
2383,2951,0.016644616013336774
2383,2952,0.015132075180285543
2383,2953,0.015771018746597875
2383,2954,0.014628468280123555
2383,2955,0.010953677125036115
2383,2956,0.018587808670474593
2383,2957,0.021893824556644268
2383,3011,0.0030583920891976636
2383,3012,0.0030546333924736935
2383,3084,0.01685259613063623
2383,3085,0.015071270239781819
2383,3098,0.004947103245583336
2383,3099,0.0036057537042111106
2383,3100,0.004111353729160587
2383,3101,0.003276845713721537
2383,3103,0.0025616232674602127
2383,3121,0.010227084301552641
2383,3127,0.028645220993334074
2383,3178,0.0029801973558036907
2383,3179,0.0027767913214547745
2383,3276,0.004221523502811943
2383,3277,0.0050713674251959264
2384,2385,0.08619271561510712
2384,2386,0.08159535907952878
2384,2387,0.004985556633318625
2384,2388,0.00665951203737496
2384,2389,0.007786443904188181
2384,2390,0.009034089486888363
2384,2391,0.010078606302881656
2384,2392,0.010953645057931822
2384,2393,0.010571812974560318
2384,2394,0.011917312627854509
2384,2395,0.0195749166199867
2384,2396,0.01911680487224894
2384,2397,0.024382944424753587
2384,2398,0.025181335684595685
2384,2399,0.029625336296671516
2384,2400,0.03133530199907875
2384,2401,0.035663685225782504
2384,2402,0.07566579285573832
2384,2550,0.009503914978754274
2384,2820,0.007724157852898019
2384,2821,0.007900402630144562
2384,2822,0.011153147570109193
2384,2837,0.003413885822793122
2384,2930,0.014833356741104054
2384,2931,0.012429656319039402
2384,2947,0.020900561196988958
2384,2948,0.04405321193769705
2384,2949,0.0441022026179241
2384,2950,0.037127073813758
2384,2951,0.03530790650744725
2384,2952,0.016076787754511237
2384,2953,0.03362137007828196
2384,2954,0.03128242495637092
2384,2955,0.011650315362290263
2384,2956,0.01794000979478137
2384,2957,0.042596764640864204
2384,3011,0.0032614098433127094
2384,3012,0.0032573041325965136
2384,3084,0.017368675161144573
2384,3085,0.016053366826196305
2384,3098,0.005037165414150915
2384,3099,0.003710912639541611
2384,3100,0.004157329745684192
2384,3101,0.0033392411338544676
2384,3103,0.00264125122076963
2384,3121,0.010582246174762434
2384,3127,0.013854349170136067
2384,3178,0.0028621463056585244
2384,3179,0.002666362194201079
2384,3276,0.004198831101358382
2384,3277,0.0050710866623842
2385,2386,0.10086419626558399
2385,2387,0.0053146609608087595
2385,2388,0.00705352528257351
2385,2389,0.008267033539875613
2385,2390,0.009581032753807528
2385,2391,0.010720811371325824
2385,2392,0.011652737109805727
2385,2393,0.011273029589746901
2385,2394,0.012729100693971313
2385,2395,0.020841075447625725
2385,2396,0.020293462712607294
2385,2397,0.025835647005418457
2385,2398,0.026876697226313976
2385,2399,0.03162561246015269
2385,2400,0.03338392085248263
2385,2401,0.03783628202983213
2385,2402,0.07957618520349322
2385,2550,0.010588322962920555
2385,2820,0.008613164706026489
2385,2821,0.00889071911838815
2385,2822,0.012588369392782189
2385,2837,0.004228786699041364
2385,2930,0.01710904820637092
2385,2931,0.014051390687306013
2385,2947,0.022077099948513146
2385,2948,0.046674676584643304
2385,2949,0.04711980421140464
2385,2950,0.04121202205327182
2385,2951,0.03933487657151301
2385,2952,0.017978891311773645
2385,2953,0.03777440599193794
2385,2954,0.035363494329948585
2385,2955,0.01308489051031239
2385,2956,0.018920523860158824
2385,2957,0.044751621431175184
2385,3011,0.004036914946690623
2385,3012,0.004031801768076411
2385,3084,0.020950048619808974
2385,3085,0.01985237359847881
2385,3098,0.005393033739454594
2385,3099,0.004012487041234363
2385,3100,0.004427998462393772
2385,3101,0.003578716554776623
2385,3121,0.011482660420385872
2385,3127,0.015305783141363187
2385,3178,0.0030504814896305894
2385,3276,0.004428302439533677
2385,3277,0.005362278695259115
2386,2387,0.005907736742667498
2386,2388,0.007788667070147472
2386,2389,0.009151135154381458
2386,2390,0.010592636523466271
2386,2391,0.0118875996924893
2386,2392,0.012921277896119372
2386,2393,0.012528705495571685
2386,2394,0.014167165007589154
2386,2395,0.023108455725230664
2386,2396,0.022439667249289714
2386,2397,0.02849936144829778
2386,2398,0.02984182289075547
2386,2399,0.03508545196007776
2386,2400,0.03695774084880281
2386,2401,0.04168551065242001
2386,2402,0.08690726870447173
2386,2550,0.012176565769658561
2386,2820,0.00991608688723246
2386,2821,0.010300752969589655
2386,2822,0.014600635510129075
2386,2837,0.005128335991135356
2386,2930,0.020102372296339655
2386,2931,0.016307880490691543
2386,2947,0.023942345686968215
2386,2948,0.05062211718604096
2386,2949,0.05116751358936763
2386,2950,0.04540155019304295
2386,2951,0.04342430400150502
2386,2952,0.019897837658458376
2386,2953,0.04189616538228753
2386,2954,0.03937300841740531
2386,2955,0.0145339669303674
2386,2956,0.020763278372025868
2386,2957,0.04882640262002822
2386,3011,0.004901312211073444
2386,3012,0.004895141449120885
2386,3084,0.025261047622950113
2386,3085,0.024119985225918773
2386,3098,0.005865019998585481
2386,3099,0.004379745497187143
2386,3100,0.0048084324898176704
2386,3101,0.0038934289102796602
2386,3121,0.012544992293790037
2386,3127,0.017470914904771224
2386,3178,0.003390450403817407
2386,3276,0.004802641068272201
2386,3277,0.005815564910363947
2387,2388,0.052008787328710886
2387,2389,0.04944213526826665
2387,2390,0.04236584568354913
2387,2391,0.03935657441347504
2387,2392,0.03625569232880336
2387,2393,0.03767533600920504
2387,2394,0.033298598512383815
2387,2395,0.020351588189262988
2387,2396,0.020737995761931048
2387,2397,0.016227484176120705
2387,2398,0.015802374391806637
2387,2399,0.013429047185056388
2387,2400,0.012711161184305576
2387,2401,0.011167330161864344
2387,2402,0.010352467884859119
2387,2418,0.005848222945003752
2387,2423,0.012698144785444393
2387,2550,0.011617266105852824
2387,2820,0.012235632537769282
2387,2821,0.010425567989204559
2387,2822,0.009278074330216886
2387,2930,0.00692859701108871
2387,2931,0.008812800858140854
2387,2947,0.006716190601303958
2387,2948,0.006374006100075687
2387,2949,0.005937329601307441
2387,2950,0.004481830126761141
2387,2956,0.00961313742955587
2387,2957,0.007895667389560955
2387,3084,0.0047953892704355955
2387,3100,0.0044666230180072835
2387,3127,0.01042031028965707
2387,3178,0.09171713889240228
2387,3179,0.08518533253258538
2387,3180,0.06702522005215368
2387,3181,0.0644619534164618
2387,3182,0.08800231751443996
2387,3208,0.008651024163869652
2387,3209,0.011729266220244297
2387,3274,0.007373376790793724
2387,3275,0.007263595625542002
2387,3276,0.0072843044112118685
2387,3277,0.006655782712967894
2387,3299,0.004923478798340356
2388,2389,0.06226588180193413
2388,2390,0.11089422816301366
2388,2391,0.04802286482158148
2388,2392,0.08894371398621605
2388,2393,0.04415389685548798
2388,2394,0.03887497651835051
2388,2395,0.0253681744198829
2388,2396,0.05254863324373748
2388,2397,0.041350817266232555
2388,2398,0.019650943373136776
2388,2399,0.01677507109693932
2388,2400,0.015956647528752015
2388,2401,0.014117846114063822
2388,2402,0.013245558346831027
2388,2418,0.004389152704102027
2388,2423,0.009323094695460325
2388,2550,0.011749128332669214
2388,2820,0.011657322235235915
2388,2821,0.009984818968725903
2388,2822,0.009698552810161421
2388,2930,0.007687902098627936
2388,2931,0.009446000440607304
2388,2947,0.017896826199436434
2388,2948,0.008451944784988575
2388,2949,0.007888780642681946
2388,2950,0.006035683126725855
2388,2951,0.005781534721932102
2388,2952,0.010788040205495252
2388,2953,0.0053523145820411865
2388,2954,0.004941053647650244
2388,2955,0.008673401391939384
2388,2956,0.024855591701425216
2388,2957,0.010261077046430103
2388,3084,0.005562622836970714
2388,3098,0.006033071609590272
2388,3100,0.006479979353626388
2388,3101,0.004616319815249361
2388,3121,0.012418133885519596
2388,3127,0.011699362780562316
2388,3178,0.02937178838815011
2388,3179,0.026907350315512474
2388,3180,0.022165349258541606
2388,3181,0.021439821480081632
2388,3182,0.030158926088674855
2388,3208,0.005582051764122517
2388,3209,0.007657745576916562
2388,3274,0.006442558475564274
2388,3275,0.006308454836215505
2388,3276,0.010463495647883776
2388,3277,0.00966149401432196
2389,2390,0.05729276245059341
2389,2391,0.10227534905130527
2389,2392,0.047148651809406014
2389,2393,0.09461308804189711
2389,2394,0.08314505245986857
2389,2395,0.05298148744392235
2389,2396,0.027263485202971154
2389,2397,0.021363765105618385
2389,2398,0.04100222969413566
2389,2399,0.034913232305933024
2389,2400,0.03313901914776396
2389,2401,0.02922199446400993
2389,2402,0.013633893212035505
2389,2423,0.007061541424988962
2389,2550,0.02525757314865654
2389,2820,0.012486424540375693
2389,2821,0.010705975237006922
2389,2822,0.010422349848724947
2389,2930,0.00821914048584867
2389,2931,0.010137637304609707
2389,2947,0.009012363214780567
2389,2948,0.008536609454898637
2389,2949,0.007956813218929252
2389,2950,0.006031995144742663
2389,2951,0.00576421613849524
2389,2952,0.005352574864100512
2389,2953,0.005333990596311817
2389,2954,0.004915111528411007
2389,2955,0.004233053289140981
2389,2956,0.012745873979674102
2389,2957,0.010487471679439538
2389,3084,0.005898533053694509
2389,3085,0.004349302163531222
2389,3098,0.005316950339184935
2389,3100,0.005567059154441603
2389,3101,0.003963788381680307
2389,3121,0.005896397334133011
2389,3127,0.025008046825718024
2389,3178,0.023999415120671077
2389,3179,0.022113237911635133
2389,3180,0.017661107582178544
2389,3181,0.017024046187295895
2389,3182,0.02359774619429901
2389,3208,0.00449072093934028
2389,3209,0.006109824502533695
2389,3274,0.004707660788929615
2389,3275,0.004612408797372962
2389,3276,0.008732361912860712
2389,3277,0.008296667321903614
2390,2391,0.06390116249176228
2390,2392,0.11962321914501717
2390,2393,0.058163520134824925
2390,2394,0.05179181256570039
2390,2395,0.03425049866370787
2390,2396,0.07077224168243465
2390,2397,0.05554928129894904
2390,2398,0.026516705065359532
2390,2399,0.02261089234386736
2390,2400,0.021486210520385456
2390,2401,0.01897595200474401
2390,2402,0.017745250504896653
2390,2423,0.006823635571063917
2390,2550,0.015250889105168423
2390,2820,0.014726039103417033
2390,2821,0.012700066562917375
2390,2822,0.012789924052233963
2390,2930,0.010319502406579742
2390,2931,0.012557336275649738
2390,2947,0.023571667023123438
2390,2948,0.011159874567823327
2390,2949,0.010403383409717401
2390,2950,0.007891808360736465
2390,2951,0.007542006689233137
2390,2952,0.014007194741653357
2390,2953,0.006979127100606768
2390,2954,0.006431211205032927
2390,2955,0.01106665501964552
2390,2956,0.033227680727093346
2390,2957,0.013681075961260414
2390,3084,0.007515363596065764
2390,3085,0.0055844789843790465
2390,3098,0.006713991275373913
2390,3099,0.0042771362347225885
2390,3100,0.0069287092837532725
2390,3101,0.0049377273624626435
2390,3121,0.015333600354287392
2390,3127,0.015700081147418644
2390,3178,0.02300661683109494
2390,3179,0.021207235712043214
2390,3180,0.01693102087605682
2390,3181,0.016322220067601895
2390,3182,0.022650360029649867
2390,3208,0.004305834594273894
2390,3209,0.005856496216302541
2390,3274,0.004688522288590812
2390,3275,0.004588228089633154
2390,3276,0.010635314124534764
2390,3277,0.010301238627149075
2391,2392,0.06147773271599703
2391,2393,0.12155101410773089
2391,2394,0.10805058071164915
2391,2395,0.06874277005091488
2391,2396,0.035172595598626094
2391,2397,0.027521188120092115
2391,2398,0.053234856181617336
2391,2399,0.045276930552508546
2391,2400,0.04291875936510794
2391,2401,0.03776858680094242
2391,2402,0.017550356941110644
2391,2423,0.005415459035745643
2391,2550,0.031894581653787
2391,2820,0.015345032870471426
2391,2821,0.013254090035555856
2391,2822,0.01336113923988943
2391,2930,0.01069719084041768
2391,2931,0.013090731651388448
2391,2947,0.011367469719309858
2391,2948,0.010802891413651722
2391,2949,0.010060060174847623
2391,2950,0.007568668571230219
2391,2951,0.007216827668401024
2391,2952,0.006671515728363274
2391,2953,0.006678038023644356
2391,2954,0.006144595837955402
2391,2955,0.005190424134949898
2391,2956,0.016321770823764663
2391,2957,0.013406052350921184
2391,3084,0.007707510524865902
2391,3085,0.005678710895669129
2391,3098,0.00573017181285946
2391,3099,0.003657469195427547
2391,3100,0.005791722103919112
2391,3101,0.004137945253397588
2391,3121,0.006984875165780268
2391,3127,0.03255811776269181
2391,3178,0.018918705209846162
2391,3179,0.017552746551062814
2391,3180,0.013834524515929382
2391,3181,0.013316148742138864
2391,3182,0.018324090616671427
2391,3209,0.004837356356105432
2391,3276,0.008653023558564338
2391,3277,0.008564970814478852
2392,2393,0.07521538226093535
2392,2394,0.07041814648927977
2392,2395,0.045700023646420534
2392,2396,0.09347970920729287
2392,2397,0.07314259946868581
2392,2398,0.035390392584298325
2392,2399,0.030100150482322074
2392,2400,0.028531598650641497
2392,2401,0.025105335357522175
2392,2402,0.023323327391633262
2392,2423,0.006095664023917307
2392,2550,0.020594401391103866
2392,2820,0.019549964418721182
2392,2821,0.01696127924635023
2392,2822,0.017417758863414946
2392,2930,0.014098802733595279
2392,2931,0.01714584032562777
2392,2947,0.030105624941804018
2392,2948,0.014315770286156118
2392,2949,0.013329707690344675
2392,2950,0.010014834346124294
2392,2951,0.00954510456941514
2392,2952,0.01763139128066836
2392,2953,0.008832943819667864
2392,2954,0.00812525076987739
2392,2955,0.01366792243779084
2392,2956,0.043341158910353485
2392,2957,0.017796521440308244
2392,3084,0.010213071555997131
2392,3085,0.007540098026136814
2392,3098,0.007278461146247927
2392,3099,0.0046535313281408815
2392,3100,0.007279078066544422
2392,3101,0.005210866375292579
2392,3121,0.018222994532051687
2392,3127,0.021452333469630363
2392,3178,0.02131098122752762
2392,3179,0.019786719944152813
2392,3180,0.015580249944718315
2392,3181,0.014995037620896361
2392,3182,0.020625255414352305
2392,3209,0.005456524088417231
2392,3276,0.010696176459532936
2392,3277,0.010722013766087888
2393,2394,0.13829869563158806
2393,2395,0.08504633749142958
2393,2396,0.04314549977663503
2393,2397,0.03380331637058148
2393,2398,0.06608554511552636
2393,2399,0.05615968537156592
2393,2400,0.05314993878558575
2393,2401,0.04667680448109093
2393,2402,0.0215975704616552
2393,2423,0.006007984422189578
2393,2550,0.04130546118860517
2393,2820,0.019886658916364375
2393,2821,0.01718041197650943
2393,2822,0.017248278090962917
2393,2930,0.013686265157968409
2393,2931,0.016849327925991166
2393,2947,0.013744242121395073
2393,2948,0.013097804451559876
2393,2949,0.012192642241212958
2393,2950,0.009132520854057927
2393,2951,0.008696283127602112
2393,2952,0.008017381053508518
2393,2953,0.008048856432385504
2393,2954,0.007400420929159493
2393,2955,0.006180340036042809
2393,2956,0.019941618338923505
2393,2957,0.01637378692578673
2393,3084,0.009769823260385856
2393,3085,0.007151109328454788
2393,3098,0.006456904396267812
2393,3100,0.006455886323001338
2393,3101,0.004621219476636794
2393,3121,0.008161701053189297
2393,3127,0.04163696154771885
2393,3178,0.021316881601845604
2393,3179,0.019868367629948574
2393,3180,0.015575745202326175
2393,3181,0.01498195135298487
2393,3182,0.020523909045315605
2393,3209,0.005502658512833369
2393,3276,0.009510652320493307
2393,3277,0.009512551272713774
2394,2395,0.10199434291432068
2394,2396,0.05133707585383333
2394,2397,0.0403843404379886
2394,2398,0.07961369976794841
2394,2399,0.0676598798331297
2394,2400,0.06397580992580458
2394,2401,0.05612561312308375
2394,2402,0.025894703858143582
2394,2423,0.005641394952565482
2394,2550,0.049197132276622875
2394,2820,0.023249707321913213
2394,2821,0.020217170025559804
2394,2822,0.02076786404777463
2394,2930,0.016626573424101367
2394,2931,0.020379904773461622
2394,2947,0.016235109994138065
2394,2948,0.015514317022206877
2394,2949,0.014440851471910312
2394,2950,0.01078112105035407
2394,2951,0.01025435974697573
2394,2952,0.009431053305048693
2394,2953,0.00949464204126119
2394,2954,0.00872516344595893
2394,2955,0.007207170925415691
2394,2956,0.023735386469505515
2394,2957,0.019503947290007245
2394,3084,0.011882958604675805
2394,3085,0.008687325837075623
2394,3098,0.007016059433821656
2394,3100,0.006893877478407497
2394,3101,0.004954791997198996
2394,3121,0.009310811712814553
2394,3127,0.05059553472913167
2394,3178,0.020112562670513544
2394,3179,0.018791580887425368
2394,3180,0.01470066636420937
2394,3181,0.014136580443253426
2394,3182,0.019329490365039604
2394,3209,0.005230415093496604
2394,3276,0.009888438238209913
2394,3277,0.010080570845692418
2395,2396,0.06295425207509255
2395,2397,0.053189100033096404
2395,2398,0.10415362497019208
2395,2399,0.0886392555501683
2395,2400,0.08401178331791016
2395,2401,0.07384885032995941
2395,2402,0.03415791146459795
2395,2550,0.04165724114792871
2395,2820,0.01776312403066311
2395,2821,0.016377006185869642
2395,2822,0.019925794658037586
2395,2930,0.018564941943429003
2395,2931,0.020684975146130657
2395,2947,0.021104584355089072
2395,2948,0.020276847667864504
2395,2949,0.01888046620999836
2395,2950,0.014045062346320622
2395,2951,0.013336541778657089
2395,2952,0.01221897324416825
2395,2953,0.012361398460955164
2395,2954,0.011354066445750806
2395,2955,0.0091907902994855
2395,2956,0.031134858082371195
2395,2957,0.02565601216997582
2395,3084,0.014435833935669199
2395,3085,0.010925496881213246
2395,3098,0.0072059779564449715
2395,3099,0.004746029014091035
2395,3100,0.006649383314881252
2395,3101,0.004897145408233889
2395,3121,0.011160940433416998
2395,3127,0.05411007430013297
2395,3178,0.009838815221438013
2395,3179,0.009161264454583616
2395,3180,0.007189271715743824
2395,3181,0.006916801113377426
2395,3182,0.009497815280164624
2395,3276,0.008482585765572547
2395,3277,0.00929510329132437
2396,2397,0.12533413803268956
2396,2398,0.059727529362092656
2396,2399,0.05112977177036812
2396,2400,0.0486287711589347
2396,2401,0.042922481287117745
2396,2402,0.039963872684989
2396,2550,0.023292432240828456
2396,2820,0.019951973017331873
2396,2821,0.018322230609718045
2396,2822,0.022190558242166872
2396,2930,0.020757570683847166
2396,2931,0.023035121682637435
2396,2947,0.05059075542599019
2396,2948,0.024200229681122933
2396,2949,0.022526011635019206
2396,2950,0.016801128955869552
2396,2951,0.015971141696320513
2396,2952,0.02933249431610115
2396,2953,0.01479221620585827
2396,2954,0.013590509591366427
2396,2955,0.022224804936939502
2396,2956,0.07401096842020256
2396,2957,0.030389509840341743
2396,3084,0.016321509061286474
2396,3085,0.012459410447999706
2396,3098,0.009066793016122078
2396,3099,0.005952228351302237
2396,3100,0.008406444579903792
2396,3101,0.006177672921015138
2396,3121,0.027497077441631122
2396,3127,0.030132375841403557
2396,3178,0.011940730518116213
2396,3179,0.01109543830549333
2396,3180,0.00872909358960519
2396,3181,0.008401241876193233
2396,3182,0.011563805830049376
2396,3276,0.010782305977707525
2396,3277,0.011787650764317238
2397,2398,0.06967682772562588
2397,2399,0.06273243286868442
2397,2400,0.06017178988902237
2397,2401,0.05345936961384575
2397,2402,0.04992474582623796
2397,2550,0.021679550864520655
2397,2820,0.018025701547483588
2397,2821,0.017097810884641077
2397,2822,0.02213814851966548
2397,2930,0.022890108442706534
2397,2931,0.023639324078015108
2397,2947,0.061849129416903265
2397,2948,0.0297994267007231
2397,2949,0.02775582573856658
2397,2950,0.020631001756658555
2397,2951,0.01957970053924444
2397,2952,0.03582952881410594
2397,2953,0.018157275917614325
2397,2954,0.016676666257728127
2397,2955,0.026782972742423323
2397,2956,0.09144496130151411
2397,2957,0.037764231610542855
2397,3084,0.019316866875087844
2397,3085,0.015166089492820821
2397,3098,0.009390277422921157
2397,3099,0.006306686571546793
2397,3100,0.008401129317778946
2397,3101,0.006297777599321965
2397,3103,0.00446052236942615
2397,3121,0.03141360323291816
2397,3127,0.03055228412809268
2397,3178,0.009133135766598811
2397,3179,0.008488247007135134
2397,3180,0.006676523337399537
2397,3181,0.006425767173639483
2397,3182,0.008846401102948818
2397,3276,0.010042163422373974
2397,3277,0.01137599412351622
2398,2399,0.12604088288315363
2398,2400,0.11916584548475866
2398,2401,0.10446202045807987
2398,2402,0.047924363526772866
2398,2550,0.04523371534711758
2398,2820,0.018679837301072887
2398,2821,0.017894682663474003
2398,2822,0.02344379605169574
2398,2930,0.02431508883826096
2398,2931,0.025113061203522434
2398,2947,0.028006679509867988
2398,2948,0.02728821447840054
2398,2949,0.025492319719717216
2398,2950,0.01895125146570512
2398,2951,0.01795743211569524
2398,2952,0.01637241062060004
2398,2953,0.016693620497344856
2398,2954,0.015337316325279824
2398,2955,0.012100667448455612
2398,2956,0.040476811151052165
2398,2957,0.03482306109231265
2398,3084,0.020092645823072266
2398,3085,0.015468381732651679
2398,3098,0.007979997499563702
2398,3099,0.005388412809871656
2398,3100,0.0071046546345592595
2398,3101,0.005341282927274921
2398,3121,0.013711492702918255
2398,3127,0.06463289355817729
2398,3178,0.008417267251772815
2398,3179,0.007848261742935885
2398,3180,0.0061502307776626465
2398,3181,0.00591607181884584
2398,3182,0.008114278734755096
2398,3276,0.008467191788426833
2398,3277,0.009593858015172044
2399,2400,0.14879037204615417
2399,2401,0.1304080438835418
2399,2402,0.05947444632669481
2399,2550,0.04457955356899832
2399,2820,0.018224129331997036
2399,2821,0.0178452868474371
2399,2822,0.024195739246267108
2399,2930,0.027250516960598936
2399,2931,0.026379101180389122
2399,2947,0.03318384523823247
2399,2948,0.03277853256948083
2399,2949,0.030786223323551774
2399,2950,0.023017323950947414
2399,2951,0.02179312473367147
2399,2952,0.019823820024790904
2399,2953,0.020317101608563034
2399,2954,0.018684134280107904
2399,2955,0.014522361781289362
2399,2956,0.043224515238864454
2399,2957,0.04135279723457201
2399,3084,0.024159574705821696
2399,3085,0.019060224311751053
2399,3098,0.008593943697776198
2399,3099,0.0059152463832468525
2399,3100,0.007487680870344284
2399,3101,0.005716119666407969
2399,3121,0.015685048062262844
2399,3127,0.06541251029983752
2399,3178,0.007607252687567859
2399,3179,0.007092519913666446
2399,3180,0.005558368368659341
2399,3181,0.0053468519430826
2399,3182,0.007335328407098649
2399,3276,0.008536009485107172
2399,3277,0.009862351821219504
2400,2401,0.15928371131149782
2400,2402,0.0726528075454477
2400,2550,0.049046126460167865
2400,2820,0.02001740309505089
2400,2821,0.01970574826942866
2400,2822,0.026921913804966446
2400,2930,0.031118303842673986
2400,2931,0.029477397419217094
2400,2947,0.040017172972846037
2400,2948,0.039721012660775476
2400,2949,0.037386985507781335
2400,2950,0.028020927994788773
2400,2951,0.026527890073933923
2400,2952,0.024120601158117316
2400,2953,0.024749764552278036
2400,2954,0.022767128826311673
2400,2955,0.01763784862390443
2400,2956,0.04919781009258663
2400,2957,0.04960077190502459
2400,3084,0.028524728597416105
2400,3085,0.022857977377788073
2400,3098,0.01010261460051351
2400,3099,0.007002395011499825
2400,3100,0.008738555392654621
2400,3101,0.006709225413102535
2400,3121,0.018782994582621906
2400,3127,0.07216634112691231
2400,3178,0.008299762208098917
2400,3179,0.007734216056423895
2400,3180,0.006064423205568347
2400,3181,0.005834117083086245
2400,3182,0.008008820700905146
2400,3276,0.00980074201386707
2400,3277,0.011401760512742781
2401,2402,0.09452091330554903
2401,2550,0.05098754504651024
2401,2820,0.020751426426346444
2401,2821,0.020682782952016303
2401,2822,0.0286687326683009
2401,2837,0.0061019253844714965
2401,2930,0.03496142387378181
2401,2931,0.03164058483899543
2401,2947,0.04939469974143585
2401,2948,0.04992035702707125
2401,2949,0.04747418919018257
2401,2950,0.036046762298372656
2401,2951,0.03412321366057713
2401,2952,0.03099314976298348
2401,2953,0.031934897430936554
2401,2954,0.02941663457074188
2401,2955,0.02254868278248096
2401,2956,0.051869103579430705
2401,2957,0.058341038098357126
2401,3011,0.005900949193019465
2401,3012,0.005894125241306776
2401,3084,0.034668094976041786
2401,3085,0.02889535045263734
2401,3098,0.011859567578325242
2401,3099,0.008370453518546222
2401,3100,0.01008931243887052
2401,3101,0.007857020350654541
2401,3103,0.005921654782273823
2401,3121,0.02303552719952456
2401,3127,0.07516251027223747
2401,3178,0.008378511384030651
2401,3179,0.007802578825303585
2401,3180,0.006122308632000902
2401,3181,0.005890459971396459
2401,3276,0.010903073220451868
2401,3277,0.012870439324837064
2402,2550,0.01994996303756091
2402,2820,0.01623445768917084
2402,2821,0.01621684449555485
2402,2822,0.02255032333645354
2402,2837,0.005367985055525379
2402,2930,0.028039019705634452
2402,2931,0.024938410115377688
2402,2947,0.04596800994602903
2402,2948,0.09406679039452612
2402,2949,0.0901092716721657
2402,2950,0.06878612454675667
2402,2951,0.06511693612886142
2402,2952,0.029569410532250873
2402,2953,0.06095536411406624
2402,2954,0.056148130728686324
2402,2955,0.021498205252601467
2402,2956,0.04267960567202063
2402,2957,0.10133870986880139
2402,3011,0.0051551817960833095
2402,3012,0.005148927781260851
2402,3084,0.029242034446366628
2402,3085,0.025394455673937773
2402,3098,0.010865658944574138
2402,3099,0.007758927440973107
2402,3100,0.00914844011576939
2402,3101,0.007194244860877025
2402,3103,0.005495163217364272
2402,3121,0.02160016284144928
2402,3127,0.02940417553676443
2402,3178,0.006712332743897352
2402,3179,0.006241643820805604
2402,3276,0.009625809723497204
2402,3277,0.011479278764336036
2414,2523,0.19981013842195833
2414,3077,0.03462525985609332
2414,3081,0.030306227950203424
2414,3082,0.0962341974202478
2414,3118,0.04961298045154009
2414,3210,0.029810558046537365
2414,3214,0.04157704078507647
2414,3257,0.036719805012986495
2414,3281,0.05311184245004871
2414,3418,0.03494542257085602
2414,3466,0.03221895545997563
2414,3467,0.04197514579673708
2414,3468,0.05182030774175775
2414,3471,0.06403940259891885
2414,3472,0.05329693868650704
2414,3473,0.05026645148464381
2414,3474,0.04593024017136851
2414,3475,0.053699085094543304
2418,2423,0.13138005086031132
2418,3178,0.03625976251848817
2418,3179,0.03804192716795341
2418,3180,0.0487365166172921
2418,3181,0.05069574627602095
2418,3182,0.056445215414817666
2418,3208,0.08767656633456654
2418,3209,0.09264001026340526
2418,3274,0.11825866473729045
2418,3275,0.24409692995086377
2418,3299,0.09576860985899038
2423,3178,0.05599657756707434
2423,3179,0.05878229872658919
2423,3180,0.07527838072004209
2423,3181,0.07829487190672395
2423,3182,0.08721813138784434
2423,3208,0.1587181494450808
2423,3209,0.2055831276938058
2423,3274,0.08180590608610364
2423,3275,0.08254270681446542
2423,3299,0.11577984965227046
2425,2996,0.4878408921717156
2425,2997,0.26037709397567266
2425,2998,0.1469705291738021
2425,2999,0.1048114846788097
2519,2941,0.37517273982268917
2519,2942,0.10880750173861592
2519,3014,0.10520839257040315
2519,3015,0.1043800420832684
2519,3125,0.034992257652375305
2519,3260,0.20118028297198876
2519,3261,0.07025878316065935
2523,2945,0.01700681568293135
2523,3077,0.029865510009720028
2523,3081,0.023381290601425773
2523,3082,0.03563096531302608
2523,3118,0.043889950414618496
2523,3210,0.022186871668983223
2523,3214,0.03717722661212619
2523,3257,0.07500426381446995
2523,3281,0.1062499349270712
2523,3418,0.030974906545358116
2523,3466,0.02427685089440714
2523,3467,0.03119285901514977
2523,3468,0.044805218295323475
2523,3471,0.023351462926477586
2523,3472,0.13804039922694705
2523,3473,0.1332978726977879
2523,3474,0.08308322725359144
2523,3475,0.10058437410058524
2531,2554,0.03341523609104928
2531,2838,0.07579474624373725
2531,2944,0.021800423356392644
2531,3024,0.046168613994185904
2531,3083,0.16435264049166642
2531,3464,0.545616003580809
2531,3465,0.11285233624215966
2532,2977,0.22794124024413812
2532,3233,0.3308204292387674
2532,3296,0.22249756801155685
2532,3297,0.2187407625055376
2548,2997,0.012566733183036905
2548,2999,0.029281844401773446
2548,3253,0.02012911579118469
2548,3254,0.03467705435957257
2548,3255,0.04076372037194138
2548,3427,0.2594162677527501
2548,3428,0.11782488153861669
2548,3429,0.14983739849201072
2548,3430,0.3355029841091135
2550,2820,0.10297704407033283
2550,2821,0.09960410150354271
2550,2822,0.09925402540606994
2550,2930,0.06894379046374353
2550,2931,0.09069272196901035
2550,2947,0.022606249636544784
2550,2948,0.022420104472771898
2550,2949,0.0211603415376969
2550,2950,0.016035192620653
2550,2951,0.015181483002049289
2550,2952,0.013785209460798085
2550,2953,0.014244102699655639
2550,2954,0.013147503122813712
2550,2955,0.010019605345596478
2550,2956,0.03164613556699889
2550,2957,0.028175978974140033
2550,3084,0.04519912521713483
2550,3085,0.020994329618644572
2550,3121,0.010759146865788626
2550,3127,0.17191866446856394
2550,3178,0.016068141666719965
2550,3179,0.015436434248175774
2550,3180,0.012068741018259417
2550,3181,0.011603365775694229
2550,3182,0.010410685984952083
2550,3276,0.007509695138645283
2550,3277,0.008138080145003154
2554,2838,0.5021000111637242
2554,2934,0.04171866139807201
2554,2940,0.0400566597382759
2554,2943,0.09270866243307015
2554,2944,0.051255278178022654
2554,3016,0.10468630660447674
2554,3243,0.09831083712207174
2554,3464,0.06916358336228677
2820,2821,0.19880888003787514
2820,2822,0.15411977767642224
2820,2930,0.10600133572524999
2820,2931,0.1387614534209784
2820,2947,0.017015552697469023
2820,2948,0.016840819652679823
2820,2949,0.01587730476750251
2820,2950,0.012009660057266655
2820,2951,0.011369753610987176
2820,2952,0.010324672822202959
2820,2953,0.01066296647547738
2820,2954,0.009839922830257804
2820,2955,0.007509121778528768
2820,2956,0.02406159880352514
2820,2957,0.02122635046066052
2820,3084,0.06944494362024785
2820,3085,0.03223656477238993
2820,3121,0.008152164643136338
2820,3127,0.06441238919600122
2820,3178,0.015720647277159504
2820,3179,0.01524866941868558
2820,3180,0.011998524328463636
2820,3181,0.011545289091888128
2820,3182,0.010331624259962723
2820,3277,0.006480012574981509
2821,2822,0.19763391222653892
2821,2929,0.015878065223942667
2821,2930,0.1378422503707573
2821,2931,0.17689672491186914
2821,2947,0.02005774014198035
2821,2948,0.019985433659423242
2821,2949,0.01892658702469853
2821,2950,0.014470141740771107
2821,2951,0.013705814046110258
2821,2952,0.012444149419377801
2821,2953,0.012902666712380374
2821,2954,0.011936106109935982
2821,2955,0.00902148652667856
2821,2956,0.027707521263552793
2821,2957,0.024937446327487425
2821,3084,0.09096043407762175
2821,3085,0.04232816343208567
2821,3121,0.009470840017873558
2821,3127,0.07644736118818136
2821,3178,0.016092444306085852
2821,3179,0.015620897888193515
2821,3180,0.012302456164925882
2821,3181,0.01183935696154835
2821,3182,0.010592000257979522
2822,2837,0.014142462498259237
2822,2929,0.014737287441018989
2822,2930,0.1691506514345035
2822,2931,0.22012811225231393
2822,2947,0.02414338209986916
2822,2948,0.024217650761809886
2822,2949,0.023037953352754003
2822,2950,0.017781840033091592
2822,2951,0.016851176956335437
2822,2952,0.015303479049148748
2822,2953,0.01590252774752023
2822,2954,0.014733662368570955
2822,2955,0.011081854935761568
2822,2956,0.03216416402310536
2822,2957,0.0298113805504392
2822,3011,0.014581205802805194
2822,3012,0.01457290682695762
2822,3084,0.11079895620564763
2822,3085,0.051430733258462515
2822,3121,0.011289574671488252
2822,3127,0.08908662146797876
2822,3178,0.012413500503115342
2822,3179,0.011882822072582335
2822,3180,0.009275638769910879
2822,3181,0.008916239735276964
2822,3182,0.008009208076488208
2822,3276,0.00689949231243769
2822,3277,0.007655514792346826
2837,2928,0.08143179128928263
2837,2929,0.1005335820677367
2837,2930,0.028639153963869946
2837,2931,0.022413111029713703
2837,2949,0.010024150546973427
2837,2950,0.010681890287216037
2837,2951,0.010615361052986534
2837,2952,0.010347656873208863
2837,2953,0.010946485911207763
2837,2954,0.011068198402908323
2837,3011,0.30616955879232666
2837,3012,0.3056615254305752
2837,3084,0.04007341275858719
2837,3085,0.05139412159340716
2838,2934,0.0827822908920461
2838,2940,0.05090300774907209
2838,2943,0.10396438705534869
2838,2944,0.10490808336484578
2838,3016,0.1361086931355748
2838,3083,0.1015728071014568
2838,3243,0.10590347057693845
2838,3464,0.23504489022101105
2838,3465,0.07881236990370619
2843,2854,0.025465880917376654
2843,3027,0.03621464518072844
2843,3028,0.02705343706767856
2843,3185,0.02229687411596663
2843,3186,0.02527444035658036
2843,3187,0.06233978846420307
2843,3231,0.1635702587186892
2843,3232,0.18151362519019362
2843,3432,0.1766042042155065
2843,3459,0.1302820537906733
2843,3460,0.055559449183617236
2843,3463,0.09382534279878646
2845,2846,0.05883723281042237
2845,2847,0.04670983010482196
2845,2848,0.04618877335872751
2845,2849,0.13241758666268064
2845,2850,0.08060786912253406
2845,2851,0.06630996027208719
2845,2852,0.09090026651361922
2845,2853,0.017306452990617734
2845,2955,0.0071704922988990345
2845,3098,0.014039619913243574
2845,3099,0.021914855597578244
2845,3100,0.026812669831377384
2845,3101,0.037532995859470286
2845,3102,0.0790210607257239
2845,3103,0.060380712674142814
2845,3104,0.0663730005749062
2845,3121,0.00849786676198043
2845,3276,0.008008132844303144
2845,3277,0.009002014390856074
2845,3300,0.00817442220167724
2845,3301,0.00843763103022172
2845,3302,0.0081036192231782
2845,3303,0.008147342941501592
2845,3304,0.008504146169201069
2845,3305,0.008767849968874529
2845,3306,0.009092625761648094
2845,3307,0.008350037793528529
2845,3308,0.007392439202734972
2845,3309,0.005693033396426818
2845,3316,0.009238955998317453
2845,3321,0.009198409079881148
2845,3333,0.005587304158006363
2845,3334,0.005937904319715575
2845,3335,0.0057644571292511295
2845,3336,0.0055784283178440235
2846,2847,0.15205490492639087
2846,2848,0.1349874683183684
2846,2849,0.0805091615245595
2846,2850,0.06705469618559849
2846,2851,0.05534489452893273
2846,2852,0.07597145699590283
2846,2853,0.0288009305397518
2846,3098,0.009534350385418349
2846,3099,0.014410149225613922
2846,3100,0.00974413496742361
2846,3101,0.013638967073805916
2846,3102,0.02342492007449812
2846,3103,0.020383935169303237
2846,3104,0.055378491323136304
2846,3276,0.006135428186612813
2846,3277,0.006560841723066581
2846,3300,0.012745343037175078
2846,3301,0.012567501068674138
2846,3302,0.01166892930190227
2846,3303,0.011392633163172456
2846,3304,0.011663946491092267
2846,3305,0.011634131874205257
2846,3306,0.011481641311433323
2846,3307,0.010125773030116102
2846,3308,0.008673507853737234
2846,3309,0.006573878610975206
2846,3310,0.005874832105050438
2846,3316,0.015180157115564684
2846,3321,0.014881216700479531
2846,3328,0.007107721253258651
2846,3329,0.007540433982466228
2846,3330,0.007527631832936342
2846,3331,0.007421711062755361
2846,3332,0.007291034199502307
2846,3333,0.007879502136579942
2846,3334,0.008203180827187764
2846,3335,0.0077695312860678965
2846,3336,0.007363926934041803
2846,3337,0.006042550591533721
2846,3338,0.0054525896613216475
2846,3344,0.007006616175862008
2846,3349,0.008393974779791742
2846,3366,0.006601372464733107
2847,2848,0.17120413732832285
2847,2849,0.06647853804482634
2847,2850,0.0792192692210441
2847,2851,0.07383768771786699
2847,2852,0.08711471762945101
2847,2853,0.03894632439753172
2847,3098,0.007871107219588488
2847,3099,0.01187134572460344
2847,3100,0.008101029721630302
2847,3101,0.011317412550092497
2847,3102,0.0194928859907896
2847,3103,0.01679487666798255
2847,3104,0.06277636443134227
2847,3300,0.01765342282262604
2847,3301,0.017310699012412122
2847,3302,0.015954376595968576
2847,3303,0.015450743532808049
2847,3304,0.01571892919801776
2847,3305,0.015501370367954417
2847,3306,0.015017265011333632
2847,3307,0.013060063609482298
2847,3308,0.011066428514742184
2847,3309,0.008367228939791903
2847,3310,0.0075927201085904655
2847,3311,0.006293945611226631
2847,3316,0.020802511640928237
2847,3321,0.020535064487798356
2847,3328,0.00984528256605412
2847,3329,0.010444207532653016
2847,3330,0.010421495027105227
2847,3331,0.01023939398196352
2847,3332,0.009998446499436271
2847,3333,0.010737898147638845
2847,3334,0.011112201487075318
2847,3335,0.010449621901567159
2847,3336,0.009841429832610745
2847,3337,0.008080533633469708
2847,3338,0.007329839721949655
2847,3339,0.005996078238689544
2847,3344,0.009614669778028967
2847,3349,0.011400996211654529
2847,3366,0.009137439341350452
2848,2849,0.07288293087966656
2848,2850,0.07957479959174218
2848,2851,0.08041613631200928
2848,2852,0.08700993610511187
2848,2853,0.04525532075217655
2848,3098,0.008792341754775864
2848,3099,0.013468454066977853
2848,3100,0.008849474080986765
2848,3101,0.012411336120648082
2848,3102,0.023260909071414395
2848,3103,0.018968893692225472
2848,3104,0.0639539890192015
2848,3300,0.02289821284525223
2848,3301,0.023369997097854173
2848,3302,0.02202641276001385
2848,3303,0.021685627329731005
2848,3304,0.022284158799020348
2848,3305,0.02229609364459669
2848,3306,0.02197433734263157
2848,3307,0.019289602324293862
2848,3308,0.016437204978563966
2848,3309,0.012438611372759683
2848,3310,0.011195072962528972
2848,3311,0.009208097798589415
2848,3312,0.00715971273793258
2848,3316,0.02508741143469237
2848,3321,0.025437116384523603
2848,3328,0.012722402910931028
2848,3329,0.013599460408236971
2848,3330,0.013692260155888189
2848,3331,0.01376817663882234
2848,3332,0.013722306060948538
2848,3333,0.014948682670094814
2848,3334,0.015637366170625635
2848,3335,0.014862983908955445
2848,3336,0.014109433402196475
2848,3337,0.011577274053191911
2848,3338,0.010434804337528353
2848,3339,0.00850140547889415
2848,3340,0.00783788207208567
2848,3344,0.011748349623263972
2848,3349,0.013548615770107016
2848,3366,0.011656405078308745
2849,2850,0.13666215652791483
2849,2851,0.10826555099851831
2849,2852,0.15196716074169683
2849,2853,0.02821694390747977
2849,3098,0.013585444896313484
2849,3099,0.02047163187648179
2849,3100,0.0277638758859007
2849,3101,0.038876936836666647
2849,3102,0.06463610368325264
2849,3103,0.05794325941194697
2849,3104,0.10667884575911706
2849,3121,0.007358583640965311
2849,3276,0.0087043399505846
2849,3277,0.009341736742092687
2849,3300,0.012154036253542324
2849,3301,0.011947673755738566
2849,3302,0.011100713060301887
2849,3303,0.010858510243826003
2849,3304,0.011137980335453093
2849,3305,0.01115386390596461
2849,3306,0.011091262654290083
2849,3307,0.009847833481401438
2849,3308,0.008484836958028456
2849,3309,0.006444691968497468
2849,3316,0.014713200332403876
2849,3321,0.014312589914453323
2849,3328,0.006787391881149407
2849,3329,0.007191243770347912
2849,3330,0.007170387709463648
2849,3331,0.007056676116610015
2849,3332,0.006933249480701261
2849,3333,0.007501928955739053
2849,3334,0.00782286388051436
2849,3335,0.007427127118370639
2849,3336,0.007056365887118116
2849,3344,0.0067918355961939575
2849,3349,0.008220479220842866
2849,3366,0.006320686660116229
2850,2851,0.170973965393934
2850,2852,0.1979252197638437
2850,2853,0.04581288247109438
2850,3098,0.008544000037121927
2850,3099,0.012492009900906481
2850,3100,0.01823521728050852
2850,3101,0.025169896489696954
2850,3102,0.03771830611595369
2850,3103,0.035268294100177226
2850,3104,0.1167903379988908
2850,3277,0.0062220812935357165
2850,3300,0.0181784880229895
2850,3301,0.016890394539520275
2850,3302,0.01512747962260853
2850,3303,0.014324814295375007
2850,3304,0.014361485019098221
2850,3305,0.013870316523616977
2850,3306,0.013094051347534425
2850,3307,0.01122916070470594
2850,3308,0.009430807735767986
2850,3309,0.007129488758913481
2850,3310,0.006571968932353117
2850,3316,0.02351196987131355
2850,3321,0.022379936125580237
2850,3328,0.010341233394793545
2850,3329,0.010843217895757134
2850,3330,0.010685614803724323
2850,3331,0.010166348182988281
2850,3332,0.009645575920097234
2850,3333,0.010137161595642635
2850,3334,0.010321569471652603
2850,3335,0.009560765675625965
2850,3336,0.008902164249976332
2850,3337,0.0073307528651532835
2850,3338,0.006721815470166141
2850,3344,0.0109118974472119
2850,3349,0.013395834786748082
2850,3366,0.009783475895421827
2851,2852,0.18536021577054881
2851,2853,0.06786127614422753
2851,3098,0.007573304835019812
2851,3099,0.011156665978645534
2851,3100,0.01609468248701306
2851,3101,0.02224484451275471
2851,3102,0.03486282595926237
2851,3103,0.03155149959888345
2851,3104,0.11578001216033068
2851,3300,0.027735059390187788
2851,3301,0.025567719040062015
2851,3302,0.02270606933788905
2851,3303,0.02130226041840909
2851,3304,0.021191599837274915
2851,3305,0.020206911509213152
2851,3306,0.018703175195240868
2851,3307,0.015854464335345493
2851,3308,0.01321207074664618
2851,3309,0.010009529112966575
2851,3310,0.009381352069638107
2851,3311,0.007998826656170813
2851,3316,0.03539785134826273
2851,3321,0.034018214296956874
2851,3328,0.015770279346425244
2851,3329,0.01654552477695888
2851,3330,0.01630511567126184
2851,3331,0.015470108789269958
2851,3332,0.014591090902339001
2851,3333,0.015225880504190652
2851,3334,0.015397928764277119
2851,3335,0.014163617989095201
2851,3336,0.013109098010027978
2851,3337,0.010824871370953285
2851,3338,0.00998690260143151
2851,3339,0.008271560865610424
2851,3340,0.007558297799353954
2851,3344,0.016353815089250774
2851,3349,0.019768175073119672
2851,3366,0.014887301705484845
2852,2853,0.063935986633333
2852,3098,0.013985491184794448
2852,3099,0.020707442117168566
2852,3100,0.029413341342070274
2852,3101,0.04083931211779245
2852,3102,0.06428589534853943
2852,3103,0.05858203718999126
2852,3104,0.20252394579746535
2852,3276,0.00955439815240998
2852,3277,0.009980152217416454
2852,3300,0.026553994699346082
2852,3301,0.025239604570426708
2852,3302,0.022894903118059633
2852,3303,0.021912639660008535
2852,3304,0.022131439678526352
2852,3305,0.02160806252776479
2852,3306,0.020695153692191978
2852,3307,0.017894673353375738
2852,3308,0.015111798798523538
2852,3309,0.011422833433096465
2852,3310,0.010424166421556042
2852,3316,0.0331976815109938
2852,3321,0.03201012418171927
2852,3328,0.014956001971454783
2852,3329,0.015757052823643432
2852,3330,0.015606566888324796
2852,3331,0.015050352811826843
2852,3332,0.014462834620753488
2852,3333,0.015356898373338845
2852,3334,0.015761214370061356
2852,3335,0.014708953862072058
2852,3336,0.013775858804112159
2852,3337,0.011323358231828508
2852,3338,0.01032340041583434
2852,3344,0.015340383873623563
2852,3349,0.018629497892672747
2852,3366,0.014042547313883073
2853,3102,0.00825195269583209
2853,3103,0.0075891413356126885
2853,3104,0.027429187825700762
2853,3300,0.07803477712494354
2853,3301,0.06322820632450984
2853,3302,0.053030575889109484
2853,3303,0.04713310226633403
2853,3304,0.044882926040212025
2853,3305,0.04041948354429785
2853,3306,0.03476791791748605
2853,3307,0.014363042692090591
2853,3308,0.011832265803943823
2853,3309,0.00920039852755696
2853,3310,0.009190738955882757
2853,3311,0.008338875652959137
2853,3312,0.006614795760036724
2853,3316,0.118618247154352
2853,3321,0.10579664556896405
2853,3328,0.024595949764444732
2853,3329,0.02517540474287551
2853,3330,0.024214770682423798
2853,3331,0.021480782866041763
2853,3332,0.018981535421729073
2853,3333,0.01862382824048841
2853,3334,0.01797186206491365
2853,3335,0.015969100577131898
2853,3336,0.014399034014892616
2853,3337,0.01221109648073193
2853,3338,0.011700409967133178
2853,3339,0.010033622184029398
2853,3340,0.009111505175000405
2853,3344,0.028198387996895523
2853,3349,0.03457621956383131
2853,3366,0.024034209177612356
2854,3027,0.2618676925480688
2854,3028,0.36337222290480065
2854,3187,0.19574273294683392
2854,3432,0.07103102408928931
2854,3463,0.1079863275110072
2928,2929,0.5249425820679884
2928,2930,0.039076499860439734
2928,3011,0.17437382839552576
2928,3012,0.17465687398308088
2928,3084,0.04307436045091141
2928,3085,0.04387585524205394
2929,2930,0.07347520569943887
2929,2931,0.0638605604278944
2929,3011,0.34637035545784833
2929,3012,0.3469132116325598
2929,3084,0.08312244404547593
2929,3085,0.08625822273678274
2930,2931,0.21204264025623581
2930,2947,0.03321596896030825
2930,2948,0.03392331890382872
2930,2949,0.03277520773409302
2930,2950,0.0262976767072541
2930,2951,0.02499489457465507
2930,2952,0.022760042721506106
2930,2953,0.023821190776157145
2930,2954,0.022225596445236872
2930,2955,0.016500637972241067
2930,2956,0.03972024831730175
2930,2957,0.039683639656782364
2930,3011,0.022171172042301738
2930,3012,0.02215463759512169
2930,3084,0.1826654983182409
2930,3085,0.08479084786431877
2930,3098,0.007991236084187354
2930,3121,0.01558038359622262
2930,3127,0.09164552470743066
2930,3178,0.010457362756328798
2930,3179,0.00993079978013688
2930,3180,0.007734008530035294
2930,3276,0.007874340236807078
2930,3277,0.009043125463267881
2931,2947,0.04185113804676801
2931,2948,0.042106003177365674
2931,2949,0.040142085646688266
2931,2950,0.031128193053659485
2931,2951,0.02950705796879891
2931,2952,0.02680171075973444
2931,2953,0.02787694810416883
2931,2954,0.02584626225333808
2931,2955,0.019402930086555737
2931,2956,0.05472894893762887
2931,2957,0.05145819300893349
2931,3011,0.024362849503067205
2931,3012,0.02434731017755129
2931,3084,0.19312952567630853
2931,3085,0.0896770138302336
2931,3098,0.010665063990411651
2931,3121,0.019527873737336436
2931,3127,0.14810365531173375
2931,3178,0.018534988994489545
2931,3179,0.017676823591410627
2931,3180,0.013779548957109271
2931,3181,0.013243408734476284
2931,3182,0.011914785332361575
2931,3276,0.011409538082593705
2931,3277,0.012778143037276665
2932,3256,1.0
2934,2940,0.0515945950228339
2934,2943,0.04580627784215881
2934,2944,0.47293889593774463
2934,2958,0.08096928770698665
2934,3016,0.15480411703545818
2934,3243,0.040365216790969105
2934,3367,0.1157015487040841
2934,3464,0.0378200609597647
2937,3009,0.17117736241358372
2937,3010,0.13735413097158225
2937,3025,0.6914685066148339
2938,3211,1.0
2940,2943,0.40026570917260756
2940,2944,0.05924474043956814
2940,3016,0.19393410686552967
2940,3243,0.34655544352229467
2941,2942,0.20234986683127
2941,3014,0.19279921847549591
2941,3015,0.1877341702698113
2941,3125,0.058008275478789
2941,3260,0.26902393654793594
2941,3261,0.09008453239669784
2942,3014,0.432120660208146
2942,3015,0.38299405565168887
2942,3125,0.09606596511427835
2942,3243,0.020748056514911548
2942,3260,0.05022480479437305
2942,3261,0.01784645771660219
2943,2944,0.03227645689331571
2943,3016,0.24893803662753286
2943,3243,0.7187855064791514
2944,2958,0.4506034278281716
2944,3016,0.2565232272762777
2944,3243,0.13484961507583487
2944,3464,0.15802372981971602
2945,3077,0.13756221780249114
2945,3081,0.07014081627431827
2945,3082,0.023185976311876806
2945,3118,0.060868001555308866
2945,3210,0.054389595320395494
2945,3214,0.10220507447045488
2945,3257,0.012139764531636897
2945,3281,0.01935315093397179
2945,3418,0.06129016677746984
2945,3419,0.07060969924466559
2945,3466,0.05873980552401099
2945,3467,0.04989519619368594
2945,3468,0.061578593758017657
2945,3469,0.02412625615518451
2945,3470,0.03233572466859949
2945,3471,0.023331297849194157
2945,3472,0.030016256220685034
2945,3473,0.03014307347499788
2945,3474,0.044752264873925994
2945,3475,0.033337068059108695
2947,2948,0.08625729957085593
2947,2949,0.08109431682866308
2947,2950,0.061120559242769566
2947,2951,0.05811218652292057
2947,2952,0.10657696830623709
2947,2953,0.05382174078549308
2947,2954,0.04945081581065263
2947,2955,0.0794813710043671
2947,2956,0.12450378292711321
2947,2957,0.07373056467204618
2947,3084,0.02319863590087999
2947,3085,0.021265488289009322
2947,3098,0.014471054003842515
2947,3099,0.010354309811587359
2947,3100,0.0121003398604907
2947,3101,0.009581089719075122
2947,3102,0.0061520114926451736
2947,3103,0.007331272016597737
2947,3121,0.057200939837616496
2947,3127,0.024131321001466078
2947,3178,0.006686497348013485
2947,3179,0.00618431496385895
2947,3276,0.012305396828703725
2947,3277,0.014887723255095001
2948,2949,0.15165866879797962
2948,2950,0.11279438233304448
2948,2951,0.10700106862509205
2948,2952,0.048855615122970805
2948,2953,0.09927197188249676
2948,2954,0.09117632809760229
2948,2955,0.03604745209785073
2948,2956,0.053052615462369494
2948,2957,0.12767388928696075
2948,3084,0.02147079780187838
2948,3085,0.0199530546568138
2948,3098,0.012323994807341527
2948,3099,0.00891180701319335
2948,3100,0.01023548375328751
2948,3101,0.008161847727005126
2948,3102,0.005358473038039123
2948,3103,0.006318286872564756
2948,3121,0.024939819914565058
2948,3127,0.02122922639692371
2948,3178,0.005613426667069168
2948,3179,0.005195398781346144
2948,3276,0.010278211453157549
2948,3277,0.012478179410447508
2949,2950,0.13890438914023648
2949,2951,0.13169259295398753
2949,2952,0.06004793254852037
2949,2953,0.12227040845186406
2949,2954,0.11230165809435601
2949,2955,0.04410437464227934
2949,2956,0.05670056727525048
2949,2957,0.13679689055724017
2949,3084,0.024510438968125884
2949,3085,0.023389301633326465
2949,3098,0.014238529546665518
2949,3099,0.010439761056936456
2949,3100,0.01171534051010804
2949,3101,0.009439531822062024
2949,3102,0.006362451131766509
2949,3103,0.007415856299284119
2949,3121,0.029542490021678764
2949,3127,0.023013133500063065
2949,3178,0.006002366393410071
2949,3179,0.005554323315419434
2949,3276,0.011500017900655805
2949,3277,0.014057644236763369
2950,2951,0.18456847351361258
2950,2952,0.08380954384420435
2950,2953,0.17159869736835978
2950,2954,0.15760619316921898
2950,2955,0.06075531576779506
2950,2956,0.043963963663535104
2950,2957,0.10595544195687111
2950,3084,0.022376654764164283
2950,3085,0.02368875183068739
2950,3098,0.01565310132607961
2950,3099,0.012231916123386593
2950,3100,0.012442209188617713
2950,3101,0.010506067180531157
2950,3102,0.007916918721700271
2950,3103,0.008796224979070597
2950,3121,0.034906117538924086
2950,3127,0.018176661031286307
2950,3276,0.011119854637489799
2950,3277,0.013927893394465252
2951,2952,0.10629698263911673
2951,2953,0.21666279103955693
2951,2954,0.19923443118768894
2951,2955,0.07698599524617465
2951,2956,0.05011755507584496
2951,2957,0.12062284066241374
2951,3084,0.025771110494816923
2951,3085,0.027672467359106286
2951,3098,0.01912317065626769
2951,3099,0.01512943530752294
2951,3100,0.01511824797637909
2951,3101,0.012881262466679437
2951,3102,0.00990096819485671
2951,3103,0.010910845280216123
2951,3121,0.04292028513094288
2951,3127,0.020665587454752228
2951,3276,0.013284682059573488
2951,3277,0.016701341768090322
2952,2953,0.1363812330324729
2952,2954,0.1319276502858281
2952,2955,0.20964120738514333
2952,2956,0.11347408817031315
2952,2957,0.06806497904882974
2952,3084,0.02934493076008163
2952,3085,0.032141873422073794
2952,3098,0.02454018506863974
2952,3099,0.019845896432798542
2952,3100,0.01923096224116972
2952,3101,0.016649578185561707
2952,3102,0.013234141422551223
2952,3103,0.01438771612957748
2952,3121,0.11076147162262188
2952,3127,0.023212648129196243
2952,3276,0.016409188768368402
2952,3277,0.020752249894772524
2953,2954,0.31047699089556496
2953,2955,0.11705823998353342
2953,2956,0.06708380439596581
2953,2957,0.16173426398353274
2953,3011,0.009295381813026542
2953,3012,0.009281031100840775
2953,3084,0.03617631483348573
2953,3085,0.03982063042193357
2953,3098,0.027034074311235095
2953,3099,0.021813909031096132
2953,3100,0.021222139817689674
2953,3101,0.018319644034592318
2953,3102,0.014579384205047763
2953,3103,0.01581651017410028
2953,3121,0.060985257404936107
2953,3127,0.027971598940589943
2953,3276,0.01827145395746069
2953,3277,0.0230593706953686
2954,2955,0.18531702285168253
2954,2956,0.09168132242650012
2954,2957,0.22105237002496456
2954,3011,0.01391158108454837
2954,3012,0.013889640233838135
2954,3084,0.051043413344046704
2954,3085,0.0574965332737122
2954,3098,0.039934057914208884
2954,3099,0.03295190024691201
2954,3100,0.031120392371167933
2954,3101,0.02727141898221318
2954,3102,0.022536808619231293
2954,3103,0.024047399806390164
2954,3121,0.09002720538819982
2954,3127,0.03839364263562611
2954,3276,0.026164488872119373
2954,3277,0.033160801924638675
2955,2956,0.1759732174038338
2955,2957,0.10436864165336375
2955,3084,0.04495180594092681
2955,3085,0.05127343104795392
2955,3098,0.057302668734149506
2955,3099,0.050401084224000456
2955,3100,0.04385376115528744
2955,3101,0.04026769139170942
2955,3102,0.03604855548007531
2955,3103,0.037394854075421126
2955,3121,0.24553700381189908
2955,3127,0.03503240890682484
2955,3276,0.0339962354123302
2955,3277,0.04359864076222427
2956,2957,0.2507701964279478
2956,3084,0.07781928949913958
2956,3085,0.06308968979407628
2956,3098,0.03967578545905248
2956,3099,0.026970253866720466
2956,3100,0.034924474518860944
2956,3101,0.026470531219359012
2956,3103,0.01905878931021296
2956,3121,0.137857007344596
2956,3127,0.1096989424450014
2956,3178,0.03168339267152086
2956,3179,0.029400848389975188
2956,3180,0.02317773827841682
2956,3181,0.022314791810828717
2956,3182,0.020526352666970588
2956,3276,0.04020795157220461
2956,3277,0.04635396472511625
2957,3084,0.12633728549501652
2957,3085,0.10760862979685655
2957,3098,0.06084180387296148
2957,3099,0.04249307959968081
2957,3100,0.0520730520046893
2957,3101,0.04034278080243087
2957,3103,0.030034565624619734
2957,3121,0.1143903280310978
2957,3127,0.14783765733131346
2957,3178,0.03862215472630727
2957,3179,0.03582981733184776
2957,3180,0.02825969679722078
2957,3181,0.027210069162858518
2957,3182,0.025046597173906216
2957,3276,0.05641719010642141
2957,3277,0.06665529214277155
2958,3367,1.0
2977,3185,0.06315069993093525
2977,3186,0.0598345318284135
2977,3233,0.06538729580570213
2977,3252,0.0781566697076778
2977,3253,0.04862668900699056
2977,3254,0.029846648192639456
2977,3296,0.29693372765903286
2977,3297,0.35806373786860846
2996,2997,0.5873910260416957
2996,2998,0.17725160572747817
2996,2999,0.2353573682308262
2997,2998,0.12999568537470377
2997,2999,0.6107459240142602
2997,3253,0.04408027935921876
2997,3254,0.04349103927176662
2997,3255,0.05561500126611827
2997,3427,0.07048270158132258
2997,3430,0.045589369132609955
2999,3253,0.11036139466050585
2999,3254,0.11569219201746757
2999,3255,0.14954468145307198
2999,3427,0.3262998289640372
2999,3429,0.09296816602652061
2999,3430,0.20513373687839664
3009,3010,0.7923134419374623
3009,3256,0.20768655806253764
3010,3256,1.0
3011,3012,0.8036851435775487
3011,3084,0.08738762740418768
3011,3085,0.10892722901826359
3012,3084,0.44520150889094545
3012,3085,0.5547984911090544
3014,3015,0.6881286093250969
3014,3125,0.1730690715825879
3014,3243,0.03264815520936417
3014,3260,0.07773390285800777
3014,3261,0.0284202610249432
3015,3125,0.6484183584821418
3015,3260,0.254872284404929
3015,3261,0.09670935711292929
3016,3243,1.0
3024,3083,0.20930767272072254
3024,3257,0.19441119400067658
3024,3281,0.10995193615480893
3024,3464,0.11302833618055926
3024,3465,0.3733008609432327
3025,3296,0.5380890235641534
3025,3297,0.46191097643584655
3027,3028,0.32914225061942365
3027,3187,0.28121127687953834
3027,3231,0.03998467740602218
3027,3232,0.04099608639780644
3027,3432,0.09803675721775579
3027,3459,0.04004366135965216
3027,3463,0.17058529011980153
3028,3187,0.5222281067146388
3028,3432,0.17958017671790955
3028,3463,0.2981917165674516
3077,3081,0.0608811977570953
3077,3082,0.02558803650696859
3077,3118,0.09201545487821206
3077,3210,0.04720779773341588
3077,3214,0.14978238685719647
3077,3257,0.016475383449502844
3077,3281,0.027550362363316497
3077,3418,0.08470954671417098
3077,3419,0.034069826664128354
3077,3466,0.0530211081479132
3077,3467,0.05174176099237284
3077,3468,0.09249186377314154
3077,3469,0.017198961574133757
3077,3470,0.020608822495728842
3077,3471,0.021155696550180816
3077,3472,0.045005559340002235
3077,3473,0.04559055223660463
3077,3474,0.06597531697677458
3077,3475,0.04893036498914046
3081,3082,0.059365201101394545
3081,3118,0.06898089888980728
3081,3210,0.15256106063758562
3081,3214,0.04429422829420854
3081,3281,0.008697645400855809
3081,3418,0.02373374033798116
3081,3419,0.02226473660129597
3081,3466,0.16680573855009292
3081,3467,0.1336883731606333
3081,3468,0.07754273003137092
3081,3469,0.05416079818440765
3081,3470,0.03726660460293921
3081,3471,0.06612708650749764
3081,3472,0.025713866492218882
3081,3473,0.023014135638182425
3081,3474,0.0202129735148987
3081,3475,0.015570182054629518
3082,3118,0.05216390388340997
3082,3210,0.09062413918598586
3082,3214,0.030911649571828348
3082,3257,0.008203421285829569
3082,3281,0.014505851843115461
3082,3418,0.030388330647128616
3082,3419,0.019793873905227907
3082,3466,0.09714856071486129
3082,3467,0.12755727502033984
3082,3468,0.060146330109862096
3082,3469,0.11381224699353135
3082,3470,0.034052175519547416
3082,3471,0.19071247285578094
3082,3472,0.04053716017512148
3082,3473,0.03503152813355281
3082,3474,0.02969032400455465
3082,3475,0.024720756150322286
3083,3464,0.27080274417911215
3083,3465,0.7291972558208879
3084,3085,0.5677919985698515
3084,3098,0.03664324478739614
3084,3121,0.07740661710206127
3084,3127,0.28031324919427053
3084,3277,0.03784489034642046
3085,3098,0.1274747422296212
3085,3121,0.2819056707683517
3085,3127,0.4687546133336706
3085,3277,0.12186497366835651
3086,3428,0.5560997185293631
3086,3429,0.4439002814706369
3098,3099,0.27158020994951526
3098,3100,0.1611133143739432
3098,3101,0.14115153800524405
3098,3102,0.07095058017263278
3098,3103,0.09852436789104539
3098,3104,0.026497361979844723
3098,3121,0.06297059726913251
3098,3127,0.014994735806574143
3098,3276,0.06792166841953204
3098,3277,0.08429562613253586
3099,3100,0.16527136918312046
3099,3101,0.20807644329361566
3099,3102,0.15390375662963346
3099,3103,0.20837966309069506
3099,3104,0.055022539484389614
3099,3121,0.06858559531332638
3099,3276,0.06421117373582823
3099,3277,0.07654945926939108
3100,3101,0.3318555543488043
3100,3102,0.13952225447494565
3100,3103,0.20577093803774105
3100,3104,0.059914004210854015
3100,3121,0.0536771049169386
3100,3127,0.014647475758232453
3100,3276,0.09043646520478191
3100,3277,0.10417620304770209
3101,3102,0.2545990526356386
3101,3103,0.3827613197275769
3101,3104,0.11214888375820917
3101,3121,0.06251924121237808
3101,3276,0.08848890570097702
3101,3277,0.09948259696522026
3102,3103,0.5428199026626984
3102,3104,0.24818131558800918
3102,3121,0.05918899126782195
3102,3276,0.04810873414620737
3102,3277,0.05626912230963495
3102,3306,0.022737011341422537
3102,3316,0.022694922684205556
3103,3104,0.4954622673808897
3103,3121,0.15589610887144348
3103,3276,0.16269061891670444
3103,3277,0.18595100483096233
3104,3277,0.0198851725084282
3104,3300,0.052128020855749024
3104,3301,0.05071618089557278
3104,3302,0.04661517401595896
3104,3303,0.04509058380376488
3104,3304,0.045860833152279394
3104,3305,0.04524321916861823
3104,3306,0.043920807591179535
3104,3307,0.038281575716544246
3104,3308,0.03250189340162273
3104,3309,0.024581839660519477
3104,3310,0.022240946493115567
3104,3316,0.06277154788025473
3104,3321,0.06138816201192596
3104,3328,0.02914012978831873
3104,3329,0.03084965944147378
3104,3330,0.030717098386586556
3104,3331,0.03003936275095201
3104,3332,0.02924193476802536
3104,3333,0.03135702009881375
3104,3334,0.032427844702568154
3104,3335,0.03048717503305334
3104,3336,0.02871690178830962
3104,3337,0.023577735855711515
3104,3338,0.02138509043155205
3104,3344,0.028970555423960608
3104,3349,0.03471797653402998
3104,3366,0.0271455578411107
3118,3210,0.06531772260789004
3118,3214,0.12925810810268354
3118,3257,0.016923895937011827
3118,3281,0.0292949343592281
3118,3418,0.0548300690105867
3118,3419,0.016893616935369747
3118,3466,0.0738671115810279
3118,3467,0.0797821077329099
3118,3468,0.2024903591460861
3118,3469,0.0220396738205328
3118,3470,0.016576941071669713
3118,3471,0.03049636080245978
3118,3472,0.06645703774944087
3118,3473,0.07680160835844839
3118,3474,0.06632029486567861
3118,3475,0.052650157918975836
3121,3127,0.22719320304705828
3121,3276,0.3387050328602013
3121,3277,0.4341017640927404
3125,3260,0.6741871472315614
3125,3261,0.3258128527684385
3127,3178,0.18264308470221113
3127,3179,0.17276407391208398
3127,3180,0.1345133036534217
3127,3181,0.12926445589058227
3127,3182,0.1168125796167606
3127,3276,0.12481238321151593
3127,3277,0.13919011901342443
3178,3179,0.29153595517318415
3178,3180,0.23259451713709065
3178,3181,0.2237239530423526
3178,3182,0.1356317079270617
3178,3208,0.01985043086877912
3178,3209,0.027003032934817314
3178,3274,0.016508276775948603
3178,3275,0.016286896305152725
3178,3276,0.013425136792071253
3178,3277,0.012097073449911896
3178,3299,0.011343019593630056
3179,3180,0.33103694717966564
3179,3181,0.3181173982380745
3179,3182,0.19103518166153002
3179,3208,0.02877243922468911
3179,3209,0.03902784229697006
3179,3274,0.02230231875397397
3179,3275,0.022035954915077365
3179,3276,0.016475421733690696
3179,3277,0.014815312334482824
3179,3299,0.016381183661845707
3180,3181,0.4865665679510994
3180,3182,0.29053920011599255
3180,3208,0.04250389376850746
3180,3209,0.05821828464088959
3180,3274,0.032527963671344196
3180,3275,0.03222608854852067
3180,3276,0.017494537331617165
3180,3277,0.015397916261627412
3180,3299,0.02452554771040161
3181,3182,0.5686696024562342
3181,3208,0.08286673456682506
3181,3209,0.11368855450446287
3181,3274,0.06331784344363343
3181,3275,0.06276093271878981
3181,3276,0.03235648310664307
3181,3277,0.02838993898811552
3181,3299,0.047949910215296015
3182,3208,0.1898597564422211
3182,3209,0.26217158012867336
3182,3274,0.15382382260958802
3182,3275,0.15254986527510872
3182,3276,0.06960641989180374
3182,3277,0.06045739533470566
3182,3299,0.11153116031789935
3185,3186,0.2056043010800674
3185,3231,0.10306090832901485
3185,3232,0.08511522838464883
3185,3233,0.04561127969563776
3185,3252,0.057797800613985414
3185,3432,0.055690285964357204
3185,3459,0.13854665110831685
3185,3460,0.30857354482397165
3186,3231,0.1418003437473715
3186,3232,0.12987398570536896
3186,3252,0.21526187742609668
3186,3253,0.07918548044428737
3186,3254,0.044912433060453213
3186,3255,0.042123721535728985
3186,3432,0.057439708586042706
3186,3459,0.1438762329601056
3186,3460,0.145526216534545
3187,3231,0.105817519380857
3187,3232,0.10981218228951421
3187,3432,0.2616406368823915
3187,3459,0.10267103317662192
3187,3463,0.42005862827061535
3208,3209,0.5835516257844304
3208,3261,0.025952248640583844
3208,3274,0.04552215835162816
3208,3275,0.046344478203442646
3208,3299,0.29862948901991504
3209,3274,0.16499973416005573
3209,3275,0.1671941270876877
3209,3299,0.6678061387522566
3210,3214,0.049164208988880666
3210,3281,0.010031073514780543
3210,3418,0.025915818712152913
3210,3419,0.025878108199897287
3210,3466,0.2474122222044473
3210,3467,0.19864834934458922
3210,3468,0.08893008244333156
3210,3469,0.08745666262501134
3210,3470,0.051293629720761964
3210,3471,0.11901962501336906
3210,3472,0.029633339359300882
3210,3473,0.026153259147342303
3210,3474,0.022680583089640327
3210,3475,0.01778303763649457
3214,3257,0.034009882565320684
3214,3281,0.057148398692115944
3214,3418,0.12846965139435357
3214,3419,0.0376112448605123
3214,3466,0.0616550118593999
3214,3467,0.06403778358504278
3214,3468,0.15373615164674434
3214,3469,0.019065785111834464
3214,3470,0.022323638749007894
3214,3471,0.0250275625100003
3214,3472,0.07501080310739472
3214,3473,0.0848019394099535
3214,3474,0.13604427583699766
3214,3475,0.10105787067132198
3231,3232,0.3292239451825589
3231,3252,0.014361418522109742
3231,3432,0.1619395205745354
3231,3459,0.2821531407430445
3231,3460,0.12064158082320205
3231,3463,0.0916803941545494
3232,3252,0.02230130269526052
3232,3432,0.2777753598924516
3232,3459,0.3847826167709935
3232,3460,0.16394386983023496
3232,3463,0.15119685081105927
3252,3253,0.41569612211042917
3252,3254,0.2363281895716253
3252,3255,0.21233900050416304
3252,3297,0.04953905555848193
3252,3459,0.041405345457364635
3252,3460,0.04469228679793586
3253,3254,0.48001330180237767
3253,3255,0.4068751625714642
3253,3427,0.04134892678658012
3253,3429,0.027767240150133342
3253,3430,0.04399536868944472
3254,3255,0.7365465035562716
3254,3427,0.07870809938600101
3254,3428,0.04392394833926391
3254,3429,0.05504391850488347
3254,3430,0.08577753021358007
3255,3427,0.31976762502880474
3255,3428,0.1543094975211035
3255,3429,0.1955573899734155
3255,3430,0.3303654874766762
3257,3281,0.36150699447414736
3257,3418,0.061007801185596996
3257,3468,0.04105354343283618
3257,3472,0.0822142031332475
3257,3473,0.09256366093711277
3257,3474,0.1565106125918529
3257,3475,0.20514318424520625
3260,3261,1.0
3261,3299,1.0
3274,3275,0.9066130690945294
3274,3299,0.09338693090547065
3275,3299,1.0
3276,3277,1.0
3281,3418,0.0831608939966704
3281,3419,0.02456244607069009
3281,3466,0.02150055187398096
3281,3467,0.0243584210643322
3281,3468,0.05952492050113543
3281,3471,0.018159990978301434
3281,3472,0.11949371301130564
3281,3473,0.13325503785648343
3281,3474,0.22087574939004911
3281,3475,0.29510827525705136
3296,3297,1.0
3300,3301,0.08149850699463577
3300,3302,0.06772269689282578
3300,3303,0.058710337637818646
3300,3304,0.05422908820463949
3300,3305,0.04725434341503488
3300,3306,0.03897138385288686
3300,3307,0.016166507053015977
3300,3308,0.013468860539360373
3300,3309,0.010915769415490204
3300,3310,0.011430470206862562
3300,3311,0.010825512928750782
3300,3312,0.008721203872498811
3300,3313,0.007351238722276603
3300,3314,0.0057403075744844
3300,3315,0.004819409266666809
3300,3316,0.06724468664618981
3300,3321,0.07854781095996662
3300,3328,0.02995277874887313
3300,3329,0.03189537992788067
3300,3330,0.03167727336329797
3300,3331,0.02944382235045376
3300,3332,0.026215491940001334
3300,3333,0.02536195754180515
3300,3334,0.023991801559236435
3300,3335,0.021057479070199694
3300,3336,0.018811595771712642
3300,3337,0.01630076449980788
3300,3338,0.01588280596420508
3300,3339,0.013782526772918994
3300,3340,0.012510016889471037
3300,3341,0.00857453414439803
3300,3342,0.008164394827620014
3300,3343,0.007067484962384033
3300,3344,0.024302144314801363
3300,3345,0.005772519615326563
3300,3346,0.005119308035953233
3300,3347,0.004943778613369016
3300,3348,0.004609324120154017
3300,3349,0.023683367149994354
3300,3366,0.027261315632731233
3301,3302,0.08605215404596235
3301,3303,0.0747705172785626
3301,3304,0.06906382893992316
3301,3305,0.06007072939913058
3301,3306,0.04937575039907003
3301,3307,0.020535867890230226
3301,3308,0.017142263929995977
3301,3309,0.013902636739888627
3301,3310,0.01448363574128608
3301,3311,0.013534763436493447
3301,3312,0.010810796315871644
3301,3313,0.009080494316836805
3301,3314,0.007066649204317007
3301,3315,0.005984425140491764
3301,3316,0.05026615194231009
3301,3321,0.05888485621939781
3301,3328,0.025999832392681062
3301,3329,0.028392133194221587
3301,3330,0.029388427959798822
3301,3331,0.030586684915817133
3301,3332,0.029628432587971685
3301,3333,0.03031853226740928
3301,3334,0.02951425742277261
3301,3335,0.026164840322199047
3301,3336,0.0234965193334936
3301,3337,0.020047178917567635
3301,3338,0.019170918999814723
3301,3339,0.016268159553588925
3301,3340,0.014794717231499265
3301,3341,0.010080817221636068
3301,3342,0.00960571657868493
3301,3343,0.008255580649247852
3301,3344,0.018508047933952783
3301,3345,0.006816913813882824
3301,3346,0.006030478559948327
3301,3347,0.0058357201180419885
3301,3348,0.005511097848629725
3301,3349,0.017393488646730314
3301,3351,0.0043297680609006494
3301,3366,0.022836214529741064
3302,3303,0.0888852204638863
3302,3304,0.08131331236773012
3302,3305,0.07035363371611336
3302,3306,0.057508663578306335
3302,3307,0.024104677977935224
3302,3308,0.020241867896817138
3302,3309,0.016553251154205566
3302,3310,0.017295261903081824
3302,3311,0.016101559759947877
3302,3312,0.012814382860944483
3302,3313,0.01074792316744556
3302,3314,0.008353512072842654
3302,3315,0.007104495884202434
3302,3316,0.04127502000129246
3302,3317,0.005034099959718405
3302,3319,0.004267749336138325
3302,3321,0.04833882266467352
3302,3328,0.023610426300902074
3302,3329,0.02595721810000994
3302,3330,0.027421615940035976
3302,3331,0.0306442833754778
3302,3332,0.031975802628358634
3302,3333,0.03442950901614555
3302,3334,0.03450425376954176
3302,3335,0.030922799590074705
3302,3336,0.027892142115786733
3302,3337,0.02359283984617872
3302,3338,0.022283444660809892
3302,3339,0.01865512950880962
3302,3340,0.01700866110739035
3302,3341,0.011582930834254006
3302,3342,0.011045763402569702
3302,3343,0.009458339566887556
3302,3344,0.01579450574879749
3302,3345,0.00787069340399057
3302,3346,0.006955369313501441
3302,3347,0.00673992944004182
3302,3348,0.006414609012248945
3302,3349,0.014483429844475013
3302,3350,0.0049276585902965605
3302,3351,0.00505719448476024
3302,3366,0.02047799563337327
3303,3304,0.09643816666061149
3303,3305,0.08350066675717785
3303,3306,0.0682028556270838
3303,3307,0.0287226514860197
3303,3308,0.02416259309773713
3303,3309,0.019730687075540862
3303,3310,0.02046318742887963
3303,3311,0.01876925714658686
3303,3312,0.014835034092249347
3303,3313,0.012416871289210051
3303,3314,0.009635571723144743
3303,3315,0.00826004302831279
3303,3316,0.03730560175538581
3303,3317,0.005888911541641088
3303,3318,0.004795178308133037
3303,3319,0.005038711947519934
3303,3320,0.004550207705240566
3303,3321,0.043643847181759024
3303,3328,0.021637042537959256
3303,3329,0.02381493859801926
3303,3330,0.02535346680482707
3303,3331,0.029294130753438417
3303,3332,0.032220870442493645
3303,3333,0.036384720032027876
3303,3334,0.038155577545067446
3303,3335,0.035210119491493594
3303,3336,0.032186154577505316
3303,3337,0.02682986448155871
3303,3338,0.02487479649036908
3303,3339,0.02051776637617013
3303,3340,0.018791036044443196
3303,3341,0.01283485902910302
3303,3342,0.012255122844861075
3303,3343,0.010458258471066925
3303,3344,0.014181347689480525
3303,3345,0.008790318497026047
3303,3346,0.007761900798719998
3303,3347,0.00753460342904185
3303,3348,0.007241428344442233
3303,3349,0.012940199805027874
3303,3350,0.00556994011496719
3303,3351,0.005738265997620379
3303,3352,0.004363953896622785
3303,3366,0.018699273054413285
3304,3305,0.10119953281914863
3304,3306,0.08266582995682473
3304,3307,0.034676425378111025
3304,3308,0.029036441963754826
3304,3309,0.02344257255720407
3304,3310,0.02394012993614978
3304,3311,0.0215299753894911
3304,3312,0.016909999034915038
3304,3313,0.014133897500163101
3304,3314,0.010959837638383907
3304,3315,0.009476805810352396
3304,3316,0.038545989443787045
3304,3317,0.0068070508373276805
3304,3318,0.005589701270777984
3304,3319,0.005893871438492152
3304,3320,0.005383871258448564
3304,3321,0.0450092295691535
3304,3328,0.021684642632630355
3304,3329,0.023868328340295113
3304,3330,0.025429196345997118
3304,3331,0.029563587822876675
3304,3332,0.03304411413416669
3304,3333,0.037973825133036904
3304,3334,0.04085051086806301
3304,3335,0.03887907902615526
3304,3336,0.03618854435821392
3304,3337,0.029859400589139662
3304,3338,0.0272756420386092
3304,3339,0.022300692497464646
3304,3340,0.02051194134356218
3304,3341,0.014080205906434554
3304,3342,0.013460503627933116
3304,3343,0.011464919369393043
3304,3344,0.014243334259373684
3304,3345,0.009718066279133693
3304,3346,0.008578870273626398
3304,3347,0.008339956644196416
3304,3348,0.008081348058199388
3304,3349,0.01307873255345632
3304,3350,0.0062263470065736706
3304,3351,0.0064353757188854045
3304,3352,0.004924415414757442
3304,3366,0.018737257955340703
3305,3306,0.10506206562328897
3305,3307,0.043970736452773905
3305,3308,0.03664000493952256
3305,3309,0.029159846596805532
3305,3310,0.02909637658218717
3305,3311,0.025425962896390614
3305,3312,0.019835462285121327
3305,3313,0.0165694373622748
3305,3314,0.012854517704007596
3305,3315,0.01126425802937163
3305,3316,0.03747392448434733
3305,3317,0.00818667510815071
3305,3318,0.006804874338972557
3305,3319,0.007208357485580402
3305,3320,0.006685747476524833
3305,3321,0.04364281741976682
3305,3328,0.02070743713532153
3305,3329,0.0227954131911763
3305,3330,0.024344245746759793
3305,3331,0.02863265463063776
3305,3332,0.0327251097039655
3305,3333,0.038292542009707935
3305,3334,0.042309872589826145
3305,3335,0.04223975788688087
3305,3336,0.040682686018121
3305,3337,0.033382418908942064
3305,3338,0.02990517685163933
3305,3339,0.024242884080336095
3305,3340,0.022475847835325878
3305,3341,0.015613879357432517
3305,3342,0.014959744449730337
3305,3343,0.012719826512810728
3305,3344,0.01354251591480053
3305,3345,0.010931055760574068
3305,3346,0.00965191051336778
3305,3347,0.009405237633065186
3305,3348,0.009227507936218496
3305,3349,0.012474075398041358
3305,3350,0.007134047876933299
3305,3351,0.007408382222456164
3305,3352,0.005725244550780412
3305,3353,0.005419563106538966
3305,3354,0.0052936726664433885
3305,3366,0.017876224727079962
3306,3307,0.06106174463369559
3306,3308,0.05035089170957381
3306,3309,0.03895703912802852
3306,3310,0.03711450717576734
3306,3311,0.03101019196275874
3306,3312,0.024107337130017167
3306,3313,0.020193198903704163
3306,3314,0.015735866625761475
3306,3315,0.014098939555545413
3306,3316,0.03626098058766766
3306,3317,0.01046507599108873
3306,3318,0.008878566470360694
3306,3319,0.009473638122851142
3306,3320,0.009015383603764521
3306,3321,0.04206067333694388
3306,3328,0.019519136213246656
3306,3329,0.021487493170832
3306,3330,0.022989422844344215
3306,3331,0.027286434695041543
3306,3332,0.03173843482771615
3306,3333,0.03752705641935511
3306,3334,0.04213220448804056
3306,3335,0.044054931053271525
3306,3336,0.04443085109990729
3306,3337,0.036941002411663836
3306,3338,0.032481608448048725
3306,3339,0.026273496231251647
3306,3340,0.02466952925875257
3306,3341,0.01756031621630028
3306,3342,0.016888219199689608
3306,3343,0.014359043884106084
3306,3344,0.012736609943259328
3306,3345,0.012603251288754096
3306,3346,0.011146504920685642
3306,3347,0.01090081656996366
3306,3348,0.010889909955431574
3306,3349,0.011793502048754154
3306,3350,0.008479364699096398
3306,3351,0.008864056872456474
3306,3352,0.0069623992493693726
3306,3353,0.006660822079732763
3306,3354,0.006528494389404879
3306,3355,0.006471683168477605
3306,3366,0.016839369415517436
3307,3308,0.0971431323117902
3307,3309,0.07434360775117492
3307,3310,0.06841842886946521
3307,3311,0.05537473868170065
3307,3312,0.04323833664744948
3307,3313,0.03642163611129239
3307,3314,0.028574479445606416
3307,3315,0.026056601959052544
3307,3316,0.011913846365183618
3307,3317,0.0196467889716176
3307,3318,0.016873381103088433
3307,3319,0.01806788282971057
3307,3320,0.017366693811130714
3307,3321,0.013825624181939253
3307,3322,0.005776083665912706
3307,3323,0.005377144015191742
3307,3324,0.005223712158735103
3307,3328,0.013344665285147194
3307,3329,0.014683875741717657
3307,3330,0.01578217424427546
3307,3331,0.019030943638993558
3307,3332,0.02260836359680184
3307,3333,0.026886843859826252
3307,3334,0.030456543763940178
3307,3335,0.033061227851253004
3307,3336,0.034712437620947195
3307,3337,0.02980286311996928
3307,3338,0.02596604297314217
3307,3339,0.021157418558685588
3307,3340,0.02015310980241261
3307,3341,0.0147985889033495
3307,3342,0.014291442431548625
3307,3343,0.01218023345639163
3307,3344,0.008538091998036552
3307,3345,0.010912716370530033
3307,3346,0.009676990834136933
3307,3347,0.0094952687773906
3307,3348,0.009632570443863089
3307,3349,0.007818513450952691
3307,3350,0.007557725281788697
3307,3351,0.00794067065774938
3307,3352,0.006324131647442194
3307,3353,0.006098824617652102
3307,3354,0.0059929179227621865
3307,3355,0.005958247702424535
3307,3366,0.01149443656682769
3308,3309,0.09304815710822494
3308,3310,0.08158993301125664
3308,3311,0.06414854204878967
3308,3312,0.050790400932229585
3308,3313,0.0432034315566501
3308,3314,0.034249965479888816
3308,3315,0.03183462898058487
3308,3316,0.010274768850634225
3308,3317,0.024406082791139802
3308,3318,0.021195343256790598
3308,3319,0.022758518316744476
3308,3320,0.022006142928214557
3308,3321,0.01193766910185158
3308,3322,0.007300865399841047
3308,3323,0.006789457943377239
3308,3324,0.006591784396962093
3308,3325,0.005411650919257027
3308,3328,0.01203469715411158
3308,3329,0.013227718843050205
3308,3330,0.014271070675239075
3308,3331,0.01742569700366369
3308,3332,0.02102535960356516
3308,3333,0.02499582938528495
3308,3334,0.028363496262055247
3308,3335,0.03156791996402858
3308,3336,0.03415077985210592
3308,3337,0.030681079021333366
3308,3338,0.026727206365285725
3308,3339,0.022138072684275843
3308,3340,0.02143479298038919
3308,3341,0.01638151908755499
3308,3342,0.015898845684543278
3308,3343,0.013617100085811415
3308,3344,0.007559962690502688
3308,3345,0.01247986140700352
3308,3346,0.0111102221832611
3308,3347,0.010940932584569454
3308,3348,0.011274814095557441
3308,3349,0.006836054778183279
3308,3350,0.008929656121528334
3308,3351,0.009427634791320721
3308,3352,0.007620895361114256
3308,3353,0.007408075432628351
3308,3354,0.0072978086568841255
3308,3355,0.0072762601949196305
3308,3366,0.010359294027791696
3309,3310,0.09427165922171389
3309,3311,0.07355856400093487
3309,3312,0.06042296604585593
3309,3313,0.052280522783076294
3309,3314,0.04204953040522505
3309,3315,0.039718332629620066
3309,3316,0.007728863953586214
3309,3317,0.030658845177257466
3309,3318,0.026529461556300326
3309,3319,0.028394973424610035
3309,3320,0.02679992843233082
3309,3321,0.009014348134715116
3309,3322,0.009044200105880923
3309,3323,0.008434756832926472
3309,3324,0.008199911415511942
3309,3325,0.006743285746630518
3309,3326,0.006004691591046396
3309,3328,0.009987816645698332
3309,3329,0.010938677456122481
3309,3330,0.011862014764668742
3309,3331,0.014714719140523861
3309,3332,0.018063422138056975
3309,3333,0.021270033601518454
3309,3334,0.02398160332899824
3309,3335,0.02732110385912544
3309,3336,0.030402425222728863
3309,3337,0.029557964418098027
3309,3338,0.026159128634125173
3309,3339,0.02252045009210505
3309,3340,0.02236865971952912
3309,3341,0.018285169696419943
3309,3342,0.0178797857653718
3309,3343,0.015469243809606957
3309,3344,0.006093013635738159
3309,3345,0.014605957520643333
3309,3346,0.013083084831599525
3309,3347,0.012939655579420384
3309,3348,0.013564236841452224
3309,3349,0.005362641432555246
3309,3350,0.010863112976713512
3309,3351,0.011518464232065513
3309,3352,0.009436375705164046
3309,3353,0.009224524669858137
3309,3354,0.009101599191683947
3309,3355,0.009089506496723508
3309,3356,0.005695760652012856
3309,3357,0.00526163022540979
3309,3358,0.004916706653793727
3309,3366,0.008606669605246291
3310,3311,0.0876002394642796
3310,3312,0.07020161347530911
3310,3313,0.05966934665539803
3310,3314,0.047052985885432455
3310,3315,0.04281419453682548
3310,3316,0.007646283260013597
3310,3317,0.031667274685579186
3310,3318,0.02632844189058788
3310,3319,0.027760487540430128
3310,3320,0.024733755115509477
3310,3321,0.008946923463494237
3310,3322,0.008692957195397368
3310,3323,0.00817660115317684
3310,3324,0.007982308082388178
3310,3325,0.006609862497284195
3310,3326,0.005856852520598881
3310,3328,0.010817715617011146
3310,3329,0.011800869571388256
3310,3330,0.01282928330250753
3310,3331,0.016029913851993826
3310,3332,0.0198068957665404
3310,3333,0.02303059455986163
3310,3334,0.02568741807615528
3310,3335,0.029489891705438507
3310,3336,0.033128481213351185
3310,3337,0.03392362940447876
3310,3338,0.030445711164761753
3310,3339,0.02667782106838562
3310,3340,0.026659777216377228
3310,3341,0.021822002195594273
3310,3342,0.021305250213921264
3310,3343,0.01837752399225547
3310,3344,0.006483597572203481
3310,3345,0.017133214289382876
3310,3346,0.015288014580439817
3310,3347,0.015077321920098528
3310,3348,0.015587587740951038
3310,3349,0.005575984731196856
3310,3350,0.012334844306050396
3310,3351,0.013005813522048881
3310,3352,0.010422790676500336
3310,3353,0.010052324692422447
3310,3354,0.009872282103152085
3310,3355,0.009805172482687004
3310,3356,0.005927522953607889
3310,3357,0.005450769573723793
3310,3358,0.005063717887687672
3310,3366,0.009346134626120103
3311,3312,0.08409493023329279
3311,3313,0.07035121099919327
3311,3314,0.05465033399150663
3311,3315,0.04759359181741924
3311,3316,0.006831435397524719
3311,3317,0.03379478584545175
3311,3318,0.026938607496386848
3311,3319,0.027862452299375045
3311,3320,0.023272909673536138
3311,3321,0.008004224341145835
3311,3322,0.008642587913122564
3311,3323,0.008219064326119989
3311,3324,0.00806617353327407
3311,3325,0.0067509149346146
3311,3326,0.005956092857006106
3311,3328,0.010773826498707851
3311,3329,0.011665307514806433
3311,3330,0.01270277340110936
3311,3331,0.015937337601641812
3311,3332,0.019719197132527226
3311,3333,0.022301097875156075
3311,3334,0.024286095756947883
3311,3335,0.027790390426180967
3311,3336,0.031122708510370776
3311,3337,0.03492693774810641
3311,3338,0.03296213084562115
3311,3339,0.030737964238951098
3311,3340,0.031460727695283436
3311,3341,0.02688995208843712
3311,3342,0.026289919349136763
3311,3343,0.02269525967213023
3311,3344,0.0063500260623644824
3311,3345,0.021045479466265487
3311,3346,0.018733208445958403
3311,3347,0.018434866590138033
3311,3348,0.01881830864625115
3311,3349,0.005307329828109852
3311,3350,0.014742560842153403
3311,3351,0.015448182221488235
3311,3352,0.012120199670305785
3311,3353,0.011523028387481857
3311,3354,0.011260847642491915
3311,3355,0.011117054166444613
3311,3356,0.0064909802643201555
3311,3357,0.0059428953381734494
3311,3358,0.00548822742192887
3311,3359,0.004517730186341791
3311,3366,0.00936813280569833
3312,3313,0.09039919428253229
3312,3314,0.07010476183481427
3312,3315,0.059798344330627286
3312,3316,0.005479171995741575
3312,3317,0.04163907919294442
3312,3318,0.0323143286724964
3312,3319,0.03288181112733919
3312,3320,0.026069763605788797
3312,3321,0.006418477583931275
3312,3322,0.010208527907376972
3312,3323,0.009798797618769317
3312,3324,0.009657548952399383
3312,3325,0.008160937071825566
3312,3326,0.007184809018160882
3312,3328,0.009190869340636463
3312,3329,0.009883884830576967
3312,3330,0.010759870164767977
3312,3331,0.013474415701005231
3312,3332,0.01658404398562058
3312,3333,0.0183488997354809
3312,3334,0.01966950723016522
3312,3335,0.022351547469774642
3312,3336,0.024857811817245272
3312,3337,0.0288858664629817
3312,3338,0.028555248607006062
3312,3339,0.02894646280078899
3312,3340,0.030764306603646742
3312,3341,0.03072950172062168
3312,3342,0.030508984010638864
3312,3343,0.02698662567001455
3312,3344,0.005383022744595992
3312,3345,0.026132641320191653
3312,3346,0.02343256590358168
3312,3347,0.023166148170914582
3312,3348,0.024018021698675104
3312,3350,0.018915931617885923
3312,3351,0.019857900922785717
3312,3352,0.015589167873952346
3312,3353,0.014781646123550407
3312,3354,0.014426254710094287
3312,3355,0.01421513642949881
3312,3356,0.008193717711704213
3312,3357,0.0074878951425539665
3312,3358,0.006895882867238843
3312,3359,0.005642781532165479
3312,3360,0.003200263265168643
3312,3366,0.008047622619722816
3313,3314,0.08744601877987179
3313,3315,0.07343860715344339
3313,3316,0.004806467061185537
3313,3317,0.050588642228062114
3313,3318,0.038567055858750476
3313,3319,0.03874069626545208
3313,3320,0.02961816187306729
3313,3321,0.005629186736623242
3313,3322,0.01209694474932126
3313,3323,0.01169280089432541
3313,3324,0.011560411030561761
3313,3325,0.009843188979478421
3313,3326,0.008657462454220334
3313,3328,0.00828323011053996
3313,3329,0.008874744563847826
3313,3330,0.009655711713268695
3313,3331,0.012064371571168641
3313,3332,0.014790021222268454
3313,3333,0.01620677510557817
3313,3334,0.01726920995294716
3313,3335,0.019569325692063315
3313,3336,0.0217131293412376
3313,3337,0.025428522317641172
3313,3338,0.025528429804672466
3313,3339,0.026802131958792393
3313,3340,0.02891553467359373
3313,3341,0.0323011355811089
3313,3342,0.0325768145008607
3313,3343,0.02985017041481113
3313,3344,0.004845693477218194
3313,3345,0.030492223409794423
3313,3346,0.027703965190589153
3313,3347,0.027569740427962848
3313,3348,0.029258460371092903
3313,3350,0.023309649123475062
3313,3351,0.02457252798261552
3313,3352,0.019428741821251816
3313,3353,0.018440820833009467
3313,3354,0.01799480673072789
3313,3355,0.017723095261424387
3313,3356,0.010159277700233617
3313,3357,0.009275571949568866
3313,3358,0.00852979757975693
3313,3359,0.006957505873798712
3313,3360,0.003939899927315125
3313,3366,0.0072833197514017385
3314,3315,0.09351301653953065
3314,3317,0.06443754116646104
3314,3318,0.0478879964608045
3314,3319,0.04700600363580752
3314,3320,0.03410550211939715
3314,3322,0.014969885787199932
3314,3323,0.014642260777893372
3314,3324,0.014552766680097164
3314,3325,0.01256186886576481
3314,3326,0.01104085181337334
3314,3328,0.00691380505188815
3314,3329,0.007376286655594747
3314,3330,0.008018038349756434
3314,3331,0.009985842549948104
3314,3332,0.01218308197129467
3314,3333,0.013227044133030497
3314,3334,0.014019960691179521
3314,3335,0.015849664118487893
3314,3336,0.017555758190814136
3314,3337,0.020662075485084183
3314,3338,0.020985067067393542
3314,3339,0.02266199458697085
3314,3340,0.02469803083865308
3314,3341,0.03065394959156698
3314,3342,0.03149339387210147
3314,3343,0.030708979141792436
3314,3345,0.03431867664425981
3314,3346,0.032362428979009136
3314,3347,0.03266904079921416
3314,3348,0.03645143733506672
3314,3350,0.030183525028333547
3314,3351,0.03213341669253834
3314,3352,0.025966254945510307
3314,3353,0.024752757362818817
3314,3354,0.02416272878615102
3314,3355,0.023793341234216295
3314,3356,0.013542294749854251
3314,3357,0.012348927398474345
3314,3358,0.011332905655340493
3314,3359,0.009202910119425128
3314,3360,0.0052010079841872696
3314,3361,0.00375770687962714
3314,3366,0.006109973264086995
3315,3317,0.08733886705493167
3315,3318,0.06524153942176412
3315,3319,0.06399280529972977
3315,3320,0.04587883506450491
3315,3322,0.020391467596442427
3315,3323,0.01990934164019071
3315,3324,0.01976215286256733
3315,3325,0.01696941531102933
3315,3326,0.01491768628059795
3315,3328,0.006106578033769664
3315,3329,0.0065356372385649356
3315,3330,0.0071096267246194625
3315,3331,0.008879247209663887
3315,3332,0.010883224940728147
3315,3333,0.011954969481247283
3315,3334,0.012799427975896848
3315,3335,0.0145585834662724
3315,3336,0.016225442186023578
3315,3337,0.018802126510446833
3315,3338,0.0187851146586187
3315,3339,0.019902369171584413
3315,3340,0.021609101879612166
3315,3341,0.02650302409307218
3315,3342,0.02725526064513776
3315,3343,0.026859935973740336
3315,3345,0.030874105638778668
3315,3346,0.02988116020862567
3315,3347,0.030458260212812668
3315,3348,0.035218120226872957
3315,3350,0.03146834141594617
3315,3351,0.03400089621425205
3315,3352,0.029904373683259662
3315,3353,0.02958041596010147
3315,3354,0.029202497646594126
3315,3355,0.029122037669603657
3315,3356,0.017380624657264258
3315,3357,0.01590884681169285
3315,3358,0.014675514895961788
3315,3359,0.012025511321305835
3315,3360,0.0068193744809546975
3315,3361,0.0048892177460850336
3315,3362,0.004040282414039772
3315,3366,0.0053786380750917035
3316,3321,0.2437911561035498
3316,3328,0.05914855957814529
3316,3329,0.06030854067105924
3316,3330,0.05773055504498737
3316,3331,0.05035861006711283
3316,3332,0.043669159453787514
3316,3333,0.04190301054698081
3316,3334,0.03975088310915432
3316,3335,0.034993046610798745
3316,3336,0.03133938164339717
3316,3337,0.02698144922529533
3316,3338,0.02624166566558019
3316,3339,0.02284029751988146
3316,3340,0.020728453919723486
3316,3341,0.014243974230776066
3316,3342,0.013561231137244676
3316,3343,0.01177230628574801
3316,3344,0.06591192856502201
3316,3349,0.07686746582628118
3316,3366,0.0578583247954747
3317,3318,0.09916567712308143
3317,3319,0.09370913093341991
3317,3320,0.06351509950597624
3317,3322,0.031232331585819745
3317,3323,0.03073198132071073
3317,3324,0.030573353511827252
3317,3325,0.026299949685903205
3317,3326,0.02312160507306957
3317,3331,0.006505033361808256
3317,3332,0.007990897094036557
3317,3333,0.008840358379890395
3317,3334,0.009529170217791039
3317,3335,0.010878488507407032
3317,3336,0.012168521192555905
3317,3337,0.013928090283297407
3317,3338,0.013784231989709714
3317,3339,0.014497863377716061
3317,3340,0.01573316189820205
3317,3341,0.019557861181527383
3317,3342,0.02019454403476737
3317,3343,0.020359689943088868
3317,3345,0.024226377370050307
3317,3346,0.024282888546589974
3317,3347,0.02501262388098301
3317,3348,0.029625848120117503
3317,3350,0.029789996842332942
3317,3351,0.03233862192926666
3317,3352,0.0335275746258382
3317,3353,0.035615656242378196
3317,3354,0.03603941703430008
3317,3355,0.03689329341458516
3317,3356,0.025150866981194096
3317,3357,0.023219877921901843
3317,3358,0.02163304831256741
3317,3359,0.018014133274700164
3317,3360,0.010276234283395944
3317,3361,0.0073080094663727025
3317,3362,0.006017866734162642
3317,3363,0.004860046796201086
3317,3364,0.0038505780214558917
3318,3319,0.13379242120709395
3318,3320,0.09113515926970094
3318,3322,0.04703078295912189
3318,3323,0.04560631117164126
3318,3324,0.04496672042142956
3318,3325,0.037676294994022065
3318,3326,0.03326905245371345
3318,3332,0.00690843539732168
3318,3333,0.007734212211444316
3318,3334,0.008416363963336226
3318,3335,0.009643436462665318
3318,3336,0.010823457251904041
3318,3337,0.012168082870632218
3318,3338,0.011861414554612265
3318,3339,0.012230465354464662
3318,3340,0.01320943839478726
3318,3341,0.016054100256978353
3318,3342,0.016546064161582785
3318,3343,0.016593546246167077
3318,3345,0.019728504565913563
3318,3346,0.0198324585096523
3318,3347,0.0204527014995804
3318,3348,0.024263136513210878
3318,3350,0.025089614815915158
3318,3351,0.027162247453906895
3318,3352,0.030119831161771672
3318,3353,0.033205820385844326
3318,3354,0.034157718416819305
3318,3355,0.0355737873600619
3318,3356,0.029902303757268423
3318,3357,0.028174029599503828
3318,3358,0.026830475851086763
3318,3359,0.023240320552790104
3318,3360,0.013488632076826676
3318,3361,0.009506916769582215
3318,3362,0.007803124013318557
3318,3363,0.006317163191357048
3318,3364,0.004970887183040414
3318,3365,0.004514566719930333
3319,3320,0.1210911972462183
3319,3322,0.05597413401476231
3319,3323,0.0531338202474624
3319,3324,0.05191734104720975
3319,3325,0.04286129565096642
3319,3326,0.03807023128766695
3319,3332,0.008509018769369952
3319,3333,0.009586841128478478
3319,3334,0.010481101543669486
3319,3335,0.01202443981249053
3319,3336,0.013510655279607773
3319,3337,0.015040601310811733
3319,3338,0.014536640210590361
3319,3339,0.014787925118245376
3319,3340,0.01590663968578985
3319,3341,0.018871780606379528
3319,3342,0.019391967890001277
3319,3343,0.01921362144961175
3319,3345,0.02257835005341186
3319,3346,0.022479370149355134
3319,3347,0.023131096959103804
3319,3348,0.027369540243064757
3319,3350,0.027709993165566427
3319,3351,0.030047126474545018
3319,3352,0.0326188498895654
3319,3353,0.035748609905962965
3319,3354,0.03669796551196721
3319,3355,0.03815416735404117
3319,3356,0.03216097141303251
3319,3357,0.030414012441552056
3319,3358,0.029097421508144542
3319,3359,0.025481600910983417
3319,3360,0.014884171222928011
3319,3361,0.010482996546645692
3319,3362,0.008603020833983368
3319,3363,0.00697526408144515
3319,3364,0.005480935303101849
3319,3365,0.004975283732267584
3320,3322,0.0802487292772155
3320,3323,0.07282148983064077
3320,3324,0.0697298509421661
3320,3325,0.05723271473937155
3320,3326,0.052733932706385864
3320,3333,0.011849381026561762
3320,3334,0.013128374651924641
3320,3335,0.015083350260833553
3320,3336,0.01696495970843665
3320,3337,0.018266827199685923
3320,3338,0.017232634884602607
3320,3339,0.01689837352190859
3320,3340,0.017965934236194494
3320,3341,0.020136836251687027
3320,3342,0.020561435565007023
3320,3343,0.019928679572767463
3320,3345,0.022941772377202373
3320,3346,0.02254176083910432
3320,3347,0.023125786040962708
3320,3348,0.027242367786135147
3320,3350,0.027082957658634978
3320,3351,0.029388027635509864
3320,3352,0.031805142525374454
3320,3353,0.035029907361478756
3320,3354,0.036066851009925745
3320,3355,0.03761863773863638
3320,3356,0.035454095050339224
3320,3357,0.03426431305843555
3320,3358,0.03358685551617547
3320,3359,0.0310610933612362
3320,3360,0.018739936716585456
3320,3361,0.01330999500477362
3320,3362,0.01096800135432465
3320,3363,0.008988994589775654
3321,3328,0.07776032081811293
3321,3329,0.08035294433825323
3321,3330,0.07767936737627788
3321,3331,0.06901065914884448
3321,3332,0.06043858880679273
3321,3333,0.05834134704903522
3321,3334,0.055455676501891024
3321,3335,0.04883755646797593
3321,3336,0.04374252873814042
3321,3337,0.037635468312418804
3321,3338,0.03653816512088691
3321,3339,0.03169679575569162
3321,3340,0.02876883453522597
3321,3341,0.01973450589998525
3321,3342,0.018789688121015287
3321,3343,0.016283654749516867
3321,3344,0.07844392879096677
3321,3349,0.0861381804940382
3321,3366,0.07435178897493042
3322,3323,0.14830386890690514
3322,3324,0.14166883483447634
3322,3325,0.11688111751830502
3322,3326,0.10696925012267008
3322,3335,0.006783824650234568
3322,3336,0.007624937195185099
3322,3337,0.008465975597040407
3322,3338,0.008183589650682825
3322,3339,0.008362186506148466
3322,3340,0.009016009739517173
3322,3341,0.01094166019019179
3322,3342,0.011286622705445868
3322,3343,0.011389375188641243
3322,3345,0.01366728428139296
3322,3346,0.01390091178494164
3322,3347,0.01437706319279638
3322,3348,0.017085960336497695
3322,3350,0.018445536141039724
3322,3351,0.019840040402700772
3322,3352,0.023654135919690598
3322,3353,0.026848955402603233
3322,3354,0.027989912942896714
3322,3355,0.029482489899134722
3322,3356,0.0338640949781087
3322,3357,0.03338155249972763
3322,3358,0.033278665258921376
3322,3359,0.03152402282298446
3322,3360,0.01912687530643302
3322,3361,0.013590504233628058
3322,3362,0.011196287644434795
3322,3363,0.009166321592876238
3322,3364,0.007185448489973571
3322,3365,0.0065166840637737805
3323,3324,0.1729809489057636
3323,3325,0.1421128892441189
3323,3326,0.12861014880258148
3323,3336,0.007981211382262342
3323,3337,0.008915360799532921
3323,3338,0.00866297775443548
3323,3339,0.00892660533040321
3323,3340,0.00964849879591442
3323,3341,0.011885528755649919
3323,3342,0.01228276846469419
3323,3343,0.012495475859002758
3323,3345,0.015098491419128742
3323,3346,0.015462867905386854
3323,3347,0.01601390506116664
3323,3348,0.019029850044873994
3323,3350,0.02088036213770598
3323,3351,0.022395481637783963
3323,3352,0.02719173950452892
3323,3353,0.03100476758728665
3323,3354,0.03238843981650182
3323,3355,0.034157001938198324
3323,3356,0.04100655456629807
3323,3357,0.04058584191466393
3323,3358,0.04057548482668188
3323,3359,0.038494577005819
3323,3360,0.023306552018880298
3323,3361,0.01653399641783032
3323,3362,0.013611062901342638
3323,3363,0.011127096673971897
3323,3364,0.008722617588518777
3323,3365,0.00791089493907202
3324,3325,0.17368297675289898
3324,3326,0.15587437179803745
3324,3336,0.00918885532473556
3324,3337,0.010293855420117516
3324,3338,0.01002757234759395
3324,3339,0.01037381475484315
3324,3340,0.011225378562487844
3324,3341,0.01392300799916064
3324,3342,0.014400232574023135
3324,3343,0.014704495686883225
3324,3345,0.017821110170796805
3324,3346,0.01830859471324558
3324,3347,0.018971930222726783
3324,3348,0.022539485806057417
3324,3350,0.02491207402018115
3324,3351,0.026682502584949468
3324,3352,0.03265560269902489
3324,3353,0.03730177107470768
3324,3354,0.03899887230505566
3324,3355,0.04114578930975146
3324,3356,0.050349596170277164
3324,3357,0.04990358092351532
3324,3358,0.04992656931626495
3324,3359,0.047317111388243537
3324,3360,0.02858611227979476
3324,3361,0.020256078154650674
3324,3362,0.016666888822693706
3324,3363,0.013612099905371823
3324,3364,0.010671243182569012
3324,3365,0.00967842572934061
3325,3326,0.21895279258094802
3325,3339,0.010365418185419945
3325,3340,0.011249804659544104
3325,3341,0.014235501658368408
3325,3342,0.014760889592136414
3325,3343,0.015261575871917326
3325,3345,0.01867647433594475
3325,3346,0.019409218542927036
3325,3347,0.020152146479262646
3325,3348,0.023890321989911954
3325,3350,0.02716907024484434
3325,3351,0.028907672230181515
3325,3352,0.03656387980744232
3325,3353,0.04203172710333755
3325,3354,0.0440849955147552
3325,3355,0.04655146273808518
3325,3356,0.06517370745107479
3325,3357,0.06614326233180529
3325,3358,0.06762566178912943
3325,3359,0.0665677154094769
3325,3360,0.04074414117870457
3325,3361,0.028964865925129823
3325,3362,0.02385409064464712
3325,3363,0.01950548169272649
3325,3364,0.015290522258558906
3325,3365,0.013867599783720055
3326,3341,0.0172396402289448
3326,3342,0.017878728885653776
3326,3343,0.018507046556457116
3326,3345,0.022675202534242104
3326,3346,0.023609435731235435
3326,3347,0.02452117348100324
3326,3348,0.029052300502089873
3326,3350,0.03323528037419839
3326,3351,0.035300002166959395
3326,3352,0.04500363168161638
3326,3353,0.05178909879635575
3326,3354,0.054353478289975825
3326,3355,0.057383866274049976
3326,3356,0.08502307120032174
3326,3357,0.08778178136304146
3326,3358,0.0914325724789732
3326,3359,0.09445714038399057
3326,3360,0.05952031462053707
3326,3361,0.04289787306421926
3326,3362,0.03548431198617683
3326,3363,0.029195642628707275
3326,3364,0.022893738537968798
3326,3365,0.02076466823328173
3328,3329,0.10430553090364397
3328,3330,0.0966796069095757
3328,3331,0.07742805893003367
3328,3332,0.06254615338951881
3328,3333,0.05382255771543312
3328,3334,0.04782147825851346
3328,3335,0.04189250963240066
3328,3336,0.037420463425251425
3328,3337,0.035383477071030525
3328,3338,0.036928161765279605
3328,3339,0.03497448593124025
3328,3340,0.031942497948760654
3328,3341,0.023001438194824683
3328,3342,0.02192658852487715
3328,3343,0.01951437496424931
3328,3344,0.06716615901514165
3328,3345,0.015625292212778155
3328,3346,0.014022423612611787
3328,3347,0.01348257110655471
3328,3348,0.012140096884632702
3328,3349,0.053138989576571656
3328,3366,0.09883708402707653
3329,3330,0.11072478713163378
3329,3331,0.08825474851698609
3329,3332,0.07131200942813973
3329,3333,0.06175627691613634
3329,3334,0.05498743967528194
3329,3335,0.048098615059538864
3329,3336,0.0429155177197185
3329,3337,0.04026480268239713
3329,3338,0.041735475342476985
3329,3339,0.039042656342887734
3329,3340,0.035587488446593256
3329,3341,0.025351936673337124
3329,3342,0.024154694943054472
3329,3343,0.021378630955966982
3329,3344,0.06560181213571267
3329,3345,0.017158067929085263
3329,3346,0.015359176274028188
3329,3347,0.014776749096483601
3329,3348,0.01337779256007627
3329,3349,0.05305728836270655
3329,3350,0.010344186376179242
3329,3351,0.010375659980528204
3329,3366,0.09438418745105098
3330,3331,0.10327954350419051
3330,3332,0.08344082201030237
3330,3333,0.07209964620591446
3330,3334,0.06409320300065764
3330,3335,0.05612814216659996
3330,3336,0.05011328196185623
3330,3337,0.04711715719857074
3330,3338,0.04882627538906326
3330,3339,0.04554067942627085
3330,3340,0.041485428891857065
3330,3341,0.029433622167438597
3330,3342,0.028038219424024645
3330,3343,0.02475324695615718
3330,3344,0.06473877888846485
3330,3345,0.01989227125204892
3330,3346,0.017786413288004257
3330,3347,0.01711735428377591
3330,3348,0.015536381316365002
3330,3349,0.05256771379537575
3330,3350,0.01200205836504264
3330,3351,0.012053430219193821
3330,3366,0.09395633028882529
3331,3332,0.10174503100142859
3331,3333,0.08714539745505993
3331,3334,0.07706530669381492
3331,3335,0.06784632626325596
3331,3336,0.06074003383353884
3331,3337,0.057471341214252875
3331,3338,0.059432232509253266
3331,3339,0.054752000310923074
3331,3340,0.04978050318589876
3331,3341,0.034858810669547796
3331,3342,0.03319104044091913
3331,3343,0.029070763937913628
3331,3344,0.050175274189327115
3331,3345,0.023479496066064632
3331,3346,0.020923152562822168
3331,3347,0.020158626188041984
3331,3348,0.018451660843525862
3331,3349,0.04111716739229168
3331,3350,0.014217764343310816
3331,3351,0.014334684625703517
3331,3352,0.010592155105328408
3331,3366,0.07345123116777692
3332,3333,0.10062190324697086
3332,3334,0.08868676767119786
3332,3335,0.07902770326094995
3332,3336,0.07107789744470636
3332,3337,0.06758830103018382
3332,3338,0.06935958288569674
3332,3339,0.06238226162013878
3332,3340,0.05661888569578618
3332,3341,0.039045550617451734
3332,3342,0.037173258731702206
3332,3343,0.032255151860851185
3332,3344,0.03855215997732643
3332,3345,0.02626857414446684
3332,3346,0.02332425153391658
3332,3347,0.022508923502620723
3332,3348,0.020836386054239063
3332,3349,0.03187931468465284
3332,3350,0.016018649566802632
3332,3351,0.016230473044505714
3332,3352,0.012046774765549138
3332,3353,0.011023934043982102
3332,3354,0.010651423496957755
3332,3355,0.010371453983362186
3332,3366,0.056450417135982305
3333,3334,0.1107968178987004
3333,3335,0.09784716344270936
3333,3336,0.0873725187976547
3333,3337,0.07979584115702312
3333,3338,0.07873955661674759
3333,3339,0.06746462220583067
3333,3340,0.06134258552868907
3333,3341,0.0418054300184463
3333,3342,0.03983387259236251
3333,3343,0.03422934516757842
3333,3344,0.03535652717915602
3333,3345,0.028253881008798703
3333,3346,0.025001364969024227
3333,3347,0.024186906035459598
3333,3348,0.02274999996957293
3333,3349,0.029913832327631788
3333,3350,0.017466633975560922
3333,3351,0.01782036477342613
3333,3352,0.013335143131640203
3333,3353,0.012301455713830664
3333,3354,0.01191543851396513
3333,3355,0.011640006286930361
3333,3366,0.050830692689261193
3334,3335,0.1198967850871952
3334,3336,0.10658736430555703
3334,3337,0.0934665545292556
3334,3338,0.08895420958370509
3334,3339,0.07396923979875046
3334,3340,0.06761772235478371
3334,3341,0.04609334700212441
3334,3342,0.04397828348687258
3334,3343,0.03759288003806309
3334,3344,0.03474004885794015
3334,3345,0.031397859890221994
3334,3346,0.02773974320947411
3334,3347,0.026891151726103162
3334,3348,0.02560492785397477
3334,3349,0.02979151969520609
3334,3350,0.019667212754561944
3334,3351,0.02016669296697513
3334,3352,0.01520010037814612
3334,3353,0.014109328795492048
3334,3354,0.01369315587378934
3334,3355,0.013409778542436938
3334,3366,0.049432093269371036
3335,3336,0.12985077194691147
3335,3337,0.11122988669015973
3335,3338,0.10245748192452818
3335,3339,0.08350066144732045
3335,3340,0.07700122654039987
3335,3341,0.05289483658405556
3335,3342,0.05055810049825777
3335,3343,0.04307121098869637
3335,3344,0.03210981833435704
3335,3345,0.036407508538138164
3335,3346,0.03214305200067274
3335,3347,0.031220185892752716
3335,3348,0.03003793684458193
3335,3349,0.027493778735327528
3335,3350,0.023100198097067356
3335,3351,0.023777569820094692
3335,3352,0.018027832740147975
3335,3353,0.01680777252320754
3335,3354,0.01633358025266385
3335,3355,0.0160214766675616
3335,3366,0.04595511293309729
3336,3337,0.13206242681178681
3336,3338,0.11746956617456425
3336,3339,0.09498180233879719
3336,3340,0.0886224109122528
3336,3341,0.061769957801763295
3336,3342,0.059170257976763826
3336,3343,0.0503163890310514
3336,3344,0.0314974989221639
3336,3345,0.04305765247263137
3336,3346,0.03801094064520031
3336,3347,0.036990472043021666
3336,3348,0.03594151305558349
3336,3349,0.026931963756599914
3336,3350,0.02769015615426831
3336,3351,0.028601071169391604
3336,3352,0.021812793247591635
3336,3353,0.020419899701935106
3336,3354,0.01986827306602747
3336,3355,0.019517713295312957
3336,3366,0.04526724142329247
3337,3338,0.13747036003681282
3337,3339,0.11199051921815308
3337,3340,0.10547971731287761
3337,3341,0.07388958985676461
3337,3342,0.07077916472316652
3337,3343,0.060189575608333636
3337,3344,0.02872064917900644
3337,3345,0.05139684972399038
3337,3346,0.04537125185898028
3337,3347,0.04412125948141665
3337,3348,0.04263143007601625
3337,3349,0.023942318584281405
3337,3350,0.03279608593877622
3337,3351,0.03377028643498769
3337,3352,0.025585965943460676
3337,3353,0.02381314693924349
3337,3354,0.023123664002702007
3337,3355,0.02265671657437998
3337,3366,0.04227144850664996
3338,3339,0.13432351862926473
3338,3340,0.1247736664424787
3338,3341,0.08567653949356625
3338,3342,0.0818358197717308
3338,3343,0.06978140551926933
3338,3344,0.03131055177680135
3338,3345,0.05861318057870093
3338,3346,0.051773010188502326
3338,3347,0.050208549553905656
3338,3348,0.04774720240770215
3338,3349,0.025638365539788748
3338,3350,0.03666393326431639
3338,3351,0.03750808129777024
3338,3352,0.028125695414459292
3338,3353,0.025951706741184095
3338,3354,0.025131354084597206
3338,3355,0.024537416631970923
3338,3356,0.01371700440549719
3338,3366,0.046682998258493646
3339,3340,0.14900834468808272
3339,3341,0.10174706425841923
3339,3342,0.0969443060662864
3339,3343,0.08322950412032465
3339,3344,0.029285944830466735
3339,3345,0.06868356014261598
3339,3346,0.060818453504248984
3339,3347,0.058801941416710954
3339,3348,0.054820438430677396
3339,3349,0.02341097158634867
3339,3350,0.04212579293583305
3339,3351,0.04272033005506659
3339,3352,0.03168422550226784
3339,3353,0.028915704348979807
3339,3354,0.02790440562173496
3339,3355,0.027118764808250165
3339,3356,0.014931205984240673
3339,3357,0.01358021459313989
3339,3366,0.044268827106305406
3340,3341,0.12002096235447782
3340,3342,0.1144119773988412
3340,3343,0.09798578959123867
3340,3344,0.028740560667416627
3340,3345,0.08116622787879646
3340,3346,0.0718388242865044
3340,3347,0.06948445872557141
3340,3348,0.06484693151442347
3340,3349,0.022896095366960693
3340,3350,0.049830509903087336
3340,3351,0.0505268574443104
3340,3352,0.03745516640288463
3340,3353,0.034150355357314026
3340,3354,0.03294396398515184
3340,3355,0.031998908067124916
3340,3356,0.01758631248600583
3340,3357,0.01599112549413637
3340,3358,0.014610180797293953
3340,3366,0.04351479227846011
3341,3342,0.13810152606262047
3341,3343,0.11811103606627511
3341,3344,0.01720059485089912
3341,3345,0.09758530369425225
3341,3346,0.08660447122375654
3341,3347,0.08362156622455275
3341,3348,0.07654144858836644
3341,3349,0.013457931076110805
3341,3350,0.05913178579306823
3341,3351,0.05934862193212828
3341,3352,0.043608918100308744
3341,3353,0.0392595495066738
3341,3354,0.037719125555969076
3341,3355,0.0364240170459056
3341,3356,0.019768030277960133
3341,3357,0.017947216744018377
3341,3358,0.016338698395913856
3341,3359,0.013079634746184753
3341,3366,0.026150524115035736
3342,3343,0.13729530031422393
3342,3344,0.018272559607624368
3342,3345,0.11414059137321715
3342,3346,0.10127367205203215
3342,3347,0.09780161632449329
3342,3348,0.08943226955037334
3342,3349,0.014283074302225333
3342,3350,0.06913590034609206
3342,3351,0.06933271565620028
3342,3352,0.05091717552312066
3342,3353,0.0457868173106539
3342,3354,0.04397384573234912
3342,3355,0.042439836044113215
3342,3356,0.02301437732062729
3342,3357,0.0208924790874766
3342,3358,0.01901410232817372
3342,3359,0.015212304472794428
3342,3366,0.027781362654209076
3343,3344,0.01734151372262736
3343,3345,0.13620882718766414
3343,3346,0.12277839162912542
3343,3347,0.11807523497202876
3343,3348,0.1045890992140165
3343,3350,0.08212124189115064
3343,3351,0.0813256051986911
3343,3352,0.059534372842381555
3343,3353,0.053007004814985104
3343,3354,0.05076317501122119
3343,3355,0.04878367638807752
3343,3356,0.026372194958302817
3343,3357,0.02393117066325579
3343,3358,0.02173912988031099
3343,3359,0.01733343570481822
3343,3360,0.009743881073472873
3343,3366,0.026352044847869977
3344,3349,0.5292730499062197
3344,3366,0.47072695009378035
3345,3346,0.14451384918985713
3345,3347,0.14014166257535954
3345,3348,0.1255433625105923
3345,3350,0.0985376483281429
3345,3351,0.0977412270743945
3345,3352,0.07155089533571313
3345,3353,0.06364042488172927
3345,3354,0.06091469920400294
3345,3355,0.05848084812953043
3345,3356,0.03161455037727967
3345,3357,0.028687713253070613
3345,3358,0.026048955321896335
3345,3359,0.02075289909704201
3345,3360,0.011665389886358075
3345,3366,0.020165874835031166
3346,3347,0.16771941913395497
3346,3348,0.14200000704775656
3346,3350,0.11613851234516147
3346,3351,0.11349729638284013
3346,3352,0.08336380219144167
3346,3353,0.07355478633154837
3346,3354,0.07025519730772878
3346,3355,0.0672136092114688
3346,3356,0.0364274120051839
3346,3357,0.03306047276443584
3346,3358,0.0299872818958251
3346,3359,0.023847138394260097
3346,3360,0.013406168967999316
3346,3361,0.010131693856940398
3346,3366,0.01939720216345502
3347,3348,0.17008000216144215
3347,3350,0.13993866935249175
3347,3351,0.13676106441702013
3347,3352,0.10046992568482928
3347,3353,0.08863177848604584
3347,3354,0.08464832743727903
3347,3355,0.08096820579715241
3347,3356,0.04389288599943247
3347,3357,0.039836524245943424
3347,3358,0.03613198692490592
3347,3359,0.028731560707058235
3347,3360,0.01615231078771512
3347,3361,0.012210543685172177
3347,3366,0.021546214313512075
3348,3350,0.16203150936197974
3348,3351,0.1635858274032423
3348,3352,0.11990925252971602
3348,3353,0.10695680712811402
3348,3354,0.10239787570228633
3348,3355,0.09830085698748378
3348,3356,0.053143581399153976
3348,3357,0.04822361402120642
3348,3358,0.04378417070534331
3348,3359,0.03487373732086195
3348,3360,0.01960267766125395
3348,3361,0.014691607369990685
3348,3362,0.012377567664503163
3348,3366,0.020120914744864438
3349,3366,1.0
3350,3351,0.19152251636957304
3350,3352,0.14855409618907364
3350,3353,0.12996066952896626
3350,3354,0.12384412072854899
3350,3355,0.1179200210261498
3350,3356,0.0645564147565609
3350,3357,0.058623830096836055
3350,3358,0.053131020288967934
3350,3359,0.04219787851066925
3350,3360,0.02373612261184374
3350,3361,0.018082078050461543
3350,3362,0.015332528898648204
3350,3363,0.012538702943700731
3351,3352,0.18205548052547144
3351,3353,0.16117293160897006
3351,3354,0.1539137198564951
3351,3355,0.1470996970674722
3351,3356,0.07981747065970707
3351,3357,0.07244125041859097
3351,3358,0.06570352501462595
3351,3359,0.0522401205003616
3351,3360,0.029369471091004344
3351,3361,0.022176664635851693
3351,3362,0.01872967074210477
3351,3363,0.01527999787934471
3352,3353,0.19085379240887962
3352,3354,0.1816996035189987
3352,3355,0.17226485899923033
3352,3356,0.09551902504302391
3352,3357,0.08675014884408572
3352,3358,0.07861651399093503
3352,3359,0.06243126695818572
3352,3360,0.035121621911381705
3352,3361,0.026714725971545176
3352,3362,0.022599333582937222
3352,3363,0.018446840327040914
3352,3364,0.015089170522317941
3352,3365,0.013893097921438126
3353,3354,0.22627697516395046
3353,3355,0.21450010429050637
3353,3356,0.11770894792518509
3353,3357,0.10683400322593631
3353,3358,0.09688866951980357
3353,3359,0.07701219706979072
3353,3360,0.043300983808001285
3353,3361,0.032646813851753845
3353,3362,0.027496831731149054
3353,3363,0.02238592385156535
3353,3364,0.018212976016605754
3353,3365,0.016735573545752166
3354,3355,0.27787083543693797
3354,3356,0.15211590841629177
3354,3357,0.13804428599613425
3354,3358,0.1252379631460932
3354,3359,0.09959064338034936
3354,3360,0.055989319741528966
3354,3361,0.04209079624191048
3354,3362,0.035400170392122975
3354,3363,0.028796762357448942
3354,3364,0.023387318792591264
3354,3365,0.021475996098590928
3355,3356,0.21082929994223584
3355,3357,0.19131197092688954
3355,3358,0.17371365073092884
3355,3359,0.13829718064300756
3355,3360,0.0777388649067404
3355,3361,0.05813671174918199
3355,3362,0.04878261068412428
3355,3363,0.03963453474587068
3355,3364,0.032103613569495745
3355,3365,0.029451562101525063
3356,3357,0.24349539629371225
3356,3358,0.2208421230700416
3356,3359,0.1753764693884219
3356,3360,0.0986623117876427
3356,3361,0.0737580134927255
3356,3362,0.061536476418136324
3356,3363,0.049830435331667734
3356,3364,0.03997206850760379
3356,3365,0.03652670571004809
3357,3358,0.29214661327261227
3357,3359,0.23192037801507037
3357,3360,0.1305607112973018
3357,3361,0.09758410494748812
3357,3362,0.08128692328851206
3357,3363,0.06577884843621029
3357,3364,0.05265002960191807
3357,3365,0.048072391140887114
3358,3359,0.3297128476828358
3358,3360,0.18555360367902965
3358,3361,0.13758360073157583
3358,3362,0.11418336813003749
3358,3363,0.09229310030107331
3358,3364,0.07358102579693772
3358,3365,0.06709245367851019
3359,3360,0.2841759463194954
3359,3361,0.20509564294289895
3359,3362,0.16876583938310444
3359,3363,0.13632753323964528
3359,3364,0.10771174776727763
3359,3365,0.09792329034757832
3360,3361,0.28710176801385334
3360,3362,0.23561721122988305
3360,3363,0.19091056405108253
3360,3364,0.1501086305798114
3360,3365,0.13626182612536955
3361,3362,0.33062922655217974
3361,3363,0.26754102813988634
3361,3364,0.21062013136155203
3361,3365,0.19120961394638195
3362,3363,0.399214249569811
3362,3364,0.31489955694961647
3362,3365,0.28588619348057254
3363,3364,0.5244033897192294
3363,3365,0.4755966102807706
3364,3365,1.0
3418,3419,0.14322310794045476
3418,3466,0.05132304004019268
3418,3467,0.051027682972575095
3418,3468,0.10816343347504002
3418,3469,0.03312935164638387
3418,3470,0.039995183058703615
3418,3471,0.041097685449056585
3418,3472,0.10512929224544189
3418,3473,0.11414677382944047
3418,3474,0.17885527899144182
3418,3475,0.13390917035126912
3419,3466,0.10604896972285736
3419,3467,0.08383687921609746
3419,3468,0.08239923305133998
3419,3469,0.11309768443806328
3419,3470,0.16041301539525984
3419,3471,0.08772197284564102
3419,3472,0.08045317654504211
3419,3473,0.07985342803412841
3419,3474,0.11811549469365216
3419,3475,0.0880601460579184
3427,3428,0.20054480699956742
3427,3429,0.25162502261027403
3427,3430,0.5478301703901585
3428,3429,0.689219755004094
3428,3430,0.31078024499590595
3429,3430,1.0
3432,3459,0.34411196710677433
3432,3460,0.16509714078229118
3432,3463,0.49079089211093446
3459,3460,0.641320703972385
3459,3463,0.35867929602761495
3460,3463,1.0
3464,3465,1.0
3466,3467,0.3219238702749915
3466,3468,0.15223921969255502
3466,3469,0.11959064717005741
3466,3470,0.07423786662647468
3466,3471,0.16724788403293908
3466,3472,0.05071910368539607
3466,3473,0.04477800249803075
3466,3474,0.03882101491145143
3466,3475,0.030442391108104212
3467,3468,0.2551660943351538
3467,3469,0.14453587695304354
3467,3470,0.08655086358739887
3467,3471,0.238637506508413
3467,3472,0.08565563377593731
3467,3473,0.07439995633005907
3467,3474,0.06341479627944449
3467,3475,0.0516392722305499
3468,3469,0.07590119908621572
3468,3470,0.055921564615929606
3468,3471,0.10712001005357635
3468,3472,0.2322458280010691
3468,3473,0.20882979847211436
3468,3474,0.17658988713737278
3468,3475,0.14339171263372208
3469,3470,0.2238495575509024
3469,3471,0.5557986043037878
3469,3472,0.06687787699258159
3469,3473,0.059958964960744654
3469,3474,0.052962762497652326
3469,3475,0.040552233694331086
3470,3471,0.38108864801963227
3470,3472,0.1834044057356174
3470,3473,0.1684249500834343
3470,3474,0.15253423572146316
3470,3475,0.11454776043985283
3471,3472,0.30992487902324534
3471,3473,0.2711302147280989
3471,3474,0.23302854424344813
3471,3475,0.18591636200520767
3472,3473,0.493496972579884
3472,3474,0.27760886037134963
3472,3475,0.22889416704876633
3473,3474,0.5550429248500515
3473,3475,0.4449570751499485
3474,3475,1.0
